date,target_alloc,action,equity
1985-02-04,1.0,TRADE,1000000.0
1985-02-05,1.0,HOLD,1012124.2318551736
1985-02-06,1.0,HOLD,1020926.7563527654
1985-02-07,1.0,HOLD,1053811.659192825
1985-02-08,1.0,HOLD,1055140.3421358578
1985-02-11,1.0,HOLD,1033549.2443115761
1985-02-12,1.0,HOLD,1012622.4879588109
1985-02-13,1.0,HOLD,1033549.2443115761
1985-02-14,1.0,HOLD,1011625.9757515362
1985-02-15,1.0,HOLD,987211.4266733101
1985-02-19,1.0,HOLD,964623.8166417539
1985-02-20,1.0,HOLD,972928.0850357084
1985-02-21,1.0,HOLD,966782.9264241819
1985-02-22,1.0,HOLD,959142.9995017439
1985-02-25,1.0,HOLD,927088.5235010796
1985-02-26,1.0,HOLD,951004.8164756685
1985-02-27,1.0,HOLD,924431.1576150141
1985-02-28,1.0,HOLD,922770.3039362232
1985-03-01,1.0,HOLD,951669.1579471848
1985-03-04,1.0,HOLD,957149.9750871949
1985-03-05,1.0,HOLD,944693.5724962631
1985-03-06,1.0,HOLD,896196.6450755688
1985-03-07,1.0,HOLD,854010.96163428
1985-03-08,1.0,HOLD,835907.6565354592
1985-03-11,1.0,HOLD,823451.2539445275
1985-03-12,1.0,HOLD,833084.2052815148
1985-03-13,1.0,HOLD,770137.8508553397
1985-03-14,1.0,HOLD,754691.9116425844
1985-03-15,1.0,HOLD,766317.8873941206
1985-03-18,1.0,HOLD,765819.6312904833
1985-03-19,1.0,HOLD,789403.7535293141
1985-03-20,1.0,HOLD,784587.2778608204
1985-03-21,1.0,HOLD,784753.3632286995
1985-03-22,1.0,HOLD,776947.3509383823
1985-03-25,1.0,HOLD,730941.7040358745
1985-03-26,1.0,HOLD,734761.6674970936
1985-03-27,1.0,HOLD,755854.5092177379
1985-03-28,1.0,HOLD,755522.3384819798
1985-03-29,1.0,HOLD,773791.7289486796
1985-04-01,1.0,HOLD,800033.2170735758
1985-04-02,1.0,HOLD,784089.0217571832
1985-04-03,1.0,HOLD,748214.5822952999
1985-04-04,0.5,TRADE,743398.1066268062
1985-04-08,0.5,HOLD,735500.6909361633
1985-04-09,0.5,HOLD,737076.455819029
1985-04-10,0.5,HOLD,753765.997743248
1985-04-11,0.5,HOLD,754926.587776379
1985-04-12,0.5,HOLD,757249.7853865325
1985-04-15,0.5,HOLD,759569.1008784899
1985-04-16,0.5,HOLD,764217.5679716308
1985-04-17,0.5,HOLD,770028.6583253376
1985-04-18,0.5,HOLD,764712.0290311452
1985-04-19,0.5,HOLD,761388.4541571084
1985-04-22,0.5,HOLD,751251.7572183404
1985-04-23,0.5,HOLD,757478.1586918309
1985-04-24,0.5,HOLD,757061.1577729615
1985-04-25,0.5,HOLD,761958.9086299611
1985-04-26,0.5,HOLD,758635.4537806839
1985-04-29,0.5,HOLD,742769.1718002902
1985-04-30,0.5,HOLD,734546.2696523322
1985-05-01,0.5,HOLD,729146.8377222915
1985-05-02,0.5,HOLD,724660.8953193242
1985-05-03,0.5,HOLD,733043.7383979929
1985-05-06,0.4,TRADE,725141.3889832248
1985-05-07,0.4,HOLD,729008.6922999761
1985-05-08,0.4,HOLD,729718.0020102097
1985-05-09,0.4,HOLD,740793.8500425734
1985-05-10,1.0,TRADE,765874.8156743324
1985-05-13,1.0,HOLD,773512.8774138645
1985-05-14,1.0,HOLD,761101.0270871249
1985-05-15,1.0,HOLD,765715.6893880921
1985-05-16,1.0,HOLD,779718.8025772343
1985-05-17,1.0,HOLD,799927.8409297464
1985-05-20,1.0,HOLD,833026.1084677186
1985-05-21,1.0,HOLD,821250.76328594
1985-05-22,1.0,HOLD,809793.670676642
1985-05-23,1.0,HOLD,789902.8848966104
1985-05-24,1.0,HOLD,784492.5911644419
1985-05-28,1.0,HOLD,755054.2282099952
1985-05-29,1.0,HOLD,755054.2282099952
1985-05-30,1.0,HOLD,738027.7155822883
1985-05-31,1.0,HOLD,754735.9756375147
1985-06-03,1.0,HOLD,756804.6173586381
1985-06-04,0.9,TRADE,762374.0373770469
1985-06-05,1.0,TRADE,755945.4418052884
1985-06-06,1.0,HOLD,757856.8082826722
1985-06-07,0.8,TRADE,743680.8402420757
1985-06-10,0.8,HOLD,741735.8264690574
1985-06-11,0.8,HOLD,730679.5054089143
1985-06-12,0.4,TRADE,706880.7552848202
1985-06-13,0.4,HOLD,691210.0490824542
1985-06-14,0.4,HOLD,696976.5962368118
1985-06-17,0.4,HOLD,692128.8467919
1985-06-18,0.4,HOLD,693181.8495558626
1985-06-19,0.4,HOLD,694622.2925740109
1985-06-20,0.4,HOLD,690445.1501884933
1985-06-21,0.4,HOLD,698923.7599876864
1985-06-24,0.4,HOLD,709637.7256768969
1985-06-25,1.0,TRADE,726575.0837827798
1985-06-26,1.0,HOLD,749927.6148664345
1985-06-27,1.0,HOLD,771411.9434633969
1985-06-28,1.0,HOLD,770944.8928417237
1985-07-01,1.0,HOLD,775615.3990584548
1985-07-02,1.0,HOLD,763160.7158138389
1985-07-03,1.0,HOLD,753041.2856775885
1985-07-05,1.0,HOLD,761448.1968677042
1985-07-08,1.0,HOLD,744011.640325242
1985-07-09,1.0,HOLD,733269.4760267608
1985-07-10,1.0,HOLD,742766.1720007804
1985-07-11,1.0,HOLD,761448.1968677042
1985-07-12,1.0,HOLD,778573.386329051
1985-07-15,1.0,HOLD,787291.6646002822
1985-07-16,1.0,HOLD,813446.4994139755
1985-07-17,1.0,HOLD,849720.7643639193
1985-07-18,1.0,HOLD,822943.1953879951
1985-07-19,1.0,HOLD,833373.992605361
1985-07-22,1.0,HOLD,824811.3978746877
1985-07-23,1.0,HOLD,832595.5749025726
1985-07-24,1.0,HOLD,816404.4866845718
1985-07-25,1.0,HOLD,829014.8534697454
1985-07-26,1.0,HOLD,822787.5118474375
1985-07-29,1.0,HOLD,774836.9813556663
1985-07-30,1.0,HOLD,774681.2978151086
1985-07-31,1.0,HOLD,777172.2344640318
1985-08-01,1.0,HOLD,800836.132628802
1985-08-02,1.0,HOLD,798345.1959798789
1985-08-05,0.6000000000000001,TRADE,775148.3484367817
1985-08-06,0.6000000000000001,HOLD,763440.3516955425
1985-08-07,0.6000000000000001,HOLD,750988.0063202446
1985-08-08,0.6000000000000001,HOLD,753854.9313375712
1985-08-09,0.6000000000000001,HOLD,756441.645985388
1985-08-12,0.6000000000000001,HOLD,750190.3416952232
1985-08-13,0.4,TRADE,736336.9212734911
1985-08-14,0.4,HOLD,737333.6318113325
1985-08-15,0.4,HOLD,734776.300830191
1985-08-16,0.4,HOLD,727889.5067687612
1985-08-19,0.4,HOLD,724224.0880068161
1985-08-20,0.4,HOLD,733104.468969043
1985-08-21,0.5,TRADE,739012.3862894967
1985-08-22,0.4,TRADE,730955.0793599563
1985-08-23,0.0,TRADE,728244.4852998118
1985-08-26,0.0,HOLD,728699.7522442521
1985-08-27,0.0,HOLD,728851.5663664838
1985-08-28,0.0,HOLD,729003.4188842012
1985-08-29,0.0,HOLD,729155.2914062021
1985-08-30,0.0,HOLD,729307.2039367707
1985-09-03,0.0,HOLD,729915.1640437195
1985-09-04,0.0,HOLD,730067.2316035473
1985-09-05,0.0,HOLD,730219.6942529447
1985-09-06,0.0,HOLD,730372.1969109098
1985-09-09,0.0,HOLD,730829.8904765864
1985-09-10,0.0,HOLD,730982.5216882961
1985-09-11,0.0,HOLD,731135.184379295
1985-09-12,0.0,HOLD,731287.8770767193
1985-09-13,0.0,HOLD,731440.5997805691
1985-09-16,0.0,HOLD,731898.9536198431
1985-09-17,0.0,HOLD,732051.8082568111
1985-09-18,0.0,HOLD,732204.6909923389
1985-09-19,0.0,HOLD,732357.6037342919
1985-09-20,0.0,HOLD,732510.5564848112
1985-09-23,0.30000000000000004,TRADE,732969.6006123654
1985-09-24,0.0,TRADE,719970.6766999266
1985-09-25,0.0,HOLD,720121.0405384621
1985-09-26,0.0,HOLD,720271.4347683955
1985-09-27,0.0,HOLD,720421.8590051585
1985-09-30,0.0,HOLD,720873.3160059323
1985-10-01,0.0,HOLD,721023.8650293585
1985-10-02,0.0,HOLD,721174.4493023386
1985-10-03,0.0,HOLD,721326.3438735425
1985-10-04,0.0,HOLD,721478.268451576
1985-10-07,0.0,HOLD,721934.2282249279
1985-10-08,0.0,HOLD,722086.2848409693
1985-10-09,0.0,HOLD,722238.3694529
1985-10-10,0.0,HOLD,722390.4840716597
1985-10-11,0.0,HOLD,722542.6386995249
1985-10-14,0.0,HOLD,722999.258751981
1985-10-15,0.0,HOLD,723151.5387951602
1985-10-16,1.0,TRADE,723303.853455554
1985-10-17,1.0,HOLD,730968.0002471361
1985-10-18,1.0,HOLD,722345.8351066062
1985-10-21,1.0,HOLD,709699.9929004959
1985-10-22,1.0,HOLD,723495.4571253435
1985-10-23,1.0,HOLD,734800.0736429271
1985-10-24,1.0,HOLD,742272.6167647196
1985-10-25,1.0,HOLD,711424.4259286019
1985-10-28,1.0,HOLD,709125.1818911273
1985-10-29,1.0,HOLD,738248.939699139
1985-10-30,1.0,HOLD,744763.4644719837
1985-10-31,1.0,HOLD,738632.1470387181
1985-11-01,1.0,HOLD,753385.6296125135
1985-11-04,1.0,HOLD,748212.3305281956
1985-11-05,1.0,HOLD,755301.666310409
1985-11-06,1.0,HOLD,773120.8076008372
1985-11-07,1.0,HOLD,777336.0883362073
1985-11-08,1.0,HOLD,809142.2975212728
1985-11-11,1.0,HOLD,831751.5305564397
1985-11-12,1.0,HOLD,860683.6846946619
1985-11-13,1.0,HOLD,846121.805790656
1985-11-14,1.0,HOLD,859534.0626759246
1985-11-15,1.0,HOLD,866048.5874487694
1985-11-18,1.0,HOLD,860683.6846946619
1985-11-19,1.0,HOLD,873137.9232309827
1985-11-20,1.0,HOLD,864515.7580904529
1985-11-21,1.0,HOLD,893831.1195682542
1985-11-22,1.0,HOLD,901112.0590202571
1985-11-25,1.0,HOLD,882143.2957110915
1985-11-26,1.0,HOLD,899004.4186525721
1985-11-27,1.0,HOLD,937899.9636198508
1985-11-29,1.0,HOLD,943648.0737135373
1985-12-02,1.0,HOLD,923338.084715845
1985-12-03,1.0,HOLD,923721.2920554241
1985-12-04,1.0,HOLD,982926.8260203953
1985-12-05,1.0,HOLD,994231.4425379788
1985-12-06,1.0,HOLD,958593.1599571223
1985-12-09,1.0,HOLD,969706.1728049163
1985-12-10,1.0,HOLD,980244.3746433416
1985-12-11,1.0,HOLD,1007260.4920836681
1985-12-12,1.0,HOLD,1020097.9379595681
1985-12-13,1.0,HOLD,1075088.1911891692
1985-12-16,1.0,HOLD,1086009.6003671736
1985-12-17,1.0,HOLD,1058801.8792570573
1985-12-18,1.0,HOLD,1048455.2810884217
1985-12-19,1.0,HOLD,1066657.629718429
1985-12-20,1.0,HOLD,1073938.569170432
1985-12-23,1.0,HOLD,1035809.4388823112
1985-12-24,1.0,HOLD,1018373.5049314621
1985-12-26,1.0,HOLD,1025079.6333740965
1985-12-27,1.0,HOLD,1051137.7324654753
1985-12-30,1.0,HOLD,1061484.330634111
1985-12-31,1.0,HOLD,1069148.4774256933
1986-01-02,1.0,HOLD,1043090.3783343142
1986-01-03,1.0,HOLD,1025462.8407136755
1986-01-06,1.0,HOLD,1020289.5416293576
1986-01-07,1.0,HOLD,1076621.0205474854
1986-01-08,1.0,HOLD,1036192.6462218902
1986-01-09,1.0,HOLD,979477.9599641833
1986-01-10,1.0,HOLD,996147.4792358744
1986-01-13,1.0,HOLD,984651.2590485013
1986-01-14,1.0,HOLD,985800.8810672384
1986-01-15,1.0,HOLD,1039066.7012687336
1986-01-16,1.0,HOLD,1074513.3801798006
1986-01-17,1.0,HOLD,1066657.629718429
1986-01-20,1.0,HOLD,1037725.4755802067
1986-01-21,1.0,HOLD,1024888.029704307
1986-01-22,1.0,HOLD,989441.3507932399
1986-01-23,1.0,HOLD,980819.1856527103
1986-01-24,1.0,HOLD,1001320.778320192
1986-01-27,1.0,HOLD,1014349.8278658815
1986-01-28,1.0,HOLD,1041365.9453062082
1986-01-29,1.0,HOLD,1066082.8187090603
1986-01-30,1.0,HOLD,1044431.6040228411
1986-01-31,1.0,HOLD,1061101.1232945318
1986-02-03,1.0,HOLD,1091757.71046086
1986-02-04,1.0,HOLD,1099805.064592021
1986-02-05,1.0,HOLD,1126246.3710229793
1986-02-06,1.0,HOLD,1148472.3967185672
1986-02-07,1.0,HOLD,1167441.1600277326
1986-02-10,1.0,HOLD,1184493.8866390025
1986-02-11,1.0,HOLD,1187176.3380160565
1986-02-12,1.0,HOLD,1196756.521505534
1986-02-13,1.0,HOLD,1208827.5527022756
1986-02-14,1.0,HOLD,1233927.6334447067
1986-02-18,1.0,HOLD,1248297.908678923
1986-02-19,1.0,HOLD,1218216.1325219637
1986-02-20,1.0,HOLD,1225305.4683041768
1986-02-21,1.0,HOLD,1256153.6591402944
1986-02-24,1.0,HOLD,1229903.9563791263
1986-02-25,1.0,HOLD,1208061.1380231173
1986-02-26,1.0,HOLD,1193499.2591191116
1986-02-27,1.0,HOLD,1235268.8591332338
1986-02-28,1.0,HOLD,1231819.9930770218
1986-03-03,1.0,HOLD,1213042.8334376456
1986-03-04,1.0,HOLD,1233161.2187655484
1986-03-05,1.0,HOLD,1224347.4499552292
1986-03-06,1.0,HOLD,1237951.3105102873
1986-03-07,1.0,HOLD,1234885.6517936543
1986-03-10,1.0,HOLD,1279337.7031848303
1986-03-11,1.0,HOLD,1356937.1894495983
1986-03-12,1.0,HOLD,1391809.0573512965
1986-03-13,1.0,HOLD,1401964.0518501427
1986-03-14,1.0,HOLD,1400622.8261616158
1986-03-17,1.0,HOLD,1381654.0628524502
1986-03-18,1.0,HOLD,1416334.327084359
1986-03-19,1.0,HOLD,1411161.0280000411
1986-03-20,1.0,HOLD,1419591.5894707814
1986-03-21,1.0,HOLD,1424573.2848853099
1986-03-24,1.0,HOLD,1397173.9601054038
1986-03-25,1.0,HOLD,1407520.5582740398
1986-03-26,1.0,HOLD,1400048.0151522472
1986-03-27,1.0,HOLD,1430896.205988365
1986-03-31,1.0,HOLD,1444116.8592038439
1986-04-01,1.0,HOLD,1431279.413327944
1986-04-02,1.0,HOLD,1443925.2555340545
1986-04-03,1.0,HOLD,1436835.9197518409
1986-04-04,1.0,HOLD,1387402.1729461367
1986-04-07,1.0,HOLD,1358661.6224777042
1986-04-08,1.0,HOLD,1438177.145440368
1986-04-09,1.0,HOLD,1440859.5968174215
1986-04-10,1.0,HOLD,1518459.0830821896
1986-04-11,1.0,HOLD,1544517.1821735685
1986-04-14,1.0,HOLD,1581688.2941127412
1986-04-15,1.0,HOLD,1611386.8629301216
1986-04-16,1.0,HOLD,1734396.4189350132
1986-04-17,1.0,HOLD,1738420.0960005939
1986-04-18,1.0,HOLD,1691668.8005719434
1986-04-21,1.0,HOLD,1718493.3143424806
1986-04-22,1.0,HOLD,1695692.477637524
1986-04-23,1.0,HOLD,1681705.409742887
1986-04-24,1.0,HOLD,1757388.8593097595
1986-04-25,1.0,HOLD,1776166.0189491354
1986-04-28,1.0,HOLD,1756430.8409608116
1986-04-29,1.0,HOLD,1701057.3803916315
1986-04-30,1.0,HOLD,1592226.4959511666
1986-05-01,1.0,HOLD,1569425.6592462102
1986-05-02,1.0,HOLD,1592992.9106303249
1986-05-05,1.0,HOLD,1657754.9510191928
1986-05-06,1.0,HOLD,1656222.1216608763
1986-05-07,1.0,HOLD,1627481.571192444
1986-05-08,1.0,HOLD,1654880.8959723497
1986-05-09,1.0,HOLD,1677681.7326773063
1986-05-12,1.0,HOLD,1671358.811574251
1986-05-13,1.0,HOLD,1647983.1638599257
1986-05-14,1.0,HOLD,1645492.3161526618
1986-05-15,1.0,HOLD,1605447.1491666455
1986-05-16,1.0,HOLD,1580538.672094004
1986-05-19,1.0,HOLD,1589160.8372345339
1986-05-20,1.0,HOLD,1640319.0170683437
1986-05-21,1.0,HOLD,1652773.2556046648
1986-05-22,1.0,HOLD,1720792.5583799551
1986-05-23,1.0,HOLD,1736887.2666422774
1986-05-27,1.0,HOLD,1768693.4758273428
1986-05-28,1.0,HOLD,1771759.1345439756
1986-05-29,1.0,HOLD,1781147.7143636637
1986-05-30,1.0,HOLD,1830773.0648391573
1986-06-02,1.0,HOLD,1791685.916202089
1986-06-03,1.0,HOLD,1793218.7455604053
1986-06-04,1.0,HOLD,1782488.9400521906
1986-06-05,1.0,HOLD,1799158.4593238812
1986-06-06,1.0,HOLD,1782105.7327126113
1986-06-09,1.0,HOLD,1672891.6409325674
1986-06-10,1.0,HOLD,1655838.9143212973
1986-06-11,1.0,HOLD,1715427.6556258476
1986-06-12,1.0,HOLD,1725007.8391153251
1986-06-13,1.0,HOLD,1788045.4464760874
1986-06-16,1.0,HOLD,1735546.0409537507
1986-06-17,0.5,TRADE,1662353.4390941423
1986-06-18,1.0,TRADE,1660516.668155035
1986-06-19,1.0,HOLD,1684690.567656772
1986-06-20,1.0,HOLD,1693324.1031931068
1986-06-23,1.0,HOLD,1691213.683395336
1986-06-24,1.0,HOLD,1729776.808790964
1986-06-25,1.0,HOLD,1767572.5088055849
1986-06-26,1.0,HOLD,1757212.2661619834
1986-06-27,1.0,HOLD,1752799.5702211899
1986-06-30,1.0,HOLD,1784264.0108424986
1986-07-01,1.0,HOLD,1806519.3468917168
1986-07-02,1.0,HOLD,1826472.4067979124
1986-07-03,1.0,HOLD,1843931.3342158336
1986-07-07,1.0,HOLD,1611017.7310800494
1986-07-08,0.4,TRADE,1476334.5767132286
1986-07-09,0.4,HOLD,1501002.0192121593
1986-07-10,0.4,HOLD,1487496.0922729822
1986-07-11,0.4,HOLD,1470460.0285895816
1986-07-14,0.4,HOLD,1429635.5082707899
1986-07-15,0.30000000000000004,TRADE,1396406.882620168
1986-07-16,0.4,TRADE,1406168.2824691562
1986-07-17,0.4,HOLD,1418159.197484804
1986-07-18,0.4,HOLD,1409857.915326566
1986-07-21,0.30000000000000004,TRADE,1402016.2686932515
1986-07-22,0.30000000000000004,HOLD,1404811.2264436565
1986-07-23,0.30000000000000004,HOLD,1402732.8827051418
1986-07-24,0.30000000000000004,HOLD,1403528.5873746634
1986-07-25,0.4,TRADE,1411884.2036961503
1986-07-28,0.30000000000000004,TRADE,1380554.6914257146
1986-07-29,0.1,TRADE,1369367.1629954705
1986-07-30,0.1,HOLD,1370405.8492348331
1986-07-31,0.1,HOLD,1371054.19757545
1986-08-01,0.1,HOLD,1369728.9968938753
1986-08-04,0.1,HOLD,1365558.4068757286
1986-08-05,0.1,HOLD,1363830.5784780977
1986-08-06,0.1,HOLD,1360346.0757944852
1986-08-07,0.1,HOLD,1360873.8445730326
1986-08-08,0.1,HOLD,1365327.1336472537
1986-08-11,0.1,HOLD,1374523.1646025532
1986-08-12,0.30000000000000004,TRADE,1379301.9038239866
1986-08-13,0.30000000000000004,HOLD,1394234.0711252526
1986-08-14,0.4,TRADE,1404179.3448804407
1986-08-15,0.4,HOLD,1399285.5199197982
1986-08-18,0.30000000000000004,TRADE,1393709.7770669789
1986-08-19,0.30000000000000004,HOLD,1389624.4094251988
1986-08-20,0.4,TRADE,1399245.6991900168
1986-08-21,1.0,TRADE,1401949.3803620804
1986-08-22,1.0,HOLD,1427341.2188255691
1986-08-25,1.0,HOLD,1397150.9226996887
1986-08-26,1.0,HOLD,1431139.997808296
1986-08-27,1.0,HOLD,1454932.350384321
1986-08-28,1.0,HOLD,1454932.350384321
1986-08-29,1.0,HOLD,1444135.82064394
1986-09-02,1.0,HOLD,1375957.7346907926
1986-09-03,1.0,HOLD,1388353.7503186376
1986-09-04,1.0,HOLD,1431339.9335442288
1986-09-05,0.30000000000000004,TRADE,1381755.8710328492
1986-09-08,0.1,TRADE,1356080.3815821493
1986-09-09,0.1,HOLD,1353997.7795606186
1986-09-10,0.0,TRADE,1351319.951639356
1986-09-11,0.0,HOLD,1351531.845616976
1986-09-12,0.0,HOLD,1351743.7712228268
1986-09-15,0.0,HOLD,1352379.767814119
1986-09-16,0.0,HOLD,1352591.8333815888
1986-09-17,0.0,HOLD,1352803.929064099
1986-09-18,0.0,HOLD,1353016.0647646624
1986-09-19,0.0,HOLD,1353228.230478766
1986-09-22,0.0,HOLD,1353864.917488272
1986-09-23,0.0,HOLD,1354077.2131951537
1986-09-24,0.0,HOLD,1354289.548985939
1986-09-25,0.0,HOLD,1354501.914790264
1986-09-26,0.0,HOLD,1354714.3106081292
1986-09-29,0.0,HOLD,1355351.7180587503
1986-09-30,0.0,HOLD,1355564.2472430028
1986-10-01,0.0,HOLD,1355776.8131396659
1986-10-02,0.0,HOLD,1355989.4090498693
1986-10-03,0.0,HOLD,1356200.6343417342
1986-10-06,0.0,HOLD,1356834.529007652
1986-10-07,0.0,HOLD,1357045.887263541
1986-10-08,0.0,HOLD,1357257.2726294277
1986-10-09,0.0,HOLD,1357468.6980133685
1986-10-10,0.0,HOLD,1357680.1534108494
1986-10-13,0.0,HOLD,1358314.7385009858
1986-10-14,0.0,HOLD,1358526.3268982891
1986-10-15,0.0,HOLD,1358737.952374329
1986-10-16,0.0,HOLD,1358949.60786391
1986-10-17,0.0,HOLD,1359161.293367032
1986-10-20,0.0,HOLD,1359796.538858449
1986-10-21,0.0,HOLD,1360008.360728871
1986-10-22,0.0,HOLD,1360220.2163064177
1986-10-23,1.0,TRADE,1360432.1018975049
1986-10-24,1.0,HOLD,1354490.3124936898
1986-10-27,1.0,HOLD,1347835.508361417
1986-10-28,1.0,HOLD,1368037.5923343883
1986-10-29,1.0,HOLD,1385625.288969681
1986-10-30,1.0,HOLD,1432684.2610478965
1986-10-31,1.0,HOLD,1422939.7264256398
1986-11-03,1.0,HOLD,1431733.5747432862
1986-11-04,1.0,HOLD,1465245.2669808033
1986-11-05,1.0,HOLD,1470949.3848084658
1986-11-06,1.0,HOLD,1446706.8840409003
1986-11-07,1.0,HOLD,1431020.560014828
1986-11-10,1.0,HOLD,1412006.83392262
1986-11-11,1.0,HOLD,1442191.1240940008
1986-11-12,1.0,HOLD,1448132.9134978156
1986-11-13,1.0,HOLD,1382535.558479697
1986-11-14,1.0,HOLD,1384436.931088918
1986-11-17,1.0,HOLD,1374454.7248905087
1986-11-18,0.4,TRADE,1300776.5362832013
1986-11-19,0.0,TRADE,1288158.915323661
1986-11-20,0.4,TRADE,1288359.5757093218
1986-11-21,0.4,HOLD,1305602.284803581
1986-11-24,0.5,TRADE,1323469.5744962883
1986-11-25,0.5,HOLD,1340707.1155674707
1986-11-26,1.0,TRADE,1355705.2989343072
1986-11-28,1.0,HOLD,1384587.3356449797
1986-12-01,1.0,HOLD,1353079.6592333366
1986-12-02,1.0,HOLD,1407780.4863368836
1986-12-03,1.0,HOLD,1441476.1958326688
1986-12-04,1.0,HOLD,1437537.7362812134
1986-12-05,1.0,HOLD,1409749.7161126113
1986-12-08,1.0,HOLD,1374959.9900747554
1986-12-09,1.0,HOLD,1346734.3632893255
1986-12-10,1.0,HOLD,1348265.9864482246
1986-12-11,1.0,HOLD,1323322.4092890073
1986-12-12,1.0,HOLD,1292689.9461110209
1986-12-15,0.6000000000000001,TRADE,1267527.5656433895
1986-12-16,0.6000000000000001,HOLD,1273779.2906858418
1986-12-17,0.4,TRADE,1250372.6531288207
1986-12-18,0.4,HOLD,1248212.904313336
1986-12-19,0.6000000000000001,TRADE,1257627.0269291415
1986-12-22,0.6000000000000001,HOLD,1262372.9921646041
1986-12-23,0.4,TRADE,1241826.0342729813
1986-12-24,0.6000000000000001,TRADE,1241520.2772062263
1986-12-26,0.6000000000000001,HOLD,1243427.691739106
1986-12-29,0.0,TRADE,1221002.7947675958
1986-12-30,0.0,HOLD,1221226.3221315802
1986-12-31,0.0,HOLD,1221449.902980336
1987-01-02,0.1,TRADE,1221897.1856648054
1987-01-05,1.0,TRADE,1234089.5667077308
1987-01-06,1.0,HOLD,1274957.4593735822
1987-01-07,1.0,HOLD,1374610.6951844022
1987-01-08,1.0,HOLD,1447085.7757740896
1987-01-09,1.0,HOLD,1482316.7177274097
1987-01-12,1.0,HOLD,1547141.650921519
1987-01-13,1.0,HOLD,1555395.757322011
1987-01-14,1.0,HOLD,1643372.4523711593
1987-01-15,1.0,HOLD,1687260.140061581
1987-01-16,1.0,HOLD,1636124.9443121906
1987-01-19,1.0,HOLD,1754098.2699387372
1987-01-20,1.0,HOLD,1755104.8682802606
1987-01-21,1.0,HOLD,1682629.7876905734
1987-01-22,1.0,HOLD,1794966.1626045885
1987-01-23,1.0,HOLD,1756111.466621784
1987-01-26,1.0,HOLD,1672161.1649387295
1987-01-27,1.0,HOLD,1747857.360221292
1987-01-28,1.0,HOLD,1777451.3514620808
1987-01-29,1.0,HOLD,1716451.4919657607
1987-01-30,1.0,HOLD,1744434.9258601123
1987-02-02,1.0,HOLD,1857576.5794473463
1987-02-03,1.0,HOLD,1897236.5541033696
1987-02-04,1.0,HOLD,1960853.5692876505
1987-02-05,1.0,HOLD,1998097.707924018
1987-02-06,1.0,HOLD,1996688.470245885
1987-02-09,1.0,HOLD,1961054.8889559552
1987-02-10,1.0,HOLD,1915959.2832557054
1987-02-11,1.0,HOLD,2036751.0842385178
1987-02-12,1.0,HOLD,2045407.8299756192
1987-02-13,1.0,HOLD,2141839.9510935643
1987-02-17,1.0,HOLD,2305110.202088665
1987-02-18,1.0,HOLD,2211899.195663595
1987-02-19,1.0,HOLD,2161569.2785874237
1987-02-20,1.0,HOLD,2117480.271228697
1987-02-23,1.0,HOLD,2081444.0506021583
1987-02-24,1.0,HOLD,2123721.1809461424
1987-02-25,1.0,HOLD,2194787.023857697
1987-02-26,1.0,HOLD,2237668.113206595
1987-02-27,1.0,HOLD,2257196.1210321495
1987-03-02,1.0,HOLD,2193377.786179564
1987-03-03,1.0,HOLD,2174051.0980223143
1987-03-04,1.0,HOLD,2270684.5388085637
1987-03-05,1.0,HOLD,2321215.77555304
1987-03-06,1.0,HOLD,2305311.52175697
1987-03-09,1.0,HOLD,2236057.5558601576
1987-03-10,1.0,HOLD,2307727.3577766265
1987-03-11,1.0,HOLD,2338126.6276906338
1987-03-12,1.0,HOLD,2316384.103513728
1987-03-13,1.0,HOLD,2254578.9653441887
1987-03-16,1.0,HOLD,2237265.473869986
1987-03-17,1.0,HOLD,2352420.324140267
1987-03-18,1.0,HOLD,2356446.7175063607
1987-03-19,1.0,HOLD,2427915.199754524
1987-03-20,1.0,HOLD,2498779.7229977744
1987-03-23,1.0,HOLD,2480459.6331820474
1987-03-24,1.0,HOLD,2509650.985086227
1987-03-25,1.0,HOLD,2508644.3867447036
1987-03-26,1.0,HOLD,2527367.11589704
1987-03-27,1.0,HOLD,2460126.346683274
1987-03-30,1.0,HOLD,2254981.6046807985
1987-03-31,1.0,HOLD,2334905.512997759
1987-04-01,1.0,HOLD,2334704.193329454
1987-04-02,1.0,HOLD,2393086.8971378137
1987-04-03,1.0,HOLD,2533205.3862778754
1987-04-06,1.0,HOLD,2513878.698120625
1987-04-07,1.0,HOLD,2374968.1269903914
1987-04-08,1.0,HOLD,2443618.1338822898
1987-04-09,1.0,HOLD,2420869.01136386
1987-04-10,1.0,HOLD,2402146.2822115244
1987-04-13,1.0,HOLD,2234648.318182025
1987-04-14,1.0,HOLD,2079430.8539191112
1987-04-15,1.0,HOLD,2173044.4996807906
1987-04-16,1.0,HOLD,2217737.466044431
1987-04-20,1.0,HOLD,2157542.88522133
1987-04-21,1.0,HOLD,2245519.580270478
1987-04-22,1.0,HOLD,2219348.0233908687
1987-04-23,1.0,HOLD,2211093.9169903765
1987-04-24,1.0,HOLD,2087282.3209829938
1987-04-27,0.5,TRADE,2057285.6904055958
1987-04-28,0.5,HOLD,2086262.7250727
1987-04-29,0.5,HOLD,2102542.3799026785
1987-04-30,1.0,TRADE,2148114.0764901927
1987-05-01,1.0,HOLD,2181738.748072533
1987-05-04,1.0,HOLD,2202029.4981653243
1987-05-05,1.0,HOLD,2317203.660596789
1987-05-06,1.0,HOLD,2299425.0986107234
1987-05-07,1.0,HOLD,2324353.7344390107
1987-05-08,1.0,HOLD,2335561.95829979
1987-05-11,1.0,HOLD,2292854.760485439
1987-05-12,1.0,HOLD,2281646.536624659
1987-05-13,1.0,HOLD,2328025.393979611
1987-05-14,1.0,HOLD,2342905.277380991
1987-05-15,1.0,HOLD,2237200.131659496
1987-05-18,0.5,TRADE,2148114.0764901927
1987-05-19,0.4,TRADE,2078244.4116697712
1987-05-20,0.4,HOLD,2081175.4576492393
1987-05-21,0.4,HOLD,2094122.1351707845
1987-05-22,0.4,HOLD,2079628.2763246512
1987-05-26,0.5,TRADE,2128535.491791777
1987-05-27,0.5,HOLD,2141499.9072462767
1987-05-28,0.5,HOLD,2178555.512519855
1987-05-29,1.0,TRADE,2189681.725465935
1987-06-01,0.5,TRADE,2087034.5088498218
1987-06-02,0.5,HOLD,2063681.0126411654
1987-06-03,0.5,HOLD,2084114.2077917496
1987-06-04,0.5,HOLD,2092022.5790925827
1987-06-05,0.5,HOLD,2081944.184571168
1987-06-08,1.0,TRADE,2112826.662017897
1987-06-09,1.0,HOLD,2177100.112189502
1987-06-10,1.0,HOLD,2194612.298613069
1987-06-11,1.0,HOLD,2180826.1093008993
1987-06-12,1.0,HOLD,2203554.6916804234
1987-06-15,1.0,HOLD,2175796.0132005126
1987-06-16,1.0,HOLD,2227401.0731933666
1987-06-17,1.0,HOLD,2232244.869438183
1987-06-18,1.0,HOLD,2267641.841996459
1987-06-19,1.0,HOLD,2254973.451817707
1987-06-22,1.0,HOLD,2283477.3297198974
1987-06-23,1.0,HOLD,2244354.360050225
1987-06-24,1.0,HOLD,2245285.8593280744
1987-06-25,1.0,HOLD,2224233.975648679
1987-06-26,1.0,HOLD,2212869.6844589165
1987-06-29,1.0,HOLD,2199083.4951467463
1987-06-30,1.0,HOLD,2147292.1352983224
1987-07-01,1.0,HOLD,2153812.630243268
1987-07-02,1.0,HOLD,2183620.607134447
1987-07-06,0.4,TRADE,2135555.244397421
1987-07-07,0.4,HOLD,2117973.641879961
1987-07-08,0.4,HOLD,2112757.4519629073
1987-07-09,0.4,HOLD,2120358.732136942
1987-07-10,0.5,TRADE,2130195.6606126674
1987-07-13,1.0,TRADE,2158647.112488336
1987-07-14,1.0,HOLD,2312453.2611215715
1987-07-15,1.0,HOLD,2306907.3663391233
1987-07-16,1.0,HOLD,2347022.671932167
1987-07-17,1.0,HOLD,2339443.282396154
1987-07-20,1.0,HOLD,2266052.6081084204
1987-07-21,1.0,HOLD,2241280.944746817
1987-07-22,1.0,HOLD,2255330.5448623532
1987-07-23,1.0,HOLD,2179351.78634281
1987-07-24,1.0,HOLD,2230004.2920225053
1987-07-27,1.0,HOLD,2234441.0078484644
1987-07-28,1.0,HOLD,2252557.5974711287
1987-07-29,1.0,HOLD,2284908.6503687445
1987-07-30,1.0,HOLD,2348316.7140480718
1987-07-31,1.0,HOLD,2339073.5560773243
1987-08-03,1.0,HOLD,2297849.071527791
1987-08-04,1.0,HOLD,2319108.3348605097
1987-08-05,1.0,HOLD,2401557.303959576
1987-08-06,1.0,HOLD,2531700.968187699
1987-08-07,1.0,HOLD,2600100.3371712295
1987-08-10,1.0,HOLD,2686616.2957774247
1987-08-11,1.0,HOLD,2777199.2438907484
1987-08-12,1.0,HOLD,2722294.885544509
1987-08-13,1.0,HOLD,2697153.4958640765
1987-08-14,1.0,HOLD,2695304.864269927
1987-08-17,1.0,HOLD,2707875.5591101437
1987-08-18,1.0,HOLD,2591042.042359897
1987-08-19,1.0,HOLD,2646131.263865551
1987-08-20,1.0,HOLD,2781266.2333978773
1987-08-21,1.0,HOLD,2845044.023396034
1987-08-24,1.0,HOLD,2798828.2335422975
1987-08-25,1.0,HOLD,2846522.928671354
1987-08-26,1.0,HOLD,2862606.023540454
1987-08-27,1.0,HOLD,2839498.1286135856
1987-08-28,1.0,HOLD,2765183.1385287773
1987-08-31,1.0,HOLD,2792358.022962774
1987-09-01,1.0,HOLD,2683103.8957485408
1987-09-02,1.0,HOLD,2636148.6532571437
1987-09-03,1.0,HOLD,2606940.274069582
1987-09-04,1.0,HOLD,2568858.4632301033
1987-09-08,1.0,HOLD,2410061.009292664
1987-09-09,1.0,HOLD,2469771.809783692
1987-09-10,1.0,HOLD,2599176.0213741544
1987-09-11,1.0,HOLD,2643173.453314912
1987-09-14,1.0,HOLD,2595109.031867026
1987-09-15,1.0,HOLD,2483081.957261568
1987-09-16,1.0,HOLD,2446294.1885379935
1987-09-17,1.0,HOLD,2472175.030856086
1987-09-18,1.0,HOLD,2456461.6623058156
1987-09-21,1.0,HOLD,2293597.218861247
1987-09-22,1.0,HOLD,2437420.756886076
1987-09-23,1.0,HOLD,2531885.831347114
1987-09-24,1.0,HOLD,2551111.599926268
1987-09-25,1.0,HOLD,2567194.6947953687
1987-09-28,1.0,HOLD,2547044.6104191393
1987-09-29,1.0,HOLD,2527633.97868057
1987-09-30,1.0,HOLD,2576252.9896067013
1987-10-01,1.0,HOLD,2732462.3593123313
1987-10-02,1.0,HOLD,2826003.1179762944
1987-10-05,1.0,HOLD,2890705.223771526
1987-10-06,1.0,HOLD,2655929.0113145434
1987-10-07,1.0,HOLD,2608973.768823147
1987-10-08,0.5,TRADE,2483821.4098992273
1987-10-09,0.5,HOLD,2461947.1165138884
1987-10-12,0.4,TRADE,2410534.29020534
1987-10-13,0.5,TRADE,2433481.6654242403
1987-10-14,0.4,TRADE,2365115.783684414
1987-10-15,0.30000000000000004,TRADE,2301110.026454633
1987-10-16,0.0,TRADE,2196098.057793024
1987-10-19,0.0,HOLD,2197368.525012663
1987-10-20,0.0,HOLD,2197792.1757336063
1987-10-21,0.0,HOLD,2198215.911575226
1987-10-22,0.0,HOLD,2198639.727470849
1987-10-23,0.0,HOLD,2199063.6334272246
1987-10-26,0.0,HOLD,2200335.806679582
1987-10-27,0.0,HOLD,2200760.0312305554
1987-10-28,0.0,HOLD,2201184.3374556806
1987-10-29,0.0,HOLD,2201608.7237348077
1987-10-30,0.0,HOLD,2202033.200074687
1987-11-02,0.0,HOLD,2203307.0848062453
1987-11-03,0.0,HOLD,2203731.883185896
1987-11-04,0.0,HOLD,2204122.8969505914
1987-11-05,0.0,HOLD,2204513.980762538
1987-11-06,0.0,HOLD,2204905.1346217357
1987-11-09,0.0,HOLD,2206079.014602014
1987-11-10,0.0,HOLD,2206470.4447041163
1987-11-11,0.0,HOLD,2206861.9488003138
1987-11-12,0.0,HOLD,2207253.5229437626
1987-11-13,0.0,HOLD,2207645.157127713
1987-11-16,0.0,HOLD,2208820.508365731
1987-11-17,0.0,HOLD,2209212.425551519
1987-11-18,0.0,HOLD,2209604.409973715
1987-11-19,0.0,HOLD,2209996.464443163
1987-11-20,0.0,HOLD,2210388.5889598625
1987-11-23,0.0,HOLD,2211565.3814281407
1987-11-24,0.0,HOLD,2211957.7856952013
1987-11-25,0.0,HOLD,2212350.260447841
1987-11-27,0.0,HOLD,2213135.419698178
1987-11-30,0.0,HOLD,2214313.6828436605
1987-12-01,0.0,HOLD,2214706.5741929593
1987-12-02,0.0,HOLD,2215099.5392771163
1987-12-03,0.0,HOLD,2215497.11747316
1987-12-04,0.0,HOLD,2215894.7657164554
1987-12-07,0.0,HOLD,2217088.164784489
1987-12-08,0.0,HOLD,2217486.1012498406
1987-12-09,0.0,HOLD,2217884.109738313
1987-12-10,0.0,HOLD,2218282.1982807876
1987-12-11,0.0,HOLD,2218680.3468637643
1987-12-14,0.4,TRADE,2219875.24722047
1987-12-15,0.4,HOLD,2234264.9122709837
1987-12-16,0.4,HOLD,2310816.1834660596
1987-12-17,0.4,HOLD,2288060.601111934
1987-12-18,0.4,HOLD,2380025.997902329
1987-12-21,0.4,HOLD,2406012.7780218823
1987-12-22,0.4,HOLD,2395891.8823024454
1987-12-23,0.4,HOLD,2446921.8273073025
1987-12-24,0.4,HOLD,2448930.103739109
1987-12-28,0.4,HOLD,2334914.709543052
1987-12-29,0.4,HOLD,2365224.3964505037
1987-12-30,0.4,HOLD,2423835.329799653
1987-12-31,0.4,HOLD,2401838.425672863
1988-01-04,0.4,HOLD,2516002.644474774
1988-01-05,0.4,HOLD,2569307.3578433944
1988-01-06,0.4,HOLD,2611495.840151594
1988-01-07,0.4,HOLD,2669098.41803486
1988-01-08,0.30000000000000004,TRADE,2419683.5714746816
1988-01-11,0.0,TRADE,2429590.498707071
1988-01-12,0.30000000000000004,TRADE,2430030.3154680165
1988-01-13,0.0,TRADE,2427295.4846201674
1988-01-14,0.30000000000000004,TRADE,2427734.885926055
1988-01-15,0.30000000000000004,HOLD,2480726.505381767
1988-01-18,0.30000000000000004,HOLD,2469368.686788628
1988-01-19,0.30000000000000004,HOLD,2454547.7021029624
1988-01-20,0.0,TRADE,2374939.708427467
1988-01-21,0.0,HOLD,2375369.6286958633
1988-01-22,0.0,HOLD,2375799.6298240935
1988-01-25,0.0,HOLD,2377090.106936158
1988-01-26,0.0,HOLD,2377520.4227541713
1988-01-27,0.0,HOLD,2377950.8241250846
1988-01-28,0.2,TRADE,2378381.295538533
1988-01-29,0.30000000000000004,TRADE,2391757.9612875003
1988-02-01,0.2,TRADE,2385282.287500578
1988-02-02,0.5,TRADE,2388559.2952523567
1988-02-03,0.5,HOLD,2334069.2352833194
1988-02-04,0.5,HOLD,2351110.494926919
1988-02-05,0.2,TRADE,2364504.710869181
1988-02-08,0.2,HOLD,2364021.1290603215
1988-02-09,0.5,TRADE,2373426.203763467
1988-02-10,0.5,HOLD,2447312.7183013237
1988-02-11,0.5,HOLD,2463208.328648011
1988-02-12,0.5,HOLD,2485827.565997515
1988-02-16,0.5,HOLD,2523916.9041231223
1988-02-17,0.5,HOLD,2529727.3559155595
1988-02-18,0.5,HOLD,2527693.6511256117
1988-02-19,0.5,HOLD,2559277.931262306
1988-02-22,0.5,HOLD,2635821.2256972874
1988-02-23,0.5,HOLD,2662923.2541583395
1988-02-24,0.5,HOLD,2692826.807645443
1988-02-25,0.5,HOLD,2647930.496008924
1988-02-26,0.5,HOLD,2643655.8957301974
1988-02-29,0.5,HOLD,2694426.220659904
1988-03-01,0.5,HOLD,2693513.553561491
1988-03-02,0.5,HOLD,2757595.6010123165
1988-03-03,0.5,HOLD,2793942.8821901903
1988-03-04,0.7000000000000001,TRADE,2817403.328347337
1988-03-07,0.7000000000000001,HOLD,2852511.424306024
1988-03-08,0.7000000000000001,HOLD,2890722.9167329995
1988-03-09,0.7000000000000001,HOLD,2944567.7899223883
1988-03-10,0.7000000000000001,HOLD,2846157.36247887
1988-03-11,0.7000000000000001,HOLD,2826593.4755696566
1988-03-14,0.7000000000000001,HOLD,2869858.646915502
1988-03-15,0.7000000000000001,HOLD,2838399.9081495106
1988-03-16,0.7000000000000001,HOLD,2907878.3312998544
1988-03-17,0.7000000000000001,HOLD,2934874.8183655725
1988-03-18,0.7000000000000001,HOLD,2926526.337970947
1988-03-21,0.7000000000000001,HOLD,2852201.995268019
1988-03-22,0.7000000000000001,HOLD,2888714.5697349748
1988-03-23,0.7000000000000001,HOLD,2861334.313094359
1988-03-24,0.2,TRADE,2709227.0533654923
1988-03-25,0.2,HOLD,2691695.6992326877
1988-03-28,0.2,HOLD,2692138.7731303438
1988-03-29,0.2,HOLD,2699641.81285427
1988-03-30,0.2,HOLD,2685672.956346783
1988-03-31,0.2,HOLD,2695847.756483593
1988-04-04,0.2,HOLD,2680146.592705434
1988-04-05,0.2,HOLD,2693488.094286807
1988-04-06,0.2,HOLD,2727031.459244369
1988-04-07,0.2,HOLD,2733957.5795176486
1988-04-08,0.6000000000000001,TRADE,2749195.49637173
1988-04-11,0.6000000000000001,HOLD,2776712.063208298
1988-04-12,0.7000000000000001,TRADE,2780312.267296154
1988-04-13,0.9,TRADE,2788342.2126177205
1988-04-14,0.2,TRADE,2489933.09570893
1988-04-15,0.2,HOLD,2488776.6094041592
1988-04-18,0.2,HOLD,2493187.9932574783
1988-04-19,0.5,TRADE,2500102.103880356
1988-04-20,0.5,HOLD,2469154.5831266483
1988-04-21,0.5,HOLD,2450161.455239054
1988-04-22,0.5,HOLD,2475704.2289424744
1988-04-25,0.5,HOLD,2498655.400671599
1988-04-26,0.7000000000000001,TRADE,2548341.4575206353
1988-04-27,0.7000000000000001,HOLD,2561378.9653450777
1988-04-28,0.6000000000000001,TRADE,2545717.7157766623
1988-04-29,0.6000000000000001,HOLD,2524055.003572862
1988-05-02,0.6000000000000001,HOLD,2544800.0760679673
1988-05-03,1.0,TRADE,2602233.130260983
1988-05-04,1.0,HOLD,2584048.412369571
1988-05-05,0.7000000000000001,TRADE,2541314.3253247547
1988-05-06,0.7000000000000001,HOLD,2525223.2616211055
1988-05-09,0.4,TRADE,2457550.9360144637
1988-05-10,0.4,HOLD,2446751.4065480623
1988-05-11,0.30000000000000004,TRADE,2387585.4762543584
1988-05-12,0.4,TRADE,2398767.1917488817
1988-05-13,0.4,HOLD,2434411.7306499192
1988-05-16,0.4,HOLD,2453961.2916198373
1988-05-17,0.4,HOLD,2437787.306945287
1988-05-18,0.30000000000000004,TRADE,2372280.4173906194
1988-05-19,0.30000000000000004,HOLD,2372884.3039964554
1988-05-20,0.30000000000000004,HOLD,2366913.458915918
1988-05-23,0.30000000000000004,HOLD,2339504.3629836603
1988-05-24,0.30000000000000004,HOLD,2358225.730616501
1988-05-25,0.30000000000000004,HOLD,2355615.628285449
1988-05-26,0.30000000000000004,HOLD,2365862.9457101338
1988-05-27,0.30000000000000004,HOLD,2362376.3236646196
1988-05-31,0.30000000000000004,HOLD,2409648.953357189
1988-06-01,0.7000000000000001,TRADE,2452332.2344027283
1988-06-02,0.7000000000000001,HOLD,2444825.2644749125
1988-06-03,1.0,TRADE,2488930.311707304
1988-06-06,1.0,HOLD,2560391.512733972
1988-06-07,1.0,HOLD,2559486.940569077
1988-06-08,1.0,HOLD,2696529.6235505985
1988-06-09,1.0,HOLD,2683865.613242076
1988-06-10,1.0,HOLD,2748542.5230320347
1988-06-13,1.0,HOLD,2766633.966329925
1988-06-14,1.0,HOLD,2811410.2884922046
1988-06-15,1.0,HOLD,2824526.5848831753
1988-06-16,1.0,HOLD,2749899.3812793763
1988-06-17,1.0,HOLD,2722309.930250093
1988-06-20,1.0,HOLD,2687483.9019016535
1988-06-21,1.0,HOLD,2755779.1003511907
1988-06-22,1.0,HOLD,2851663.749830011
1988-06-23,1.0,HOLD,2853925.1802422474
1988-06-24,1.0,HOLD,2864780.0462209815
1988-06-27,1.0,HOLD,2760301.9611756634
1988-06-28,1.0,HOLD,2895987.785909843
1988-06-29,1.0,HOLD,2875182.626117269
1988-06-30,1.0,HOLD,2929909.2420933885
1988-07-01,1.0,HOLD,2971067.2755960897
1988-07-05,1.0,HOLD,3060619.919920648
1988-07-06,1.0,HOLD,2987801.860646638
1988-07-07,1.0,HOLD,2936693.533330097
1988-07-08,1.0,HOLD,2876539.4843646106
1988-07-11,1.0,HOLD,2853472.8941598004
1988-07-12,1.0,HOLD,2830858.5900374367
1988-07-13,1.0,HOLD,2869302.9070454543
1988-07-14,1.0,HOLD,2892821.783332712
1988-07-15,1.0,HOLD,2882871.4895188725
1988-07-18,1.0,HOLD,2893726.355497607
1988-07-19,1.0,HOLD,2753065.383856507
1988-07-20,1.0,HOLD,2727737.36323946
1988-07-21,1.0,HOLD,2599740.401906884
1988-07-22,1.0,HOLD,2574864.6673722845
1988-07-25,1.0,HOLD,2561296.0848988667
1988-07-26,1.0,HOLD,2479884.5900583584
1988-07-27,0.8,TRADE,2381286.2240848546
1988-07-28,0.8,HOLD,2407432.3996118656
1988-07-29,1.0,TRADE,2501605.3341993745
1988-08-01,1.0,HOLD,2511438.337121009
1988-08-02,1.0,HOLD,2472106.3254344724
1988-08-03,1.0,HOLD,2492219.2859559967
1988-08-04,1.0,HOLD,2494901.0140255336
1988-08-05,1.0,HOLD,2439925.5886000334
1988-08-08,0.4,TRADE,2435009.0871392163
1988-08-09,0.4,HOLD,2393294.170559966
1988-08-10,0.30000000000000004,TRADE,2320480.906752997
1988-08-11,0.30000000000000004,HOLD,2344009.336754993
1988-08-12,0.30000000000000004,HOLD,2332759.611771629
1988-08-15,0.1,TRADE,2288577.392008551
1988-08-16,0.30000000000000004,TRADE,2299173.700666665
1988-08-17,0.30000000000000004,HOLD,2302113.6075811926
1988-08-18,0.30000000000000004,HOLD,2309676.003898112
1988-08-19,0.30000000000000004,HOLD,2300626.648294068
1988-08-22,0.0,TRADE,2266112.0183534613
1988-08-23,0.0,HOLD,2266590.45810773
1988-08-24,0.1,TRADE,2267069.002967453
1988-08-25,0.0,TRADE,2261699.181280122
1988-08-26,0.0,HOLD,2262176.6934453966
1988-08-29,0.1,TRADE,2263609.8181888666
1988-08-30,0.0,TRADE,2262321.827248864
1988-08-31,0.0,HOLD,2262799.4652953153
1988-09-01,0.0,HOLD,2263277.205760922
1988-09-02,0.0,HOLD,2263755.044982205
1988-09-06,0.0,HOLD,2265708.7482413636
1988-09-07,0.0,HOLD,2266197.440753283
1988-09-08,0.0,HOLD,2266686.241852638
1988-09-09,0.0,HOLD,2267175.1515832376
1988-09-12,0.0,HOLD,2268642.4934884957
1988-09-13,0.30000000000000004,TRADE,2269131.8181660296
1988-09-14,0.30000000000000004,HOLD,2281983.9707410154
1988-09-15,0.30000000000000004,HOLD,2263356.114535697
1988-09-16,0.30000000000000004,HOLD,2277445.625666312
1988-09-19,0.30000000000000004,HOLD,2271600.928977948
1988-09-20,0.30000000000000004,HOLD,2279504.6927206917
1988-09-21,0.30000000000000004,HOLD,2291120.1524812337
1988-09-22,0.6000000000000001,TRADE,2296412.1817368884
1988-09-23,0.5,TRADE,2276995.86815894
1988-09-26,0.5,HOLD,2245976.400861515
1988-09-27,0.5,HOLD,2244195.1249613417
1988-09-28,0.5,HOLD,2267188.3371728165
1988-09-29,0.6000000000000001,TRADE,2300316.5952084414
1988-09-30,0.6000000000000001,HOLD,2312034.4979296476
1988-10-03,0.5,TRADE,2251818.2047022907
1988-10-04,0.30000000000000004,TRADE,2241635.9696310833
1988-10-05,0.0,TRADE,2236509.2379837655
1988-10-06,0.30000000000000004,TRADE,2236991.634386876
1988-10-07,0.0,TRADE,2234049.0711049857
1988-10-10,0.4,TRADE,2235494.9802275468
1988-10-11,0.4,HOLD,2245670.0802136734
1988-10-12,0.1,TRADE,2209217.8705233946
1988-10-13,0.5,TRADE,2215400.973278795
1988-10-14,0.5,HOLD,2224929.919873194
1988-10-17,0.5,HOLD,2232853.638793139
1988-10-18,1.0,TRADE,2255152.3528649868
1988-10-19,0.5,TRADE,2253781.9949434563
1988-10-20,1.0,TRADE,2317521.4436835367
1988-10-21,1.0,HOLD,2291731.6808796907
1988-10-24,1.0,HOLD,2239262.8531063492
1988-10-25,1.0,HOLD,2199244.255652105
1988-10-26,1.0,HOLD,2158781.0071150362
1988-10-27,0.4,TRADE,2080967.0676206737
1988-10-28,0.4,HOLD,2089421.4320713102
1988-10-31,0.4,HOLD,2087927.9571708492
1988-11-01,0.4,HOLD,2084999.4914762035
1988-11-02,0.4,HOLD,2076379.5507978362
1988-11-03,0.4,HOLD,2079322.1875034734
1988-11-04,0.4,HOLD,2069103.2015356529
1988-11-07,0.0,TRADE,2037913.0509234797
1988-11-08,0.0,HOLD,2038360.8702453556
1988-11-09,0.0,HOLD,2038808.7753489213
1988-11-10,0.0,HOLD,2039256.789088214
1988-11-11,0.0,HOLD,2039704.8917112837
1988-11-14,0.0,HOLD,2041049.820983432
1988-11-15,0.0,HOLD,2041498.3217051958
1988-11-16,0.0,HOLD,2041946.918129696
1988-11-17,0.0,HOLD,2042395.6231899243
1988-11-18,0.0,HOLD,2042844.41713393
1988-11-21,0.0,HOLD,2044191.4208256048
1988-11-22,0.0,HOLD,2044640.6130205898
1988-11-23,0.0,HOLD,2045089.9007661631
1988-11-25,0.0,HOLD,2045988.7725246663
1988-11-28,0.0,HOLD,2047337.8358298072
1988-11-29,0.0,HOLD,2047787.7194946622
1988-11-30,0.0,HOLD,2048237.6985581892
1988-12-01,0.0,HOLD,2048687.7763814693
1988-12-02,0.0,HOLD,2049137.962840478
1988-12-05,1.0,TRADE,2050552.7551353558
1988-12-06,1.0,HOLD,2090234.9191636276
1988-12-07,1.0,HOLD,2046399.9705277458
1988-12-08,0.0,TRADE,2010870.5911070837
1988-12-09,0.0,HOLD,2011333.2750533076
1988-12-12,0.0,HOLD,2012721.9538148707
1988-12-13,0.0,HOLD,2013185.0607695424
1988-12-14,0.0,HOLD,2013648.2817868108
1988-12-15,1.0,TRADE,2014111.6015739925
1988-12-16,1.0,HOLD,2097119.6740630341
1988-12-19,1.0,HOLD,2145152.4351100638
1988-12-20,1.0,HOLD,2131628.6480191527
1988-12-21,1.0,HOLD,2114840.4985269867
1988-12-22,1.0,HOLD,2116705.8484705607
1988-12-23,1.0,HOLD,2146085.1100818506
1988-12-27,1.0,HOLD,2129763.2980755786
1988-12-28,1.0,HOLD,2125099.9232166437
1988-12-29,1.0,HOLD,2179661.409066182
1988-12-30,1.0,HOLD,2204843.6333044306
1989-01-03,1.0,HOLD,2099451.3614925016
1989-01-04,1.0,HOLD,2203444.62084675
1989-01-05,1.0,HOLD,2198781.2459878153
1989-01-06,1.0,HOLD,2198314.9085019217
1989-01-09,1.0,HOLD,2201112.9334172825
1989-01-10,1.0,HOLD,2177796.0591226085
1989-01-11,1.0,HOLD,2195516.883586561
1989-01-12,1.0,HOLD,2245881.332063058
1989-01-13,1.0,HOLD,2247746.682006632
1989-01-16,1.0,HOLD,2249612.031950206
1989-01-17,1.0,HOLD,2168469.3094047382
1989-01-18,1.0,HOLD,2223497.13274017
1989-01-19,1.0,HOLD,2293447.755624194
1989-01-20,1.0,HOLD,2282255.6559627503
1989-01-23,1.0,HOLD,2200180.2584454957
1989-01-24,1.0,HOLD,2271063.5563013065
1989-01-25,1.0,HOLD,2321428.004777804
1989-01-26,1.0,HOLD,2413296.4894988216
1989-01-27,1.0,HOLD,2393243.9776054015
1989-01-30,1.0,HOLD,2439877.726194751
1989-01-31,1.0,HOLD,2504698.6367339464
1989-02-01,1.0,HOLD,2578846.2969910116
1989-02-02,1.0,HOLD,2638537.4951853785
1989-02-03,1.0,HOLD,2640869.182614846
1989-02-06,1.0,HOLD,2617085.970834278
1989-02-07,1.0,HOLD,2722478.242646207
1989-02-08,1.0,HOLD,2634806.7952982304
1989-02-09,1.0,HOLD,2576048.2720756503
1989-02-10,1.0,HOLD,2451536.163342088
1989-02-13,1.0,HOLD,2437546.0387652838
1989-02-14,1.0,HOLD,2444541.101053686
1989-02-15,1.0,HOLD,2512626.3739941353
1989-02-16,1.0,HOLD,2527082.836056834
1989-02-17,1.0,HOLD,2552731.397780976
1989-02-21,1.0,HOLD,2536409.585774704
1989-02-22,1.0,HOLD,2437079.7012793897
1989-02-23,1.0,HOLD,2462728.263003532
1989-02-24,1.0,HOLD,2386248.9153169994
1989-02-27,1.0,HOLD,2354071.6287903483
1989-02-28,1.0,HOLD,2350807.266389094
1989-03-01,1.0,HOLD,2341480.516671224
1989-03-02,1.0,HOLD,2410964.8020693543
1989-03-03,1.0,HOLD,2422623.2392166913
1989-03-06,1.0,HOLD,2486511.4747841
1989-03-07,1.0,HOLD,2452468.8383138753
1989-03-08,1.0,HOLD,2432416.326420455
1989-03-09,1.0,HOLD,2395109.327548975
1989-03-10,1.0,HOLD,2379253.853028597
1989-03-13,1.0,HOLD,2410964.8020693543
1989-03-14,1.0,HOLD,2388580.6027464666
1989-03-15,1.0,HOLD,2386715.252802893
1989-03-16,1.0,HOLD,2453401.513285662
1989-03-17,1.0,HOLD,2249612.031950206
1989-03-20,0.8,TRADE,2168469.3094047382
1989-03-21,1.0,TRADE,2229752.576057054
1989-03-22,1.0,HOLD,2174170.874950522
1989-03-23,1.0,HOLD,2188529.4810697096
1989-03-27,1.0,HOLD,2190845.3852824816
1989-03-28,1.0,HOLD,2220488.9592059655
1989-03-29,0.5,TRADE,2266807.0434614094
1989-03-30,1.0,TRADE,2285131.8808300393
1989-03-31,1.0,HOLD,2338905.096851181
1989-04-03,1.0,HOLD,2335687.895892651
1989-04-04,0.5,TRADE,2322359.4919215986
1989-04-05,1.0,TRADE,2332048.47026163
1989-04-06,1.0,HOLD,2333879.682252413
1989-04-07,1.0,HOLD,2414910.812844543
1989-04-10,1.0,HOLD,2446499.2196855424
1989-04-11,1.0,HOLD,2507387.0183790633
1989-04-12,1.0,HOLD,2569190.4230679763
1989-04-13,1.0,HOLD,2538975.4252200634
1989-04-14,1.0,HOLD,2647932.5386716276
1989-04-17,1.0,HOLD,2643812.311692367
1989-04-18,1.0,HOLD,2733083.896243018
1989-04-19,1.0,HOLD,2782068.8169964524
1989-04-20,1.0,HOLD,2761925.4850978437
1989-04-21,1.0,HOLD,2810452.6028535827
1989-04-24,1.0,HOLD,2784815.634982626
1989-04-25,1.0,HOLD,2737204.123222279
1989-04-26,1.0,HOLD,2735372.9112314964
1989-04-27,1.0,HOLD,2829222.525759104
1989-04-28,1.0,HOLD,2864931.159579365
1989-05-01,1.0,HOLD,2874545.0225309734
1989-05-02,1.0,HOLD,2871798.2045447994
1989-05-03,1.0,HOLD,2905217.823376582
1989-05-04,1.0,HOLD,2924903.3522774945
1989-05-05,1.0,HOLD,2980755.3179963636
1989-05-08,1.0,HOLD,2960611.9860977554
1989-05-09,1.0,HOLD,2942757.669187625
1989-05-10,1.0,HOLD,2954202.744130016
1989-05-11,1.0,HOLD,2973430.470033233
1989-05-12,1.0,HOLD,3130456.8982428405
1989-05-15,1.0,HOLD,3206909.9988580137
1989-05-16,1.0,HOLD,3174405.986021623
1989-05-17,1.0,HOLD,3285194.3114639698
1989-05-18,1.0,HOLD,3297554.992401752
1989-05-19,1.0,HOLD,3367598.851049186
1989-05-22,1.0,HOLD,3352949.1551229255
1989-05-23,1.0,HOLD,3267797.797551535
1989-05-24,1.0,HOLD,3328227.7932473603
1989-05-25,1.0,HOLD,3365767.639058403
1989-05-26,1.0,HOLD,3438558.3156920117
1989-05-30,1.0,HOLD,3394609.2279132297
1989-05-31,1.0,HOLD,3437642.7096966202
1989-06-01,1.0,HOLD,3484796.418459272
1989-06-02,1.0,HOLD,3588259.8959384887
1989-06-05,1.0,HOLD,3368514.4570445777
1989-06-06,1.0,HOLD,3412921.3478210554
1989-06-07,1.0,HOLD,3671580.0415190966
1989-06-08,1.0,HOLD,3644111.861657358
1989-06-09,1.0,HOLD,3611607.8488209667
1989-06-12,1.0,HOLD,3598789.3648854885
1989-06-13,1.0,HOLD,3493952.478413185
1989-06-14,1.0,HOLD,3497157.0993970544
1989-06-15,1.0,HOLD,3320902.94528423
1989-06-16,1.0,HOLD,3305337.643362578
1989-06-19,1.0,HOLD,3277869.463500839
1989-06-20,1.0,HOLD,3217439.4678050135
1989-06-21,1.0,HOLD,3208741.210848796
1989-06-22,1.0,HOLD,3265966.5855607525
1989-06-23,1.0,HOLD,3357527.185099882
1989-06-26,1.0,HOLD,3324565.369265795
1989-06-27,1.0,HOLD,3336468.247205882
1989-06-28,1.0,HOLD,3199585.150894883
1989-06-29,1.0,HOLD,3001356.4528926676
1989-06-30,1.0,HOLD,2903844.4143834948
1989-07-03,1.0,HOLD,2939095.24520606
1989-07-05,1.0,HOLD,2975261.682024016
1989-07-06,1.0,HOLD,3029282.435752102
1989-07-07,1.0,HOLD,3110313.566344232
1989-07-10,1.0,HOLD,3096579.4764133627
1989-07-11,1.0,HOLD,3120843.0352912317
1989-07-12,1.0,HOLD,3160214.0930930576
1989-07-13,1.0,HOLD,3184935.4549686224
1989-07-14,1.0,HOLD,3244907.6476667523
1989-07-17,1.0,HOLD,3281989.6904801
1989-07-18,1.0,HOLD,3171201.3650377532
1989-07-19,1.0,HOLD,3268713.403546926
1989-07-20,0.5,TRADE,3150600.2301414493
1989-07-21,0.5,HOLD,3144553.4485500646
1989-07-24,0.5,HOLD,3082979.404175657
1989-07-25,0.5,HOLD,3079927.7182540093
1989-07-26,0.5,HOLD,3119909.6060680505
1989-07-27,1.0,TRADE,3182095.0380492033
1989-07-28,1.0,HOLD,3197079.218450976
1989-07-31,1.0,HOLD,3245210.222165762
1989-08-01,1.0,HOLD,3177100.3112486126
1989-08-02,1.0,HOLD,3174829.980884708
1989-08-03,1.0,HOLD,3249296.816820791
1989-08-04,1.0,HOLD,3272908.2526054024
1989-08-07,1.0,HOLD,3435463.9066609982
1989-08-08,1.0,HOLD,3478146.117502412
1989-08-09,1.0,HOLD,3386424.770800651
1989-08-10,1.0,HOLD,3363721.4671616014
1989-08-11,1.0,HOLD,3309233.538427882
1989-08-14,1.0,HOLD,3237945.1650012657
1989-08-15,1.0,HOLD,3282897.7062065843
1989-08-16,1.0,HOLD,3234766.702491799
1989-08-17,1.0,HOLD,3290162.76337108
1989-08-18,1.0,HOLD,3313320.133082911
1989-08-21,1.0,HOLD,3194354.8220142904
1989-08-22,1.0,HOLD,3245664.2882385426
1989-08-23,1.0,HOLD,3337839.7010130845
1989-08-24,1.0,HOLD,3469064.7960467916
1989-08-25,1.0,HOLD,3486319.3068124694
1989-08-28,1.0,HOLD,3514017.3372521102
1989-08-29,1.0,HOLD,3455896.879936143
1989-08-30,1.0,HOLD,3504936.0157964905
1989-08-31,1.0,HOLD,3530817.7819450065
1989-09-01,1.0,HOLD,3599835.8250077176
1989-09-05,1.0,HOLD,3600289.891080499
1989-09-06,1.0,HOLD,3504936.0157964905
1989-09-07,1.0,HOLD,3479962.3817935353
1989-09-08,1.0,HOLD,3545801.9623467796
1989-09-11,1.0,HOLD,3557607.680239085
1989-09-12,1.0,HOLD,3619814.7322100815
1989-09-13,1.0,HOLD,3631166.3840296064
1989-09-14,1.0,HOLD,3521282.3944166056
1989-09-15,1.0,HOLD,3496762.8264864325
1989-09-18,1.0,HOLD,3484048.9764485643
1989-09-19,1.0,HOLD,3489951.8353947173
1989-09-20,1.0,HOLD,3504936.0157964905
1989-09-21,1.0,HOLD,3518557.9979799204
1989-09-22,1.0,HOLD,3574408.1249319823
1989-09-25,1.0,HOLD,3571229.662422515
1989-09-26,1.0,HOLD,3567597.133840267
1989-09-27,1.0,HOLD,3561694.274894114
1989-09-28,1.0,HOLD,3675664.859162144
1989-09-29,1.0,HOLD,3679297.387744392
1989-10-02,1.0,HOLD,3760575.21477219
1989-10-03,1.0,HOLD,3788273.2452118304
1989-10-04,1.0,HOLD,3892708.4419514583
1989-10-05,1.0,HOLD,3932212.190283405
1989-10-06,1.0,HOLD,4064799.4835354555
1989-10-09,1.0,HOLD,4185581.0588951996
1989-10-10,1.0,HOLD,4145169.1784176915
1989-10-11,1.0,HOLD,4089319.0514656287
1989-10-12,1.0,HOLD,4057534.4263709593
1989-10-13,1.0,HOLD,3541715.3676917506
1989-10-16,1.0,HOLD,3552158.8873657137
1989-10-17,1.0,HOLD,3516287.667616015
1989-10-18,1.0,HOLD,3620722.8643556437
1989-10-19,1.0,HOLD,3857745.354347322
1989-10-20,1.0,HOLD,3830955.4560532435
1989-10-23,1.0,HOLD,3714260.475348528
1989-10-24,1.0,HOLD,3585305.710678726
1989-10-25,1.0,HOLD,3579856.917805354
1989-10-26,1.0,HOLD,3384154.4404367455
1989-10-27,0.4,TRADE,3234312.6364190183
1989-10-30,0.4,HOLD,3238992.0613240213
1989-10-31,0.8,TRADE,3301195.7943586707
1989-11-01,0.4,TRADE,3324295.4608607437
1989-11-02,0.4,HOLD,3254801.067785578
1989-11-03,0.4,HOLD,3247319.860422008
1989-11-06,0.4,HOLD,3181351.7685679607
1989-11-07,0.4,HOLD,3221625.229201141
1989-11-08,0.4,HOLD,3267009.0273125265
1989-11-09,0.4,HOLD,3271334.8355529746
1989-11-10,0.5,TRADE,3303326.493293578
1989-11-13,1.0,TRADE,3308232.9032374676
1989-11-14,0.4,TRADE,3244038.6520494614
1989-11-15,1.0,TRADE,3260703.074879399
1989-11-16,0.4,TRADE,3229724.6254709354
1989-11-17,1.0,TRADE,3245383.932659957
1989-11-20,1.0,HOLD,3277468.578798118
1989-11-21,0.5,TRADE,3245823.4483604804
1989-11-22,0.5,HOLD,3263988.6537271123
1989-11-24,1.0,TRADE,3289990.6891304897
1989-11-27,0.5,TRADE,3235309.4034385704
1989-11-28,0.5,HOLD,3233069.1692419993
1989-11-29,0.5,HOLD,3230395.0474212705
1989-11-30,0.5,HOLD,3250070.885325028
1989-12-01,1.0,TRADE,3268010.8982968
1989-12-04,1.0,HOLD,3326928.847114626
1989-12-05,1.0,HOLD,3350151.9802253023
1989-12-06,1.0,HOLD,3208232.8334378377
1989-12-07,1.0,HOLD,3231886.0245690816
1989-12-08,1.0,HOLD,3197481.382923636
1989-12-11,0.4,TRADE,3034059.3351077675
1989-12-12,0.30000000000000004,TRADE,2992838.9429212743
1989-12-13,0.30000000000000004,HOLD,2993968.8102236902
1989-12-14,0.30000000000000004,HOLD,2974535.0190318218
1989-12-15,0.1,TRADE,2947326.017354235
1989-12-18,0.0,TRADE,2935310.2713954994
1989-12-19,0.1,TRADE,2935962.7056586863
1989-12-20,0.1,HOLD,2944912.6979318266
1989-12-21,0.1,HOLD,2957996.634089192
1989-12-22,0.30000000000000004,TRADE,2964428.5839378885
1989-12-26,0.30000000000000004,HOLD,2965482.569821362
1989-12-27,0.4,TRADE,3013702.25038688
1989-12-28,0.8,TRADE,3013424.7310858085
1989-12-29,0.9,TRADE,3085272.505078017
1990-01-02,1.0,TRADE,3228109.8076827526
1990-01-03,1.0,HOLD,3156644.9467235045
1990-01-04,1.0,HOLD,3096110.0056756707
1990-01-05,1.0,HOLD,3028848.9600669662
1990-01-08,1.0,HOLD,3042721.5507237613
1990-01-09,0.8,TRADE,2944352.2715210314
1990-01-10,0.1,TRADE,2794827.3328190558
1990-01-11,0.1,HOLD,2783370.2355647734
1990-01-12,0.0,TRADE,2766019.0052669803
1990-01-15,0.0,HOLD,2767817.6270510745
1990-01-16,0.0,HOLD,2768417.4244096363
1990-01-17,0.0,HOLD,2769017.3453460014
1990-01-18,0.0,HOLD,2769617.404565342
1990-01-19,0.1,TRADE,2770217.5921903034
1990-01-22,0.0,TRADE,2748919.575653148
1990-01-23,0.0,HOLD,2749515.277972393
1990-01-24,0.0,HOLD,2750111.1031989604
1990-01-25,0.0,HOLD,2750707.0667092907
1990-01-26,0.0,HOLD,2751303.1586259734
1990-01-29,0.0,HOLD,2753092.1775892326
1990-01-30,0.0,HOLD,2753688.783971102
1990-01-31,0.0,HOLD,2754285.5179159655
1990-02-01,0.0,HOLD,2754882.3901445917
1990-02-02,0.0,HOLD,2755479.380902157
1990-02-05,0.0,HOLD,2757273.231414668
1990-02-06,0.0,HOLD,2757871.4417282003
1990-02-07,0.0,HOLD,2758469.7856908673
1990-02-08,0.0,HOLD,2759068.2580598854
1990-02-09,0.0,HOLD,2759666.848957842
1990-02-12,0.0,HOLD,2761463.426226736
1990-02-13,0.0,HOLD,2762062.548751591
1990-02-14,0.0,HOLD,2762661.791557167
1990-02-15,0.0,HOLD,2763261.172646506
1990-02-16,0.0,HOLD,2763860.6821421958
1990-02-20,0.0,HOLD,2766260.014435775
1990-02-21,0.0,HOLD,2766860.176003683
1990-02-22,0.0,HOLD,2767460.46581286
1990-02-23,0.0,HOLD,2768060.8840283863
1990-02-26,0.0,HOLD,2769862.9147983454
1990-02-27,0.0,HOLD,2770463.8584494707
1990-02-28,0.0,HOLD,2771064.9285715264
1990-03-01,1.0,TRADE,2771666.1270999312
1990-03-02,1.0,HOLD,2866499.1480271607
1990-03-05,1.0,HOLD,2817616.1475492073
1990-03-06,1.0,HOLD,2838147.0077499477
1990-03-07,1.0,HOLD,2803928.9074153807
1990-03-08,1.0,HOLD,2919781.618548129
1990-03-09,1.0,HOLD,2946667.2688110033
1990-03-12,1.0,HOLD,2932491.1986723966
1990-03-13,1.0,HOLD,2847434.7778407587
1990-03-14,1.0,HOLD,2875786.9181179716
1990-03-15,1.0,HOLD,2922714.598576806
1990-03-16,1.0,HOLD,3104559.360354791
1990-03-19,1.0,HOLD,3183749.821129075
1990-03-20,1.0,HOLD,3053721.03985772
1990-03-21,1.0,HOLD,3005815.6993893264
1990-03-22,1.0,HOLD,2865521.4880176014
1990-03-23,1.0,HOLD,2942267.798767987
1990-03-26,1.0,HOLD,3019991.7695279326
1990-03-27,1.0,HOLD,3061053.489929413
1990-03-28,1.0,HOLD,2921736.9385672472
1990-03-29,0.5,TRADE,2873831.598098853
1990-03-30,0.5,HOLD,2873898.9302716823
1990-04-02,0.5,HOLD,2864084.684171171
1990-04-03,1.0,TRADE,2946521.601278283
1990-04-04,1.0,HOLD,2890169.972599055
1990-04-05,1.0,HOLD,2830953.006868341
1990-04-06,0.5,TRADE,2766005.3670346546
1990-04-09,0.5,HOLD,2758791.465363686
1990-04-10,0.5,HOLD,2779627.330254435
1990-04-11,0.6000000000000001,TRADE,2804522.495500273
1990-04-12,1.0,TRADE,2839286.55607306
1990-04-16,1.0,HOLD,2871567.1249260902
1990-04-17,1.0,HOLD,2852853.7516779564
1990-04-18,0.6000000000000001,TRADE,2718117.4642913947
1990-04-19,0.4,TRADE,2664740.0923328344
1990-04-20,0.0,TRADE,2630183.916681608
1990-04-23,0.0,HOLD,2631900.239420858
1990-04-24,0.0,HOLD,2632472.580598114
1990-04-25,0.0,HOLD,2633045.0475812457
1990-04-26,0.0,HOLD,2633617.642973356
1990-04-27,0.0,HOLD,2634190.356896831
1990-04-30,0.0,HOLD,2635909.2576395357
1990-05-01,0.0,HOLD,2636482.471530239
1990-05-02,0.0,HOLD,2637055.807744356
1990-05-03,0.1,TRADE,2637623.9285783977
1990-05-04,0.6000000000000001,TRADE,2647767.6587058725
1990-05-07,0.6000000000000001,HOLD,2699411.9854869493
1990-05-08,0.6000000000000001,HOLD,2701589.581322369
1990-05-09,1.0,TRADE,2706551.9079072676
1990-05-10,1.0,HOLD,2756910.620672795
1990-05-11,1.0,HOLD,2910275.7913678116
1990-05-14,1.0,HOLD,3025643.0242488384
1990-05-15,1.0,HOLD,3048991.154712856
1990-05-16,1.0,HOLD,3072339.285176873
1990-05-17,1.0,HOLD,3132311.93401582
1990-05-18,1.0,HOLD,3207392.1966844243
1990-05-21,1.0,HOLD,3360757.3673794405
1990-05-22,1.0,HOLD,3385936.7237622044
1990-05-23,1.0,HOLD,3523278.6676681885
1990-05-24,1.0,HOLD,3564481.250839984
1990-05-25,1.0,HOLD,3343818.527631036
1990-05-29,1.0,HOLD,3498557.1177651114
1990-05-30,1.0,HOLD,3518700.6028713225
1990-05-31,1.0,HOLD,3506797.634399471
1990-06-01,1.0,HOLD,3581420.090588389
1990-06-04,1.0,HOLD,3679390.6772413244
1990-06-05,1.0,HOLD,3572721.767474343
1990-06-06,1.0,HOLD,3579131.058189956
1990-06-07,1.0,HOLD,3546168.9916525194
1990-06-08,1.0,HOLD,3424850.2745355666
1990-06-11,1.0,HOLD,3519158.4093510094
1990-06-12,1.0,HOLD,3657415.966216367
1990-06-13,1.0,HOLD,3743483.5843974506
1990-06-14,1.0,HOLD,3669318.934688219
1990-06-15,1.0,HOLD,3678932.8707616376
1990-06-18,1.0,HOLD,3489400.988171379
1990-06-19,1.0,HOLD,3489858.794651066
1990-06-20,1.0,HOLD,3510917.8927166504
1990-06-21,1.0,HOLD,3545253.378693146
1990-06-22,1.0,HOLD,3435379.8235683586
1990-06-25,1.0,HOLD,3309025.235174853
1990-06-26,1.0,HOLD,3307651.815735793
1990-06-27,1.0,HOLD,3390972.595038757
1990-06-28,1.0,HOLD,3495352.472407305
1990-06-29,1.0,HOLD,3538844.0879775337
1990-07-02,1.0,HOLD,3534266.023180668
1990-07-03,1.0,HOLD,3521447.4417494424
1990-07-05,1.0,HOLD,3479329.245618274
1990-07-06,1.0,HOLD,3528314.5389447417
1990-07-09,1.0,HOLD,3575926.41283215
1990-07-10,1.0,HOLD,3531061.377822861
1990-07-11,1.0,HOLD,3622622.673760184
1990-07-12,1.0,HOLD,3739363.326080271
1990-07-13,1.0,HOLD,3797046.9425207847
1990-07-16,1.0,HOLD,3861597.656156597
1990-07-17,1.0,HOLD,3639561.513508589
1990-07-18,1.0,HOLD,3487569.762252633
1990-07-19,1.0,HOLD,3404706.7894293554
1990-07-20,1.0,HOLD,3231198.1336281286
1990-07-23,0.5,TRADE,3017860.314094166
1990-07-24,0.4,TRADE,2999186.4261309393
1990-07-25,0.5,TRADE,3034961.652445541
1990-07-26,0.4,TRADE,3003131.841112349
1990-07-27,0.4,HOLD,2977696.488763067
1990-07-30,0.4,HOLD,2951202.461407658
1990-07-31,0.4,HOLD,2942615.4779052404
1990-08-01,0.4,HOLD,2937874.6326490305
1990-08-02,0.0,TRADE,2874344.102187025
1990-08-03,0.0,HOLD,2874961.162247103
1990-08-06,0.0,HOLD,2876808.7608944783
1990-08-07,0.0,HOLD,2877424.890569324
1990-08-08,0.0,HOLD,2878041.1484532156
1990-08-09,0.0,HOLD,2878657.5446333378
1990-08-10,0.0,HOLD,2879274.069231389
1990-08-13,0.0,HOLD,2881124.4245126303
1990-08-14,0.0,HOLD,2881741.4763582544
1990-08-15,0.0,HOLD,2882358.6628014664
1990-08-16,0.0,HOLD,2882975.987540909
1990-08-17,0.0,HOLD,2883593.430819978
1990-08-20,0.0,HOLD,2885446.572378066
1990-08-21,0.0,HOLD,2886064.5529826963
1990-08-22,0.0,HOLD,2886682.6581070963
1990-08-23,0.0,HOLD,2887300.901527727
1990-08-24,0.0,HOLD,2887919.283244588
1990-08-27,0.0,HOLD,2889775.211079141
1990-08-28,0.0,HOLD,2890394.113857114
1990-08-29,0.0,HOLD,2891013.1574222967
1990-08-30,0.0,HOLD,2891632.3294054084
1990-08-31,0.0,HOLD,2892251.6298064482
1990-09-04,0.0,HOLD,2894730.180706946
1990-09-05,0.0,HOLD,2895350.1469566682
1990-09-06,0.0,HOLD,2895975.3842194695
1990-09-07,0.0,HOLD,2896600.7499001995
1990-09-10,0.0,HOLD,2898477.6670820224
1990-09-11,0.0,HOLD,2899103.5794812203
1990-09-12,0.0,HOLD,2899729.616885159
1990-09-13,0.0,HOLD,2900355.802463631
1990-09-14,0.0,HOLD,2900982.1164600323
1990-09-17,0.0,HOLD,2902861.879204676
1990-09-18,0.0,HOLD,2903488.736832106
1990-09-19,0.0,HOLD,2904115.722553314
1990-09-20,0.0,HOLD,2904742.8564490564
1990-09-21,0.0,HOLD,2905370.118762727
1990-09-24,0.0,HOLD,2907252.6974263564
1990-09-25,0.0,HOLD,2907880.5035718074
1990-09-26,0.0,HOLD,2908508.447484494
1990-09-27,0.0,HOLD,2909136.5198151097
1990-09-28,0.0,HOLD,2909764.730441955
1990-10-01,0.0,HOLD,2911650.1843067664
1990-10-02,0.0,HOLD,2912278.938974369
1990-10-03,0.0,HOLD,2912901.1831073025
1990-10-04,0.0,HOLD,2913523.565536468
1990-10-05,0.0,HOLD,2914146.0862618634
1990-10-08,0.0,HOLD,2916014.4328340413
1990-10-09,0.0,HOLD,2916637.478484064
1990-10-10,0.0,HOLD,2917260.661056856
1990-10-11,0.0,HOLD,2917883.972047577
1990-10-12,0.0,HOLD,2918507.421334529
1990-10-15,0.0,HOLD,2920378.5541845057
1990-10-16,0.0,HOLD,2921002.5351793864
1990-10-17,0.0,HOLD,2921626.6463110917
1990-10-18,0.0,HOLD,2922250.8957390273
1990-10-19,0.0,HOLD,2922875.2735848906
1990-10-22,0.0,HOLD,2924749.2223514053
1990-10-23,0.0,HOLD,2925374.135399654
1990-10-24,0.0,HOLD,2925999.184971558
1990-10-25,0.0,HOLD,2926624.36296139
1990-10-26,0.0,HOLD,2927249.6792474533
1990-10-29,0.0,HOLD,2929126.414291
1990-10-30,0.0,HOLD,2929752.2626838502
1990-10-31,0.0,HOLD,2930378.2506933096
1990-11-01,0.0,HOLD,2931004.3671206976
1990-11-02,0.0,HOLD,2931630.6119660134
1990-11-05,1.0,TRADE,2933443.1895705042
1990-11-06,1.0,HOLD,2921212.0157432472
1990-11-07,0.0,TRADE,2764245.284960114
1990-11-08,1.0,TRADE,2764814.8629524074
1990-11-09,1.0,HOLD,2974775.246849487
1990-11-12,1.0,HOLD,3287696.972849942
1990-11-13,1.0,HOLD,3348262.468204869
1990-11-14,1.0,HOLD,3481506.5579857077
1990-11-15,1.0,HOLD,3322017.420217734
1990-11-16,1.0,HOLD,3078746.0138754444
1990-11-19,1.0,HOLD,3180697.931056238
1990-11-20,1.0,HOLD,2987897.770843054
1990-11-21,1.0,HOLD,3016161.6686753538
1990-11-23,1.0,HOLD,3031303.0425140853
1990-11-26,1.0,HOLD,3070670.614494788
1990-11-27,1.0,HOLD,3270536.7491660463
1990-11-28,1.0,HOLD,3294762.947308017
1990-11-29,1.0,HOLD,3366432.116811347
1990-11-30,1.0,HOLD,3442138.9860050054
1990-12-03,1.0,HOLD,3544090.903185799
1990-12-04,1.0,HOLD,3600618.698850397
1990-12-05,1.0,HOLD,3787362.3095280877
1990-12-06,1.0,HOLD,3810579.0827474766
1990-12-07,1.0,HOLD,3800484.8335216553
1990-12-10,1.0,HOLD,3803513.108289402
1990-12-11,1.0,HOLD,3635948.5711407713
1990-12-12,1.0,HOLD,3714683.7151021757
1990-12-13,1.0,HOLD,3712664.8652570117
1990-12-14,1.0,HOLD,3603646.9736181432
1990-12-17,1.0,HOLD,3542072.0533406343
1990-12-18,1.0,HOLD,3767173.8110764455
1990-12-19,1.0,HOLD,3831777.006121701
1990-12-20,1.0,HOLD,3892342.501476628
1990-12-21,1.0,HOLD,3960983.396212212
1990-12-24,1.0,HOLD,3869125.728257239
1990-12-26,1.0,HOLD,3828748.731353955
1990-12-27,1.0,HOLD,3745975.887702221
1990-12-28,0.2,TRADE,3758088.986773207
1990-12-31,1.0,TRADE,3772060.9361114274
1991-01-02,1.0,HOLD,3726193.9514270164
1991-01-03,0.2,TRADE,3534749.145787737
1991-01-04,0.2,HOLD,3539519.674332351
1991-01-07,0.2,HOLD,3492215.101411151
1991-01-08,0.2,HOLD,3489542.451291495
1991-01-09,0.2,HOLD,3485473.945552974
1991-01-10,0.2,HOLD,3530662.6818074198
1991-01-11,0.2,HOLD,3531978.758728306
1991-01-14,0.2,HOLD,3507210.7904192563
1991-01-15,0.2,HOLD,3523483.864229414
1991-01-16,1.0,TRADE,3604369.662493253
1991-01-17,1.0,HOLD,3937727.1675476814
1991-01-18,1.0,HOLD,4061919.179234625
1991-01-21,1.0,HOLD,4224395.94640401
1991-01-22,1.0,HOLD,4080594.6697138646
1991-01-23,1.0,HOLD,4300965.457368893
1991-01-24,1.0,HOLD,4534409.088359388
1991-01-25,1.0,HOLD,4608177.275752384
1991-01-28,1.0,HOLD,4681945.463145381
1991-01-29,1.0,HOLD,4820144.092691755
1991-01-30,1.0,HOLD,5127355.911075247
1991-01-31,1.0,HOLD,5335587.629918769
1991-02-01,1.0,HOLD,5471918.7104172185
1991-02-04,1.0,HOLD,5638130.575682452
1991-02-05,1.0,HOLD,5969620.531688955
1991-02-06,1.0,HOLD,6373011.126040532
1991-02-07,1.0,HOLD,6088209.896232127
1991-02-08,1.0,HOLD,6163845.6326730475
1991-02-11,1.0,HOLD,6525216.373446335
1991-02-12,1.0,HOLD,6434640.244622023
1991-02-13,1.0,HOLD,6597117.011791408
1991-02-14,1.0,HOLD,6218004.5550628435
1991-02-15,1.0,HOLD,6423434.950334478
1991-02-19,1.0,HOLD,6612057.404174799
1991-02-20,1.0,HOLD,6366474.704372797
1991-02-21,1.0,HOLD,6292706.5169798015
1991-02-22,1.0,HOLD,6425302.499382404
1991-02-25,1.0,HOLD,6530819.020590107
1991-02-26,1.0,HOLD,6351534.311989406
1991-02-27,1.0,HOLD,6494401.81415559
1991-02-28,1.0,HOLD,6522415.049874449
1991-03-01,1.0,HOLD,6696097.111331377
1991-03-04,1.0,HOLD,6771732.847772298
1991-03-05,1.0,HOLD,7472997.515267747
1991-03-06,1.0,HOLD,7551434.575280554
1991-03-07,1.0,HOLD,7669090.165299764
1991-03-08,1.0,HOLD,7515951.143369998
1991-03-11,1.0,HOLD,6852971.2313569905
1991-03-12,1.0,HOLD,6485997.843439932
1991-03-13,1.0,HOLD,6979030.792091859
1991-03-14,1.0,HOLD,6870712.947312268
1991-03-15,1.0,HOLD,6773600.396820223
1991-03-18,1.0,HOLD,6849236.133261143
1991-03-19,1.0,HOLD,6702633.532999111
1991-03-20,1.0,HOLD,6876315.594456041
1991-03-21,1.0,HOLD,6620461.374890457
1991-03-22,0.8,TRADE,6561633.579880852
1991-03-25,1.0,TRADE,6778243.164515681
1991-03-26,1.0,HOLD,7481453.4654817
1991-03-27,1.0,HOLD,7637104.757395128
1991-03-28,1.0,HOLD,7491644.919118889
1991-04-01,1.0,HOLD,7461070.558207323
1991-04-02,1.0,HOLD,8239327.01777446
1991-04-03,1.0,HOLD,8352359.503568734
1991-04-04,1.0,HOLD,8542291.139534524
1991-04-05,1.0,HOLD,8367183.436131918
1991-04-08,1.0,HOLD,8382007.368695101
1991-04-09,1.0,HOLD,8129074.019335781
1991-04-10,1.0,HOLD,7957672.299073972
1991-04-11,1.0,HOLD,8603439.861357655
1991-04-12,1.0,HOLD,8668294.566321583
1991-04-15,1.0,HOLD,8578424.475157283
1991-04-16,1.0,HOLD,8919374.924110506
1991-04-17,1.0,HOLD,9042598.863541968
1991-04-18,1.0,HOLD,8501525.324985769
1991-04-19,1.0,HOLD,8150383.422395359
1991-04-22,1.0,HOLD,7906715.030888029
1991-04-23,1.0,HOLD,7973422.727422355
1991-04-24,1.0,HOLD,8179104.791736526
1991-04-25,1.0,HOLD,7944701.358081187
1991-04-26,1.0,HOLD,7882626.140472855
1991-04-29,1.0,HOLD,7428643.205725359
1991-04-30,1.0,HOLD,7216475.670914794
1991-05-01,1.0,HOLD,7258167.981248748
1991-05-02,1.0,HOLD,7443467.138288543
1991-05-03,1.0,HOLD,7489791.927548491
1991-05-06,1.0,HOLD,7503689.364326475
1991-05-07,1.0,HOLD,7408260.298450981
1991-05-08,1.0,HOLD,7480526.969696501
1991-05-09,1.0,HOLD,7818697.931294126
1991-05-10,1.0,HOLD,7596338.942846373
1991-05-13,1.0,HOLD,7615795.354335551
1991-05-14,1.0,HOLD,7364714.996546631
1991-05-15,1.0,HOLD,6698564.526988569
1991-05-16,1.0,HOLD,6895908.129235949
1991-05-17,1.0,HOLD,6873672.230391175
1991-05-20,0.8,TRADE,6723579.913188941
1991-05-21,1.0,TRADE,6885406.968866472
1991-05-22,1.0,HOLD,7231749.847835541
1991-05-23,1.0,HOLD,7349653.806633522
1991-05-24,1.0,HOLD,7537563.240967805
1991-05-28,1.0,HOLD,7858114.6289498145
1991-05-29,1.0,HOLD,7938252.475945318
1991-05-30,1.0,HOLD,8184192.765000481
1991-05-31,1.0,HOLD,8335257.212210394
1991-06-03,1.0,HOLD,8503823.028304383
1991-06-04,1.0,HOLD,8516718.773797913
1991-06-05,1.0,HOLD,8170375.894828843
1991-06-06,1.0,HOLD,7886669.493971201
1991-06-07,0.5,TRADE,7567960.355345408
1991-06-10,0.5,HOLD,7476084.333126539
1991-06-11,0.5,HOLD,7510760.613371408
1991-06-12,0.4,TRADE,7344631.804743525
1991-06-13,0.4,HOLD,7327066.98186116
1991-06-14,0.5,TRADE,7425890.529475195
1991-06-17,0.5,HOLD,7415940.87295436
1991-06-18,0.4,TRADE,7327608.321053095
1991-06-19,0.4,HOLD,7154008.308219977
1991-06-20,0.4,HOLD,7162673.046181906
1991-06-21,0.4,HOLD,7152731.720093921
1991-06-24,0.4,HOLD,6855207.165740773
1991-06-25,0.4,HOLD,6857796.96514381
1991-06-26,0.4,HOLD,6899497.821820434
1991-06-27,0.4,HOLD,6982208.342204906
1991-06-28,0.4,HOLD,6949484.685934725
1991-07-01,0.4,HOLD,7098131.105822593
1991-07-02,0.4,HOLD,7002754.415532529
1991-07-03,0.4,HOLD,6890661.123519404
1991-07-05,0.4,HOLD,6877218.339075686
1991-07-08,0.4,HOLD,7082417.60861827
1991-07-09,0.4,HOLD,7135881.998787576
1991-07-10,0.4,HOLD,7217825.351112678
1991-07-11,0.4,HOLD,7233318.150227401
1991-07-12,1.0,TRADE,7347917.458888059
1991-07-15,1.0,HOLD,7464852.877110756
1991-07-16,0.8,TRADE,7092180.649929475
1991-07-17,0.8,HOLD,7018626.612637704
1991-07-18,1.0,TRADE,7197577.04996536
1991-07-19,1.0,HOLD,7249678.489521571
1991-07-22,0.8,TRADE,7035588.937890594
1991-07-23,0.4,TRADE,6712209.724374927
1991-07-24,0.4,HOLD,6665656.679517122
1991-07-25,0.4,HOLD,6767539.472125519
1991-07-26,1.0,TRADE,6861751.266664995
1991-07-29,1.0,HOLD,6889625.679393492
1991-07-30,1.0,HOLD,7251993.044863951
1991-07-31,1.0,HOLD,7477775.787964776
1991-08-01,1.0,HOLD,7645022.264335758
1991-08-02,1.0,HOLD,7744441.0030673975
1991-08-05,1.0,HOLD,7461051.140327679
1991-08-06,1.0,HOLD,7669180.088700456
1991-08-07,1.0,HOLD,7815056.181979589
1991-08-08,1.0,HOLD,7999027.305987669
1991-08-09,1.0,HOLD,7943278.480530675
1991-08-12,1.0,HOLD,8117958.133629256
1991-08-13,1.0,HOLD,8306574.993092085
1991-08-14,1.0,HOLD,8501695.882191563
1991-08-15,1.0,HOLD,8235959.814179893
1991-08-16,1.0,HOLD,8029689.159989015
1991-08-19,1.0,HOLD,7374640.460869337
1991-08-20,1.0,HOLD,7553036.702331718
1991-08-21,1.0,HOLD,8529570.29492006
1991-08-22,1.0,HOLD,8390198.231277576
1991-08-23,1.0,HOLD,8581602.532013254
1991-08-26,1.0,HOLD,8570452.766921856
1991-08-27,1.0,HOLD,8572311.061103756
1991-08-28,1.0,HOLD,8846409.452933975
1991-08-29,1.0,HOLD,8723762.036928589
1991-08-30,1.0,HOLD,8612264.386014601
1991-09-03,1.0,HOLD,8330732.817456782
1991-09-04,0.8,TRADE,8105879.221446907
1991-09-05,1.0,TRADE,8028082.141710957
1991-09-06,1.0,HOLD,7957292.694818041
1991-09-09,1.0,HOLD,8070928.385882985
1991-09-10,1.0,HOLD,7639671.6238906225
1991-09-11,1.0,HOLD,7906994.929920445
1991-09-12,1.0,HOLD,8403452.498261545
1991-09-13,1.0,HOLD,7864148.685748418
1991-09-16,1.0,HOLD,7782181.957767148
1991-09-17,1.0,HOLD,7737472.833413728
1991-09-18,1.0,HOLD,7979647.256994752
1991-09-19,1.0,HOLD,8186426.957129319
1991-09-20,1.0,HOLD,8452818.823068446
1991-09-23,1.0,HOLD,8291679.687377995
1991-09-24,1.0,HOLD,8504048.028056739
1991-09-25,1.0,HOLD,8645626.92184257
1991-09-26,1.0,HOLD,8545031.392047374
1991-09-27,1.0,HOLD,8365263.454542999
1991-09-30,1.0,HOLD,8500322.267693954
1991-10-01,1.0,HOLD,8570180.274496173
1991-10-02,1.0,HOLD,8271188.005382678
1991-10-03,1.0,HOLD,7862285.805567024
1991-10-04,1.0,HOLD,7866943.006020507
1991-10-07,1.0,HOLD,7726295.552325373
1991-10-08,1.0,HOLD,7816645.241122908
1991-10-09,0.1,TRADE,7518584.41210011
1991-10-10,0.1,HOLD,7540497.486144092
1991-10-11,0.5,TRADE,7560906.355323108
1991-10-14,1.0,TRADE,7788734.1281011235
1991-10-15,1.0,HOLD,8284710.763283067
1991-10-16,1.0,HOLD,8648484.567136025
1991-10-17,1.0,HOLD,8192255.188432079
1991-10-18,1.0,HOLD,8242371.294426072
1991-10-21,1.0,HOLD,8048819.436794094
1991-10-22,1.0,HOLD,8038450.587278095
1991-10-23,1.0,HOLD,7914888.463879109
1991-10-24,1.0,HOLD,7608143.332364143
1991-10-25,0.5,TRADE,7387805.280149168
1991-10-28,1.0,TRADE,7521982.439130452
1991-10-29,1.0,HOLD,7810734.164241026
1991-10-30,1.0,HOLD,8181865.057986088
1991-10-31,1.0,HOLD,7993327.166884477
1991-11-01,1.0,HOLD,7784406.80106918
1991-11-04,1.0,HOLD,7533872.21604677
1991-11-05,1.0,HOLD,7696932.0137562705
1991-11-06,1.0,HOLD,7723259.376928117
1991-11-07,1.0,HOLD,7995874.976223689
1991-11-08,1.0,HOLD,8210740.230497145
1991-11-11,1.0,HOLD,8398428.851819018
1991-11-12,1.0,HOLD,8743232.382392233
1991-11-13,1.0,HOLD,8814571.04389014
1991-11-14,1.0,HOLD,8654059.055519849
1991-11-15,0.8,TRADE,7224738.016222509
1991-11-18,0.0,TRADE,7471289.84444402
1991-11-19,0.4,TRADE,7472329.51352987
1991-11-20,0.8,TRADE,7497282.326473821
1991-11-21,0.8,HOLD,7710145.001467731
1991-11-22,0.4,TRADE,7559444.923034456
1991-11-25,0.4,HOLD,7455080.7328914
1991-11-26,0.4,HOLD,7488935.442121366
1991-11-27,0.4,HOLD,7522089.795899138
1991-11-29,0.4,HOLD,7508549.124959426
1991-12-02,0.8,TRADE,7794679.019793257
1991-12-03,0.8,HOLD,7792865.771637136
1991-12-04,0.8,HOLD,7864880.474444956
1991-12-05,0.8,HOLD,7812703.94983889
1991-12-06,1.0,TRADE,7924996.944352449
1991-12-09,1.0,HOLD,7891565.19179243
1991-12-10,1.0,HOLD,7932519.088678453
1991-12-11,1.0,HOLD,7809657.398020384
1991-12-12,1.0,HOLD,8055380.779336521
1991-12-13,1.0,HOLD,8324506.387444673
1991-12-16,1.0,HOLD,8460740.779126748
1991-12-17,1.0,HOLD,8110543.171060553
1991-12-18,1.0,HOLD,8166541.356598584
1991-12-19,1.0,HOLD,7747808.65578435
1991-12-20,1.0,HOLD,7845596.532022404
1991-12-23,1.0,HOLD,8437338.552334737
1991-12-24,1.0,HOLD,8749925.43877091
1991-12-26,1.0,HOLD,9309907.294151226
1991-12-27,1.0,HOLD,9582376.07751538
1991-12-30,1.0,HOLD,10481690.221379884
1991-12-31,1.0,HOLD,10873677.520146104
1992-01-02,1.0,HOLD,11116893.52002024
1992-01-03,1.0,HOLD,11258142.67458632
1992-01-06,1.0,HOLD,11462912.159016434
1992-01-07,1.0,HOLD,11738724.11763659
1992-01-08,1.0,HOLD,12215126.591616858
1992-01-09,1.0,HOLD,12852001.477885215
1992-01-10,1.0,HOLD,12493445.931679012
1992-01-13,1.0,HOLD,12612964.447081082
1992-01-14,1.0,HOLD,13077665.80766534
1992-01-15,1.0,HOLD,13406968.570381526
1992-01-16,1.0,HOLD,12984892.69431129
1992-01-17,1.0,HOLD,12737497.725367151
1992-01-20,1.0,HOLD,11867436.364992661
1992-01-21,1.0,HOLD,10428199.417283854
1992-01-22,1.0,HOLD,12166650.55040483
1992-01-23,1.0,HOLD,12135726.179286812
1992-01-24,1.0,HOLD,12065519.498910774
1992-01-27,1.0,HOLD,11539805.189904477
1992-01-28,1.0,HOLD,11571565.354836496
1992-01-29,0.7000000000000001,TRADE,11204651.87049029
1992-01-30,0.7000000000000001,HOLD,11278183.056601435
1992-01-31,0.7000000000000001,HOLD,11270356.189767098
1992-02-03,0.7000000000000001,HOLD,11483238.316573134
1992-02-04,0.7000000000000001,HOLD,11875004.630129714
1992-02-05,0.7000000000000001,HOLD,12162633.740597837
1992-02-06,0.7000000000000001,HOLD,12024342.353079457
1992-02-07,0.8,TRADE,11852702.831886642
1992-02-10,1.0,TRADE,11720801.29115219
1992-02-11,1.0,HOLD,11631492.144648477
1992-02-12,1.0,HOLD,12799065.848940115
1992-02-13,1.0,HOLD,12128837.57517832
1992-02-14,1.0,HOLD,11799458.88807289
1992-02-18,1.0,HOLD,10962902.570822531
1992-02-19,1.0,HOLD,10911283.522843322
1992-02-20,1.0,HOLD,11611008.39545038
1992-02-21,1.0,HOLD,11308668.25728644
1992-02-24,0.8,TRADE,10965360.620726302
1992-02-25,1.0,TRADE,10912505.873555394
1992-02-26,1.0,HOLD,11825573.009119004
1992-02-27,0.8,TRADE,11777171.426910331
1992-02-28,0.8,HOLD,11650763.781952491
1992-03-02,0.8,HOLD,11708631.910364235
1992-03-03,1.0,TRADE,11630133.742383266
1992-03-04,1.0,HOLD,11212008.622699564
1992-03-05,1.0,HOLD,10804583.555291234
1992-03-06,0.5,TRADE,10365881.412001051
1992-03-09,0.5,HOLD,10380334.796660712
1992-03-10,0.5,HOLD,10706417.715405798
1992-03-11,0.5,HOLD,10448113.226253143
1992-03-12,0.5,HOLD,10436321.53916103
1992-03-13,0.5,HOLD,10511776.491415292
1992-03-16,0.5,HOLD,10596983.321938302
1992-03-17,1.0,TRADE,10818123.838411596
1992-03-18,0.5,TRADE,10786487.27213462
1992-03-19,1.0,TRADE,10781132.131232217
1992-03-20,1.0,HOLD,10618105.395635515
1992-03-23,0.5,TRADE,10442416.38931286
1992-03-24,0.5,HOLD,10344050.718289256
1992-03-25,0.5,HOLD,10375473.379598651
1992-03-26,0.5,HOLD,10174226.885450244
1992-03-27,0.4,TRADE,9768405.629265342
1992-03-30,0.4,HOLD,9701228.526850466
1992-03-31,0.4,HOLD,9725328.215161089
1992-04-01,0.4,HOLD,9755551.297246916
1992-04-02,0.4,HOLD,9529275.123092772
1992-04-03,0.4,HOLD,9484278.82531476
1992-04-06,0.4,HOLD,9764655.859687649
1992-04-07,0.30000000000000004,TRADE,9346136.91956292
1992-04-08,0.30000000000000004,HOLD,9289208.35561039
1992-04-09,0.4,TRADE,9518833.788636988
1992-04-10,0.30000000000000004,TRADE,9283936.340881107
1992-04-13,0.4,TRADE,9395888.101041622
1992-04-14,0.4,HOLD,9515800.450730575
1992-04-15,0.4,HOLD,9715277.310394928
1992-04-16,0.4,HOLD,9457968.97889767
1992-04-20,0.1,TRADE,9051043.948506506
1992-04-21,0.1,HOLD,9031588.607891444
1992-04-22,0.1,HOLD,9066068.110634051
1992-04-23,0.1,HOLD,9048593.059449516
1992-04-24,0.1,HOLD,9016502.900151033
1992-04-27,0.0,TRADE,8982936.772756008
1992-04-28,0.0,HOLD,8983838.089712573
1992-04-29,0.1,TRADE,8984739.510152517
1992-04-30,0.0,TRADE,9028707.710607423
1992-05-01,0.1,TRADE,9029613.633175856
1992-05-04,0.1,HOLD,9060274.678865345
1992-05-05,0.30000000000000004,TRADE,9097235.726886949
1992-05-06,0.30000000000000004,HOLD,9105420.043531362
1992-05-07,0.30000000000000004,HOLD,9042874.049944669
1992-05-08,0.1,TRADE,9005070.301865429
1992-05-11,0.1,HOLD,9012714.68719765
1992-05-12,0.1,HOLD,8997004.087050624
1992-05-13,0.1,HOLD,8986440.383982599
1992-05-14,0.1,HOLD,8951061.808081226
1992-05-15,0.0,TRADE,8938843.942784302
1992-05-18,0.1,TRADE,8941598.645607222
1992-05-19,0.1,HOLD,8958158.5309477
1992-05-20,0.1,HOLD,8986640.629074786
1992-05-21,0.1,HOLD,8972515.854234764
1992-05-22,0.1,HOLD,8976860.690032434
1992-05-26,0.1,HOLD,8957497.279933905
1992-05-27,0.1,HOLD,8977282.681939432
1992-05-28,0.1,HOLD,9012801.473568635
1992-05-29,1.0,TRADE,9043727.40177326
1992-06-01,1.0,HOLD,9357061.84946883
1992-06-02,1.0,HOLD,9200394.625621047
1992-06-03,1.0,HOLD,9205766.073295826
1992-06-04,1.0,HOLD,9079537.052938469
1992-06-05,1.0,HOLD,8844088.596527226
1992-06-08,0.1,TRADE,8585363.8668586
1992-06-09,0.0,TRADE,8541216.406263778
1992-06-10,0.0,HOLD,8542093.706842026
1992-06-11,0.0,HOLD,8542957.56837807
1992-06-12,0.0,HOLD,8543821.508921022
1992-06-15,0.0,HOLD,8546413.859342724
1992-06-16,0.0,HOLD,8547278.153927285
1992-06-17,0.0,HOLD,8548142.538883492
1992-06-18,0.0,HOLD,8549007.002846608
1992-06-19,0.0,HOLD,8549871.555692494
1992-06-22,0.0,HOLD,8552465.772842491
1992-06-23,0.0,HOLD,8553330.676502008
1992-06-24,0.0,HOLD,8554195.673763836
1992-06-25,0.0,HOLD,8555060.750032574
1992-06-26,0.0,HOLD,8555925.915184084
1992-06-29,0.0,HOLD,8558521.969436737
1992-06-30,0.0,HOLD,8559387.485463811
1992-07-01,1.0,TRADE,8560253.09503129
1992-07-02,0.0,TRADE,8124777.849300831
1992-07-06,0.0,HOLD,8128064.978140751
1992-07-07,0.0,HOLD,8128777.229837893
1992-07-08,0.0,HOLD,8129489.536074286
1992-07-09,0.0,HOLD,8130201.921321937
1992-07-10,0.0,HOLD,8130914.355951625
1992-07-13,1.0,TRADE,8133052.0545586515
1992-07-14,1.0,HOLD,8471397.234222393
1992-07-15,1.0,HOLD,8480517.050385837
1992-07-16,1.0,HOLD,8632817.980315339
1992-07-17,1.0,HOLD,8152203.668501882
1992-07-20,0.0,TRADE,7741811.941146937
1992-07-21,1.0,TRADE,7742490.348262168
1992-07-22,0.0,TRADE,7440812.233341142
1992-07-23,0.0,HOLD,7441464.264157773
1992-07-24,0.0,HOLD,7442116.349771551
1992-07-27,0.0,HOLD,7444072.955848565
1992-07-28,1.0,TRADE,7444725.269822987
1992-07-29,1.0,HOLD,7685518.31789662
1992-07-30,1.0,HOLD,7744268.5117565105
1992-07-31,1.0,HOLD,7739303.70664159
1992-08-03,1.0,HOLD,7875008.379782745
1992-08-04,1.0,HOLD,7745095.979275664
1992-08-05,0.0,TRADE,7407489.2314610835
1992-08-06,0.0,HOLD,7408138.339653563
1992-08-07,0.0,HOLD,7408797.333213913
1992-08-10,1.0,TRADE,7410774.667567875
1992-08-11,0.0,TRADE,7282680.920452176
1992-08-12,0.0,HOLD,7283328.754534494
1992-08-13,0.0,HOLD,7283976.635780352
1992-08-14,0.0,HOLD,7284624.586168312
1992-08-17,0.0,HOLD,7286568.788063954
1992-08-18,0.0,HOLD,7287216.964021212
1992-08-19,0.0,HOLD,7287865.200856201
1992-08-20,0.0,HOLD,7288513.49695585
1992-08-21,0.0,HOLD,7289161.842442715
1992-08-24,0.0,HOLD,7291107.259375846
1992-08-25,0.0,HOLD,7291755.840345605
1992-08-26,0.0,HOLD,7292404.482156957
1992-08-27,0.0,HOLD,7293053.173355524
1992-08-28,0.0,HOLD,7293701.933696194
1992-08-31,0.0,HOLD,7295648.536029179
1992-09-01,0.0,HOLD,7296297.52200967
1992-09-02,1.0,TRADE,7296946.568795637
1992-09-03,1.0,HOLD,7409055.1017098045
1992-09-04,1.0,HOLD,7277987.037493977
1992-09-08,1.0,HOLD,7231000.372963774
1992-09-09,1.0,HOLD,7527758.2542071575
1992-09-10,1.0,HOLD,7877273.092116031
1992-09-11,1.0,HOLD,7902002.915552979
1992-09-14,1.0,HOLD,8609275.86584971
1992-09-15,1.0,HOLD,8229260.912368599
1992-09-16,1.0,HOLD,8115503.724558637
1992-09-17,1.0,HOLD,8172382.318463617
1992-09-18,1.0,HOLD,8221841.965337515
1992-09-21,1.0,HOLD,8168260.681224126
1992-09-22,1.0,HOLD,7783299.763055626
1992-09-23,1.0,HOLD,7895408.295969794
1992-09-24,1.0,HOLD,8021530.395498231
1992-09-25,1.0,HOLD,7465109.368166887
1992-09-28,1.0,HOLD,7292000.604108248
1992-09-29,1.0,HOLD,7487366.2092601415
1992-09-30,1.0,HOLD,7667893.920349866
1992-10-01,0.1,TRADE,7360419.782283805
1992-10-02,0.0,TRADE,7327623.7963840915
1992-10-05,0.0,HOLD,7329579.470645901
1992-10-06,0.6000000000000001,TRADE,7330192.555262526
1992-10-07,0.2,TRADE,7218190.078796003
1992-10-08,0.6000000000000001,TRADE,7260347.196784864
1992-10-09,0.2,TRADE,7143787.153352149
1992-10-12,0.1,TRADE,7179437.146184195
1992-10-13,0.6000000000000001,TRADE,7193915.900077198
1992-10-14,0.5,TRADE,7170120.791669985
1992-10-15,0.6000000000000001,TRADE,7257547.790754911
1992-10-16,1.0,TRADE,7434428.50415147
1992-10-19,1.0,HOLD,7882822.111525953
1992-10-20,1.0,HOLD,7923443.135190539
1992-10-21,1.0,HOLD,8118736.518193361
1992-10-22,1.0,HOLD,8117955.34466135
1992-10-23,1.0,HOLD,8066397.891548605
1992-10-26,1.0,HOLD,8192166.830202423
1992-10-27,1.0,HOLD,7945315.994086854
1992-10-28,1.0,HOLD,8145296.418281746
1992-10-29,1.0,HOLD,8472608.128194477
1992-10-30,1.0,HOLD,8321060.462984286
1992-11-02,1.0,HOLD,8407770.725037541
1992-11-03,1.0,HOLD,8071866.106272685
1992-11-04,1.0,HOLD,8202322.0861185705
1992-11-05,1.0,HOLD,8854601.985348
1992-11-06,1.0,HOLD,8982714.444597851
1992-11-09,1.0,HOLD,9174101.95994062
1992-11-10,1.0,HOLD,9477978.463893011
1992-11-11,1.0,HOLD,9761544.45601311
1992-11-12,1.0,HOLD,9669365.979235778
1992-11-13,1.0,HOLD,9807633.694401776
1992-11-16,1.0,HOLD,9477978.463893011
1992-11-17,1.0,HOLD,8946780.462125331
1992-11-18,1.0,HOLD,9426421.010780266
1992-11-19,1.0,HOLD,9624057.914379122
1992-11-20,1.0,HOLD,9792010.223761551
1992-11-23,1.0,HOLD,9336586.054598967
1992-11-24,1.0,HOLD,9867002.882834634
1992-11-25,1.0,HOLD,9836537.115086194
1992-11-27,1.0,HOLD,9804509.000273732
1992-11-30,1.0,HOLD,9939652.021311684
1992-12-01,1.0,HOLD,10081825.60413774
1992-12-02,1.0,HOLD,9984178.912636328
1992-12-03,1.0,HOLD,10255246.128244247
1992-12-04,1.0,HOLD,10564590.84692072
1992-12-07,1.0,HOLD,10865342.656745067
1992-12-08,1.0,HOLD,10748166.626943372
1992-12-09,1.0,HOLD,10498191.09669976
1992-12-10,1.0,HOLD,10207594.542791558
1992-12-11,1.0,HOLD,9888094.56819894
1992-12-14,1.0,HOLD,9759200.935417077
1992-12-15,1.0,HOLD,9549846.42883805
1992-12-16,1.0,HOLD,9712330.523496399
1992-12-17,1.0,HOLD,10367735.116853872
1992-12-18,1.0,HOLD,10456007.72597115
1992-12-21,1.0,HOLD,10578651.970496923
1992-12-22,1.0,HOLD,10248996.739988158
1992-12-23,1.0,HOLD,10319302.357869172
1992-12-24,1.0,HOLD,10408356.14051846
1992-12-28,1.0,HOLD,10536468.599768313
1992-12-29,1.0,HOLD,10598962.482329216
1992-12-30,1.0,HOLD,10605993.044117317
1992-12-31,1.0,HOLD,10624741.20888559
1993-01-04,1.0,HOLD,10283368.375396654
1993-01-05,1.0,HOLD,10614585.952969441
1993-01-06,1.0,HOLD,11206715.490234002
1993-01-07,1.0,HOLD,10932523.580498038
1993-01-08,1.0,HOLD,11066104.254471969
1993-01-11,1.0,HOLD,11540276.588402823
1993-01-12,1.0,HOLD,11266084.678666858
1993-01-13,1.0,HOLD,11991794.889905348
1993-01-14,1.0,HOLD,12513618.809288895
1993-01-15,1.0,HOLD,12301920.782113833
1993-01-18,1.0,HOLD,12251144.502533099
1993-01-19,1.0,HOLD,11981639.633989204
1993-01-20,1.0,HOLD,11949611.51917674
1993-01-21,1.0,HOLD,12290203.179133663
1993-01-22,1.0,HOLD,12138655.513923474
1993-01-25,1.0,HOLD,12446437.885535922
1993-01-26,1.0,HOLD,12277704.402621483
1993-01-27,1.0,HOLD,11616831.59453993
1993-01-28,1.0,HOLD,11430912.293921242
1993-01-29,1.0,HOLD,11417632.34387705
1993-02-01,1.0,HOLD,11867588.298315555
1993-02-02,1.0,HOLD,12050382.904806197
1993-02-03,1.0,HOLD,11959766.775092887
1993-02-04,1.0,HOLD,11737132.318469668
1993-02-05,1.0,HOLD,11239524.778578475
1993-02-08,1.0,HOLD,10937210.621690104
1993-02-09,1.0,HOLD,10684110.397318445
1993-02-10,1.0,HOLD,11064541.907407947
1993-02-11,1.0,HOLD,10973144.604162624
1993-02-12,1.0,HOLD,10507565.179083893
1993-02-16,0.4,TRADE,9256125.180801805
1993-02-17,0.4,HOLD,9224092.900495902
1993-02-18,0.4,HOLD,9298602.393432107
1993-02-19,0.4,HOLD,9286245.42911484
1993-02-22,0.4,HOLD,9042944.924069492
1993-02-23,0.4,HOLD,9069334.312742217
1993-02-24,0.4,HOLD,9343199.508330945
1993-02-25,0.4,HOLD,9392399.245495958
1993-02-26,0.4,HOLD,9374105.619124832
1993-03-01,0.4,HOLD,9307663.572157297
1993-03-02,0.4,HOLD,9535908.461604076
1993-03-03,0.4,HOLD,9660731.93000149
1993-03-04,0.4,HOLD,9508395.058870936
1993-03-05,0.4,HOLD,9508855.770107975
1993-03-08,0.5,TRADE,9637725.686915787
1993-03-09,0.4,TRADE,9635168.79550904
1993-03-10,0.5,TRADE,9694199.53729371
1993-03-11,0.5,HOLD,9711819.29235901
1993-03-12,0.5,HOLD,9747756.277236143
1993-03-15,1.0,TRADE,9814536.902708158
1993-03-16,1.0,HOLD,9754436.079119196
1993-03-17,0.4,TRADE,9111429.677348144
1993-03-18,0.4,HOLD,9105800.10307311
1993-03-19,0.4,HOLD,8984023.912166115
1993-03-22,0.4,HOLD,8919923.79481539
1993-03-23,0.4,HOLD,8881275.157576583
1993-03-24,0.4,HOLD,8891576.144968979
1993-03-25,0.4,HOLD,9063787.342405822
1993-03-26,0.4,HOLD,9010367.053684555
1993-03-29,0.4,HOLD,8973204.461480081
1993-03-30,0.4,HOLD,9161346.186703987
1993-03-31,0.4,HOLD,9213066.311734596
1993-04-01,0.4,HOLD,9053637.086650211
1993-04-02,0.30000000000000004,TRADE,8654094.239364604
1993-04-05,0.30000000000000004,HOLD,8735291.128125679
1993-04-06,0.30000000000000004,HOLD,8638112.386645552
1993-04-07,0.30000000000000004,HOLD,8743117.408963013
1993-04-08,0.30000000000000004,HOLD,8657998.832743717
1993-04-12,0.4,TRADE,8829014.244919393
1993-04-13,0.30000000000000004,TRADE,8733132.080155168
1993-04-14,0.4,TRADE,8746744.528553704
1993-04-15,0.30000000000000004,TRADE,8667620.287818613
1993-04-16,0.30000000000000004,HOLD,8593651.766237304
1993-04-19,0.1,TRADE,8523212.641907046
1993-04-20,0.1,HOLD,8535705.037301572
1993-04-21,0.1,HOLD,8544641.764622347
1993-04-22,0.1,HOLD,8531840.187288607
1993-04-23,0.1,HOLD,8495441.635624008
1993-04-26,0.0,TRADE,8449845.10345411
1993-04-27,0.1,TRADE,8450520.430655923
1993-04-28,0.1,HOLD,8489224.204855137
1993-04-29,0.1,HOLD,8484212.740788158
1993-04-30,0.1,HOLD,8492010.153280586
1993-05-03,0.30000000000000004,TRADE,8532756.579575744
1993-05-04,1.0,TRADE,8717371.095505867
1993-05-05,1.0,HOLD,8867256.618056089
1993-05-06,1.0,HOLD,8592951.559796704
1993-05-07,1.0,HOLD,8700636.304153172
1993-05-10,1.0,HOLD,8817779.843622036
1993-05-11,1.0,HOLD,8677353.116184207
1993-05-12,1.0,HOLD,8523829.595513834
1993-05-13,1.0,HOLD,8283721.719583867
1993-05-14,1.0,HOLD,8430696.843637967
1993-05-17,1.0,HOLD,8635152.337990455
1993-05-18,1.0,HOLD,8877443.012792513
1993-05-19,1.0,HOLD,9522823.879307304
1993-05-20,1.0,HOLD,9972480.446957968
1993-05-21,1.0,HOLD,9663978.206369163
1993-05-24,1.0,HOLD,9693809.790954402
1993-05-25,1.0,HOLD,9621777.42817541
1993-05-26,1.0,HOLD,10258427.099201838
1993-05-27,1.0,HOLD,10122365.96950819
1993-05-28,1.0,HOLD,9742558.965764424
1993-06-01,1.0,HOLD,10090351.586050862
1993-06-02,1.0,HOLD,10099810.381163254
1993-06-03,1.0,HOLD,10045240.40936099
1993-06-04,1.0,HOLD,9763659.3548613
1993-06-07,1.0,HOLD,9420959.931943074
1993-06-08,1.0,HOLD,9137923.678195326
1993-06-09,1.0,HOLD,9097178.099249633
1993-06-10,0.9,TRADE,9041152.928199308
1993-06-11,1.0,TRADE,9278277.144546982
1993-06-14,1.0,HOLD,9586634.024937384
1993-06-15,1.0,HOLD,9570672.021717176
1993-06-16,1.0,HOLD,9413954.171918761
1993-06-17,1.0,HOLD,9332693.064615877
1993-06-18,1.0,HOLD,8864716.152023384
1993-06-21,0.6000000000000001,TRADE,8854558.513610523
1993-06-22,0.6000000000000001,HOLD,8778659.295657838
1993-06-23,0.6000000000000001,HOLD,8721486.720108882
1993-06-24,1.0,TRADE,8846716.318508375
1993-06-25,1.0,HOLD,9169827.674527435
1993-06-28,1.0,HOLD,9639609.803391103
1993-06-29,1.0,HOLD,9440660.339235548
1993-06-30,1.0,HOLD,9450825.640323788
1993-07-01,1.0,HOLD,9262041.477256471
1993-07-02,1.0,HOLD,9295441.752260689
1993-07-06,1.0,HOLD,9031143.923966447
1993-07-07,0.6000000000000001,TRADE,8807507.300025165
1993-07-08,0.6000000000000001,HOLD,8931958.246559054
1993-07-09,0.6000000000000001,HOLD,9009360.273618553
1993-07-12,0.6000000000000001,HOLD,9027223.881408844
1993-07-13,0.6000000000000001,HOLD,8984820.673971739
1993-07-14,0.6000000000000001,HOLD,9063094.131077703
1993-07-15,0.6000000000000001,HOLD,8911777.031807486
1993-07-16,0.0,TRADE,8489482.068996234
1993-07-19,0.0,HOLD,8491585.452981513
1993-07-20,0.1,TRADE,8492286.70623492
1993-07-21,0.0,TRADE,8470243.0861209
1993-07-22,0.0,HOLD,8470942.576876093
1993-07-23,0.0,HOLD,8471642.115137558
1993-07-26,0.1,TRADE,8473741.110677937
1993-07-27,0.0,TRADE,8442735.42276842
1993-07-28,0.1,TRADE,8443432.64299163
1993-07-29,0.1,HOLD,8447469.958845349
1993-07-30,0.0,TRADE,8416059.965452738
1993-08-02,0.0,HOLD,8418145.177031439
1993-08-03,0.1,TRADE,8418840.36283826
1993-08-04,0.1,HOLD,8446708.750251602
1993-08-05,1.0,TRADE,8463659.81632617
1993-08-06,1.0,HOLD,8512058.644206256
1993-08-09,1.0,HOLD,8450026.343683891
1993-08-10,0.1,TRADE,8191672.037112723
1993-08-11,1.0,TRADE,8199432.566270122
1993-08-12,1.0,HOLD,8174405.425125757
1993-08-13,1.0,HOLD,8243399.165577791
1993-08-16,1.0,HOLD,8936718.616198717
1993-08-17,1.0,HOLD,9191048.482963078
1993-08-18,1.0,HOLD,9310096.505703842
1993-08-19,1.0,HOLD,8894104.835331285
1993-08-20,1.0,HOLD,8934689.388538364
1993-08-23,1.0,HOLD,8904250.973633055
1993-08-24,1.0,HOLD,8938071.434638953
1993-08-25,1.0,HOLD,8714856.392000021
1993-08-26,1.0,HOLD,8478789.574178848
1993-08-27,1.0,HOLD,8603248.870680556
1993-08-30,1.0,HOLD,8798054.726074532
1993-08-31,1.0,HOLD,9034121.543895707
1993-09-01,1.0,HOLD,9140994.200674348
1993-09-02,1.0,HOLD,9167374.160258949
1993-09-03,1.0,HOLD,9101086.056687387
1993-09-07,1.0,HOLD,8584985.821737371
1993-09-08,1.0,HOLD,8453086.023814365
1993-09-09,1.0,HOLD,8690505.660075774
1993-09-10,1.0,HOLD,8852843.872904088
1993-09-13,1.0,HOLD,8631658.057925511
1993-09-14,0.9,TRADE,8389503.557123274
1993-09-15,1.0,TRADE,8581334.184093658
1993-09-16,1.0,HOLD,8467977.984775545
1993-09-17,1.0,HOLD,8496317.034605075
1993-09-20,1.0,HOLD,8581334.184093658
1993-09-21,1.0,HOLD,8451784.242015816
1993-09-22,1.0,HOLD,9028686.327831203
1993-09-23,1.0,HOLD,9247301.85508756
1993-09-24,1.0,HOLD,9316125.261816412
1993-09-27,1.0,HOLD,9643373.813419292
1993-09-28,1.0,HOLD,9905847.39398325
1993-09-29,1.0,HOLD,9969272.88645886
1993-09-30,1.0,HOLD,9643373.813419292
1993-10-01,1.0,HOLD,9647422.249109223
1993-10-04,1.0,HOLD,9756730.012737403
1993-10-05,1.0,HOLD,9523270.221284626
1993-10-06,1.0,HOLD,9455796.293119084
1993-10-07,1.0,HOLD,9272267.20850881
1993-10-08,1.0,HOLD,9513149.132059796
1993-10-11,1.0,HOLD,9460519.468090672
1993-10-12,1.0,HOLD,9600190.499393346
1993-10-13,1.0,HOLD,9878183.083435379
1993-10-14,1.0,HOLD,10310690.962976504
1993-10-15,1.0,HOLD,10344427.927059274
1993-10-18,1.0,HOLD,10135258.749746094
1993-10-19,1.0,HOLD,9576574.624535404
1993-10-20,1.0,HOLD,9663615.991868954
1993-10-21,1.0,HOLD,9918667.440334704
1993-10-22,1.0,HOLD,9979393.975683693
1993-10-25,1.0,HOLD,9915968.483208083
1993-10-26,1.0,HOLD,9697352.955951726
1993-10-27,1.0,HOLD,10121089.224831332
1993-10-28,1.0,HOLD,10039445.771751024
1993-10-29,1.0,HOLD,10171019.931673832
1993-11-01,1.0,HOLD,10483424.219080294
1993-11-02,1.0,HOLD,10502991.6582483
1993-11-03,1.0,HOLD,9910570.56895484
1993-11-04,1.0,HOLD,9104931.866658265
1993-11-05,1.0,HOLD,9548235.574705878
1993-11-08,1.0,HOLD,9635951.68132108
1993-11-09,1.0,HOLD,9712871.9594298
1993-11-10,1.0,HOLD,10243217.034810962
1993-11-11,1.0,HOLD,10370742.759043837
1993-11-12,1.0,HOLD,10408528.15881654
1993-11-15,1.0,HOLD,10084653.303621937
1993-11-16,1.0,HOLD,10255362.34188076
1993-11-17,1.0,HOLD,9659567.556179022
1993-11-18,1.0,HOLD,9351211.704462493
1993-11-19,1.0,HOLD,9262146.119283978
1993-11-22,0.4,TRADE,8733825.261747783
1993-11-23,1.0,TRADE,8953409.154921306
1993-11-24,1.0,HOLD,9218965.343872156
1993-11-26,1.0,HOLD,9308134.946534574
1993-11-29,0.5,TRADE,9079027.646263253
1993-11-30,1.0,TRADE,9205017.399103198
1993-12-01,1.0,HOLD,9643596.184145926
1993-12-02,1.0,HOLD,9877333.633275578
1993-12-03,1.0,HOLD,10293437.663594298
1993-12-06,1.0,HOLD,10077037.882394593
1993-12-07,1.0,HOLD,9920998.871025072
1993-12-08,1.0,HOLD,9754685.686067436
1993-12-09,1.0,HOLD,9190890.410419539
1993-12-10,1.0,HOLD,9167131.38399702
1993-12-13,1.0,HOLD,9222355.067033146
1993-12-14,0.5,TRADE,8866611.80654461
1993-12-15,0.5,HOLD,8938893.597006466
1993-12-16,0.5,HOLD,8980986.769508772
1993-12-17,1.0,TRADE,9080872.207957186
1993-12-20,1.0,HOLD,9125423.197921596
1993-12-21,1.0,HOLD,9037576.17545656
1993-12-22,1.0,HOLD,9026909.037014378
1993-12-23,1.0,HOLD,9157424.613248145
1993-12-27,1.0,HOLD,9261586.082742402
1993-12-28,1.0,HOLD,9464261.71314388
1993-12-29,1.0,HOLD,9506930.266912611
1993-12-30,1.0,HOLD,9673212.130864287
1993-12-31,1.0,HOLD,9710233.376045981
1994-01-03,1.0,HOLD,9505675.309448825
1994-01-04,1.0,HOLD,9694546.407748653
1994-01-05,1.0,HOLD,9901614.389273383
1994-01-06,1.0,HOLD,10130644.12641437
1994-01-07,1.0,HOLD,10170175.286523636
1994-01-10,1.0,HOLD,10478267.343883155
1994-01-11,1.0,HOLD,10392930.236345693
1994-01-12,1.0,HOLD,10436853.74757821
1994-01-13,1.0,HOLD,10397322.587468944
1994-01-14,1.0,HOLD,10680315.49555274
1994-01-17,1.0,HOLD,10601880.654066099
1994-01-18,1.0,HOLD,10610665.356312605
1994-01-19,1.0,HOLD,10253002.479133526
1994-01-20,1.0,HOLD,10639529.377979686
1994-01-21,1.0,HOLD,10640156.85671158
1994-01-24,1.0,HOLD,10453795.673339324
1994-01-25,1.0,HOLD,10239197.947031878
1994-01-26,1.0,HOLD,10289396.245583327
1994-01-27,1.0,HOLD,10493326.83344859
1994-01-28,1.0,HOLD,10688472.71906735
1994-01-31,1.0,HOLD,10798908.975880539
1994-02-01,1.0,HOLD,10500229.099499416
1994-02-02,1.0,HOLD,10616312.664899642
1994-02-03,1.0,HOLD,10478894.822615048
1994-02-04,1.0,HOLD,9511322.618035864
1994-02-07,1.0,HOLD,9661917.51369021
1994-02-08,1.0,HOLD,9791805.611192087
1994-02-09,1.0,HOLD,9967499.65612216
1994-02-10,1.0,HOLD,9771726.291771505
1994-02-11,1.0,HOLD,9806237.622025628
1994-02-14,1.0,HOLD,10042797.103949333
1994-02-15,1.0,HOLD,10274964.234749787
1994-02-16,1.0,HOLD,10306338.171344442
1994-02-17,1.0,HOLD,10200294.265654504
1994-02-18,1.0,HOLD,10237942.989568092
1994-02-22,1.0,HOLD,10425559.130404133
1994-02-23,1.0,HOLD,10302573.298953082
1994-02-24,1.0,HOLD,9835729.122424604
1994-02-25,1.0,HOLD,10100525.147283498
1994-02-28,1.0,HOLD,10523445.81257946
1994-03-01,1.0,HOLD,10329554.884424487
1994-03-02,1.0,HOLD,10211588.88282858
1994-03-03,1.0,HOLD,10207196.53170533
1994-03-04,1.0,HOLD,10490189.439789124
1994-03-07,1.0,HOLD,10739298.496350693
1994-03-08,1.0,HOLD,10477012.386419369
1994-03-09,1.0,HOLD,10557957.142833583
1994-03-10,1.0,HOLD,10300063.38402551
1994-03-11,1.0,HOLD,10271199.362358427
1994-03-14,1.0,HOLD,10530348.078630283
1994-03-15,1.0,HOLD,10519053.461456208
1994-03-16,1.0,HOLD,10704787.16609657
1994-03-17,1.0,HOLD,10943856.562947849
1994-03-18,1.0,HOLD,10866676.678924995
1994-03-21,1.0,HOLD,10509013.80174592
1994-03-22,1.0,HOLD,10328299.926960701
1994-03-23,1.0,HOLD,10311358.001199586
1994-03-24,0.5,TRADE,9811884.930612667
1994-03-25,0.4,TRADE,9662309.6128873
1994-03-28,0.4,HOLD,9490072.667536994
1994-03-29,0.0,TRADE,9182349.189962499
1994-03-30,0.0,HOLD,9183175.748078404
1994-03-31,0.0,HOLD,9184002.384721136
1994-04-04,0.0,HOLD,9187309.654401341
1994-04-05,0.1,TRADE,9188136.659519281
1994-04-06,0.1,HOLD,9184632.488778053
1994-04-07,0.30000000000000004,TRADE,9200693.310062433
1994-04-08,0.1,TRADE,9071645.637747893
1994-04-11,0.0,TRADE,9066246.216411993
1994-04-12,0.0,HOLD,9067115.146245206
1994-04-13,0.0,HOLD,9067984.16484366
1994-04-14,0.0,HOLD,9068853.262465358
1994-04-15,0.0,HOLD,9069722.448988203
1994-04-18,0.0,HOLD,9072330.525211787
1994-04-19,0.0,HOLD,9073200.042010114
1994-04-20,0.0,HOLD,9074069.64340663
1994-04-21,0.0,HOLD,9074939.323826388
1994-04-22,0.0,HOLD,9075809.093147293
1994-04-25,0.0,HOLD,9078418.91793248
1994-04-26,0.0,HOLD,9079289.017584683
1994-04-28,0.0,HOLD,9081029.469374744
1994-04-29,0.0,HOLD,9081899.823686538
1994-05-02,0.0,HOLD,9084511.367392937
1994-05-03,0.0,HOLD,9085382.053189421
1994-05-04,0.0,HOLD,9086360.765928892
1994-05-05,0.0,HOLD,9087339.577447414
1994-05-06,0.0,HOLD,9088318.487744994
1994-05-09,0.0,HOLD,9091255.890648002
1994-05-10,0.0,HOLD,9092235.22910753
1994-05-11,0.0,HOLD,9093214.672813462
1994-05-12,0.0,HOLD,9094194.225176351
1994-05-13,0.0,HOLD,9095173.876318296
1994-05-16,0.0,HOLD,9098113.50199459
1994-05-17,0.0,HOLD,9099093.578085924
1994-05-18,0.0,HOLD,9100073.762636967
1994-05-19,0.0,HOLD,9101054.05584497
1994-05-20,0.0,HOLD,9102034.447832026
1994-05-23,0.0,HOLD,9104976.26664357
1994-05-24,0.0,HOLD,9105957.083657905
1994-05-25,1.0,TRADE,9106938.009051966
1994-05-26,0.0,TRADE,8926617.236982772
1994-05-27,1.0,TRADE,8927578.843264282
1994-05-31,1.0,HOLD,9068401.644603973
1994-06-01,1.0,HOLD,9091872.111493923
1994-06-02,1.0,HOLD,9190888.143685896
1994-06-03,1.0,HOLD,9340512.37010932
1994-06-06,1.0,HOLD,9337578.561748074
1994-06-07,1.0,HOLD,9127811.263919158
1994-06-08,0.0,TRADE,8476505.807723077
1994-06-09,0.0,HOLD,8477418.92643463
1994-06-10,1.0,TRADE,8478385.683745077
1994-06-13,1.0,HOLD,8287916.270403896
1994-06-14,1.0,HOLD,8651734.250943232
1994-06-15,1.0,HOLD,8675275.414389893
1994-06-16,0.0,TRADE,8673135.308622016
1994-06-17,0.0,HOLD,8674124.385254523
1994-06-20,0.0,HOLD,8677092.28280337
1994-06-21,0.0,HOLD,8678081.805901116
1994-06-22,0.0,HOLD,8679071.436777262
1994-06-23,0.0,HOLD,8680061.186187454
1994-06-24,0.0,HOLD,8681051.044253854
1994-06-27,0.0,HOLD,8684021.312755287
1994-06-28,0.0,HOLD,8685011.626170574
1994-06-29,0.0,HOLD,8686002.047274131
1994-06-30,0.0,HOLD,8686992.586911734
1994-07-01,0.0,HOLD,8687983.235205548
1994-07-05,0.0,HOLD,8691946.980483448
1994-07-06,0.0,HOLD,8692940.482602455
1994-07-07,0.0,HOLD,8693934.093464492
1994-07-08,0.0,HOLD,8694927.822860481
1994-07-11,0.0,HOLD,8697909.677819554
1994-07-12,0.0,HOLD,8698903.859972576
1994-07-13,1.0,TRADE,8699898.162281923
1994-07-14,0.0,TRADE,8581245.446205938
1994-07-15,0.0,HOLD,8582226.299920565
1994-07-18,0.0,HOLD,8585169.525143487
1994-07-19,0.0,HOLD,8586150.820832113
1994-07-20,0.0,HOLD,8587132.22826422
1994-07-21,0.0,HOLD,8588113.75422618
1994-07-22,0.0,HOLD,8589095.388840506
1994-07-25,0.0,HOLD,8592040.955296485
1994-07-26,0.0,HOLD,8593023.034688639
1994-07-27,0.0,HOLD,8594005.232319895
1994-07-28,0.0,HOLD,8594987.538603518
1994-07-29,1.0,TRADE,8595969.953539506
1994-08-01,1.0,HOLD,8830440.556130445
1994-08-02,1.0,HOLD,8769509.050851878
1994-08-03,1.0,HOLD,8603682.802308943
1994-08-04,1.0,HOLD,8395435.885534098
1994-08-05,0.0,TRADE,8364584.490456343
1994-08-08,1.0,TRADE,8367453.057281798
1994-08-09,1.0,HOLD,8483900.239177752
1994-08-10,1.0,HOLD,8704617.119895572
1994-08-11,1.0,HOLD,8739627.383733572
1994-08-12,1.0,HOLD,8908589.961386526
1994-08-15,1.0,HOLD,8913156.517539307
1994-08-16,1.0,HOLD,9153661.808252519
1994-08-17,1.0,HOLD,9609556.330838637
1994-08-18,1.0,HOLD,9510614.280861685
1994-08-19,1.0,HOLD,9394167.09896573
1994-08-22,1.0,HOLD,9293702.863604516
1994-08-23,1.0,HOLD,9575307.15969277
1994-08-24,1.0,HOLD,9697843.083125766
1994-08-25,1.0,HOLD,9921604.334612109
1994-08-26,1.0,HOLD,10507645.70755253
1994-08-29,1.0,HOLD,10437625.17987653
1994-08-30,1.0,HOLD,10692591.231740221
1994-08-31,1.0,HOLD,10380543.227966748
1994-09-01,1.0,HOLD,9883549.700005587
1994-09-02,1.0,HOLD,9863761.290010197
1994-09-06,1.0,HOLD,10031962.77497102
1994-09-07,1.0,HOLD,10283884.456066187
1994-09-08,1.0,HOLD,10566249.844846573
1994-09-09,1.0,HOLD,10093611.283033583
1994-09-12,1.0,HOLD,9846256.158091199
1994-09-13,1.0,HOLD,10219952.669927232
1994-09-14,1.0,HOLD,10300628.495293057
1994-09-15,1.0,HOLD,11018338.903972039
1994-09-16,1.0,HOLD,10799905.30133061
1994-09-19,1.0,HOLD,10747389.90557361
1994-09-20,0.6000000000000001,TRADE,10181136.94262858
1994-09-21,0.6000000000000001,HOLD,10033646.008583803
1994-09-22,0.6000000000000001,HOLD,10024115.32702385
1994-09-23,0.6000000000000001,HOLD,9869824.874685485
1994-09-26,0.6000000000000001,HOLD,9811094.11095541
1994-09-27,0.6000000000000001,HOLD,9827593.12161458
1994-09-28,1.0,TRADE,9942729.808244804
1994-09-29,1.0,HOLD,9880810.270282825
1994-09-30,1.0,HOLD,10075082.820638536
1994-10-03,1.0,HOLD,9983751.502144616
1994-10-04,0.2,TRADE,9215949.231416075
1994-10-05,0.6000000000000001,TRADE,9277718.75622128
1994-10-06,0.2,TRADE,9097160.015578907
1994-10-07,1.0,TRADE,9161532.340889532
1994-10-10,1.0,HOLD,9546145.594664594
1994-10-11,1.0,HOLD,10084009.003715599
1994-10-12,1.0,HOLD,10046068.431292916
1994-10-13,1.0,HOLD,10041604.834537305
1994-10-14,1.0,HOLD,9956796.496180715
1994-10-17,1.0,HOLD,9805778.139282577
1994-10-18,1.0,HOLD,9886122.880883556
1994-10-19,1.0,HOLD,10308676.707081303
1994-10-20,1.0,HOLD,10246930.285295364
1994-10-21,1.0,HOLD,10053507.759218931
1994-10-24,1.0,HOLD,9918111.990965428
1994-10-25,1.0,HOLD,9889842.544846565
1994-10-26,1.0,HOLD,10283382.992132846
1994-10-27,1.0,HOLD,10415059.096423341
1994-10-28,1.0,HOLD,10888200.352518002
1994-10-31,1.0,HOLD,10978960.153215405
1994-11-01,1.0,HOLD,10734950.197242059
1994-11-02,1.0,HOLD,10638982.866996443
1994-11-03,1.0,HOLD,10575748.579625301
1994-11-04,1.0,HOLD,10049044.16246332
1994-11-07,1.0,HOLD,9948613.235462096
1994-11-08,1.0,HOLD,10483500.913342696
1994-11-09,1.0,HOLD,10545991.267921235
1994-11-10,1.0,HOLD,10370423.12886724
1994-11-11,1.0,HOLD,10262552.873939998
1994-11-14,1.0,HOLD,10819014.602806047
1994-11-15,1.0,HOLD,10782561.895968566
1994-11-16,1.0,HOLD,10851003.712887919
1994-11-17,1.0,HOLD,10708168.616708398
1994-11-18,1.0,HOLD,10816038.87163564
1994-11-21,1.0,HOLD,10562357.78935847
1994-11-22,1.0,HOLD,9678565.631747691
1994-11-23,1.0,HOLD,9617563.142754354
1994-11-25,1.0,HOLD,9903233.335113393
1994-11-28,1.0,HOLD,10094424.062812023
1994-11-29,1.0,HOLD,10484988.778927898
1994-11-30,1.0,HOLD,10150219.02225715
1994-12-01,1.0,HOLD,9606404.150865328
1994-12-02,1.0,HOLD,9918855.923758028
1994-12-05,1.0,HOLD,9963491.891314128
1994-12-06,1.0,HOLD,9755190.709385661
1994-12-07,0.8,TRADE,9440507.138115156
1994-12-08,0.30000000000000004,TRADE,8895592.269333918
1994-12-09,0.4,TRADE,8943299.07333446
1994-12-12,0.4,HOLD,8950413.645997074
1994-12-13,0.30000000000000004,TRADE,8912079.811483117
1994-12-14,0.4,TRADE,8996798.124683421
1994-12-15,0.4,HOLD,9052273.88613391
1994-12-16,0.4,HOLD,9003954.683300428
1994-12-19,0.4,HOLD,8960734.586355656
1994-12-20,0.4,HOLD,8964754.441906892
1994-12-21,0.4,HOLD,9160192.51250953
1994-12-22,1.0,TRADE,9215669.073814593
1994-12-23,1.0,HOLD,9304541.056087917
1994-12-27,1.0,HOLD,9500059.41708923
1994-12-28,0.5,TRADE,9228466.639261952
1994-12-29,1.0,TRADE,9436031.51776523
1994-12-30,1.0,HOLD,9289224.066780975
1995-01-03,0.4,TRADE,8851584.793467723
1995-01-04,0.5,TRADE,8894659.809623223
1995-01-05,0.4,TRADE,8838307.111195045
1995-01-06,1.0,TRADE,8932266.698340686
1995-01-09,1.0,HOLD,9056896.607808487
1995-01-10,1.0,HOLD,9324645.479247555
1995-01-11,1.0,HOLD,9286982.594518276
1995-01-12,1.0,HOLD,9297254.290353533
1995-01-13,1.0,HOLD,9508166.444837505
1995-01-16,1.0,HOLD,9723187.277655581
1995-01-17,1.0,HOLD,9946425.467141863
1995-01-18,1.0,HOLD,10110772.600505996
1995-01-19,1.0,HOLD,10001892.624652257
1995-01-20,1.0,HOLD,9443112.371214202
1995-01-23,1.0,HOLD,9559524.924013797
1995-01-24,1.0,HOLD,9673198.35792399
1995-01-25,1.0,HOLD,9476666.577609379
1995-01-26,1.0,HOLD,9168515.702551628
1995-01-27,1.0,HOLD,9212341.604782064
1995-01-30,0.4,TRADE,8832973.638599856
1995-01-31,0.9,TRADE,8927422.086629104
1995-02-01,0.9,HOLD,9025853.992810681
1995-02-02,1.0,TRADE,9266886.504125677
1995-02-03,1.0,HOLD,9598614.180432785
1995-02-06,1.0,HOLD,9924969.748621559
1995-02-07,1.0,HOLD,9893408.61342635
1995-02-08,1.0,HOLD,10247296.235721583
1995-02-09,1.0,HOLD,10296988.235816171
1995-02-10,1.0,HOLD,10605884.45262036
1995-02-13,1.0,HOLD,10452107.857733056
1995-02-14,1.0,HOLD,10521945.263271395
1995-02-15,1.0,HOLD,10713326.614987032
1995-02-16,1.0,HOLD,10585739.047176609
1995-02-17,1.0,HOLD,10196932.722112205
1995-02-21,1.0,HOLD,10130452.884147825
1995-02-22,1.0,HOLD,10438677.587437222
1995-02-23,1.0,HOLD,10565593.641732857
1995-02-24,1.0,HOLD,10367497.154869301
1995-02-27,1.0,HOLD,10095534.181378655
1995-02-28,1.0,HOLD,10642146.182419112
1995-03-01,1.0,HOLD,10436663.046892848
1995-03-02,1.0,HOLD,10568279.695792023
1995-03-03,1.0,HOLD,10928882.453235174
1995-03-06,1.0,HOLD,10965144.183033928
1995-03-07,1.0,HOLD,10573651.803910356
1995-03-08,1.0,HOLD,10926196.399176007
1995-03-09,1.0,HOLD,10920824.291057674
1995-03-10,1.0,HOLD,11270011.318749366
1995-03-13,1.0,HOLD,11192115.751033528
1995-03-14,1.0,HOLD,11600395.968026891
1995-03-15,1.0,HOLD,11383497.102749167
1995-03-16,1.0,HOLD,11462064.183979798
1995-03-17,1.0,HOLD,11398270.400074584
1995-03-20,1.0,HOLD,11597709.913967725
1995-03-21,1.0,HOLD,11631285.58970731
1995-03-22,1.0,HOLD,11625241.968074184
1995-03-23,1.0,HOLD,11750143.481825443
1995-03-24,1.0,HOLD,12262508.293611523
1995-03-27,1.0,HOLD,12392110.401966322
1995-03-28,1.0,HOLD,12663401.861942176
1995-03-29,1.0,HOLD,11940853.32002629
1995-03-30,1.0,HOLD,11660160.670843353
1995-03-31,1.0,HOLD,11554733.049021052
1995-04-03,1.0,HOLD,11652102.508665852
1995-04-04,1.0,HOLD,11128321.967128314
1995-04-05,1.0,HOLD,11333805.102654578
1995-04-06,1.0,HOLD,10964472.669519136
1995-04-07,1.0,HOLD,11263967.69711624
1995-04-10,1.0,HOLD,11664861.265446896
1995-04-11,1.0,HOLD,11967713.86061796
1995-04-12,1.0,HOLD,12249749.53683048
1995-04-13,1.0,HOLD,12399497.050629033
1995-04-17,1.0,HOLD,12241019.861138187
1995-04-18,1.0,HOLD,11942196.347055873
1995-04-19,1.0,HOLD,11431846.075814169
1995-04-20,1.0,HOLD,11574878.454464804
1995-04-21,1.0,HOLD,11748800.45479586
1995-04-24,1.0,HOLD,12137606.779860264
1995-04-25,1.0,HOLD,12345775.969445694
1995-04-26,1.0,HOLD,12655343.699764676
1995-04-27,1.0,HOLD,12837995.375788022
1995-04-28,1.0,HOLD,13179795.754817005
1995-05-01,1.0,HOLD,12876271.64613115
1995-05-02,1.0,HOLD,12813820.88925552
1995-05-03,1.0,HOLD,13595462.620473078
1995-05-04,1.0,HOLD,13516224.025727656
1995-05-05,1.0,HOLD,13183824.835905757
1995-05-08,1.0,HOLD,13721035.647739127
1995-05-09,1.0,HOLD,13645826.134082455
1995-05-10,1.0,HOLD,13369834.079503063
1995-05-11,1.0,HOLD,13929204.837324562
1995-05-12,1.0,HOLD,14236758.027099166
1995-05-15,1.0,HOLD,14507377.973560229
1995-05-16,1.0,HOLD,14919687.271642342
1995-05-17,1.0,HOLD,15244028.299286738
1995-05-18,1.0,HOLD,14618849.217015654
1995-05-19,1.0,HOLD,14776654.892991705
1995-05-22,1.0,HOLD,15240670.731712783
1995-05-23,1.0,HOLD,15973291.976350542
1995-05-24,1.0,HOLD,15714759.273155732
1995-05-25,1.0,HOLD,15814814.7868597
1995-05-26,1.0,HOLD,15276260.947996743
1995-05-30,1.0,HOLD,13976210.783359982
1995-05-31,1.0,HOLD,14491933.162720019
1995-06-01,1.0,HOLD,14738378.622648578
1995-06-02,1.0,HOLD,14882082.514814006
1995-06-05,1.0,HOLD,15613360.732422184
1995-06-06,1.0,HOLD,15072120.83950006
1995-06-07,1.0,HOLD,15248728.893890282
1995-06-08,1.0,HOLD,15581799.597226972
1995-06-09,1.0,HOLD,15530764.570102803
1995-06-12,1.0,HOLD,15640892.786528645
1995-06-13,1.0,HOLD,15971948.949320959
1995-06-14,1.0,HOLD,16035742.733226173
1995-06-15,1.0,HOLD,16587726.842384964
1995-06-16,1.0,HOLD,17120908.573129587
1995-06-19,1.0,HOLD,18397455.764748637
1995-06-20,1.0,HOLD,19324815.928675998
1995-06-21,1.0,HOLD,18880945.495398674
1995-06-22,1.0,HOLD,19985585.227231044
1995-06-23,1.0,HOLD,19820392.902592283
1995-06-26,1.0,HOLD,18917878.738712218
1995-06-27,1.0,HOLD,17991861.60181444
1995-06-28,1.0,HOLD,18269196.683423422
1995-06-29,1.0,HOLD,18833268.03584846
1995-06-30,1.0,HOLD,19014576.684842225
1995-07-03,1.0,HOLD,19103887.982309524
1995-07-05,1.0,HOLD,19563203.226427056
1995-07-06,1.0,HOLD,20683959.28261443
1995-07-07,1.0,HOLD,22206280.420647252
1995-07-10,1.0,HOLD,22897939.340882715
1995-07-11,1.0,HOLD,21738235.500837423
1995-07-12,1.0,HOLD,23545278.369141933
1995-07-13,1.0,HOLD,23962959.775342375
1995-07-14,1.0,HOLD,24763403.884974103
1995-07-17,1.0,HOLD,25639057.5082625
1995-07-18,1.0,HOLD,23247126.36857441
1995-07-19,1.0,HOLD,19455761.064060383
1995-07-20,0.0,TRADE,19787488.740367487
1995-07-21,1.0,TRADE,19790406.975387078
1995-07-24,1.0,HOLD,21390485.33281998
1995-07-25,1.0,HOLD,22527167.913824268
1995-07-26,1.0,HOLD,23002148.584663592
1995-07-27,1.0,HOLD,23875785.91610694
1995-07-28,1.0,HOLD,22628024.641635202
1995-07-31,0.30000000000000004,TRADE,21989492.520291664
1995-08-01,0.1,TRADE,21651575.59196332
1995-08-02,0.1,HOLD,21564458.560998164
1995-08-03,0.1,HOLD,21583215.64013108
1995-08-04,0.1,HOLD,21670315.302226104
1995-08-07,0.8,TRADE,21713785.359259386
1995-08-08,1.0,TRADE,21895768.47906662
1995-08-09,1.0,HOLD,23019073.161480233
1995-08-10,1.0,HOLD,22317614.832931645
1995-08-11,1.0,HOLD,22997564.548043035
1995-08-14,1.0,HOLD,24074382.87238271
1995-08-15,1.0,HOLD,23977247.198795367
1995-08-16,1.0,HOLD,25488400.74931844
1995-08-17,1.0,HOLD,25455097.08980278
1995-08-18,1.0,HOLD,25344084.891417246
1995-08-21,1.0,HOLD,23206406.246255822
1995-08-22,1.0,HOLD,24440029.30081506
1995-08-23,1.0,HOLD,24683562.31102332
1995-08-24,1.0,HOLD,23648373.561078224
1995-08-25,1.0,HOLD,23263299.997928407
1995-08-28,1.0,HOLD,21559956.578950383
1995-08-29,1.0,HOLD,21635583.639100526
1995-08-30,1.0,HOLD,22312064.22301237
1995-08-31,1.0,HOLD,22760275.97399396
1995-09-01,1.0,HOLD,22325940.74781056
1995-09-05,1.0,HOLD,24902117.576594844
1995-09-06,1.0,HOLD,24732823.974056903
1995-09-07,1.0,HOLD,25346166.370136973
1995-09-08,1.0,HOLD,25983098.85837397
1995-09-11,1.0,HOLD,26675537.445803735
1995-09-12,1.0,HOLD,26166962.81195001
1995-09-13,1.0,HOLD,26374416.857682977
1995-09-14,1.0,HOLD,25893595.27342564
1995-09-15,1.0,HOLD,23936311.4506407
1995-09-18,1.0,HOLD,24181925.939568695
1995-09-19,1.0,HOLD,25382245.334612273
1995-09-20,1.0,HOLD,25643124.000818275
1995-09-21,1.0,HOLD,24564918.023998786
1995-09-22,1.0,HOLD,24277673.960676216
1995-09-25,1.0,HOLD,23685840.178033344
1995-09-26,0.5,TRADE,22807456.15830781
1995-09-27,1.0,TRADE,22534791.787241764
1995-09-28,1.0,HOLD,24777664.209443785
1995-09-29,1.0,HOLD,23470434.150653318
1995-10-02,1.0,HOLD,22108414.22373515
1995-10-03,1.0,HOLD,22014288.04002858
1995-10-04,0.4,TRADE,20369187.127783943
1995-10-05,0.8,TRADE,20968406.143088777
1995-10-06,0.8,HOLD,20491525.087764136
1995-10-09,0.4,TRADE,18718646.69456882
1995-10-10,0.4,HOLD,18873481.54320578
1995-10-11,0.4,HOLD,19435965.650210917
1995-10-12,0.4,HOLD,19815327.532340832
1995-10-13,0.4,HOLD,19673110.169611774
1995-10-16,0.4,HOLD,19605479.775918838
1995-10-17,1.0,TRADE,20527819.206438415
1995-10-18,1.0,HOLD,21409005.00366145
1995-10-19,1.0,HOLD,21750664.21095295
1995-10-20,1.0,HOLD,20720156.13428417
1995-10-23,1.0,HOLD,20854730.534278482
1995-10-24,1.0,HOLD,20944446.800941356
1995-10-25,0.8,TRADE,19886286.450301144
1995-10-26,0.8,HOLD,19726144.844819456
1995-10-27,1.0,TRADE,20615069.157423154
1995-10-30,1.0,HOLD,22017956.228800304
1995-10-31,1.0,HOLD,21100566.76744816
1995-11-01,1.0,HOLD,21313771.48954195
1995-11-02,1.0,HOLD,22768436.85057045
1995-11-03,1.0,HOLD,23535973.850108102
1995-11-06,1.0,HOLD,22842753.92512886
1995-11-07,1.0,HOLD,20660755.88358611
1995-11-08,1.0,HOLD,20908073.36121491
1995-11-09,1.0,HOLD,22806813.700547334
1995-11-10,1.0,HOLD,22423654.357127346
1995-11-13,1.0,HOLD,21831554.386055443
1995-11-14,0.8,TRADE,20027842.43714197
1995-11-15,1.0,TRADE,20166370.058660865
1995-11-16,1.0,HOLD,19973591.212769743
1995-11-17,0.4,TRADE,19670131.767660376
1995-11-20,0.4,HOLD,18984237.36971461
1995-11-21,0.4,HOLD,19078011.413572486
1995-11-22,0.4,HOLD,18879394.35351278
1995-11-24,0.4,HOLD,19224815.746161867
1995-11-27,0.4,HOLD,19056851.837438956
1995-11-28,0.8,TRADE,19966015.48022888
1995-11-29,1.0,TRADE,20084953.008145172
1995-11-30,0.8,TRADE,19485268.84770391
1995-12-01,0.8,HOLD,18949430.45088605
1995-12-04,0.8,HOLD,19787817.28644545
1995-12-05,0.8,HOLD,19240525.144540086
1995-12-06,0.8,HOLD,19135343.839019675
1995-12-07,0.8,HOLD,18906771.790228836
1995-12-08,1.0,TRADE,19838740.53725159
1995-12-11,1.0,HOLD,19503666.747835495
1995-12-12,0.8,TRADE,18406522.481605805
1995-12-13,0.8,HOLD,18587834.006669186
1995-12-14,0.4,TRADE,16962949.62290737
1995-12-15,0.30000000000000004,TRADE,16852724.02003231
1995-12-18,0.1,TRADE,16444816.384062108
1995-12-19,0.0,TRADE,16688939.93739524
1995-12-20,0.0,HOLD,16691431.469734926
1995-12-21,0.0,HOLD,16693923.397928372
1995-12-22,0.2,TRADE,16696415.691565111
1995-12-26,0.4,TRADE,16701100.829674907
1995-12-27,0.2,TRADE,16537289.473674014
1995-12-28,0.4,TRADE,16393744.48853112
1995-12-29,0.4,HOLD,16538471.645143129
1996-01-02,0.4,HOLD,16879466.65631254
1996-01-03,0.1,TRADE,16385432.510192916
1996-01-04,0.1,HOLD,16311099.200470459
1996-01-05,0.0,TRADE,16326273.589897912
1996-01-08,0.0,HOLD,16333536.07950571
1996-01-09,0.0,HOLD,16335957.61865314
1996-01-10,0.0,HOLD,16338379.519868461
1996-01-11,0.0,HOLD,16340801.776647313
1996-01-12,0.0,HOLD,16343224.388989693
1996-01-15,0.0,HOLD,16350494.40005249
1996-01-16,0.0,HOLD,16352918.454855999
1996-01-17,0.0,HOLD,16355342.864769781
1996-01-18,0.0,HOLD,16357767.640123857
1996-01-19,0.0,HOLD,16360192.771041458
1996-01-22,0.0,HOLD,16367470.33895145
1996-01-23,0.0,HOLD,16369896.909411846
1996-01-24,1.0,TRADE,16372323.837902052
1996-01-25,1.0,HOLD,15530636.444009837
1996-01-26,1.0,HOLD,15912602.469693897
1996-01-29,1.0,HOLD,15836549.798903905
1996-01-30,1.0,HOLD,16468241.012256594
1996-01-31,1.0,HOLD,17122066.958152637
1996-02-01,1.0,HOLD,17986456.641832907
1996-02-02,1.0,HOLD,17936511.604299184
1996-02-05,1.0,HOLD,19184002.42815292
1996-02-06,1.0,HOLD,19523401.660484374
1996-02-07,1.0,HOLD,19122706.245725166
1996-02-08,1.0,HOLD,19926934.861467086
1996-02-09,1.0,HOLD,19841233.71751717
1996-02-12,1.0,HOLD,20048959.669077896
1996-02-13,1.0,HOLD,19389458.150734838
1996-02-14,1.0,HOLD,19290135.63291209
1996-02-15,1.0,HOLD,19527942.118441984
1996-02-16,1.0,HOLD,19405349.753586475
1996-02-20,1.0,HOLD,19187407.771621127
1996-02-21,1.0,HOLD,20152822.644858256
1996-02-22,1.0,HOLD,21697145.907690838
1996-02-23,1.0,HOLD,21603498.9623151
1996-02-26,1.0,HOLD,21121075.30431889
1996-02-27,1.0,HOLD,20432628.366496056
1996-02-28,1.0,HOLD,20455330.656284112
1996-02-29,1.0,HOLD,19607967.689944886
1996-03-01,1.0,HOLD,17891107.024723068
1996-03-04,1.0,HOLD,17592571.91401012
1996-03-05,1.0,HOLD,18845738.31031087
1996-03-06,1.0,HOLD,18097697.86179439
1996-03-07,1.0,HOLD,18241289.84470385
1996-03-08,0.4,TRADE,16630562.384241205
1996-03-11,0.4,HOLD,17095857.557414766
1996-03-12,0.4,HOLD,16865936.36949247
1996-03-13,0.8,TRADE,17406077.045694046
1996-03-14,0.8,HOLD,17114747.42456253
1996-03-15,0.8,HOLD,17855236.224865206
1996-03-18,0.8,HOLD,18650390.9893242
1996-03-19,0.8,HOLD,18365025.989132397
1996-03-20,0.8,HOLD,17355428.51455346
1996-03-21,0.8,HOLD,17095198.787677288
1996-03-22,0.8,HOLD,17180470.64326089
1996-03-25,0.8,HOLD,16165471.560170408
1996-03-26,0.8,HOLD,16430523.777241165
1996-03-27,0.8,HOLD,16810175.214698065
1996-03-28,0.8,HOLD,16805131.44701828
1996-03-29,1.0,TRADE,16904462.42809913
1996-04-01,1.0,HOLD,17170725.157992337
1996-04-02,1.0,HOLD,17398873.66646938
1996-04-03,1.0,HOLD,17623801.25482675
1996-04-04,1.0,HOLD,17566361.51269253
1996-04-08,0.5,TRADE,16927008.86893686
1996-04-09,0.5,HOLD,16942702.778669063
1996-04-10,0.5,HOLD,16858260.106620558
1996-04-11,0.5,HOLD,16646859.64800826
1996-04-12,0.5,HOLD,16683738.626405109
1996-04-15,0.5,HOLD,16928849.944490217
1996-04-16,1.0,TRADE,17542542.689504474
1996-04-17,1.0,HOLD,17093985.22032034
1996-04-18,1.0,HOLD,18136985.16892095
1996-04-19,1.0,HOLD,18090779.596285082
1996-04-22,1.0,HOLD,19049155.85567618
1996-04-23,1.0,HOLD,19943674.97535704
1996-04-24,1.0,HOLD,20803929.288364112
1996-04-25,1.0,HOLD,21044302.098818105
1996-04-26,1.0,HOLD,21030803.841643587
1996-04-29,1.0,HOLD,21053127.882355295
1996-04-30,1.0,HOLD,21016786.420731578
1996-05-01,1.0,HOLD,21633552.940859765
1996-05-02,1.0,HOLD,20019472.88102936
1996-05-03,1.0,HOLD,20406249.865453176
1996-05-06,1.0,HOLD,20568228.951547448
1996-05-07,1.0,HOLD,20361082.620292276
1996-05-08,1.0,HOLD,20601455.430746272
1996-05-09,1.0,HOLD,20498661.01072491
1996-05-10,1.0,HOLD,21416023.334854957
1996-05-13,1.0,HOLD,22931981.448301334
1996-05-14,1.0,HOLD,23610528.45318983
1996-05-15,1.0,HOLD,23061772.382671744
1996-05-16,1.0,HOLD,23560169.570654117
1996-05-17,1.0,HOLD,23097075.516820494
1996-05-20,1.0,HOLD,23331737.526162196
1996-05-21,1.0,HOLD,22773636.508369435
1996-05-22,1.0,HOLD,22818803.75353034
1996-05-23,1.0,HOLD,23170796.767542887
1996-05-24,1.0,HOLD,22839570.303029604
1996-05-28,1.0,HOLD,22446044.190018523
1996-05-29,1.0,HOLD,21650166.18045918
1996-05-30,1.0,HOLD,22305869.98089848
1996-05-31,1.0,HOLD,23111612.10146998
1996-06-03,1.0,HOLD,22785058.11059403
1996-06-04,1.0,HOLD,23104862.97288272
1996-06-05,1.0,HOLD,23769392.556859214
1996-06-06,1.0,HOLD,22498998.89124165
1996-06-07,1.0,HOLD,22924713.155976593
1996-06-10,1.0,HOLD,22652152.193798732
1996-06-11,1.0,HOLD,22847876.92282931
1996-06-12,1.0,HOLD,23453221.8407329
1996-06-13,1.0,HOLD,22903946.606477324
1996-06-14,1.0,HOLD,21828239.34241538
1996-06-17,1.0,HOLD,21558793.36266241
1996-06-18,1.0,HOLD,20368350.912617017
1996-06-19,1.0,HOLD,20509044.285474543
1996-06-20,1.0,HOLD,20197026.87924808
1996-06-21,1.0,HOLD,20923336.947984885
1996-06-24,1.0,HOLD,21345417.06655746
1996-06-25,1.0,HOLD,20471145.33263838
1996-06-26,0.5,TRADE,19692918.89015341
1996-06-27,1.0,TRADE,20202293.360746942
1996-06-28,1.0,HOLD,20747247.299330603
1996-07-01,1.0,HOLD,21634063.606449556
1996-07-02,1.0,HOLD,20971103.842875194
1996-07-03,1.0,HOLD,20374490.701935086
1996-07-05,0.5,TRADE,18898151.732630834
1996-07-08,0.4,TRADE,18824868.767064877
1996-07-09,0.5,TRADE,18986365.06585432
1996-07-10,0.4,TRADE,18840248.47833468
1996-07-11,0.4,HOLD,18092629.884619582
1996-07-12,0.4,HOLD,18067726.322142523
1996-07-15,0.0,TRADE,17169490.38596478
1996-07-16,0.0,HOLD,17171964.499494303
1996-07-17,0.4,TRADE,17174438.962882545
1996-07-18,0.4,HOLD,17578558.150751818
1996-07-19,0.4,HOLD,17214050.59856076
1996-07-22,0.30000000000000004,TRADE,16919867.361393582
1996-07-23,0.0,TRADE,16292082.105432443
1996-07-24,0.0,HOLD,16294429.784995664
1996-07-25,0.0,HOLD,16296777.793463582
1996-07-26,0.0,HOLD,16299126.1476263
1996-07-29,0.0,HOLD,16306173.262588749
1996-07-30,0.0,HOLD,16308522.969317874
1996-07-31,0.0,HOLD,16310873.0124491
1996-08-01,0.0,HOLD,16313223.401275126
1996-08-02,1.0,TRADE,16315574.12591896
1996-08-05,1.0,HOLD,15807506.764847366
1996-08-06,1.0,HOLD,16564822.925485762
1996-08-07,1.0,HOLD,17346498.480148137
1996-08-08,1.0,HOLD,16967622.90523944
1996-08-09,1.0,HOLD,17018516.639182396
1996-08-12,1.0,HOLD,17091159.83207534
1996-08-13,1.0,HOLD,16306004.363980968
1996-08-14,1.0,HOLD,16887584.8963035
1996-08-15,1.0,HOLD,16872795.264217515
1996-08-16,1.0,HOLD,16504794.418783808
1996-08-19,1.0,HOLD,16346893.346806934
1996-08-20,1.0,HOLD,15798371.992088374
1996-08-21,1.0,HOLD,16115479.10357912
1996-08-22,1.0,HOLD,17136833.695870303
1996-08-23,1.0,HOLD,16821901.530274555
1996-08-26,1.0,HOLD,16466950.36021084
1996-08-27,1.0,HOLD,16908464.376895487
1996-08-28,0.9,TRADE,16945873.446289457
1996-08-29,0.4,TRADE,16361622.675377086
1996-08-30,0.4,HOLD,16139257.25366953
1996-09-03,0.4,HOLD,16305100.687510055
1996-09-04,1.0,TRADE,16300530.772539102
1996-09-05,0.4,TRADE,15058652.581650969
1996-09-06,0.8,TRADE,15386388.989793066
1996-09-09,0.9,TRADE,15812880.855016973
1996-09-10,1.0,TRADE,15784901.82931488
1996-09-11,1.0,HOLD,16021217.970674554
1996-09-12,1.0,HOLD,16762776.328238687
1996-09-13,1.0,HOLD,18383108.867382247
1996-09-16,1.0,HOLD,18479668.150948565
1996-09-17,1.0,HOLD,19508363.325433586
1996-09-18,1.0,HOLD,19914081.718663994
1996-09-19,1.0,HOLD,20653522.548079744
1996-09-20,1.0,HOLD,21202809.349770594
1996-09-23,1.0,HOLD,20335469.82019244
1996-09-24,1.0,HOLD,20591267.220517248
1996-09-25,1.0,HOLD,21342566.207563948
1996-09-26,1.0,HOLD,21238807.328293122
1996-09-27,1.0,HOLD,21238383.822663445
1996-09-30,1.0,HOLD,20614983.535779152
1996-10-01,1.0,HOLD,20346904.472193718
1996-10-02,1.0,HOLD,21420914.74905416
1996-10-03,1.0,HOLD,21043147.727382425
1996-10-04,1.0,HOLD,22377613.966494124
1996-10-07,1.0,HOLD,22870574.519437958
1996-10-08,1.0,HOLD,21819857.052209735
1996-10-09,1.0,HOLD,21872371.750289664
1996-10-10,1.0,HOLD,21640714.170856435
1996-10-11,1.0,HOLD,22856598.833658624
1996-10-14,1.0,HOLD,23413508.736683656
1996-10-15,1.0,HOLD,23682858.31715812
1996-10-16,1.0,HOLD,22988732.590117794
1996-10-17,1.0,HOLD,21913028.29073864
1996-10-18,1.0,HOLD,21991376.832228854
1996-10-21,1.0,HOLD,21060511.458199177
1996-10-22,1.0,HOLD,20233828.469070002
1996-10-23,1.0,HOLD,21299368.633336913
1996-10-24,1.0,HOLD,21178669.528879013
1996-10-25,1.0,HOLD,20755163.899202183
1996-10-28,1.0,HOLD,20584491.13044242
1996-10-29,1.0,HOLD,19705293.443233315
1996-10-30,1.0,HOLD,20111858.847723074
1996-10-31,1.0,HOLD,21381952.231123894
1996-11-01,1.0,HOLD,21671206.57619317
1996-11-04,1.0,HOLD,21722027.25175439
1996-11-05,1.0,HOLD,22889632.272773415
1996-11-06,1.0,HOLD,24393500.763755847
1996-11-07,1.0,HOLD,25173174.627990894
1996-11-08,1.0,HOLD,25467934.54624597
1996-11-11,1.0,HOLD,26034585.07875357
1996-11-12,1.0,HOLD,24989373.184711147
1996-11-13,1.0,HOLD,25411608.29749895
1996-11-14,1.0,HOLD,26453432.146503955
1996-11-15,1.0,HOLD,25429395.533945378
1996-11-18,1.0,HOLD,24829288.056693304
1996-11-19,1.0,HOLD,25989269.97637815
1996-11-20,1.0,HOLD,26228550.65714556
1996-11-21,1.0,HOLD,25444218.230984066
1996-11-22,1.0,HOLD,27138240.749691393
1996-11-25,1.0,HOLD,27409707.858314242
1996-11-26,1.0,HOLD,27823049.35287883
1996-11-27,1.0,HOLD,28502352.38288047
1996-11-29,1.0,HOLD,28656508.432082836
1996-12-02,1.0,HOLD,29736447.787758756
1996-12-03,1.0,HOLD,29011406.14975202
1996-12-04,1.0,HOLD,28657778.948971868
1996-12-05,1.0,HOLD,28761537.82824269
1996-12-06,1.0,HOLD,27859894.342660718
1996-12-09,1.0,HOLD,30819351.682842415
1996-12-10,1.0,HOLD,29974457.951637138
1996-12-11,1.0,HOLD,30745238.19764897
1996-12-12,1.0,HOLD,29328188.36075029
1996-12-13,1.0,HOLD,27756558.96901957
1996-12-16,0.8,TRADE,25363328.65571579
1996-12-17,0.8,HOLD,26186314.396133382
1996-12-18,1.0,TRADE,27787543.433986783
1996-12-19,1.0,HOLD,28489692.8757704
1996-12-20,1.0,HOLD,27494497.592581227
1996-12-23,0.8,TRADE,26564792.044812247
1996-12-24,0.8,HOLD,27374962.416428424
1996-12-26,1.0,TRADE,27965705.348145578
1996-12-27,0.8,TRADE,27202981.961959552
1996-12-30,1.0,TRADE,26493248.634677663
1996-12-31,1.0,HOLD,25986228.42617533
1997-01-02,1.0,HOLD,25426445.139064625
1997-01-03,0.8,TRADE,28459497.73594281
1997-01-06,1.0,TRADE,28859281.76358191
1997-01-07,1.0,HOLD,29991123.02512944
1997-01-08,1.0,HOLD,28783277.90391356
1997-01-09,1.0,HOLD,29159599.717190348
1997-01-10,1.0,HOLD,30025632.885735612
1997-01-13,1.0,HOLD,29885539.284941524
1997-01-14,1.0,HOLD,31633628.05731349
1997-01-15,1.0,HOLD,29777490.55471031
1997-01-16,1.0,HOLD,30727744.216401577
1997-01-17,1.0,HOLD,31747017.599305186
1997-01-20,1.0,HOLD,33492641.38163385
1997-01-21,1.0,HOLD,35033260.15869492
1997-01-22,1.0,HOLD,36371749.75220558
1997-01-23,1.0,HOLD,34846742.57875206
1997-01-24,1.0,HOLD,33183285.131199986
1997-01-27,1.0,HOLD,32219063.192596696
1997-01-28,1.0,HOLD,32308213.665829297
1997-01-29,1.0,HOLD,32473367.998730246
1997-01-30,1.0,HOLD,34558338.74368623
1997-01-31,1.0,HOLD,35659778.46136643
1997-02-03,1.0,HOLD,35230870.19383263
1997-02-04,1.0,HOLD,35016005.22839184
1997-02-05,1.0,HOLD,31683749.521527212
1997-02-06,1.0,HOLD,31467652.06106478
1997-02-07,1.0,HOLD,32978280.125932395
1997-02-10,0.8,TRADE,29906902.53198344
1997-02-11,1.0,TRADE,29866664.167612683
1997-02-12,0.8,TRADE,32810958.06884945
1997-02-13,0.8,HOLD,33413895.19339262
1997-02-14,1.0,TRADE,32723693.318683565
1997-02-18,1.0,HOLD,32447307.994791407
1997-02-19,1.0,HOLD,32443606.40563214
1997-02-20,0.8,TRADE,30543457.30387358
1997-02-21,0.8,HOLD,29199228.943067424
1997-02-24,0.8,HOLD,30470839.56713997
1997-02-25,0.8,HOLD,30606589.27316198
1997-02-26,0.8,HOLD,30486353.64074101
1997-02-27,0.8,HOLD,27804947.458776113
1997-02-28,0.8,HOLD,27938394.297240235
1997-03-03,0.8,HOLD,28362425.721080378
1997-03-04,0.8,HOLD,28816019.372771878
1997-03-05,1.0,TRADE,29597359.00754132
1997-03-06,0.4,TRADE,27488535.771361988
1997-03-07,0.4,HOLD,27079264.486151405
1997-03-10,0.8,TRADE,27602224.011924893
1997-03-11,0.4,TRADE,27099974.15896812
1997-03-12,0.4,HOLD,26744815.850022793
1997-03-13,0.4,HOLD,26785789.899614688
1997-03-14,0.4,HOLD,26725617.146267027
1997-03-17,0.4,HOLD,26474961.15935414
1997-03-18,0.4,HOLD,26300211.586647436
1997-03-19,0.4,HOLD,25724355.869351897
1997-03-20,0.4,HOLD,26068276.280450493
1997-03-21,0.4,HOLD,25743962.586392045
1997-03-24,0.30000000000000004,TRADE,25384207.41376853
1997-03-25,0.4,TRADE,25519925.89309258
1997-03-26,0.4,HOLD,26548193.83655475
1997-03-27,0.4,HOLD,25912878.670961373
1997-03-31,0.30000000000000004,TRADE,25074169.074267916
1997-04-01,0.30000000000000004,HOLD,25065119.51283263
1997-04-02,0.1,TRADE,24699669.228329338
1997-04-03,0.30000000000000004,TRADE,24897715.11882341
1997-04-04,0.4,TRADE,25390004.149834
1997-04-07,0.4,HOLD,25758295.610950153
1997-04-08,0.4,HOLD,26060103.860887505
1997-04-09,0.4,HOLD,25607579.31748507
1997-04-10,0.30000000000000004,TRADE,25030234.89860104
1997-04-11,0.1,TRADE,24379171.313690558
1997-04-14,0.30000000000000004,TRADE,24543285.767838724
1997-04-15,0.30000000000000004,HOLD,24301243.89586059
1997-04-16,0.30000000000000004,HOLD,24318250.851628497
1997-04-17,0.30000000000000004,HOLD,24572516.261193693
1997-04-18,0.30000000000000004,HOLD,24796194.286210407
1997-04-21,0.30000000000000004,HOLD,24410464.442023832
1997-04-22,0.30000000000000004,HOLD,24829174.696673848
1997-04-23,1.0,TRADE,25384176.755442206
1997-04-24,1.0,HOLD,25350581.471301798
1997-04-25,0.30000000000000004,TRADE,23596067.757068876
1997-04-28,0.4,TRADE,23880259.953485847
1997-04-29,1.0,TRADE,24805723.09134285
1997-04-30,1.0,HOLD,26398719.192475144
1997-05-01,1.0,HOLD,27052653.389632564
1997-05-02,1.0,HOLD,29556431.065123323
1997-05-05,1.0,HOLD,31822344.050415825
1997-05-06,1.0,HOLD,29964365.134795576
1997-05-07,1.0,HOLD,29397208.935365207
1997-05-08,1.0,HOLD,30353703.919240605
1997-05-09,1.0,HOLD,30314576.339908317
1997-05-12,1.0,HOLD,30848803.388415474
1997-05-13,1.0,HOLD,29423939.657879345
1997-05-14,1.0,HOLD,29345297.097439207
1997-05-15,1.0,HOLD,31449663.542320188
1997-05-16,1.0,HOLD,29758267.39019383
1997-05-19,1.0,HOLD,29574638.948574983
1997-05-20,1.0,HOLD,32330615.179959983
1997-05-21,1.0,HOLD,33180187.273778833
1997-05-22,1.0,HOLD,32698646.866748817
1997-05-23,1.0,HOLD,34027047.55516872
1997-05-27,1.0,HOLD,36726075.72554534
1997-05-28,1.0,HOLD,36481625.20516244
1997-05-29,1.0,HOLD,35118745.75871707
1997-05-30,1.0,HOLD,33831022.25673171
1997-06-02,1.0,HOLD,33796156.096930675
1997-06-03,1.0,HOLD,30723672.614907272
1997-06-04,1.0,HOLD,29929111.57321896
1997-06-05,1.0,HOLD,30755439.560503785
1997-06-06,1.0,HOLD,32164807.220017225
1997-06-09,1.0,HOLD,33145321.113977786
1997-06-10,1.0,HOLD,31713484.151481446
1997-06-11,1.0,HOLD,32486738.09551356
1997-06-12,1.0,HOLD,32572353.88791391
1997-06-13,1.0,HOLD,34035957.79600676
1997-06-16,1.0,HOLD,35245038.737551965
1997-06-17,1.0,HOLD,36675713.49472161
1997-06-18,1.0,HOLD,34674395.92214149
1997-06-19,1.0,HOLD,35769580.741669945
1997-06-20,1.0,HOLD,35691325.58300537
1997-06-23,1.0,HOLD,34324959.52057989
1997-06-24,1.0,HOLD,36151558.892379194
1997-06-25,1.0,HOLD,35340726.97611707
1997-06-26,1.0,HOLD,34035570.39423119
1997-06-27,1.0,HOLD,33560615.817385815
1997-06-30,1.0,HOLD,32945809.199560687
1997-07-01,1.0,HOLD,32529739.69260152
1997-07-02,1.0,HOLD,34814247.96312124
1997-07-03,1.0,HOLD,35929190.27320363
1997-07-07,1.0,HOLD,36403757.448273435
1997-07-08,1.0,HOLD,38012249.62042841
1997-07-09,1.0,HOLD,38478293.95643575
1997-07-10,1.0,HOLD,38451175.83214604
1997-07-11,1.0,HOLD,39067919.45884901
1997-07-14,1.0,HOLD,42077643.85323052
1997-07-15,1.0,HOLD,44131648.06728778
1997-07-16,1.0,HOLD,49660258.80640717
1997-07-17,1.0,HOLD,48475584.1767227
1997-07-18,1.0,HOLD,45280294.3318445
1997-07-21,1.0,HOLD,43665603.731280446
1997-07-22,1.0,HOLD,47663590.055133864
1997-07-23,1.0,HOLD,47784846.81088639
1997-07-24,1.0,HOLD,47250232.36060367
1997-07-25,1.0,HOLD,46861668.37970977
1997-07-28,1.0,HOLD,45514285.00428709
1997-07-29,1.0,HOLD,47107668.507194944
1997-07-30,1.0,HOLD,48779307.16876738
1997-07-31,1.0,HOLD,49557209.93410629
1997-08-01,1.0,HOLD,49787326.5887932
1997-08-04,1.0,HOLD,51800266.214640334
1997-08-05,1.0,HOLD,53477328.50107071
1997-08-06,1.0,HOLD,54212229.66932167
1997-08-07,1.0,HOLD,53299123.6843098
1997-08-08,1.0,HOLD,50371528.46634853
1997-08-11,1.0,HOLD,48468998.34653806
1997-08-12,1.0,HOLD,47069703.13318936
1997-08-13,1.0,HOLD,48121886.35562985
1997-08-14,1.0,HOLD,48675483.49291537
1997-08-15,1.0,HOLD,45097828.095552355
1997-08-18,1.0,HOLD,46692373.80378691
1997-08-19,1.0,HOLD,50733749.12650386
1997-08-20,1.0,HOLD,53949958.66726268
1997-08-21,1.0,HOLD,50196810.26556773
1997-08-22,1.0,HOLD,49118671.12416424
1997-08-25,0.8,TRADE,48673159.082261965
1997-08-26,0.8,HOLD,47120643.65657956
1997-08-27,0.8,HOLD,46966811.39278558
1997-08-28,0.8,HOLD,44767497.971286364
1997-08-29,0.8,HOLD,45091874.89383161
1997-09-02,1.0,TRADE,47912648.470885456
1997-09-03,1.0,HOLD,47586225.09702881
1997-09-04,1.0,HOLD,48258914.02837344
1997-09-05,1.0,HOLD,48930824.834869795
1997-09-08,1.0,HOLD,49785984.04313788
1997-09-09,1.0,HOLD,50950058.81617614
1997-09-10,1.0,HOLD,47697107.887909785
1997-09-11,1.0,HOLD,47945329.71451353
1997-09-12,1.0,HOLD,48051154.693880655
1997-09-15,0.5,TRADE,44665922.5414054
1997-09-16,1.0,TRADE,46904191.03150727
1997-09-17,1.0,HOLD,45885091.79251179
1997-09-18,1.0,HOLD,45942657.5294084
1997-09-19,1.0,HOLD,47085058.862917915
1997-09-22,1.0,HOLD,47687456.44515211
1997-09-23,1.0,HOLD,49112486.977231435
1997-09-24,1.0,HOLD,46599278.321880706
1997-09-25,1.0,HOLD,45396711.508517966
1997-09-26,1.0,HOLD,45414538.31736337
1997-09-29,1.0,HOLD,46861480.96864849
1997-09-30,0.5,TRADE,44121351.89236984
1997-10-01,0.5,HOLD,44408354.434606306
1997-10-02,1.0,TRADE,45055607.55178115
1997-10-03,1.0,HOLD,46440438.94160414
1997-10-06,1.0,HOLD,46600577.13122888
1997-10-07,1.0,HOLD,48414870.029590935
1997-10-08,1.0,HOLD,48974625.792415574
1997-10-09,1.0,HOLD,49317103.14795393
1997-10-10,1.0,HOLD,47945737.924076654
1997-10-13,1.0,HOLD,48262738.749447435
1997-10-14,1.0,HOLD,47088270.70872239
1997-10-15,1.0,HOLD,45520008.30169288
1997-10-16,1.0,HOLD,43093186.828016214
1997-10-17,0.4,TRADE,40217614.472959325
1997-10-20,0.4,HOLD,40809030.25498908
1997-10-21,0.5,TRADE,41828430.16789013
1997-10-22,0.5,HOLD,41151575.33100936
1997-10-23,0.4,TRADE,39814598.276379466
1997-10-24,0.4,HOLD,39040082.1064151
1997-10-27,0.0,TRADE,35638105.202489585
1997-10-28,0.0,HOLD,35643333.2280191
1997-10-29,0.0,HOLD,35648562.03214293
1997-10-30,0.0,HOLD,35653791.59678704
1997-10-31,0.0,HOLD,35659021.92195145
1997-11-03,0.0,HOLD,35674717.540556714
1997-11-04,0.0,HOLD,35679950.94120041
1997-11-05,0.0,HOLD,35685203.647392474
1997-11-06,0.0,HOLD,35690457.12398171
1997-11-07,0.0,HOLD,35695711.37096811
1997-11-10,0.0,HOLD,35711478.77375662
1997-11-11,0.0,HOLD,35716736.11563233
1997-11-12,0.0,HOLD,35721994.23436032
1997-11-13,0.0,HOLD,35727253.12348548
1997-11-14,0.0,HOLD,35732512.7928847
1997-11-17,0.0,HOLD,35748296.43566921
1997-11-18,0.0,HOLD,35753559.20075397
1997-11-19,0.0,HOLD,35758822.74189233
1997-11-20,0.0,HOLD,35764087.05342787
1997-11-21,0.2,TRADE,35769352.13536057
1997-11-24,0.2,HOLD,35242506.197091006
1997-11-25,0.2,HOLD,35394218.713604406
1997-11-26,0.4,TRADE,35515672.10393975
1997-11-28,0.4,HOLD,35770247.431592084
1997-12-01,1.0,TRADE,36957619.31067732
1997-12-02,0.4,TRADE,34147775.40000902
1997-12-03,1.0,TRADE,34515493.29218756
1997-12-04,0.4,TRADE,33632993.88609907
1997-12-05,1.0,TRADE,34300087.65823932
1997-12-08,1.0,HOLD,35498154.64535633
1997-12-09,0.4,TRADE,32307861.705025375
1997-12-10,0.30000000000000004,TRADE,31659546.08621359
1997-12-11,0.1,TRADE,30793754.86501412
1997-12-12,0.0,TRADE,30580525.34906827
1997-12-15,0.0,HOLD,30594033.26783256
1997-12-16,0.1,TRADE,30598521.34664639
1997-12-17,0.0,TRADE,30475026.042111542
1997-12-18,0.0,HOLD,30479496.662821576
1997-12-19,0.0,HOLD,30483967.935866863
1997-12-22,0.0,HOLD,30497385.708426673
1997-12-23,0.0,HOLD,30501859.606451493
1997-12-24,0.0,HOLD,30506334.16850629
1997-12-26,0.0,HOLD,30515285.233114406
1997-12-29,0.0,HOLD,30528716.778242003
1997-12-30,0.1,TRADE,30533195.276283655
1997-12-31,0.1,HOLD,30465592.582950715
1998-01-02,0.1,HOLD,30629145.510500867
1998-01-05,1.0,TRADE,30725370.06950853
1998-01-06,0.1,TRADE,29700482.39426402
1998-01-07,0.0,TRADE,29569144.907054875
1998-01-08,0.0,HOLD,29573482.63343923
1998-01-09,0.0,HOLD,29577867.06992293
1998-01-12,0.0,HOLD,29591024.285423163
1998-01-13,0.0,HOLD,29595411.324499004
1998-01-14,0.4,TRADE,29599799.010454655
1998-01-15,0.0,TRADE,29568023.378341623
1998-01-16,0.0,HOLD,29572407.003880426
1998-01-20,1.0,TRADE,29589948.01467191
1998-01-21,1.0,HOLD,29543227.227629054
1998-01-22,1.0,HOLD,29018838.69246148
1998-01-23,1.0,HOLD,29330891.710396968
1998-01-26,1.0,HOLD,28622060.665187076
1998-01-27,1.0,HOLD,30242644.382912397
1998-01-28,1.0,HOLD,32630285.798356254
1998-01-29,1.0,HOLD,33146655.09395677
1998-01-30,1.0,HOLD,33327262.315510493
1998-02-02,1.0,HOLD,36097037.92945412
1998-02-03,1.0,HOLD,37087937.00987051
1998-02-04,1.0,HOLD,38387751.14491353
1998-02-05,1.0,HOLD,37386392.18680099
1998-02-06,1.0,HOLD,39324258.861309886
1998-02-09,1.0,HOLD,38096966.544960245
1998-02-10,1.0,HOLD,39814478.46267
1998-02-11,1.0,HOLD,39690703.24326541
1998-02-12,1.0,HOLD,40295981.49928331
1998-02-13,1.0,HOLD,39418049.09798547
1998-02-17,1.0,HOLD,38558944.47654072
1998-02-18,1.0,HOLD,39779612.20368279
1998-02-19,1.0,HOLD,41433318.86744596
1998-02-20,1.0,HOLD,41731774.04437644
1998-02-23,1.0,HOLD,44494576.406522624
1998-02-24,1.0,HOLD,42992886.63194367
1998-02-25,1.0,HOLD,46049262.89476213
1998-02-26,1.0,HOLD,46782151.6586732
1998-02-27,1.0,HOLD,45264423.404960126
1998-03-02,1.0,HOLD,43359679.67648908
1998-03-03,1.0,HOLD,43129911.02976339
1998-03-04,1.0,HOLD,43563995.954154104
1998-03-05,0.8,TRADE,37665670.921288505
1998-03-06,1.0,TRADE,40561524.037449904
1998-03-09,0.7000000000000001,TRADE,36905721.724008426
1998-03-10,1.0,TRADE,38283769.99951127
1998-03-11,1.0,HOLD,38789496.99866763
1998-03-12,1.0,HOLD,39716944.310662836
1998-03-13,1.0,HOLD,40312750.76864157
1998-03-16,0.8,TRADE,41416645.85952856
1998-03-17,0.8,HOLD,40366339.61336693
1998-03-18,0.8,HOLD,41101953.40438267
1998-03-19,0.8,HOLD,41851332.334069
1998-03-20,0.8,HOLD,40414783.2309048
1998-03-23,1.0,TRADE,41204916.41671794
1998-03-24,1.0,HOLD,43136338.79761064
1998-03-25,1.0,HOLD,44951186.52465309
1998-03-26,1.0,HOLD,45273878.68241245
1998-03-27,1.0,HOLD,44547398.95551965
1998-03-30,1.0,HOLD,43972635.227405846
1998-03-31,1.0,HOLD,45482361.46915332
1998-04-01,1.0,HOLD,46324740.05480159
1998-04-02,1.0,HOLD,46500446.77944543
1998-04-03,1.0,HOLD,46870782.49138707
1998-04-06,1.0,HOLD,43621559.67566556
1998-04-07,1.0,HOLD,41075501.656066805
1998-04-08,1.0,HOLD,41984783.95609869
1998-04-09,1.0,HOLD,42580159.4346034
1998-04-13,1.0,HOLD,43205607.794826
1998-04-14,1.0,HOLD,44276405.12251126
1998-04-15,1.0,HOLD,46250064.696827956
1998-04-16,1.0,HOLD,45794240.90539614
1998-04-17,1.0,HOLD,46186539.95791826
1998-04-20,1.0,HOLD,48622105.47951982
1998-04-21,1.0,HOLD,50527509.74926334
1998-04-22,1.0,HOLD,53031668.472985476
1998-04-23,1.0,HOLD,49020486.687895
1998-04-24,1.0,HOLD,48008483.533455946
1998-04-27,1.0,HOLD,44516650.278706975
1998-04-28,1.0,HOLD,44761288.10301878
1998-04-29,1.0,HOLD,46611277.174990006
1998-04-30,1.0,HOLD,47552321.844476745
1998-05-01,1.0,HOLD,47916913.29811271
1998-05-04,1.0,HOLD,48384563.503703244
1998-05-05,1.0,HOLD,47370532.96397984
1998-05-06,1.0,HOLD,46773467.99773817
1998-05-07,1.0,HOLD,44538275.72174006
1998-05-08,1.0,HOLD,47940566.126430154
1998-05-11,1.0,HOLD,46037527.13951839
1998-05-12,1.0,HOLD,48105460.12955745
1998-05-13,1.0,HOLD,48846131.55344072
1998-05-14,1.0,HOLD,49176257.45724271
1998-05-15,1.0,HOLD,47209017.93632646
1998-05-18,1.0,HOLD,46391643.76918521
1998-05-19,1.0,HOLD,47833114.7063595
1998-05-20,1.0,HOLD,45768560.69179435
1998-05-21,1.0,HOLD,44185848.5798102
1998-05-22,1.0,HOLD,43125526.07609409
1998-05-26,0.5,TRADE,41609717.67849356
1998-05-27,0.5,HOLD,42087341.41982691
1998-05-28,1.0,TRADE,42362564.96122658
1998-05-29,0.4,TRADE,39958887.99228294
1998-06-01,0.4,HOLD,38894110.538513914
1998-06-02,0.4,HOLD,39718419.88951875
1998-06-03,0.4,HOLD,38792652.10382593
1998-06-04,0.4,HOLD,39978719.95916675
1998-06-05,1.0,TRADE,40435515.81071971
1998-06-08,1.0,HOLD,40446300.61938519
1998-06-09,1.0,HOLD,42079382.10124579
1998-06-10,0.8,TRADE,39562926.745967306
1998-06-11,0.4,TRADE,38422870.98830627
1998-06-12,0.4,HOLD,38491220.36663355
1998-06-15,0.4,HOLD,37969775.947660536
1998-06-16,0.4,HOLD,39387333.435368665
1998-06-17,0.4,HOLD,39914815.79839945
1998-06-18,1.0,TRADE,40043358.29788351
1998-06-19,1.0,HOLD,41233959.18195585
1998-06-22,1.0,HOLD,43628528.009634495
1998-06-23,1.0,HOLD,47587975.38833667
1998-06-24,1.0,HOLD,50716489.04298524
1998-06-25,1.0,HOLD,48430721.86267612
1998-06-26,1.0,HOLD,49461850.61788968
1998-06-29,1.0,HOLD,51544003.28669295
1998-06-30,1.0,HOLD,51243089.016253784
1998-07-01,1.0,HOLD,53376844.75209517
1998-07-02,1.0,HOLD,50560436.39447236
1998-07-06,1.0,HOLD,51677673.88203266
1998-07-07,1.0,HOLD,52081794.286548086
1998-07-08,1.0,HOLD,55712038.96649501
1998-07-09,1.0,HOLD,56335006.113148
1998-07-10,1.0,HOLD,57269145.971277855
1998-07-13,1.0,HOLD,60878252.045450136
1998-07-14,1.0,HOLD,60530708.497566886
1998-07-15,1.0,HOLD,64525594.12712657
1998-07-16,1.0,HOLD,64897074.03743112
1998-07-17,1.0,HOLD,66383926.26419822
1998-07-20,1.0,HOLD,66609611.96702759
1998-07-21,1.0,HOLD,61939223.538227916
1998-07-22,1.0,HOLD,61736230.75042132
1998-07-23,1.0,HOLD,58495185.106207706
1998-07-24,1.0,HOLD,58813507.640226
1998-07-27,1.0,HOLD,61007881.4367447
1998-07-28,1.0,HOLD,56729489.80032496
1998-07-29,1.0,HOLD,55086895.78689463
1998-07-30,1.0,HOLD,60083067.43410365
1998-07-31,0.8,TRADE,54373778.703849725
1998-08-03,0.8,HOLD,53519642.6941319
1998-08-04,0.8,HOLD,48712341.53738198
1998-08-05,0.8,HOLD,49784560.131080344
1998-08-06,0.8,HOLD,52922145.08087003
1998-08-07,0.8,HOLD,52735000.61357125
1998-08-10,0.8,HOLD,52608029.18882334
1998-08-11,0.8,HOLD,49580105.75439742
1998-08-12,0.7000000000000001,TRADE,51701546.92227207
1998-08-13,0.7000000000000001,HOLD,50380504.62389466
1998-08-14,0.7000000000000001,HOLD,49711647.6383
1998-08-17,0.7000000000000001,HOLD,52612235.770035066
1998-08-18,1.0,TRADE,55315906.488986254
1998-08-19,1.0,HOLD,54933571.675407745
1998-08-20,0.5,TRADE,54897085.83513843
1998-08-21,0.8,TRADE,53506714.48724502
1998-08-24,0.8,HOLD,53129133.970575325
1998-08-25,1.0,TRADE,54726289.14436873
1998-08-26,1.0,HOLD,53006248.48367172
1998-08-27,0.0,TRADE,45742497.672423095
1998-08-28,0.0,HOLD,45749267.395023845
1998-08-31,0.0,HOLD,45769582.56166563
1998-09-01,0.0,HOLD,45776356.2824878
1998-09-02,0.1,TRADE,45783131.0027261
1998-09-03,0.1,HOLD,45646445.60829901
1998-09-04,0.1,HOLD,45611108.17866936
1998-09-08,0.1,HOLD,46519515.96187173
1998-09-09,0.1,HOLD,46218778.892699845
1998-09-10,0.1,HOLD,45910199.26300961
1998-09-11,0.1,HOLD,46533922.75309701
1998-09-14,0.1,HOLD,46770541.121483
1998-09-15,0.1,HOLD,46974787.61140097
1998-09-16,0.1,HOLD,47071567.48301223
1998-09-17,0.1,HOLD,46557996.84017713
1998-09-18,0.1,HOLD,46670260.05316994
1998-09-21,0.9,TRADE,47020072.71881788
1998-09-22,0.9,HOLD,47811003.37347405
1998-09-23,0.9,HOLD,53448249.56914876
1998-09-24,0.8,TRADE,49419998.98407665
1998-09-25,0.8,HOLD,52342126.99508114
1998-09-28,0.8,HOLD,51698465.17696701
1998-09-29,0.8,HOLD,51827959.24743371
1998-09-30,0.8,HOLD,48228369.587328464
1998-10-01,0.2,TRADE,42078748.76622969
1998-10-02,0.0,TRADE,42133035.61440493
1998-10-05,0.2,TRADE,42151613.685801014
1998-10-06,0.0,TRADE,41674101.72890142
1998-10-07,0.0,HOLD,41680226.06545256
1998-10-08,0.0,HOLD,41685874.02490702
1998-10-09,0.2,TRADE,41691522.736574195
1998-10-12,0.30000000000000004,TRADE,42651791.893485695
1998-10-13,0.30000000000000004,HOLD,41522750.06126662
1998-10-14,0.30000000000000004,HOLD,42355197.07364159
1998-10-15,0.30000000000000004,HOLD,44293606.61809179
1998-10-16,0.30000000000000004,HOLD,44099209.00196066
1998-10-19,0.30000000000000004,HOLD,44640778.976061635
1998-10-20,0.30000000000000004,HOLD,43727436.88084679
1998-10-21,0.30000000000000004,HOLD,45304294.36819199
1998-10-22,0.7000000000000001,TRADE,46104028.52439839
1998-10-23,0.7000000000000001,HOLD,45048130.9159527
1998-10-26,0.7000000000000001,HOLD,47017680.857911855
1998-10-27,0.8,TRADE,45870102.80737334
1998-10-28,0.8,HOLD,48019082.27293147
1998-10-29,0.8,HOLD,49381761.876701415
1998-10-30,0.8,HOLD,49728249.96424747
1998-11-02,0.8,HOLD,51299695.92747894
1998-11-03,0.8,HOLD,49761453.10715675
1998-11-04,0.8,HOLD,52546038.85522701
1998-11-05,0.9,TRADE,53255900.06469785
1998-11-06,0.9,HOLD,54859165.47404804
1998-11-09,1.0,TRADE,55784284.59794894
1998-11-10,1.0,HOLD,56881184.93337499
1998-11-11,1.0,HOLD,57227454.27460887
1998-11-12,1.0,HOLD,55557463.49318216
1998-11-13,1.0,HOLD,55381228.39019791
1998-11-16,1.0,HOLD,56531978.34042472
1998-11-17,1.0,HOLD,59143195.11630807
1998-11-18,1.0,HOLD,61050124.20285805
1998-11-19,1.0,HOLD,63748805.80762989
1998-11-20,1.0,HOLD,64561119.08786656
1998-11-23,1.0,HOLD,70154951.80110748
1998-11-24,1.0,HOLD,69032268.92283744
1998-11-25,1.0,HOLD,71312228.97737075
1998-11-27,1.0,HOLD,75276539.71061099
1998-11-30,1.0,HOLD,65479499.79119562
1998-12-01,1.0,HOLD,74851290.934336
1998-12-02,0.9,TRADE,72967859.86151727
1998-12-03,0.9,HOLD,67425005.38879368
1998-12-04,0.9,HOLD,73842933.73275398
1998-12-07,0.8,TRADE,79556282.76486418
1998-12-08,0.8,HOLD,78534761.10322224
1998-12-09,0.9,TRADE,80446921.0796817
1998-12-10,0.8,TRADE,76210421.14371333
1998-12-11,0.8,HOLD,78646401.68293978
1998-12-14,0.8,HOLD,71705101.6212146
1998-12-15,0.8,HOLD,76894763.24442987
1998-12-16,0.8,HOLD,76034429.42068328
1998-12-17,0.8,HOLD,79679787.4079756
1998-12-18,0.8,HOLD,84841668.8944392
1998-12-21,0.8,HOLD,91107964.6430033
1998-12-22,0.8,HOLD,88595060.69589011
1998-12-23,0.8,HOLD,94926855.00078702
1998-12-24,0.8,HOLD,93194671.51283023
1998-12-28,0.8,HOLD,95489703.8780795
1998-12-29,0.8,HOLD,95364916.8050789
1998-12-30,0.9,TRADE,93703874.52680779
1998-12-31,0.9,HOLD,97164337.21894604
1999-01-04,1.0,TRADE,99765316.88980071
1999-01-05,1.0,HOLD,107564591.02133088
1999-01-06,1.0,HOLD,117850424.99194266
1999-01-07,1.0,HOLD,118227923.54230514
1999-01-08,1.0,HOLD,119491696.2402942
1999-01-11,1.0,HOLD,124253108.56817254
1999-01-12,1.0,HOLD,112808585.16950935
1999-01-13,1.0,HOLD,114436913.6104199
1999-01-14,1.0,HOLD,106880471.19944945
1999-01-15,1.0,HOLD,119531140.98678108
1999-01-19,1.0,HOLD,128901425.41198306
1999-01-20,1.0,HOLD,128841333.80600701
1999-01-21,0.9,TRADE,115106241.65236874
1999-01-22,0.9,HOLD,115447417.76569211
1999-01-25,0.9,HOLD,120633631.34694463
1999-01-26,0.8,TRADE,131244371.17404093
1999-01-27,0.9,TRADE,126335041.32580207
1999-01-28,0.8,TRADE,138754031.97254705
1999-01-29,0.8,HOLD,142281439.26620436
1999-02-01,0.8,HOLD,142841883.89031988
1999-02-02,0.7000000000000001,TRADE,134327738.23175985
1999-02-03,0.7000000000000001,HOLD,139886346.06247973
1999-02-04,0.7000000000000001,HOLD,126840024.61769423
1999-02-05,0.7000000000000001,HOLD,121797289.52396068
1999-02-08,0.7000000000000001,HOLD,127387205.06600876
1999-02-09,0.30000000000000004,TRADE,114655922.78210875
1999-02-10,0.0,TRADE,115121729.1560443
1999-02-11,0.7000000000000001,TRADE,115136396.85534653
1999-02-12,0.30000000000000004,TRADE,104923612.23209986
1999-02-16,0.30000000000000004,HOLD,104748059.9958233
1999-02-17,0.30000000000000004,HOLD,101713540.58308136
1999-02-18,0.30000000000000004,HOLD,102368460.41369084
1999-02-19,0.30000000000000004,HOLD,103522673.11314535
1999-02-22,0.30000000000000004,HOLD,106539674.76410219
1999-02-23,0.30000000000000004,HOLD,108130905.89822195
1999-02-24,0.30000000000000004,HOLD,106124426.78381553
1999-02-25,0.30000000000000004,HOLD,105393936.24327356
1999-02-26,0.30000000000000004,HOLD,103013346.6336686
1999-03-01,0.30000000000000004,HOLD,103597171.6668201
1999-03-02,0.30000000000000004,HOLD,101315164.02312693
1999-03-03,0.30000000000000004,HOLD,101802133.98179328
1999-03-04,0.4,TRADE,103276389.49003513
1999-03-05,0.5,TRADE,105626657.26254022
1999-03-08,0.7000000000000001,TRADE,110784108.25873248
1999-03-09,0.7000000000000001,HOLD,110124937.06881414
1999-03-10,0.7000000000000001,HOLD,111226466.14577708
1999-03-11,0.8,TRADE,111795229.04156587
1999-03-12,0.8,HOLD,107187167.42235151
1999-03-15,0.8,HOLD,113663873.35382737
1999-03-16,0.9,TRADE,115347884.1066057
1999-03-17,0.9,HOLD,113987282.30347423
1999-03-18,0.9,HOLD,119637712.95437378
1999-03-19,0.9,HOLD,112019220.99036112
1999-03-22,0.8,TRADE,108078041.77343477
1999-03-23,0.6000000000000001,TRADE,99618273.9350351
1999-03-24,0.9,TRADE,104383885.08882928
1999-03-25,0.9,HOLD,114111237.89411288
1999-03-26,0.9,HOLD,111666543.91044766
1999-03-29,0.8,TRADE,122991406.19588792
1999-03-30,0.7000000000000001,TRADE,120337799.33655897
1999-03-31,0.7000000000000001,HOLD,118008729.0771588
1999-04-01,0.9,TRADE,122610977.86798993
1999-04-05,0.7000000000000001,TRADE,133904826.86986321
1999-04-06,0.7000000000000001,HOLD,133763441.01440278
1999-04-07,0.7000000000000001,HOLD,130366689.53737369
1999-04-08,0.7000000000000001,HOLD,134336144.957942
1999-04-09,0.9,TRADE,135277085.37438595
1999-04-12,0.8,TRADE,133055811.34558754
1999-04-13,0.8,HOLD,126672953.20748974
1999-04-14,0.7000000000000001,TRADE,116755478.82441548
1999-04-15,0.7000000000000001,HOLD,120471634.86989576
1999-04-16,0.7000000000000001,HOLD,114514332.50016126
1999-04-19,0.4,TRADE,100904437.12533398
1999-04-20,0.0,TRADE,104751838.28076908
1999-04-21,0.4,TRADE,104765129.94392559
1999-04-22,0.6000000000000001,TRADE,109388521.65265852
1999-04-23,0.6000000000000001,HOLD,111798594.68422514
1999-04-26,0.6000000000000001,HOLD,116419985.50874957
1999-04-27,0.4,TRADE,111221407.82210924
1999-04-28,0.4,HOLD,107786651.25848618
1999-04-29,0.4,HOLD,105994229.44880196
1999-04-30,0.4,HOLD,106934050.30988076
1999-05-03,0.4,HOLD,107028555.46794483
1999-05-04,0.4,HOLD,104737083.0670057
1999-05-05,0.6000000000000001,TRADE,107891172.95217174
1999-05-06,0.4,TRADE,100918349.49141786
1999-05-07,0.4,HOLD,103184647.9658652
1999-05-10,0.6000000000000001,TRADE,104215794.26241356
1999-05-11,0.6000000000000001,HOLD,107803357.30928838
1999-05-12,0.6000000000000001,HOLD,111589817.13722551
1999-05-13,0.5,TRADE,107910553.6752223
1999-05-14,0.5,HOLD,103887567.98763433
1999-05-17,0.5,HOLD,107450061.65989512
1999-05-18,0.6000000000000001,TRADE,106219237.88639104
1999-05-19,0.6000000000000001,HOLD,108580488.8575388
1999-05-20,0.7000000000000001,TRADE,104362294.3456549
1999-05-21,0.8,TRADE,101712658.79667056
1999-05-24,0.8,HOLD,95470018.88410929
1999-05-25,0.6000000000000001,TRADE,88707048.7094139
1999-05-26,0.5,TRADE,93002861.90972325
1999-05-27,0.6000000000000001,TRADE,92787141.30978167
1999-05-28,0.5,TRADE,95992612.06468663
1999-06-01,0.5,HOLD,91591041.49014826
1999-06-02,0.5,HOLD,94721951.0082598
1999-06-03,0.5,HOLD,91725526.44190848
1999-06-04,0.5,HOLD,96811670.01852801
1999-06-07,0.5,HOLD,99808970.3133907
1999-06-08,0.5,HOLD,95036068.15900247
1999-06-09,0.5,HOLD,98311733.88887747
1999-06-10,0.5,HOLD,95633634.1948061
1999-06-11,0.5,HOLD,93202005.08274585
1999-06-14,0.5,HOLD,91008316.098689
1999-06-15,0.5,HOLD,92849817.07129875
1999-06-16,0.5,HOLD,99964181.72527352
1999-06-17,0.5,HOLD,101620030.01246117
1999-06-18,0.5,HOLD,102671957.48400706
1999-06-21,0.5,HOLD,107354292.11824664
1999-06-22,0.5,HOLD,102729847.30936308
1999-06-23,0.5,HOLD,104891085.27987604
1999-06-24,0.5,HOLD,100729815.3821241
1999-06-25,0.5,HOLD,100774699.13281235
1999-06-28,0.5,HOLD,104968601.1641851
1999-06-29,0.5,HOLD,107689885.83017853
1999-06-30,0.6000000000000001,TRADE,108974692.39016572
1999-07-01,0.6000000000000001,HOLD,111130642.94739804
1999-07-02,0.8,TRADE,113333386.9716283
1999-07-06,0.8,HOLD,111312979.89743382
1999-07-07,0.8,HOLD,112413106.70627703
1999-07-08,0.9,TRADE,116272049.21941502
1999-07-09,0.9,HOLD,118660817.86359859
1999-07-12,1.0,TRADE,117433736.25825797
1999-07-13,1.0,HOLD,115813084.9897956
1999-07-14,1.0,HOLD,122106807.12306571
1999-07-15,1.0,HOLD,123901195.05857052
1999-07-16,1.0,HOLD,128464455.44023477
1999-07-19,1.0,HOLD,122937179.2958018
1999-07-20,1.0,HOLD,108381610.42671432
1999-07-21,1.0,HOLD,113115934.60362034
1999-07-22,0.9,TRADE,101329460.92000902
1999-07-23,0.9,HOLD,103695101.600739
1999-07-26,0.9,HOLD,95299458.39655915
1999-07-27,0.8,TRADE,103868300.67763937
1999-07-28,0.8,HOLD,106532809.26536046
1999-07-29,0.7000000000000001,TRADE,98699656.50118494
1999-07-30,0.6000000000000001,TRADE,99390815.6800651
1999-08-02,0.8,TRADE,98895233.86792322
1999-08-03,0.8,HOLD,96172444.0903886
1999-08-04,0.8,HOLD,92579564.75393066
1999-08-05,0.7000000000000001,TRADE,95310197.39993131
1999-08-06,0.7000000000000001,HOLD,93480201.19998941
1999-08-09,0.9,TRADE,91300066.68702273
1999-08-10,0.9,HOLD,88574828.9858323
1999-08-11,0.6000000000000001,TRADE,97130052.6065116
1999-08-12,0.6000000000000001,HOLD,94964684.92430659
1999-08-13,0.6000000000000001,HOLD,101990405.92657712
1999-08-16,0.6000000000000001,HOLD,102468607.69640496
1999-08-17,0.6000000000000001,HOLD,104445369.04083678
1999-08-18,0.6000000000000001,HOLD,102739504.77118571
1999-08-19,0.8,TRADE,99522476.4360815
1999-08-20,0.9,TRADE,103287434.70290945
1999-08-23,0.8,TRADE,111773821.81938224
1999-08-24,0.9,TRADE,113862651.87103912
1999-08-25,0.9,HOLD,120984116.97169575
1999-08-26,0.9,HOLD,115102092.10990876
1999-08-27,0.9,HOLD,113154629.90640348
1999-08-30,0.9,HOLD,108575562.83627136
1999-08-31,0.9,HOLD,112221655.49724217
1999-09-01,0.9,HOLD,113191311.15735744
1999-09-02,1.0,TRADE,111573611.2353173
1999-09-03,0.9,TRADE,127480282.2696792
1999-09-07,0.9,HOLD,125389306.83677885
1999-09-08,0.9,HOLD,120295531.10458353
1999-09-09,0.9,HOLD,126924533.02368532
1999-09-10,0.9,HOLD,130847585.81145374
1999-09-13,0.9,HOLD,123593611.12030691
1999-09-14,0.9,HOLD,128808673.13847004
1999-09-15,0.9,HOLD,120558458.73790629
1999-09-16,0.9,HOLD,121003121.68691143
1999-09-17,0.9,HOLD,130167689.26432194
1999-09-20,0.9,HOLD,131293253.18335319
1999-09-21,0.9,HOLD,121223857.42848922
1999-09-22,0.9,HOLD,126458142.38491853
1999-09-23,0.4,TRADE,111362869.0982672
1999-09-24,0.7000000000000001,TRADE,111155050.01893955
1999-09-27,0.4,TRADE,113750230.02901962
1999-09-28,0.4,HOLD,113827247.39596842
1999-09-29,0.5,TRADE,112162511.05086654
1999-09-30,0.7000000000000001,TRADE,112781284.12014365
1999-10-01,0.7000000000000001,HOLD,112406025.89552006
1999-10-04,0.7000000000000001,HOLD,118602455.38833126
1999-10-05,0.9,TRADE,118932759.1368413
1999-10-06,0.9,HOLD,126793314.71633275
1999-10-07,0.9,HOLD,126681886.21525748
1999-10-08,0.9,HOLD,129803518.11856766
1999-10-11,0.9,HOLD,133002501.8248641
1999-10-12,0.9,HOLD,125608439.43516622
1999-10-13,1.0,TRADE,115788777.30179168
1999-10-14,1.0,HOLD,118063353.90075304
1999-10-15,0.9,TRADE,108372966.82838833
1999-10-18,0.9,HOLD,103252015.69968571
1999-10-19,0.9,HOLD,103222235.49208814
1999-10-20,0.9,HOLD,115382723.79980889
1999-10-21,0.9,HOLD,116710558.08463603
1999-10-22,0.9,HOLD,117779828.25528362
1999-10-25,0.9,HOLD,117508224.11189622
1999-10-26,0.9,HOLD,115163880.89496475
1999-10-27,0.9,HOLD,113976113.66345873
1999-10-28,0.9,HOLD,124311514.9612723
1999-10-29,0.8,TRADE,137321573.64278543
1999-11-01,0.9,TRADE,134641355.54409215
1999-11-02,0.9,HOLD,136056073.95275667
1999-11-03,0.9,HOLD,142405925.45995587
1999-11-04,0.9,HOLD,146739603.45453376
1999-11-05,0.9,HOLD,154449763.1715763
1999-11-08,0.9,HOLD,159073239.69087836
1999-11-09,1.0,TRADE,155442348.57361162
1999-11-10,1.0,HOLD,161104554.93335477
1999-11-11,1.0,HOLD,170038128.0454547
1999-11-12,1.0,HOLD,176948833.32302946
1999-11-15,1.0,HOLD,174460085.00203812
1999-11-16,1.0,HOLD,186095374.169157
1999-11-17,1.0,HOLD,180574929.2062742
1999-11-18,1.0,HOLD,197560245.7305555
1999-11-19,1.0,HOLD,202463713.8329832
1999-11-22,1.0,HOLD,206520304.12660182
1999-11-23,1.0,HOLD,196290905.93355304
1999-11-24,1.0,HOLD,217535577.1383865
1999-11-26,1.0,HOLD,219123174.52772787
1999-11-29,0.9,TRADE,207750133.09017614
1999-11-30,0.9,HOLD,189981859.3733133
1999-12-01,0.9,HOLD,195131258.8746804
1999-12-02,0.9,HOLD,214447702.3223276
1999-12-03,0.9,HOLD,226295947.6748215
1999-12-06,0.9,HOLD,229835152.69305807
1999-12-07,0.9,HOLD,232480262.84514627
1999-12-08,0.9,HOLD,224250146.77985126
1999-12-09,0.9,HOLD,224811104.71656412
1999-12-10,0.9,HOLD,231618465.3314462
1999-12-13,0.9,HOLD,239243924.21440354
1999-12-14,0.9,HOLD,223957154.08127064
1999-12-15,0.9,HOLD,237687921.9594495
1999-12-16,0.9,HOLD,256284319.14297828
1999-12-17,0.9,HOLD,262065529.88153034
1999-12-20,1.0,TRADE,268443670.91728604
1999-12-21,0.9,TRADE,301210530.01617455
1999-12-22,0.9,HOLD,308854426.13901615
1999-12-23,0.9,HOLD,315281830.3398808
1999-12-27,0.9,HOLD,317111901.36463976
1999-12-28,0.9,HOLD,312527963.72314703
1999-12-29,0.9,HOLD,338346616.9188903
1999-12-30,0.9,HOLD,336683902.07310843
1999-12-31,0.9,HOLD,342557302.7526067
2000-01-03,0.9,HOLD,363314156.47962
2000-01-04,0.7000000000000001,TRADE,298717545.2341774
2000-01-05,0.0,TRADE,291740678.0971083
2000-01-06,0.7000000000000001,TRADE,291781958.911419
2000-01-07,0.7000000000000001,HOLD,326312727.2226807
2000-01-10,0.7000000000000001,HOLD,364338382.2556884
2000-01-11,0.6000000000000001,TRADE,325551653.64110774
2000-01-12,0.4,TRADE,314521075.54416037
2000-01-13,0.6000000000000001,TRADE,329014817.50047624
2000-01-14,0.6000000000000001,HOLD,344119985.8305546
2000-01-18,0.6000000000000001,HOLD,353210598.47614545
2000-01-19,0.6000000000000001,HOLD,358964074.75023586
2000-01-20,0.7000000000000001,TRADE,368005276.96140885
2000-01-21,0.7000000000000001,HOLD,369536860.220214
2000-01-24,0.4,TRADE,331280583.43490857
2000-01-25,0.0,TRADE,341896979.1218318
2000-01-26,0.6000000000000001,TRADE,341946690.5361713
2000-01-27,0.6000000000000001,HOLD,337084897.90430105
2000-01-28,0.4,TRADE,312414643.2159091
2000-01-31,0.6000000000000001,TRADE,325911912.6105175
2000-02-01,0.4,TRADE,347470314.4790649
2000-02-02,0.6000000000000001,TRADE,349986586.24488
2000-02-03,0.6000000000000001,HOLD,371334637.00657964
2000-02-04,0.6000000000000001,HOLD,375408729.61942136
2000-02-07,0.6000000000000001,HOLD,386091428.64301705
2000-02-08,0.6000000000000001,HOLD,410260883.3753337
2000-02-09,0.6000000000000001,HOLD,391322978.1969978
2000-02-10,0.6000000000000001,HOLD,414283053.2056875
2000-02-11,0.7000000000000001,TRADE,389803490.9611182
2000-02-14,0.7000000000000001,HOLD,393261938.07418895
2000-02-15,0.7000000000000001,HOLD,395392181.8083899
2000-02-16,0.7000000000000001,HOLD,395462828.4719628
2000-02-17,0.7000000000000001,HOLD,421946095.9662602
2000-02-18,0.7000000000000001,HOLD,386404077.177788
2000-02-22,0.7000000000000001,HOLD,387014362.7356779
2000-02-23,0.6000000000000001,TRADE,427872710.09827995
2000-02-24,0.6000000000000001,HOLD,443079421.25572366
2000-02-25,0.6000000000000001,HOLD,428671004.91736585
2000-02-28,0.6000000000000001,HOLD,425567219.81653297
2000-02-29,0.6000000000000001,HOLD,444662350.83236456
2000-03-01,0.6000000000000001,HOLD,452622151.1507325
2000-03-02,0.6000000000000001,HOLD,437852052.9808274
2000-03-03,0.6000000000000001,HOLD,477119172.26676583
2000-03-06,0.6000000000000001,HOLD,479982575.8344061
2000-03-07,0.6000000000000001,HOLD,466057094.8408364
2000-03-08,0.6000000000000001,HOLD,476958735.3041784
2000-03-09,0.6000000000000001,HOLD,505789574.5763017
2000-03-10,0.7000000000000001,TRADE,505825219.9792132
2000-03-13,0.6000000000000001,TRADE,468563642.3306922
2000-03-14,0.6000000000000001,HOLD,430365601.0857384
2000-03-15,0.4,TRADE,413539064.483842
2000-03-16,0.6000000000000001,TRADE,440317145.648774
2000-03-17,0.6000000000000001,HOLD,456057275.0992041
2000-03-20,0.6000000000000001,HOLD,422074039.71883917
2000-03-21,0.6000000000000001,HOLD,454531927.30952984
2000-03-22,0.6000000000000001,HOLD,482073479.8913446
2000-03-23,0.6000000000000001,HOLD,494661300.20747924
2000-03-24,0.6000000000000001,HOLD,500860404.0769042
2000-03-27,0.6000000000000001,HOLD,503481005.8492073
2000-03-28,0.6000000000000001,HOLD,478014831.2405242
2000-03-29,0.4,TRADE,444422209.10163236
2000-03-30,0.4,HOLD,424580670.30373406
2000-03-31,0.4,HOLD,440986077.4913125
2000-04-03,0.5,TRADE,402889619.7583734
2000-04-04,0.0,TRADE,396453711.21522915
2000-04-05,0.5,TRADE,396515468.1034749
2000-04-06,0.5,HOLD,404766348.05378973
2000-04-07,0.5,HOLD,435721633.8364647
2000-04-10,0.5,HOLD,387009827.5291983
2000-04-11,0.0,TRADE,374331464.65356284
2000-04-12,0.5,TRADE,374391421.5259278
2000-04-13,0.0,TRADE,361977195.3055459
2000-04-14,0.5,TRADE,362035173.38793355
2000-04-17,0.0,TRADE,416440055.72668195
2000-04-18,0.5,TRADE,416506757.1547651
2000-04-19,0.5,HOLD,394100286.850232
2000-04-20,0.5,HOLD,381924813.1179564
2000-04-24,0.5,HOLD,359408594.3739091
2000-04-25,0.5,HOLD,395546912.19096386
2000-04-26,0.5,HOLD,377523156.54643846
2000-04-27,0.5,HOLD,404487698.06159395
2000-04-28,0.5,HOLD,417236559.43233144
2000-05-01,0.5,HOLD,426613284.7271006
2000-05-02,0.5,HOLD,391944720.1746218
2000-05-03,0.0,TRADE,382008123.71953833
2000-05-04,0.5,TRADE,382071775.5984768
2000-05-05,0.5,HOLD,400869489.0756118
2000-05-08,0.5,HOLD,372384486.57958895
2000-05-09,0.5,HOLD,360426296.2902889
2000-05-10,0.5,HOLD,330893437.9907816
2000-05-11,0.0,TRADE,348513986.28862846
2000-05-12,0.5,TRADE,348572057.2362455
2000-05-15,0.5,HOLD,364804981.77842164
2000-05-16,0.5,HOLD,386652236.38424003
2000-05-17,0.5,HOLD,369723816.3874165
2000-05-18,0.5,HOLD,349149004.4753108
2000-05-19,0.5,HOLD,323727183.9314892
2000-05-22,0.0,TRADE,324282588.75710404
2000-05-23,0.5,TRADE,324336622.1535973
2000-05-24,0.0,TRADE,349511962.8079797
2000-05-25,0.5,TRADE,349570200.0341531
2000-05-26,0.5,HOLD,349858399.3268435
2000-05-30,0.5,HOLD,402799568.0289079
2000-05-31,0.5,HOLD,384677422.93269
2000-06-01,0.5,HOLD,421468802.11527586
2000-06-02,0.5,HOLD,471082177.61766243
2000-06-05,0.5,HOLD,464994282.7863568
2000-06-06,0.5,HOLD,445266707.9012881
2000-06-07,0.5,HOLD,465066147.30089074
2000-06-08,0.5,HOLD,458236276.41575956
2000-06-09,0.5,HOLD,470219116.0627667
2000-06-12,0.5,HOLD,441456918.78175306
2000-06-13,0.5,HOLD,469278089.17181253
2000-06-14,0.5,HOLD,448449107.11832654
2000-06-15,0.5,HOLD,464911667.8472601
2000-06-16,0.5,HOLD,472948388.2083237
2000-06-19,0.5,HOLD,507341991.19522655
2000-06-20,0.5,HOLD,507204724.39568263
2000-06-21,0.5,HOLD,516178547.4738832
2000-06-22,0.5,HOLD,473306145.3162708
2000-06-23,0.5,HOLD,445261994.1409447
2000-06-26,0.5,HOLD,464097284.532437
2000-06-27,0.5,HOLD,447331850.2280253
2000-06-28,0.5,HOLD,463068222.7139728
2000-06-29,0.5,HOLD,438876762.8447606
2000-06-30,0.5,HOLD,459832965.85995096
2000-07-03,0.5,HOLD,469027971.6129042
2000-07-05,0.5,HOLD,433095829.8032441
2000-07-06,0.5,HOLD,463341139.3913847
2000-07-07,0.5,HOLD,474054429.03647065
2000-07-10,0.5,HOLD,457888601.2228992
2000-07-11,0.5,HOLD,451547846.1143917
2000-07-12,0.5,HOLD,485951671.2509301
2000-07-13,0.5,HOLD,499023517.743411
2000-07-14,0.5,HOLD,519532564.92692906
2000-07-17,0.5,HOLD,524697927.75202346
2000-07-18,0.5,HOLD,498552838.2795684
2000-07-19,0.5,HOLD,469847457.6090329
2000-07-20,0.5,HOLD,504384331.57958174
2000-07-21,0.5,HOLD,482867335.55842
2000-07-24,0.5,HOLD,454995967.12742007
2000-07-25,0.5,HOLD,471329397.76856434
2000-07-26,0.5,HOLD,460404377.11818874
2000-07-27,0.5,HOLD,429798646.92367655
2000-07-28,0.5,HOLD,387543859.46231127
2000-07-31,0.0,TRADE,411523055.744962
2000-08-01,0.5,TRADE,411594486.92027384
2000-08-02,0.5,HOLD,406108547.61483663
2000-08-03,0.5,HOLD,428954041.2051528
2000-08-04,0.5,HOLD,427952967.0279596
2000-08-07,0.5,HOLD,444817880.70059705
2000-08-08,0.5,HOLD,440067949.8497642
2000-08-09,0.5,HOLD,441232050.8500514
2000-08-10,0.5,HOLD,422431823.56114876
2000-08-11,0.5,HOLD,431256470.5789722
2000-08-14,0.5,HOLD,445123093.4688577
2000-08-15,0.5,HOLD,445594168.0162308
2000-08-16,0.5,HOLD,445227690.15787256
2000-08-17,0.5,HOLD,466176269.50341225
2000-08-18,0.5,HOLD,461357008.0413093
2000-08-21,0.5,HOLD,465346965.75316083
2000-08-22,0.6000000000000001,TRADE,465279224.47115695
2000-08-23,0.8,TRADE,480245376.9292531
2000-08-24,0.8,HOLD,495598922.0967269
2000-08-25,0.8,HOLD,489810600.681651
2000-08-28,0.8,HOLD,496527807.02017564
2000-08-29,0.8,HOLD,495602135.07260054
2000-08-30,0.8,HOLD,500470898.3184552
2000-08-31,0.8,HOLD,533511650.22049725
2000-09-01,0.8,HOLD,540244007.8010292
2000-09-05,0.8,HOLD,503555059.52152634
2000-09-06,0.5,TRADE,457537055.61817884
2000-09-07,0.7000000000000001,TRADE,478133425.8027585
2000-09-08,0.6000000000000001,TRADE,442417058.71955264
2000-09-11,0.5,TRADE,420065953.12924874
2000-09-12,0.5,HOLD,413196926.32737255
2000-09-13,0.5,HOLD,425553299.6376784
2000-09-14,0.5,HOLD,424710766.5310167
2000-09-15,0.5,HOLD,414094311.4585599
2000-09-18,0.5,HOLD,398966827.8906837
2000-09-19,0.5,HOLD,425865045.98700696
2000-09-20,0.5,HOLD,431630147.3534297
2000-09-21,0.5,HOLD,418871243.806732
2000-09-22,0.5,HOLD,415924875.8161302
2000-09-25,0.5,HOLD,402737289.9486877
2000-09-26,0.5,HOLD,396367275.6763464
2000-09-27,0.6000000000000001,TRADE,394627285.7933998
2000-09-28,0.5,TRADE,424989894.51082385
2000-09-29,0.5,HOLD,398451226.74788797
2000-10-02,0.5,HOLD,380851169.00218284
2000-10-03,0.0,TRADE,365517183.0355541
2000-10-04,0.5,TRADE,365580440.5789484
2000-10-05,0.5,HOLD,360887961.16946346
2000-10-06,0.0,TRADE,343281111.1330088
2000-10-09,0.0,HOLD,343459104.8708728
2000-10-10,0.0,HOLD,343518456.6187836
2000-10-11,0.0,HOLD,343577818.6225349
2000-10-12,0.0,HOLD,343637190.8868093
2000-10-13,0.0,HOLD,343696573.4116068
2000-10-16,0.0,HOLD,343874782.5596081
2000-10-17,0.0,HOLD,343934206.1360993
2000-10-18,0.0,HOLD,343993639.9859906
2000-10-19,0.0,HOLD,344053084.1076432
2000-10-20,0.5,TRADE,344112538.50105727
2000-10-23,0.0,TRADE,338928294.9434806
2000-10-24,0.0,HOLD,338986863.74323136
2000-10-25,0.0,HOLD,339045442.6572475
2000-10-26,0.0,HOLD,339104031.70025253
2000-10-27,0.0,HOLD,339162630.8610791
2000-10-30,0.0,HOLD,339338489.1498763
2000-10-31,0.0,HOLD,339397128.8286196
2000-11-01,0.0,HOLD,339455778.64556277
2000-11-02,0.0,HOLD,339514438.591495
2000-11-03,0.0,HOLD,339573108.6775837
2000-11-06,0.0,HOLD,339749179.77893436
2000-11-07,0.0,HOLD,339807890.4287011
2000-11-08,0.0,HOLD,339866611.22674125
2000-11-09,0.0,HOLD,339925342.17610556
2000-11-10,0.0,HOLD,339984083.26562643
2000-11-13,0.0,HOLD,340160367.44759154
2000-11-14,0.0,HOLD,340219149.15401274
2000-11-15,0.0,HOLD,340277941.02248865
2000-11-16,0.0,HOLD,340336743.0422887
2000-11-17,0.0,HOLD,340395555.23574805
2000-11-20,0.0,HOLD,340572052.76639205
2000-11-21,0.0,HOLD,340630905.61509997
2000-11-22,0.0,HOLD,340689768.6321841
2000-11-24,0.0,HOLD,340807525.1873039
2000-11-27,0.0,HOLD,340984236.3372927
2000-11-28,0.0,HOLD,341043160.4139213
2000-11-29,0.0,HOLD,341102094.66895556
2000-11-30,0.0,HOLD,341161039.1088166
2000-12-01,0.0,HOLD,341219993.7335046
2000-12-04,0.0,HOLD,341396918.7657156
2000-12-05,0.0,HOLD,341454947.5103505
2000-12-06,0.0,HOLD,341512986.10841894
2000-12-07,0.0,HOLD,341571034.57867813
2000-12-08,0.0,HOLD,341629092.9211281
2000-12-11,0.0,HOLD,341803327.14355046
2000-12-12,0.0,HOLD,341861424.96803236
2000-12-13,0.0,HOLD,341919532.6602662
2000-12-14,0.0,HOLD,341977650.23585844
2000-12-15,0.0,HOLD,342035777.68364143
2000-12-18,0.0,HOLD,342210219.3578359
2000-12-19,0.0,HOLD,342268386.3403562
2000-12-20,0.0,HOLD,342326563.2049345
2000-12-21,0.0,HOLD,342384749.9640388
2000-12-22,0.0,HOLD,342442946.6176691
2000-12-26,0.0,HOLD,342675832.1340806
2000-12-27,0.0,HOLD,342734078.25928706
2000-12-28,0.0,HOLD,342792334.29123914
2000-12-29,0.0,HOLD,342850600.21771723
2001-01-02,0.0,HOLD,343083762.98554343
2001-01-03,0.0,HOLD,343142078.4487359
2001-01-04,0.0,HOLD,343196684.8858928
2001-01-05,0.0,HOLD,343251300.0114711
2001-01-08,0.0,HOLD,343415197.5662959
2001-01-09,0.0,HOLD,343469847.4669804
2001-01-10,0.0,HOLD,343524506.0681699
2001-01-11,0.0,HOLD,343579173.35778064
2001-01-12,0.0,HOLD,343633849.3581478
2001-01-16,0.0,HOLD,343852640.37751365
2001-01-17,0.0,HOLD,343907359.8931657
2001-01-18,0.0,HOLD,343962088.1134024
2001-01-19,0.0,HOLD,344016825.0443956
2001-01-22,0.0,HOLD,344181088.1071246
2001-01-23,0.0,HOLD,344235859.8884519
2001-01-24,0.0,HOLD,344290640.39556324
2001-01-25,0.0,HOLD,344345429.613431
2001-01-26,0.0,HOLD,344400227.5420553
2001-01-29,0.0,HOLD,344564673.69381994
2001-01-30,0.0,HOLD,344619506.5197179
2001-01-31,0.0,HOLD,344674348.0691322
2001-02-01,0.0,HOLD,344729198.3404708
2001-02-02,0.0,HOLD,344784057.35606885
2001-02-05,0.0,HOLD,344935548.0352344
2001-02-06,0.0,HOLD,344986059.72685176
2001-02-07,0.0,HOLD,345036578.80902994
2001-02-08,0.0,HOLD,345087105.2953511
2001-02-09,0.0,HOLD,345137639.1746477
2001-02-12,0.0,HOLD,345289285.2295517
2001-02-13,0.0,HOLD,345339848.7205283
2001-02-14,0.0,HOLD,345390419.62053984
2001-02-15,0.0,HOLD,345440997.91352683
2001-02-16,0.0,HOLD,345491583.62182444
2001-02-20,0.0,HOLD,345694000.5284662
2001-02-21,0.0,HOLD,345744623.2849484
2001-02-22,0.0,HOLD,345795253.4516061
2001-02-23,0.0,HOLD,345845891.0335744
2001-02-26,0.0,HOLD,345997848.309074
2001-02-27,0.0,HOLD,346048515.5588649
2001-02-28,0.0,HOLD,346099190.2285575
2001-03-01,0.0,HOLD,346149872.3135608
2001-03-02,0.0,HOLD,346200561.83620995
2001-03-05,0.0,HOLD,346347813.3221645
2001-03-06,0.0,HOLD,346396911.0781738
2001-03-07,0.0,HOLD,346446015.80151564
2001-03-08,0.0,HOLD,346495127.47112745
2001-03-09,0.0,HOLD,346544246.1205122
2001-03-12,0.0,HOLD,346691643.8003767
2001-03-13,0.0,HOLD,346740790.2988584
2001-03-14,0.0,HOLD,346789943.757764
2001-03-15,0.0,HOLD,346839104.1852747
2001-03-16,0.0,HOLD,346888271.5925583
2001-03-19,0.0,HOLD,347035815.6003642
2001-03-20,0.0,HOLD,347085010.8897178
2001-03-21,0.0,HOLD,347134213.14002496
2001-03-22,0.0,HOLD,347183422.38127255
2001-03-23,0.0,HOLD,347232638.5911255
2001-03-26,0.0,HOLD,347380329.0944132
2001-03-27,0.0,HOLD,347429573.21559536
2001-03-28,0.0,HOLD,347478824.3243138
2001-03-29,0.0,HOLD,347528082.41280514
2001-03-30,0.0,HOLD,347577347.48106927
2001-04-02,0.0,HOLD,347725184.58036727
2001-04-03,0.0,HOLD,347774477.5929453
2001-04-04,0.0,HOLD,347819151.4559682
2001-04-05,0.0,HOLD,347863831.07032394
2001-04-06,0.0,HOLD,347908516.4136773
2001-04-09,0.0,HOLD,348042606.88754046
2001-04-10,0.0,HOLD,348087315.1971978
2001-04-11,0.0,HOLD,348132029.2525444
2001-04-12,0.0,HOLD,348176749.04805624
2001-04-16,0.0,HOLD,348355685.7100947
2001-04-17,0.0,HOLD,348400434.23903024
2001-04-18,0.0,HOLD,348445188.5090374
2001-04-19,0.0,HOLD,348489948.5303774
2001-04-20,0.0,HOLD,348534714.3142179
2001-04-23,0.0,HOLD,348669046.1405434
2001-04-24,0.0,HOLD,348713834.9196361
2001-04-25,0.0,HOLD,348758629.4601408
2001-04-26,0.0,HOLD,348803429.7408108
2001-04-27,0.0,HOLD,348848235.7951489
2001-04-30,0.0,HOLD,348982688.4484857
2001-05-01,0.0,HOLD,349027517.51813984
2001-05-02,0.0,HOLD,349072352.3514763
2001-05-03,0.0,HOLD,349111792.97066694
2001-05-04,0.0,HOLD,349151238.04574454
2001-05-07,0.0,HOLD,349269600.01098764
2001-05-08,0.0,HOLD,349309062.91929257
2001-05-09,0.0,HOLD,349348530.2849719
2001-05-10,0.0,HOLD,349388002.1177057
2001-05-11,0.0,HOLD,349427478.39515895
2001-05-14,0.0,HOLD,349545934.0451237
2001-05-15,0.0,HOLD,349585428.1742246
2001-05-16,0.0,HOLD,349624926.76461804
2001-05-17,0.0,HOLD,349664429.8220661
2001-05-18,0.0,HOLD,349703937.3354012
2001-05-21,0.0,HOLD,349822486.6700889
2001-05-22,0.0,HOLD,349862012.0497666
2001-05-23,0.0,HOLD,349901541.88720614
2001-05-24,0.0,HOLD,349941076.19170016
2001-05-25,0.0,HOLD,349980614.97441655
2001-05-29,0.0,HOLD,350138814.73806655
2001-05-30,0.0,HOLD,350178375.85625345
2001-05-31,0.0,HOLD,350217941.4412958
2001-06-01,0.0,HOLD,350257511.5045604
2001-06-04,0.0,HOLD,350376248.51024073
2001-06-05,0.0,HOLD,350413622.88824666
2001-06-06,0.0,HOLD,350451001.2613604
2001-06-07,0.0,HOLD,350488383.6213708
2001-06-08,0.0,HOLD,350525769.95711005
2001-06-11,0.0,HOLD,350637952.9241472
2001-06-12,0.0,HOLD,350675355.2208534
2001-06-13,0.0,HOLD,350712761.51341206
2001-06-14,0.0,HOLD,350750171.7816996
2001-06-15,0.0,HOLD,350787586.0480515
2001-06-18,0.0,HOLD,350899852.8158658
2001-06-19,0.0,HOLD,350937283.0498875
2001-06-20,0.0,HOLD,350974717.2730593
2001-06-21,0.0,HOLD,351012155.49429554
2001-06-22,0.0,HOLD,351049597.70242834
2001-06-25,0.0,HOLD,351161948.33803546
2001-06-26,0.0,HOLD,351199406.52798855
2001-06-27,0.0,HOLD,351236868.71527815
2001-06-28,0.0,HOLD,351274334.90063214
2001-06-29,0.0,HOLD,351311805.0728828
2001-07-02,0.0,HOLD,351424239.60979074
2001-07-03,0.0,HOLD,351461725.77801216
2001-07-05,0.0,HOLD,351533001.21014655
2001-07-06,0.0,HOLD,351568644.3483529
2001-07-09,0.0,HOLD,351675595.4518263
2001-07-10,0.0,HOLD,351711253.0456916
2001-07-11,0.0,HOLD,351746914.2613199
2001-07-12,0.0,HOLD,351782579.08414036
2001-07-13,0.0,HOLD,351818247.5253208
2001-07-16,0.0,HOLD,351925274.5550466
2001-07-17,0.0,HOLD,351960957.46510816
2001-07-18,0.0,HOLD,351996643.9980887
2001-07-19,0.0,HOLD,352032334.1382614
2001-07-20,0.0,HOLD,352068027.9079618
2001-07-23,0.0,HOLD,352175130.8974427
2001-07-24,0.0,HOLD,352210839.14231336
2001-07-25,0.0,HOLD,352246551.0149797
2001-07-26,0.0,HOLD,352282266.4948382
2001-07-27,0.0,HOLD,352317985.6042244
2001-07-30,0.0,HOLD,352425164.65397954
2001-07-31,0.0,HOLD,352460898.2485527
2001-08-01,0.0,HOLD,352496635.47207433
2001-08-02,0.0,HOLD,352532376.31395596
2001-08-03,0.0,HOLD,352567003.12534565
2001-08-06,0.0,HOLD,352670903.94931525
2001-08-07,0.0,HOLD,352705544.35892725
2001-08-08,0.0,HOLD,352740188.17884266
2001-08-09,0.0,HOLD,352774835.3937626
2001-08-10,0.0,HOLD,352809486.01485467
2001-08-13,0.0,HOLD,352913458.3084556
2001-08-14,0.0,HOLD,352948122.5450008
2001-08-15,0.0,HOLD,352982790.18578666
2001-08-16,0.0,HOLD,353017461.2327447
2001-08-17,0.0,HOLD,353052135.6858748
2001-08-20,0.0,HOLD,353156179.44910246
2001-08-21,0.0,HOLD,353190867.5274699
2001-08-22,0.0,HOLD,353225559.0114589
2001-08-23,0.0,HOLD,353260253.90162003
2001-08-24,0.0,HOLD,353294952.20912117
2001-08-27,0.0,HOLD,353399067.5424923
2001-08-28,0.0,HOLD,353433779.4775745
2001-08-29,0.0,HOLD,353468494.81593543
2001-08-30,0.0,HOLD,353503213.57163626
2001-08-31,0.0,HOLD,353537935.744677
2001-09-04,0.0,HOLD,353676858.4833016
2001-09-05,0.0,HOLD,353711597.70376945
2001-09-06,0.0,HOLD,353740901.9188229
2001-09-07,0.0,HOLD,353770208.56845194
2001-09-10,0.0,HOLD,353858143.0723375
2001-09-17,0.0,HOLD,354063408.57483447
2001-09-18,0.0,HOLD,354092741.9390152
2001-09-19,0.0,HOLD,354122077.72537524
2001-09-20,0.0,HOLD,354151415.9574786
2001-09-21,0.0,HOLD,354180756.60182184
2001-09-24,0.0,HOLD,354268793.16531295
2001-09-25,0.0,HOLD,354298143.5447284
2001-09-26,0.0,HOLD,354327496.3507823
2001-09-27,0.0,HOLD,354356851.60257936
2001-09-28,0.0,HOLD,354386209.2666166
2001-10-01,0.0,HOLD,354474296.89341897
2001-10-02,0.0,HOLD,354503664.297661
2001-10-03,0.0,HOLD,354527552.8664595
2001-10-04,0.0,HOLD,354551443.0545857
2001-10-05,0.0,HOLD,354575334.83970416
2001-10-08,0.0,HOLD,354647019.88339233
2001-10-09,0.0,HOLD,354670918.11069715
2001-10-10,0.0,HOLD,354694817.95895207
2001-10-11,0.0,HOLD,354718719.4041993
2001-10-12,0.0,HOLD,354742622.4687742
2001-10-15,0.0,HOLD,354814341.3196057
2001-10-16,0.0,HOLD,354838250.8234035
2001-10-17,0.0,HOLD,354862161.9399463
2001-10-18,0.0,HOLD,354886074.66464907
2001-10-19,0.0,HOLD,354909989.0086797
2001-10-22,0.0,HOLD,354981741.7001588
2001-10-23,0.0,HOLD,355005662.4841724
2001-10-24,0.0,HOLD,355029584.88017106
2001-10-25,0.0,HOLD,355053508.89549756
2001-10-26,0.0,HOLD,355077434.5189841
2001-10-29,0.0,HOLD,355149221.05111
2001-10-30,0.0,HOLD,355173153.1227847
2001-10-31,0.0,HOLD,355197086.8094063
2001-11-01,0.0,HOLD,355221022.1041879
2001-11-02,0.0,HOLD,355244959.00712943
2001-11-05,0.0,HOLD,355305359.4578741
2001-11-06,0.0,HOLD,355325495.2234911
2001-11-07,0.0,HOLD,355345632.1337377
2001-11-08,0.0,HOLD,355365770.1830976
2001-11-09,0.0,HOLD,355385909.3715707
2001-11-12,0.0,HOLD,355446333.7785555
2001-11-13,0.0,HOLD,355466477.5333085
2001-11-14,0.0,HOLD,355486622.4285158
2001-11-15,0.0,HOLD,355506768.4628364
2001-11-16,0.0,HOLD,355526915.64743805
2001-11-19,0.0,HOLD,355587364.04416865
2001-11-20,0.0,HOLD,355607515.791781
2001-11-21,0.0,HOLD,355627668.6719495
2001-11-23,0.0,HOLD,355667977.8750121
2001-11-26,0.0,HOLD,355728450.2494088
2001-11-27,0.0,HOLD,355748609.99360293
2001-11-28,0.0,HOLD,355768770.8810678
2001-11-29,0.0,HOLD,355788932.907646
2001-11-30,0.0,HOLD,355809096.07333744
2001-12-03,0.0,HOLD,355869592.44955987
2001-12-04,0.0,HOLD,355889760.1903362
2001-12-05,0.0,HOLD,355907346.8045427
2001-12-06,0.0,HOLD,355924934.30100363
2001-12-07,0.0,HOLD,355942522.6462157
2001-12-10,0.0,HOLD,355995292.93622166
2001-12-11,0.0,HOLD,356012884.76767576
2001-12-12,0.0,HOLD,356030477.47948915
2001-12-13,0.0,HOLD,356048071.0400537
2001-12-14,0.0,HOLD,356065665.4828727
2001-12-17,0.0,HOLD,356118454.03309876
2001-12-18,0.0,HOLD,356136051.9512929
2001-12-19,0.0,HOLD,356153650.7383778
2001-12-20,0.0,HOLD,356171250.3965494
2001-12-21,0.0,HOLD,356188850.92580765
2001-12-24,0.0,HOLD,356241657.7362535
2001-12-26,0.0,HOLD,356276866.6160396
2001-12-27,0.0,HOLD,356294472.3600876
2001-12-28,0.0,HOLD,356312078.98695296
2001-12-31,0.0,HOLD,356364904.024112
2002-01-02,0.0,HOLD,356400125.0925675
2002-01-03,0.0,HOLD,356417736.9287876
2002-01-04,0.0,HOLD,356434486.08251584
2002-01-07,0.0,HOLD,356484738.2838682
2002-01-08,0.0,HOLD,356501490.5886356
2002-01-09,0.0,HOLD,356518243.67342204
2002-01-10,0.0,HOLD,356534997.5511206
2002-01-11,0.0,HOLD,356551752.22173136
2002-01-14,0.0,HOLD,356602020.9410034
2002-01-15,0.0,HOLD,356618778.75546664
2002-01-16,0.0,HOLD,356635537.3571351
2002-01-17,0.0,HOLD,356652296.75171584
2002-01-18,0.0,HOLD,356669056.928041
2002-01-22,0.0,HOLD,356736105.4863564
2002-01-23,0.0,HOLD,356752869.60272443
2002-01-24,0.0,HOLD,356769634.51418626
2002-01-25,0.0,HOLD,356786400.2073925
2002-01-28,0.0,HOLD,356836701.9960042
2002-01-29,0.0,HOLD,356853470.841026
2002-01-30,0.0,HOLD,356870240.4652895
2002-01-31,0.0,HOLD,356887010.8936329
2002-02-01,0.0,HOLD,356903782.09255296
2002-02-04,0.0,HOLD,356954100.4660938
2002-02-05,0.0,HOLD,356970970.95673907
2002-02-06,0.0,HOLD,356987842.25453204
2002-02-07,0.0,HOLD,357004714.334069
2002-02-08,0.0,HOLD,357021587.2288533
2002-02-11,0.0,HOLD,357072210.65094435
2002-02-12,0.0,HOLD,357089086.7257389
2002-02-13,0.0,HOLD,357105963.5962493
2002-02-14,0.0,HOLD,357122841.27083933
2002-02-15,0.0,HOLD,357139719.73834115
2002-02-19,0.0,HOLD,357207241.5666668
2002-02-20,0.0,HOLD,357224124.0256655
2002-02-21,0.0,HOLD,357241007.2729726
2002-02-22,0.0,HOLD,357257891.3243591
2002-02-25,0.0,HOLD,357308548.28485036
2002-02-26,0.0,HOLD,357325435.5316664
2002-02-27,0.0,HOLD,357342323.5699477
2002-02-28,0.0,HOLD,357359212.4123085
2002-03-01,0.0,HOLD,357376102.04758114
2002-03-04,0.0,HOLD,357426775.7605219
2002-03-05,0.0,HOLD,357443572.3327156
2002-03-06,0.0,HOLD,357460369.69773847
2002-03-07,0.0,HOLD,357477167.8445058
2002-03-08,0.0,HOLD,357493966.7953532
2002-03-11,0.0,HOLD,357544368.32807124
2002-03-12,0.0,HOLD,357561170.4285738
2002-03-13,0.0,HOLD,357577973.3216457
2002-03-14,0.0,HOLD,357594776.9964619
2002-03-15,0.0,HOLD,357611581.4641905
2002-03-18,0.0,HOLD,357661999.6153413
2002-03-19,0.0,HOLD,357678807.2404311
2002-03-20,0.0,HOLD,357695615.6615533
2002-03-21,0.0,HOLD,357712424.86442
2002-03-22,0.0,HOLD,357729234.860199
2002-03-25,0.0,HOLD,357779669.59628034
2002-03-26,0.0,HOLD,357796482.7534028
2002-03-27,0.0,HOLD,357813296.69140744
2002-03-28,0.0,HOLD,357830111.433492
2002-04-01,0.0,HOLD,357897378.2702315
2002-04-02,0.0,HOLD,357914196.9589979
2002-04-03,0.0,HOLD,357931209.2143975
2002-04-04,0.0,HOLD,357948222.273877
2002-04-05,0.0,HOLD,357965236.1374365
2002-04-08,0.0,HOLD,358016282.6001041
2002-04-09,0.0,HOLD,358033299.7033164
2002-04-10,0.0,HOLD,358050317.6096117
2002-04-11,0.0,HOLD,358067336.3311547
2002-04-12,0.0,HOLD,358084355.8679455
2002-04-15,0.0,HOLD,358135419.28410435
2002-04-16,0.0,HOLD,358152442.0496482
2002-04-17,0.0,HOLD,358169465.6291737
2002-04-18,0.0,HOLD,358186490.01277906
2002-04-19,0.0,HOLD,358203515.2116323
2002-04-22,0.0,HOLD,358254595.648292
2002-04-23,0.0,HOLD,358271624.0761684
2002-04-24,0.0,HOLD,358288653.3177574
2002-04-25,0.0,HOLD,358305683.3634264
2002-04-26,0.0,HOLD,358322714.2243431
2002-04-29,0.0,HOLD,358373811.64800054
2002-04-30,0.0,HOLD,358390845.7456547
2002-05-01,0.0,HOLD,358407880.66047436
2002-05-02,0.0,HOLD,358424916.3682062
2002-05-03,0.0,HOLD,358441952.90235364
2002-05-06,0.0,HOLD,358493067.3130062
2002-05-07,0.0,HOLD,358510107.0804373
2002-05-08,0.0,HOLD,358527147.6573192
2002-05-09,0.0,HOLD,358544189.03828114
2002-05-10,0.0,HOLD,358561231.2344908
2002-05-13,0.0,HOLD,358612362.6991496
2002-05-14,0.0,HOLD,358629408.1326364
2002-05-15,0.0,HOLD,358646454.3827502
2002-05-16,0.0,HOLD,358663501.43694395
2002-05-17,0.0,HOLD,358680549.3063854
2002-05-20,0.0,HOLD,358731697.7580424
2002-05-21,0.0,HOLD,358748748.8650298
2002-05-22,0.0,HOLD,358765800.78837436
2002-05-23,0.0,HOLD,358782853.51579887
2002-05-24,0.0,HOLD,358799907.0584712
2002-05-28,0.0,HOLD,358868129.30936044
2002-05-29,0.0,HOLD,358885186.90192276
2002-05-30,0.0,HOLD,358902245.3025779
2002-05-31,0.0,HOLD,358919304.5184808
2002-06-03,0.0,HOLD,358970487.01113975
2002-06-04,0.0,HOLD,358987549.47257304
2002-06-05,0.0,HOLD,359004612.7312107
2002-06-06,0.0,HOLD,359021676.81626385
2002-06-07,0.0,HOLD,359038741.70539695
2002-06-10,0.0,HOLD,359089941.2520616
2002-06-11,0.0,HOLD,359107009.3869957
2002-06-12,0.0,HOLD,359124078.3412001
2002-06-13,0.0,HOLD,359141148.0994846
2002-06-14,0.0,HOLD,359158218.661849
2002-06-17,0.0,HOLD,359209435.2625225
2002-06-18,0.0,HOLD,359226509.0784036
2002-06-19,0.0,HOLD,359243583.7058399
2002-06-20,0.0,HOLD,359260659.13735616
2002-06-21,0.0,HOLD,359277735.3841201
2002-06-24,0.0,HOLD,359328969.0052965
2002-06-25,0.0,HOLD,359346048.50584644
2002-06-26,0.0,HOLD,359363128.8065134
2002-06-27,0.0,HOLD,359380209.93359596
2002-06-28,0.0,HOLD,359397291.86475855
2002-07-01,0.0,HOLD,359448542.5399413
2002-07-02,0.0,HOLD,359465627.7214374
2002-07-03,0.0,HOLD,359482520.10191
2002-07-05,0.0,HOLD,359516307.2425411
2002-07-08,0.0,HOLD,359566993.9369999
2002-07-09,0.0,HOLD,359583891.08347744
2002-07-10,0.0,HOLD,359600789.0255034
2002-07-11,0.0,HOLD,359617687.7604416
2002-07-12,0.0,HOLD,359634587.2994598
2002-07-15,0.0,HOLD,359685290.6443769
2002-07-16,0.0,HOLD,359702193.3526687
2002-07-17,0.0,HOLD,359719096.8450797
2002-07-18,0.0,HOLD,359736001.14157075
2002-07-19,0.0,HOLD,359752906.2421417
2002-07-22,0.0,HOLD,359803626.27250195
2002-07-23,0.0,HOLD,359820534.5388854
2002-07-24,0.0,HOLD,359837443.60401744
2002-07-25,0.0,HOLD,359854353.4620617
2002-07-26,0.0,HOLD,359871264.1130181
2002-07-29,0.0,HOLD,359922000.8288216
2002-07-30,0.0,HOLD,359938914.6607422
2002-07-31,0.0,HOLD,359955829.28742707
2002-08-01,0.0,HOLD,359972744.70702416
2002-08-02,0.0,HOLD,359989660.9307013
2002-08-05,0.0,HOLD,360040705.20179486
2002-08-06,0.0,HOLD,360057721.57448184
2002-08-07,0.0,HOLD,360074738.7548682
2002-08-08,0.0,HOLD,360091756.7393346
2002-08-09,0.0,HOLD,360108775.5278809
2002-08-12,0.0,HOLD,360159836.6854501
2002-08-13,0.0,HOLD,360176858.6906849
2002-08-14,0.0,HOLD,360193881.4996303
2002-08-15,0.0,HOLD,360210905.1126556
2002-08-16,0.0,HOLD,360227929.5297609
2002-08-19,0.0,HOLD,360279007.607311
2002-08-20,0.0,HOLD,360296035.2413718
2002-08-21,0.0,HOLD,360313063.69004494
2002-08-22,0.0,HOLD,360330092.9316303
2002-08-23,0.0,HOLD,360347122.97729564
2002-08-26,0.0,HOLD,360398217.9748298
2002-08-27,0.0,HOLD,360415251.2451626
2002-08-28,0.0,HOLD,360432285.32239616
2002-08-29,0.0,HOLD,360449320.192542
2002-08-30,0.0,HOLD,360466355.8779355
2002-09-03,0.0,HOLD,360534506.7117675
2002-09-04,0.0,HOLD,360551546.4221447
2002-09-05,0.0,HOLD,360568684.0246787
2002-09-06,0.0,HOLD,360585822.45362824
2002-09-09,0.0,HOLD,360637242.5967229
2002-09-10,0.0,HOLD,360654384.2786909
2002-09-11,0.0,HOLD,360671526.77271104
2002-09-12,0.0,HOLD,360688670.081979
2002-09-13,0.0,HOLD,360705814.2176624
2002-09-16,0.0,HOLD,360757251.4817727
2002-09-17,0.0,HOLD,360774398.8670234
2002-09-18,0.0,HOLD,360791547.0677779
2002-09-19,0.0,HOLD,360808696.0837801
2002-09-20,0.0,HOLD,360825845.91503006
2002-09-23,0.0,HOLD,360877300.3001576
2002-09-24,0.0,HOLD,360894453.392414
2002-09-25,0.0,HOLD,360911607.29990286
2002-09-26,0.0,HOLD,360928762.0226394
2002-09-27,0.0,HOLD,360945917.56062376
2002-09-30,0.0,HOLD,360997389.0667681
2002-10-01,0.0,HOLD,361014547.8660301
2002-10-02,0.0,HOLD,361031707.4802534
2002-10-03,0.0,HOLD,361048867.9097244
2002-10-04,0.0,HOLD,361066029.1544432
2002-10-07,0.0,HOLD,361117517.8151108
2002-10-08,0.0,HOLD,361134682.32510203
2002-10-09,0.0,HOLD,361151847.6460605
2002-10-10,0.0,HOLD,361169013.78226674
2002-10-11,0.0,HOLD,361186180.7448885
2002-10-14,0.0,HOLD,361237686.5265746
2002-10-15,0.0,HOLD,361254856.74729466
2002-10-16,0.0,HOLD,361272027.78615576
2002-10-17,0.0,HOLD,361289199.64026463
2002-10-18,0.0,HOLD,361306372.30962133
2002-10-21,0.0,HOLD,361357895.21232516
2002-10-22,0.0,HOLD,361375071.14749634
2002-10-23,0.0,HOLD,361392247.90425944
2002-10-24,0.0,HOLD,361409425.4651026
2002-10-25,0.0,HOLD,361426603.85236126
2002-10-28,0.0,HOLD,361478143.9095871
2002-10-29,0.0,HOLD,361495325.5592096
2002-10-30,0.0,HOLD,361512508.0338751
2002-10-31,0.0,HOLD,361529691.3126206
2002-11-01,0.0,HOLD,361546875.4177817
2002-11-04,0.0,HOLD,361598432.62953
2002-11-05,0.0,HOLD,361611619.83380765
2002-11-06,0.0,HOLD,361624807.517632
2002-11-07,0.0,HOLD,361637995.68168145
2002-11-08,0.0,HOLD,361651184.3259559
2002-11-11,0.0,HOLD,361690753.1759684
2002-11-12,0.0,HOLD,361703943.74566746
2002-11-13,0.0,HOLD,361717134.802236
2002-11-14,0.0,HOLD,361730326.32786155
2002-11-15,0.0,HOLD,361743518.3448801
2002-11-18,0.0,HOLD,361783097.2799883
2002-11-19,0.0,HOLD,361796291.2188311
2002-11-20,0.0,HOLD,361809485.63697517
2002-11-21,0.0,HOLD,361822680.53534436
2002-11-22,0.0,HOLD,361835875.9251065
2002-11-25,0.0,HOLD,361875464.9453084
2002-11-26,0.0,HOLD,361888662.2532946
2002-11-27,0.0,HOLD,361901860.04418164
2002-11-29,0.0,HOLD,361928257.0677364
2002-12-02,0.0,HOLD,361967856.2082213
2002-12-03,0.0,HOLD,361981056.88535106
2002-12-04,0.0,HOLD,361993278.9035816
2002-12-05,0.0,HOLD,362005501.34619707
2002-12-06,0.0,HOLD,362017724.2020295
2002-12-09,0.0,HOLD,362054395.2138147
2002-12-10,0.0,HOLD,362066619.7145849
2002-12-11,0.0,HOLD,362078844.63650155
2002-12-12,0.0,HOLD,362091069.9604671
2002-12-13,0.0,HOLD,362103295.6976496
2002-12-16,0.0,HOLD,362139975.3872824
2002-12-17,0.0,HOLD,362152202.78066844
2002-12-18,0.0,HOLD,362164430.58393514
2002-12-19,0.0,HOLD,362176658.80041873
2002-12-20,0.0,HOLD,362188887.4301193
2002-12-23,0.0,HOLD,362225575.7975994
2002-12-24,0.0,HOLD,362237806.0798786
2002-12-26,0.0,HOLD,362262267.86207265
2002-12-27,0.0,HOLD,362274499.38416994
2002-12-30,0.0,HOLD,362311196.4294976
2002-12-31,0.0,HOLD,362323429.60066986
2003-01-02,0.0,HOLD,362347897.19033474
2003-01-03,0.0,HOLD,362360131.59941554
2003-01-06,0.1,TRADE,362396837.32259256
2003-01-07,0.1,HOLD,363461243.9005282
2003-01-08,0.0,TRADE,360399857.2253927
2003-01-09,0.0,HOLD,360412025.86771536
2003-01-10,0.0,HOLD,360424194.91537106
2003-01-13,0.1,TRADE,360460704.5306646
2003-01-14,0.1,HOLD,361658473.6445426
2003-01-15,0.30000000000000004,TRADE,359488999.1813382
2003-01-16,0.30000000000000004,HOLD,355803533.93771255
2003-01-17,0.0,TRADE,342904394.23386556
2003-01-21,0.1,TRADE,342950708.2280437
2003-01-22,0.1,HOLD,342715345.68453133
2003-01-23,0.0,TRADE,345380235.5425965
2003-01-24,0.0,HOLD,345391897.0520384
2003-01-27,0.0,HOLD,345426883.9184376
2003-01-28,0.0,HOLD,345438547.0039607
2003-01-29,0.0,HOLD,345450210.4849659
2003-01-30,0.0,HOLD,345461874.35687816
2003-01-31,0.0,HOLD,345473538.6308661
2003-02-03,0.0,HOLD,345508533.8071113
2003-02-04,0.0,HOLD,345520199.6476915
2003-02-05,0.0,HOLD,345532052.8749552
2003-02-06,0.0,HOLD,345543906.51546335
2003-02-07,0.0,HOLD,345555760.5580473
2003-02-10,0.0,HOLD,345591325.14556515
2003-02-11,0.0,HOLD,345603180.8159642
2003-02-12,0.0,HOLD,345615036.90243375
2003-02-13,0.0,HOLD,345626893.3798103
2003-02-14,0.1,TRADE,345638750.2816
2003-02-18,0.30000000000000004,TRADE,349148775.7770223
2003-02-19,0.0,TRADE,346443047.8177339
2003-02-20,0.0,HOLD,346454932.718106
2003-02-21,0.0,HOLD,346466818.01345235
2003-02-24,0.0,HOLD,346502476.3624333
2003-02-25,0.0,HOLD,346514363.29034984
2003-02-26,0.0,HOLD,346526250.6295149
2003-02-27,0.30000000000000004,TRADE,346538138.37074256
2003-02-28,0.30000000000000004,HOLD,351235648.6209396
2003-03-03,0.30000000000000004,HOLD,345185984.8399271
2003-03-04,0.30000000000000004,HOLD,342689854.7145761
2003-03-05,0.30000000000000004,HOLD,344882847.7712819
2003-03-06,0.30000000000000004,HOLD,342919514.896088
2003-03-07,0.30000000000000004,HOLD,343780352.6854884
2003-03-10,0.0,TRADE,336877918.14234996
2003-03-11,0.0,HOLD,336889383.7330753
2003-03-12,0.0,HOLD,336900849.72923017
2003-03-13,0.0,HOLD,336912316.1051306
2003-03-14,0.2,TRADE,336923782.88311476
2003-03-17,0.0,TRADE,346041145.72341573
2003-03-18,0.0,HOLD,346052923.20023006
2003-03-19,0.0,HOLD,346064701.074879
2003-03-20,0.0,HOLD,346076479.3404086
2003-03-21,0.0,HOLD,346088258.01915514
2003-03-24,0.0,HOLD,346123596.430748
2003-03-25,0.0,HOLD,346135376.70539474
2003-03-26,0.0,HOLD,346147157.38321716
2003-03-27,0.0,HOLD,346158938.4630883
2003-03-28,0.0,HOLD,346170719.93384016
2003-03-31,0.0,HOLD,346206066.7887459
2003-04-01,0.0,HOLD,346217849.8703848
2003-04-02,0.0,HOLD,346229633.3513812
2003-04-03,0.0,HOLD,346241510.9229667
2003-04-04,0.0,HOLD,346253388.896601
2003-04-07,0.0,HOLD,346289025.2796493
2003-04-08,0.2,TRADE,346300904.8855604
2003-04-09,0.0,TRADE,341769278.27746063
2003-04-10,0.2,TRADE,341781002.83135074
2003-04-11,0.4,TRADE,340387367.7010809
2003-04-14,0.4,HOLD,349233244.9675405
2003-04-15,0.4,HOLD,351164469.06707203
2003-04-16,0.4,HOLD,351901351.76167434
2003-04-17,0.4,HOLD,363918127.9786135
2003-04-21,0.4,HOLD,362818171.00343275
2003-04-22,0.8,TRADE,372180855.8829137
2003-04-23,1.0,TRADE,380656775.97135144
2003-04-24,1.0,HOLD,375682782.7419026
2003-04-25,0.6000000000000001,TRADE,350227640.9206055
2003-04-28,0.8,TRADE,364110722.55498654
2003-04-29,1.0,TRADE,371760687.3387871
2003-04-30,1.0,HOLD,360972671.975004
2003-05-01,1.0,HOLD,367928102.9332325
2003-05-02,1.0,HOLD,390923609.3665595
2003-05-05,1.0,HOLD,390639714.22540736
2003-05-06,1.0,HOLD,407673422.69453853
2003-05-07,1.0,HOLD,389646081.23137474
2003-05-08,1.0,HOLD,371902634.90936315
2003-05-09,1.0,HOLD,396601512.1896032
2003-05-12,1.0,HOLD,414061063.3704627
2003-05-13,1.0,HOLD,409234845.9708755
2003-05-14,1.0,HOLD,400859939.306886
2003-05-15,1.0,HOLD,416332224.49968016
2003-05-16,1.0,HOLD,407105632.4122341
2003-05-19,0.8,TRADE,362676042.8219171
2003-05-20,0.8,HOLD,362905647.2885913
2003-05-21,0.8,HOLD,363475926.01048774
2003-05-22,0.8,HOLD,377332497.4276593
2003-05-23,0.8,HOLD,376199405.47017896
2003-05-27,0.8,HOLD,410390335.7630938
2003-05-28,0.8,HOLD,411074173.13862705
2003-05-29,0.8,HOLD,418344377.8841987
2003-05-30,0.8,HOLD,432314508.0279765
2003-06-02,0.8,HOLD,420852612.48045784
2003-06-03,0.9,TRADE,432551581.844755
2003-06-04,0.9,HOLD,458096805.8340828
2003-06-05,0.9,HOLD,465098210.182474
2003-06-06,0.9,HOLD,445819035.8285611
2003-06-09,1.0,TRADE,428262026.28084636
2003-06-10,1.0,HOLD,446977145.1326728
2003-06-11,1.0,HOLD,463779770.08723235
2003-06-12,1.0,HOLD,464872623.7428134
2003-06-13,0.9,TRADE,436048608.57686174
2003-06-16,1.0,TRADE,472813819.609701
2003-06-17,1.0,HOLD,470511374.7705818
2003-06-18,1.0,HOLD,479856592.05877125
2003-06-19,0.9,TRADE,454394260.8967478
2003-06-20,1.0,TRADE,451470311.2043999
2003-06-23,0.9,TRADE,425989549.119012
2003-06-24,1.0,TRADE,417818145.4798566
2003-06-25,1.0,HOLD,414286522.663707
2003-06-26,0.9,TRADE,441724515.3122542
2003-06-27,1.0,TRADE,432435098.212839
2003-06-30,1.0,HOLD,428486540.95585775
2003-07-01,1.0,HOLD,445233870.0113298
2003-07-02,0.9,TRADE,476277699.4800097
2003-07-03,1.0,TRADE,461329227.0981291
2003-07-07,0.9,TRADE,518038832.91735995
2003-07-08,0.9,HOLD,535873333.6574037
2003-07-09,0.9,HOLD,532308204.0785074
2003-07-10,0.9,HOLD,502793305.52001834
2003-07-11,0.9,HOLD,515339170.0580712
2003-07-14,0.9,HOLD,531823397.67174095
2003-07-15,0.9,HOLD,530226023.32654476
2003-07-16,0.9,HOLD,527398802.15079135
2003-07-17,0.9,HOLD,487553190.1255826
2003-07-18,0.9,HOLD,491613111.5178672
2003-07-21,0.9,HOLD,471447903.14824384
2003-07-22,0.9,HOLD,488544201.55102205
2003-07-23,0.9,HOLD,499737234.9976744
2003-07-24,0.9,HOLD,484119606.65350205
2003-07-25,1.0,TRADE,509455879.2200025
2003-07-28,1.0,HOLD,511920325.8273554
2003-07-29,1.0,HOLD,505485381.90815616
2003-07-30,1.0,HOLD,491930925.5677154
2003-07-31,1.0,HOLD,507128346.31305814
2003-08-01,1.0,HOLD,492067839.2681239
2003-08-04,1.0,HOLD,495490681.7783362
2003-08-05,0.7000000000000001,TRADE,451404470.2468015
2003-08-06,1.0,TRADE,440099127.11393976
2003-08-07,1.0,HOLD,442175719.40922415
2003-08-08,0.7000000000000001,TRADE,431377439.4737452
2003-08-11,0.7000000000000001,HOLD,443210861.2060101
2003-08-12,1.0,TRADE,456684656.8341342
2003-08-13,1.0,HOLD,456278955.33265287
2003-08-14,1.0,HOLD,468990935.7124008
2003-08-15,1.0,HOLD,470748975.55215317
2003-08-18,1.0,HOLD,505909772.3472005
2003-08-19,1.0,HOLD,523354936.9108971
2003-08-20,1.0,HOLD,523354936.9108971
2003-08-21,1.0,HOLD,541341036.8099021
2003-08-22,1.0,HOLD,528764290.2639813
2003-08-25,1.0,HOLD,531198499.27286917
2003-08-26,1.0,HOLD,534038409.78323835
2003-08-27,1.0,HOLD,546074220.9938507
2003-08-28,1.0,HOLD,562707982.5545847
2003-08-29,1.0,HOLD,573797156.9284073
2003-09-02,1.0,HOLD,599221117.687903
2003-09-03,1.0,HOLD,598004013.1834592
2003-09-04,1.0,HOLD,615178710.0795015
2003-09-05,1.0,HOLD,599762053.0232115
2003-09-08,1.0,HOLD,632488640.809371
2003-09-09,1.0,HOLD,610175058.2278986
2003-09-10,1.0,HOLD,559056669.0412529
2003-09-11,1.0,HOLD,582181654.6256878
2003-09-12,1.0,HOLD,590971853.8244497
2003-09-15,1.0,HOLD,577989405.7770476
2003-09-16,1.0,HOLD,623022272.4414736
2003-09-17,1.0,HOLD,614773008.5780202
2003-09-18,1.0,HOLD,645876790.3582544
2003-09-19,1.0,HOLD,634922849.8182589
2003-09-22,1.0,HOLD,599356351.5217302
2003-09-23,1.0,HOLD,627890690.4592494
2003-09-24,0.8,TRADE,562031813.3854492
2003-09-25,0.8,HOLD,547970650.5016415
2003-09-26,0.8,HOLD,531637498.32063305
2003-09-29,0.8,HOLD,556746183.2397203
2003-09-30,0.8,HOLD,524942280.8158434
2003-10-01,1.0,TRADE,554913193.7634873
2003-10-02,0.8,TRADE,557084003.3234423
2003-10-03,1.0,TRADE,595184778.7138506
2003-10-06,1.0,HOLD,603330677.6372396
2003-10-07,1.0,HOLD,617485846.2582108
2003-10-08,1.0,HOLD,603864834.9436914
2003-10-09,0.8,TRADE,622827419.3227282
2003-10-10,1.0,TRADE,631163702.9362504
2003-10-13,1.0,HOLD,644340676.0679857
2003-10-14,1.0,HOLD,652326720.3902495
2003-10-15,1.0,HOLD,649132302.661344
2003-10-16,1.0,HOLD,661510671.360853
2003-10-17,1.0,HOLD,615857117.9852448
2003-10-20,1.0,HOLD,636088430.268313
2003-10-21,1.0,HOLD,653258425.5611804
2003-10-22,1.0,HOLD,605342159.6275973
2003-10-23,1.0,HOLD,593096891.6667929
2003-10-24,1.0,HOLD,583380537.7413719
2003-10-27,1.0,HOLD,591898985.0184532
2003-10-28,1.0,HOLD,646736489.3646648
2003-10-29,1.0,HOLD,646470287.887256
2003-10-30,1.0,HOLD,643009668.6809417
2003-10-31,1.0,HOLD,641545560.5551933
2003-11-03,1.0,HOLD,677748961.4827893
2003-11-04,1.0,HOLD,658316253.6319474
2003-11-05,1.0,HOLD,658449354.3706517
2003-11-06,1.0,HOLD,672957334.8894311
2003-11-07,1.0,HOLD,668165708.2960727
2003-11-10,1.0,HOLD,637153236.1779482
2003-11-11,1.0,HOLD,630365098.504024
2003-11-12,1.0,HOLD,675752450.4022235
2003-11-13,1.0,HOLD,670428420.8540475
2003-11-14,1.0,HOLD,625174169.6945525
2003-11-17,0.5,TRADE,606806267.7533458
2003-11-18,0.5,HOLD,587781215.6474606
2003-11-19,1.0,TRADE,596640686.2461951
2003-11-20,0.5,TRADE,576463776.9745921
2003-11-21,1.0,TRADE,582633039.8099709
2003-11-24,0.8,TRADE,641191144.3170906
2003-11-25,0.8,HOLD,632511424.7964227
2003-11-26,0.8,HOLD,641841337.5171586
2003-11-28,0.8,HOLD,646350737.9795283
2003-12-01,1.0,TRADE,671124471.5210176
2003-12-02,1.0,HOLD,649919906.860006
2003-12-03,1.0,HOLD,633221312.1894593
2003-12-04,1.0,HOLD,650052435.3891374
2003-12-05,1.0,HOLD,615197432.2275995
2003-12-08,1.0,HOLD,629775570.432045
2003-12-09,0.5,TRADE,583788170.8234761
2003-12-10,0.5,HOLD,587109341.5360858
2003-12-11,1.0,TRADE,604942228.0151542
2003-12-12,1.0,HOLD,605198342.4215959
2003-12-15,0.5,TRADE,578946615.7613277
2003-12-16,0.5,HOLD,582924123.4788723
2003-12-17,1.0,TRADE,580946971.4580427
2003-12-18,1.0,HOLD,619744835.9842389
2003-12-19,1.0,HOLD,612980734.603027
2003-12-22,1.0,HOLD,620000085.0929638
2003-12-23,1.0,HOLD,641313385.6714991
2003-12-24,1.0,HOLD,634676908.8446499
2003-12-26,1.0,HOLD,635442656.1708249
2003-12-29,1.0,HOLD,670284159.5117838
2003-12-30,1.0,HOLD,669646036.7399715
2003-12-31,1.0,HOLD,666710671.9896342
2004-01-02,1.0,HOLD,660712317.9345974
2004-01-05,1.0,HOLD,705253287.4071054
2004-01-06,1.0,HOLD,711762139.6795923
2004-01-07,1.0,HOLD,730140075.5077906
2004-01-08,1.0,HOLD,753750618.0648507
2004-01-09,1.0,HOLD,738563296.0957147
2004-01-12,1.0,HOLD,766513073.5010995
2004-01-13,1.0,HOLD,744051151.9333016
2004-01-14,1.0,HOLD,757579354.6957253
2004-01-15,1.0,HOLD,754388740.836663
2004-01-16,1.0,HOLD,786167254.8729224
2004-01-20,1.0,HOLD,784891009.3292975
2004-01-21,1.0,HOLD,775319167.7521111
2004-01-22,1.0,HOLD,750815253.3145134
2004-01-23,1.0,HOLD,751836249.7494133
2004-01-26,1.0,HOLD,784763384.7749351
2004-01-27,1.0,HOLD,732437317.4863153
2004-01-28,1.0,HOLD,692363207.4164941
2004-01-29,1.0,HOLD,698999684.2433435
2004-01-30,1.0,HOLD,694277575.7319316
2004-02-02,1.0,HOLD,686875351.5789073
2004-02-03,1.0,HOLD,692235582.8621317
2004-02-04,1.0,HOLD,651650974.5748608
2004-02-05,1.0,HOLD,654713963.8795605
2004-02-06,1.0,HOLD,700148305.2326059
2004-02-09,1.0,HOLD,688789719.8943444
2004-02-10,1.0,HOLD,701679799.8849558
2004-02-11,1.0,HOLD,721078732.1480538
2004-02-12,1.0,HOLD,702573171.7654932
2004-02-13,1.0,HOLD,678835004.6540706
2004-02-17,1.0,HOLD,709082024.0379801
2004-02-18,1.0,HOLD,710230645.0272424
2004-02-19,1.0,HOLD,678069257.3278956
2004-02-20,1.0,HOLD,674368145.2513834
2004-02-23,1.0,HOLD,649226108.0419735
2004-02-24,1.0,HOLD,646801241.5090863
2004-02-25,1.0,HOLD,657649328.6298976
2004-02-26,1.0,HOLD,666838296.5439967
2004-02-27,1.0,HOLD,657521704.0755352
2004-03-01,1.0,HOLD,683046614.9480326
2004-03-02,1.0,HOLD,660584693.3802347
2004-03-03,0.5,TRADE,650885227.2486858
2004-03-04,1.0,TRADE,660976262.5277916
2004-03-05,0.5,TRADE,649662480.9326031
2004-03-08,0.4,TRADE,628569460.0982811
2004-03-09,0.4,HOLD,626602248.8906099
2004-03-10,0.4,HOLD,616205751.4894631
2004-03-11,0.30000000000000004,TRADE,608410949.1539049
2004-03-12,0.4,TRADE,619799460.9217911
2004-03-15,0.30000000000000004,TRADE,603392914.8742318
2004-03-16,0.30000000000000004,HOLD,606196901.218216
2004-03-17,0.4,TRADE,614709028.6569808
2004-03-18,0.30000000000000004,TRADE,608943470.07242
2004-03-19,0.30000000000000004,HOLD,601484780.365557
2004-03-22,0.0,TRADE,595048038.1725839
2004-03-23,0.1,TRADE,595064260.1034974
2004-03-24,0.0,TRADE,596610222.5013113
2004-03-25,0.4,TRADE,596626487.0197885
2004-03-26,0.30000000000000004,TRADE,591324877.9620776
2004-03-29,0.4,TRADE,601551735.2129757
2004-03-30,0.4,HOLD,602869022.6195825
2004-03-31,0.4,HOLD,599409096.9320707
2004-04-01,1.0,TRADE,606760759.6492522
2004-04-02,1.0,HOLD,653062266.0627487
2004-04-05,1.0,HOLD,676771616.5318582
2004-04-06,1.0,HOLD,656662115.0868543
2004-04-07,1.0,HOLD,641269657.1906785
2004-04-08,1.0,HOLD,645738435.2895683
2004-04-12,1.0,HOLD,659268902.3112067
2004-04-13,1.0,HOLD,628608119.2438241
2004-04-14,1.0,HOLD,632083835.5429606
2004-04-15,1.0,HOLD,611105405.0231727
2004-04-16,1.0,HOLD,597947336.1764418
2004-04-19,1.0,HOLD,628111588.3439476
2004-04-20,0.30000000000000004,TRADE,581189418.3056053
2004-04-21,1.0,TRADE,586339604.0066514
2004-04-22,1.0,HOLD,628186247.9440556
2004-04-23,1.0,HOLD,642662267.2130995
2004-04-26,0.9,TRADE,621252356.3614044
2004-04-27,0.9,HOLD,620049742.5062526
2004-04-28,0.4,TRADE,590053231.548488
2004-04-29,0.30000000000000004,TRADE,579490382.1491879
2004-04-30,0.0,TRADE,568518047.1504548
2004-05-03,0.0,HOLD,568564544.5325835
2004-05-04,0.1,TRADE,568580044.484085
2004-05-05,0.0,TRADE,569350924.1011653
2004-05-06,0.0,HOLD,569366445.4905938
2004-05-07,0.0,HOLD,569381967.3074411
2004-05-10,0.0,HOLD,569428535.2724009
2004-05-11,0.4,TRADE,569444058.7797847
2004-05-12,0.1,TRADE,566059000.1898894
2004-05-13,0.5,TRADE,566328503.4852008
2004-05-14,0.0,TRADE,555961807.8259251
2004-05-17,0.0,HOLD,556007278.215851
2004-05-18,0.0,HOLD,556022435.8357149
2004-05-19,0.0,HOLD,556037593.8686637
2004-05-20,0.4,TRADE,556052752.316627
2004-05-21,0.5,TRADE,561451020.3916299
2004-05-24,0.5,HOLD,564891171.6143711
2004-05-25,1.0,TRADE,585208548.6605272
2004-05-26,1.0,HOLD,592644489.5583738
2004-05-27,1.0,HOLD,603922333.2534412
2004-05-28,1.0,HOLD,607640303.7023644
2004-06-01,1.0,HOLD,610490747.7132057
2004-06-02,1.0,HOLD,604913792.0398207
2004-06-03,1.0,HOLD,581242713.515009
2004-06-04,1.0,HOLD,593016286.6032661
2004-06-07,1.0,HOLD,637507999.6420482
2004-06-08,1.0,HOLD,643208887.6637307
2004-06-09,1.0,HOLD,608879627.185339
2004-06-10,1.0,HOLD,623379711.9361398
2004-06-14,1.0,HOLD,594751339.4794303
2004-06-15,1.0,HOLD,619785673.835514
2004-06-16,1.0,HOLD,620653200.273596
2004-06-17,1.0,HOLD,600576159.8494102
2004-06-18,1.0,HOLD,601195821.5908974
2004-06-21,1.0,HOLD,586943601.5366914
2004-06-22,1.0,HOLD,613093327.027452
2004-06-23,1.0,HOLD,636268676.1590738
2004-06-24,1.0,HOLD,629452397.0027145
2004-06-25,1.0,HOLD,642093496.5290537
2004-06-28,1.0,HOLD,635153285.0243968
2004-06-29,1.0,HOLD,651140557.954767
2004-06-30,1.0,HOLD,665268845.6606756
2004-07-01,1.0,HOLD,629452397.0027145
2004-07-02,1.0,HOLD,618794215.0491344
2004-07-06,0.4,TRADE,574178569.6620548
2004-07-07,0.5,TRADE,577360629.5786847
2004-07-08,0.4,TRADE,564584700.1178803
2004-07-09,0.4,HOLD,568769522.4375544
2004-07-12,0.4,HOLD,564980958.1069884
2004-07-13,0.4,HOLD,563332407.3053701
2004-07-14,0.4,HOLD,557357344.6082206
2004-07-15,0.0,TRADE,557268351.353648
2004-07-16,0.0,HOLD,557287468.6964428
2004-07-19,0.4,TRADE,557344824.6921124
2004-07-20,0.4,HOLD,568923578.1708342
2004-07-21,0.0,TRADE,551851889.4580773
2004-07-22,0.4,TRADE,551870820.9983746
2004-07-23,0.0,TRADE,536307274.7337209
2004-07-26,0.0,HOLD,536362471.4520196
2004-07-27,0.0,HOLD,536380871.61712104
2004-07-28,0.0,HOLD,536399272.4109929
2004-07-29,0.0,HOLD,536417673.83297926
2004-07-30,0.0,HOLD,536436075.8942964
2004-08-02,0.0,HOLD,536491285.85655165
2004-08-03,0.0,HOLD,536509690.4410388
2004-08-04,0.0,HOLD,536530561.3961467
2004-08-05,0.0,HOLD,536551433.15883046
2004-08-06,0.0,HOLD,536572305.74030626
2004-08-09,0.0,HOLD,536634928.3435017
2004-08-10,0.0,HOLD,536655804.1709769
2004-08-11,0.0,HOLD,536676680.8127641
2004-08-12,0.0,HOLD,536697558.2621271
2004-08-13,0.0,HOLD,536718436.53028226
2004-08-16,0.0,HOLD,536781076.19417965
2004-08-17,0.0,HOLD,536801957.70481676
2004-08-18,0.0,HOLD,536822840.0332836
2004-08-19,0.0,HOLD,536843723.16932625
2004-08-20,0.0,HOLD,536864607.1241611
2004-08-23,0.0,HOLD,536927263.8487616
2004-08-24,0.0,HOLD,536948151.0462996
2004-08-25,1.0,TRADE,536969039.0614462
2004-08-26,0.0,TRADE,530943201.96474665
2004-08-27,1.0,TRADE,530963856.37918687
2004-08-30,0.0,TRADE,507221030.9253087
2004-08-31,0.0,HOLD,507240762.51495284
2004-09-01,1.0,TRADE,507260494.86471564
2004-09-02,1.0,HOLD,529727485.54868793
2004-09-03,0.0,TRADE,499468474.97432065
2004-09-07,1.0,TRADE,499546199.49873793
2004-09-08,1.0,HOLD,493951892.3524044
2004-09-09,1.0,HOLD,509717667.03752613
2004-09-10,1.0,HOLD,533239185.720974
2004-09-13,1.0,HOLD,549386390.4388003
2004-09-14,1.0,HOLD,557396421.1255962
2004-09-15,1.0,HOLD,535019192.540262
2004-09-16,1.0,HOLD,537943489.4576635
2004-09-17,1.0,HOLD,547224953.5868078
2004-09-20,1.0,HOLD,545317803.423285
2004-09-21,1.0,HOLD,558032137.8467704
2004-09-22,1.0,HOLD,520906281.3301933
2004-09-23,1.0,HOLD,522559144.8052463
2004-09-24,1.0,HOLD,514930544.1511552
2004-09-27,1.0,HOLD,499927629.53144246
2004-09-28,1.0,HOLD,504377646.5796623
2004-09-29,1.0,HOLD,527263448.5419359
2004-09-30,1.0,HOLD,529170598.7054587
2004-10-01,1.0,HOLD,574306485.9088316
2004-10-04,1.0,HOLD,581299369.8417485
2004-10-05,1.0,HOLD,584477953.4476198
2004-10-06,1.0,HOLD,599480868.0673325
2004-10-07,1.0,HOLD,576722209.4492937
2004-10-08,1.0,HOLD,547097810.242573
2004-10-11,1.0,HOLD,554726410.8966643
2004-10-12,0.6000000000000001,TRADE,551420683.946558
2004-10-13,1.0,TRADE,550971548.3106289
2004-10-14,1.0,HOLD,540158206.9099354
2004-10-15,1.0,HOLD,546646211.7503515
2004-10-18,1.0,HOLD,576669136.109924
2004-10-19,1.0,HOLD,560512731.899476
2004-10-20,1.0,HOLD,570181131.2695079
2004-10-21,1.0,HOLD,596642013.7559108
2004-10-22,0.6000000000000001,TRADE,552116490.3412905
2004-10-25,0.6000000000000001,HOLD,548173132.662292
2004-10-26,0.6000000000000001,HOLD,554671695.4032779
2004-10-27,1.0,TRADE,580863261.5693426
2004-10-28,1.0,HOLD,589115559.8147085
2004-10-29,1.0,HOLD,588499716.6620693
2004-11-01,1.0,HOLD,590839920.6420984
2004-11-02,1.0,HOLD,597860532.5821859
2004-11-03,1.0,HOLD,608822540.6991646
2004-11-04,1.0,HOLD,623602776.3625066
2004-11-05,1.0,HOLD,634564784.4794853
2004-11-08,1.0,HOLD,636781819.8289866
2004-11-09,1.0,HOLD,636535482.5679309
2004-11-10,1.0,HOLD,623972282.2540903
2004-11-11,1.0,HOLD,654271765.3639414
2004-11-12,1.0,HOLD,675333601.1842039
2004-11-15,1.0,HOLD,679028660.1000394
2004-11-16,1.0,HOLD,662647232.2398353
2004-11-17,1.0,HOLD,691591860.4138801
2004-11-18,1.0,HOLD,704155060.7277207
2004-11-19,1.0,HOLD,665603279.3725036
2004-11-22,1.0,HOLD,686295609.3011825
2004-11-23,1.0,HOLD,678659154.2084558
2004-11-24,1.0,HOLD,704401397.9887764
2004-11-26,1.0,HOLD,698489303.7234398
2004-11-29,1.0,HOLD,701322182.2255802
2004-11-30,1.0,HOLD,689251656.4338509
2004-12-01,1.0,HOLD,736055736.0344341
2004-12-02,1.0,HOLD,744061697.0187443
2004-12-03,1.0,HOLD,745662889.2156065
2004-12-06,1.0,HOLD,752806669.7862217
2004-12-07,1.0,HOLD,710436660.8846412
2004-12-08,1.0,HOLD,727187594.6364288
2004-12-09,1.0,HOLD,737656928.2312961
2004-12-10,1.0,HOLD,731128990.81332
2004-12-13,1.0,HOLD,752806669.7862217
2004-12-14,1.0,HOLD,761305305.2926434
2004-12-15,1.0,HOLD,755762716.9188902
2004-12-16,1.0,HOLD,733838700.6849327
2004-12-17,1.0,HOLD,718565790.4994793
2004-12-20,1.0,HOLD,712161021.7120311
2004-12-21,1.0,HOLD,735193555.6207391
2004-12-22,1.0,HOLD,740859312.6250203
2004-12-23,1.0,HOLD,740982481.2555481
2004-12-27,1.0,HOLD,732237508.4880707
2004-12-28,1.0,HOLD,754777367.8746674
2004-12-29,1.0,HOLD,755639548.2883624
2004-12-30,1.0,HOLD,753668850.1999167
2004-12-31,1.0,HOLD,749850622.6535534
2005-01-03,1.0,HOLD,725216896.5479832
2005-01-04,1.0,HOLD,681984707.2327077
2005-01-05,1.0,HOLD,671392205.0073127
2005-01-06,1.0,HOLD,663139906.7619466
2005-01-07,1.0,HOLD,672254385.4210075
2005-01-10,1.0,HOLD,672254385.4210075
2005-01-11,1.0,HOLD,657227812.4966098
2005-01-12,1.0,HOLD,672747059.9431189
2005-01-13,0.5,TRADE,645896298.4880475
2005-01-14,1.0,TRADE,655826810.451118
2005-01-18,1.0,HOLD,671236617.0981656
2005-01-19,0.5,TRADE,635442184.3353387
2005-01-20,0.4,TRADE,616164779.1091288
2005-01-21,0.4,HOLD,610821228.7295513
2005-01-24,0.4,HOLD,599766457.2417178
2005-01-25,0.4,HOLD,604348841.6647948
2005-01-26,0.4,HOLD,612989722.8949804
2005-01-27,0.4,HOLD,612260992.7044752
2005-01-28,0.4,HOLD,608325551.5176258
2005-01-31,0.4,HOLD,617964125.6741073
2005-02-01,0.4,HOLD,619890961.2606597
2005-02-02,0.4,HOLD,620515071.3393648
2005-02-03,0.4,HOLD,612272796.9888037
2005-02-04,0.4,HOLD,624924259.8906454
2005-02-07,0.4,HOLD,622243599.8711673
2005-02-08,0.4,HOLD,623972205.3915246
2005-02-09,0.4,HOLD,611070187.23551
2005-02-10,0.4,HOLD,611095230.1768801
2005-02-11,0.4,HOLD,622393873.1179663
2005-02-14,0.4,HOLD,626226883.2966043
2005-02-15,0.4,HOLD,630861583.7990906
2005-02-16,0.4,HOLD,628381392.8355328
2005-02-17,0.4,HOLD,616732010.2686379
2005-02-18,0.4,HOLD,614802976.3890457
2005-02-22,0.4,HOLD,604531508.867929
2005-02-23,0.4,HOLD,605959510.5214008
2005-02-24,0.4,HOLD,615654819.293804
2005-02-25,0.4,HOLD,620139222.1052853
2005-02-28,0.4,HOLD,612347970.9939904
2005-03-01,0.4,HOLD,620089197.8796889
2005-03-02,0.4,HOLD,619112177.1001763
2005-03-03,0.4,HOLD,612474593.7588246
2005-03-04,0.4,HOLD,616609561.805076
2005-03-07,1.0,TRADE,628563533.2256329
2005-03-08,0.4,TRADE,608157213.2317214
2005-03-09,0.4,HOLD,604957257.4677011
2005-03-10,0.4,HOLD,606058515.911725
2005-03-11,0.4,HOLD,597091029.0963347
2005-03-14,0.4,HOLD,601470124.1315966
2005-03-15,0.4,HOLD,595337534.6613779
2005-03-16,0.30000000000000004,TRADE,587983011.7033454
2005-03-17,0.30000000000000004,HOLD,588476483.4679897
2005-03-18,0.30000000000000004,HOLD,587306584.3268679
2005-03-21,0.30000000000000004,HOLD,587355743.9228711
2005-03-22,0.0,TRADE,580460755.3686296
2005-03-23,0.0,HOLD,580502041.2798297
2005-03-24,0.0,HOLD,580543330.1195955
2005-03-28,0.0,HOLD,580708514.8602991
2005-03-29,0.0,HOLD,580749818.3899288
2005-03-30,0.30000000000000004,TRADE,580791124.8573741
2005-03-31,0.1,TRADE,577518942.0598965
2005-04-01,0.0,TRADE,576004750.3064604
2005-04-04,0.1,TRADE,576127665.9563853
2005-04-05,0.1,HOLD,576967601.5464828
2005-04-06,0.1,HOLD,576631074.5974141
2005-04-07,0.30000000000000004,TRADE,578898005.2048857
2005-04-08,0.1,TRADE,573964441.4273887
2005-04-11,0.1,HOLD,573243199.4419761
2005-04-12,0.30000000000000004,TRADE,574475797.4049116
2005-04-13,0.0,TRADE,564918887.9324871
2005-04-14,0.0,HOLD,564961479.6029553
2005-04-15,0.0,HOLD,565004074.4826884
2005-04-18,0.0,HOLD,565131878.4176549
2005-04-19,0.0,HOLD,565174486.1438264
2005-04-20,0.0,HOLD,565217097.0908341
2005-04-21,0.0,HOLD,565259711.2468084
2005-04-22,0.0,HOLD,565302328.6117494
2005-04-25,0.0,HOLD,565430199.9737594
2005-04-26,0.0,HOLD,565472830.1943123
2005-04-27,0.0,HOLD,565515463.6265255
2005-04-28,0.0,HOLD,565558100.2789254
2005-04-29,0.0,HOLD,565600740.1402919
2005-05-02,0.0,HOLD,565728679.030332
2005-05-03,0.0,HOLD,565771331.7527485
2005-05-04,0.0,HOLD,565817151.4755816
2005-05-05,0.0,HOLD,565862974.9122888
2005-05-06,0.0,HOLD,565908802.0628698
2005-05-09,1.0,TRADE,566046305.7915523
2005-05-10,0.0,TRADE,550740562.7475766
2005-05-11,1.0,TRADE,550785165.1923327
2005-05-12,1.0,HOLD,545167574.5606273
2005-05-13,1.0,HOLD,562804196.3113306
2005-05-16,1.0,HOLD,574692585.7877306
2005-05-17,1.0,HOLD,585535842.1233481
2005-05-18,1.0,HOLD,607875563.0075722
2005-05-19,1.0,HOLD,622376785.3359282
2005-05-20,1.0,HOLD,630345925.5343941
2005-05-23,1.0,HOLD,638968273.9458491
2005-05-24,1.0,HOLD,645369714.4331414
2005-05-25,1.0,HOLD,635571591.2383063
2005-05-26,1.0,HOLD,655429120.9131721
2005-05-27,1.0,HOLD,656604895.6965524
2005-05-31,1.0,HOLD,647198697.4295106
2005-06-01,1.0,HOLD,668232001.8877567
2005-06-02,1.0,HOLD,680120391.3641566
2005-06-03,1.0,HOLD,648113188.9276952
2005-06-06,1.0,HOLD,648897038.783282
2005-06-07,1.0,HOLD,630868492.1047853
2005-06-08,1.0,HOLD,626426676.2564601
2005-06-09,1.0,HOLD,640666615.2996205
2005-06-10,0.6000000000000001,TRADE,617412402.9172118
2005-06-13,1.0,TRADE,623272899.0491676
2005-06-14,0.6000000000000001,TRADE,617299867.0999465
2005-06-15,0.6000000000000001,HOLD,620903683.4043065
2005-06-16,1.0,TRADE,626611310.0725551
2005-06-17,0.6000000000000001,TRADE,627254252.1103885
2005-06-20,0.6000000000000001,HOLD,626621639.3588014
2005-06-21,0.6000000000000001,HOLD,625870700.5035251
2005-06-22,0.6000000000000001,HOLD,624271079.8455063
2005-06-23,0.6000000000000001,HOLD,610712738.9776707
2005-06-24,0.6000000000000001,HOLD,599391838.0841646
2005-06-27,0.6000000000000001,HOLD,594824455.5254868
2005-06-28,0.6000000000000001,HOLD,605029260.8268969
2005-06-29,0.6000000000000001,HOLD,601732285.0237689
2005-06-30,0.6000000000000001,HOLD,594191893.4536086
2005-07-01,0.6000000000000001,HOLD,592052216.7063546
2005-07-05,0.6000000000000001,HOLD,602858940.7745268
2005-07-06,0.6000000000000001,HOLD,596940241.6843503
2005-07-07,0.6000000000000001,HOLD,600819981.2022591
2005-07-08,0.6000000000000001,HOLD,621287627.2256994
2005-07-11,1.0,TRADE,631615261.4913262
2005-07-12,1.0,HOLD,641099743.9082007
2005-07-13,1.0,HOLD,643534948.853074
2005-07-14,1.0,HOLD,662888419.7307506
2005-07-15,1.0,HOLD,668271504.3457334
2005-07-18,1.0,HOLD,658146178.5223132
2005-07-19,1.0,HOLD,683651746.1028274
2005-07-20,1.0,HOLD,699160156.5412306
2005-07-21,1.0,HOLD,697750301.0468303
2005-07-22,1.3,TRADE,696084108.1898118
2005-07-25,1.3,HOLD,683341212.7717098
2005-07-26,1.3,HOLD,692145418.2312751
2005-07-27,1.3,HOLD,713779305.2986403
2005-07-28,1.3,HOLD,724916173.9751137
2005-07-29,1.3,HOLD,701229608.5477934
2005-08-01,1.3,HOLD,709314052.6172471
2005-08-02,1.3,HOLD,737779310.0418555
2005-08-03,1.3,HOLD,738252524.0742843
2005-08-04,1.3,HOLD,705568496.8573438
2005-08-05,1.3,HOLD,693045399.8151934
2005-08-08,1.3,HOLD,672971113.3123103
2005-08-09,1.3,HOLD,691272570.5401423
2005-08-10,1.3,HOLD,664920055.8025813
2005-08-11,1.3,HOLD,689386419.8063549
2005-08-12,1.3,HOLD,674030771.1292233
2005-08-15,1.3,HOLD,689279701.842804
2005-08-16,1.3,HOLD,644099187.42806
2005-08-17,1.3,HOLD,657235419.608636
2005-08-18,1.3,HOLD,646211851.9616821
2005-08-19,1.3,HOLD,642519529.4844153
2005-08-22,1.3,HOLD,645105323.068665
2005-08-23,1.3,HOLD,637747362.696845
2005-08-24,1.3,HOLD,622391673.207974
2005-08-25,1.3,HOLD,628696487.4565483
2005-08-26,1.3,HOLD,617006415.4450934
2005-08-29,1.3,HOLD,636753923.9769253
2005-08-30,1.3,HOLD,627063269.7726378
2005-08-31,1.3,HOLD,652362662.159341
2005-09-01,1.3,HOLD,644671432.570245
2005-09-02,1.3,HOLD,637646676.7166901
2005-09-06,1.3,HOLD,676361952.787564
2005-09-07,1.3,HOLD,680167433.4617839
2005-09-08,1.3,HOLD,676308423.5838466
2005-09-09,1.3,HOLD,692776963.1512287
2005-09-12,1.3,HOLD,699694643.5332181
2005-09-13,1.3,HOLD,691170276.5997509
2005-09-14,1.3,HOLD,660985399.1125631
2005-09-15,1.3,HOLD,658792558.210372
2005-09-16,1.3,HOLD,676260789.6076504
2005-09-19,1.3,HOLD,653520165.4635054
2005-09-20,1.3,HOLD,640330434.6338966
2005-09-21,1.3,HOLD,613644538.2469134
2005-09-22,1.3,HOLD,621948688.4413596
2005-09-23,1.3,HOLD,628586642.3623929
2005-09-26,1.3,HOLD,630005742.9098653
2005-09-27,1.3,HOLD,623147521.0191164
2005-09-28,1.3,HOLD,622787447.8521678
2005-09-29,1.3,HOLD,656084466.9779863
2005-09-30,1.3,HOLD,674885604.8283007
2005-10-03,1.3,HOLD,680969973.5762712
2005-10-04,1.3,HOLD,663947951.318559
2005-10-05,1.3,HOLD,624099083.4980714
2005-10-06,1.3,HOLD,594080750.1119354
2005-10-07,1.3,HOLD,598385986.1578871
2005-10-10,1.3,HOLD,583976110.9013155
2005-10-11,1.3,HOLD,571786023.9684478
2005-10-12,1.3,HOLD,543933720.7549316
2005-10-13,1.3,HOLD,562401575.5414193
2005-10-14,1.3,HOLD,577870279.7597263
2005-10-17,1.3,HOLD,585953936.1455729
2005-10-18,1.3,HOLD,567932150.2312535
2005-10-19,1.3,HOLD,615058501.598628
2005-10-20,1.3,HOLD,592537988.1144617
2005-10-21,1.3,HOLD,607006952.6275027
2005-10-24,1.3,HOLD,646581582.0194931
2005-10-25,1.3,HOLD,638390309.9582989
2005-10-26,1.3,HOLD,620868354.4670128
2005-10-27,1.3,HOLD,570189157.6898327
2005-10-28,1.3,HOLD,590823011.7613823
2005-10-31,1.3,HOLD,624565894.0980698
2005-11-01,1.3,HOLD,620040222.2976164
2005-11-02,1.3,HOLD,652504028.4891245
2005-11-03,1.3,HOLD,688800074.8174886
2005-11-04,1.3,HOLD,702269275.5699744
2005-11-07,1.3,HOLD,704021182.9318793
2005-11-08,1.3,HOLD,702161395.6565202
2005-11-09,1.3,HOLD,704800325.6581981
2005-11-10,1.3,HOLD,739596774.3629823
2005-11-11,1.3,HOLD,743235413.2037313
2005-11-14,1.3,HOLD,740321908.3816108
2005-11-15,1.3,HOLD,727631843.4680417
2005-11-16,1.3,HOLD,739434810.1126654
2005-11-17,1.3,HOLD,782228960.4574157
2005-11-18,1.3,HOLD,787867006.6497968
2005-11-21,1.3,HOLD,798782830.2921524
2005-11-22,1.3,HOLD,812585207.7161149
2005-11-23,1.3,HOLD,816890282.4120233
2005-11-25,1.3,HOLD,824167467.1873238
2005-11-28,1.3,HOLD,793261777.8052758
2005-11-29,1.3,HOLD,779405329.6921753
2005-11-30,1.3,HOLD,771380553.1325191
2005-12-01,1.3,HOLD,826837720.9787086
2005-12-02,1.3,HOLD,835308246.8099769
2005-12-05,1.3,HOLD,808734586.4784191
2005-12-06,1.3,HOLD,820204245.6599329
2005-12-07,1.3,HOLD,812012825.6794327
2005-12-08,1.3,HOLD,790825097.9645534
2005-12-09,1.3,HOLD,802794604.6542683
2005-12-12,1.3,HOLD,812710495.4490814
2005-12-13,1.3,HOLD,825679704.0483136
2005-12-14,1.3,HOLD,812822919.911486
2005-12-15,1.3,HOLD,818127634.4634476
2005-12-16,1.3,HOLD,793940731.9930288
2005-12-19,1.3,HOLD,750038520.9991758
2005-12-20,1.3,HOLD,750677878.2813225
2005-12-21,1.3,HOLD,759981434.9646125
2005-12-22,1.3,HOLD,781781434.6197481
2005-12-23,1.3,HOLD,780587969.3917949
2005-12-27,1.3,HOLD,754153566.7675974
2005-12-28,1.3,HOLD,751627129.9662552
2005-12-29,1.3,HOLD,730772568.2788328
2005-12-30,1.3,HOLD,712917150.2747264
2006-01-03,1.3,HOLD,771125247.9323537
2006-01-04,1.3,HOLD,798590258.3359524
2006-01-05,1.3,HOLD,815058392.4212667
2006-01-06,1.3,HOLD,868349385.1842862
2006-01-09,1.3,HOLD,880597655.562671
2006-01-10,1.3,HOLD,884069468.04681
2006-01-11,1.3,HOLD,910534738.493195
2006-01-12,1.3,HOLD,889180270.4780973
2006-01-13,1.3,HOLD,887486874.7103251
2006-01-17,1.3,HOLD,867217094.8336257
2006-01-18,1.3,HOLD,829867154.5915686
2006-01-19,1.3,HOLD,853666488.733948
2006-01-20,1.3,HOLD,754000928.7026708
2006-01-23,1.3,HOLD,753419368.4849266
2006-01-24,1.3,HOLD,770054055.9947824
2006-01-25,1.3,HOLD,753698121.4648767
2006-01-26,1.3,HOLD,776497715.6036688
2006-01-27,1.3,HOLD,812293610.5555255
2006-01-30,1.3,HOLD,816044078.8700439
2006-01-31,1.3,HOLD,810851615.6481032
2006-02-01,1.3,HOLD,814323351.8087673
2006-02-02,1.3,HOLD,764810151.6419082
2006-02-03,1.3,HOLD,727960013.7136127
2006-02-06,1.3,HOLD,715548338.354027
2006-02-07,1.3,HOLD,705523891.5201938
2006-02-08,1.3,HOLD,736321166.2063228
2006-02-09,1.3,HOLD,707968590.9908605
2006-02-10,1.3,HOLD,723770123.0085113
2006-02-13,1.3,HOLD,692863633.9098991
2006-02-14,1.3,HOLD,719162167.010826
2006-02-15,1.3,HOLD,738462686.6321815
2006-02-16,1.3,HOLD,764427974.2010745
2006-02-17,1.3,HOLD,740740711.1498353
2006-02-21,1.3,HOLD,706641044.1216786
2006-02-22,1.3,HOLD,743103325.7972527
2006-02-23,1.3,HOLD,733578681.1354735
2006-02-24,1.3,HOLD,740382722.9883895
2006-02-27,1.3,HOLD,772624796.9230137
2006-02-28,1.3,HOLD,728276704.1246775
2006-03-01,1.3,HOLD,768571204.9765756
2006-03-02,1.3,HOLD,766711023.0591551
2006-03-03,1.3,HOLD,749688482.6556716
2006-03-06,1.3,HOLD,724613449.0870984
2006-03-07,1.3,HOLD,709090468.3017094
2006-03-08,1.3,HOLD,707563504.0258591
2006-03-09,1.3,HOLD,681710120.5476774
2006-03-10,1.3,HOLD,686348062.8626285
2006-03-13,1.3,HOLD,694930051.7187395
2006-03-14,1.3,HOLD,739723227.9221655
2006-03-15,1.3,HOLD,761856177.7776096
2006-03-16,1.3,HOLD,734669815.5723307
2006-03-17,1.3,HOLD,745472647.0136539
2006-03-20,1.3,HOLD,750722176.8032503
2006-03-21,1.3,HOLD,721869604.2694011
2006-03-22,1.3,HOLD,727840458.9515929
2006-03-23,1.3,HOLD,717982477.9960172
2006-03-24,1.3,HOLD,732784147.8277788
2006-03-27,1.3,HOLD,733534883.4855013
2006-03-28,1.3,HOLD,720177880.0430467
2006-03-29,1.3,HOLD,771635775.2398477
2006-03-30,1.3,HOLD,779606033.3692544
2006-03-31,1.3,HOLD,770247882.2860119
2006-04-03,1.3,HOLD,775164026.6028526
2006-04-04,1.3,HOLD,791631850.8003114
2006-04-05,1.3,HOLD,819763021.4950132
2006-04-06,1.3,HOLD,830732402.2600914
2006-04-07,1.3,HOLD,801046673.811139
2006-04-10,1.3,HOLD,793133059.579946
2006-04-11,1.3,HOLD,767279560.6865566
2006-04-12,1.3,HOLD,767418666.8576448
2006-04-13,1.3,HOLD,779554358.0938091
2006-04-17,1.3,HOLD,747953211.5523653
2006-04-18,1.3,HOLD,802576803.1085129
2006-04-19,1.3,HOLD,815212331.1596555
2006-04-20,1.3,HOLD,805520871.4181648
2006-04-21,1.3,HOLD,769836799.5981531
2006-04-24,1.3,HOLD,764755565.9289864
2006-04-25,1.3,HOLD,755730565.7806705
2006-04-26,1.3,HOLD,756536099.9774956
2006-04-27,1.3,HOLD,781834665.6607771
2006-04-28,1.3,HOLD,752648721.4073902
2006-05-01,1.3,HOLD,727906338.2793739
2006-05-02,1.3,HOLD,733043952.8274406
2006-05-03,1.3,HOLD,726851452.4333806
2006-05-04,1.3,HOLD,751150277.8079102
2006-05-05,1.3,HOLD,772616571.8102119
2006-05-08,1.3,HOLD,774533200.5826633
2006-05-09,1.3,HOLD,767007724.8071768
2006-05-10,1.3,HOLD,738321596.2300184
2006-05-11,1.3,HOLD,674812033.4231882
2006-05-12,1.3,HOLD,639461126.3815379
2006-05-15,0.0,TRADE,638045295.562268
2006-05-16,0.0,HOLD,638101375.9194994
2006-05-17,0.0,HOLD,638185678.2984912
2006-05-18,0.0,HOLD,638269991.8131275
2006-05-19,0.0,HOLD,638354316.4742932
2006-05-22,0.0,HOLD,638607357.324779
2006-05-23,0.0,HOLD,638691726.551821
2006-05-24,0.0,HOLD,638776106.9347525
2006-05-25,0.0,HOLD,638860498.4533283
2006-05-26,0.0,HOLD,638944901.1293188
2006-05-30,0.0,HOLD,639282623.3389828
2006-05-31,0.0,HOLD,639367081.7831773
2006-06-01,0.0,HOLD,639451551.381885
2006-06-02,0.0,HOLD,639536032.1380079
2006-06-05,0.0,HOLD,639792046.3119535
2006-06-06,0.0,HOLD,639877407.1403441
2006-06-07,0.0,HOLD,639962779.3467036
2006-06-08,0.0,HOLD,640048162.9608395
2006-06-09,0.0,HOLD,640133557.9609812
2006-06-12,0.0,HOLD,640389811.3056109
2006-06-13,0.0,HOLD,640475251.8865919
2006-06-14,0.0,HOLD,640560703.8603022
2006-06-15,0.0,HOLD,640646167.2417891
2006-06-16,0.0,HOLD,640731642.0310524
2006-06-19,0.0,HOLD,640988134.807646
2006-06-20,0.0,HOLD,641073655.2137973
2006-06-21,0.0,HOLD,641159187.0419428
2006-06-22,0.0,HOLD,641244730.2669795
2006-06-23,0.0,HOLD,641330284.9106777
2006-06-26,0.0,HOLD,641587017.3478631
2006-06-27,0.0,HOLD,641672617.6590223
2006-06-28,0.0,HOLD,641758229.3851447
2006-06-29,0.0,HOLD,641843852.5408142
2006-06-30,0.0,HOLD,641929487.1151452
2006-07-03,1.0,TRADE,642186459.4088824
2006-07-05,0.0,TRADE,602686895.4373044
2006-07-06,0.0,HOLD,602767305.7085569
2006-07-07,0.0,HOLD,602851654.8910111
2006-07-10,0.0,HOLD,603104773.2574804
2006-07-11,0.0,HOLD,603189169.6642871
2006-07-12,0.0,HOLD,603273577.8716776
2006-07-13,0.0,HOLD,603357997.9014734
2006-07-14,0.0,HOLD,603442429.7427883
2006-07-17,0.0,HOLD,603695796.1858728
2006-07-18,0.0,HOLD,603780275.2957729
2006-07-19,0.0,HOLD,603864766.2273445
2006-07-20,0.0,HOLD,603949268.9813215
2006-07-21,0.0,HOLD,604033783.56859
2006-07-24,0.0,HOLD,604287398.2842718
2006-07-25,0.0,HOLD,604371960.1807363
2006-07-26,0.0,HOLD,604456533.912691
2006-07-27,0.0,HOLD,604541119.4779371
2006-07-28,0.0,HOLD,604625716.8873609
2006-07-31,0.0,HOLD,604879580.1369424
2006-08-01,0.0,HOLD,604964224.9034436
2006-08-02,0.0,HOLD,605048881.5119839
2006-08-03,0.0,HOLD,605133707.4987973
2006-08-04,0.0,HOLD,605218545.3733331
2006-08-07,0.0,HOLD,605473130.381463
2006-08-08,0.0,HOLD,605558015.8466523
2006-08-09,0.0,HOLD,605642913.2033452
2006-08-10,0.0,HOLD,605727822.4804192
2006-08-11,0.0,HOLD,605812743.6452156
2006-08-14,0.0,HOLD,606067578.5918227
2006-08-15,1.0,TRADE,606152547.3952407
2006-08-16,1.0,HOLD,648128611.302361
2006-08-17,1.0,HOLD,652371679.1341277
2006-08-18,1.0,HOLD,655553980.0079527
2006-08-21,1.0,HOLD,636157098.491305
2006-08-22,1.0,HOLD,638581708.6808859
2006-08-23,1.0,HOLD,622670204.3117609
2006-08-24,1.0,HOLD,628125577.2383181
2006-08-25,1.0,HOLD,630853263.7015966
2006-08-28,1.0,HOLD,645855539.2496289
2006-08-29,1.0,HOLD,649643992.6708491
2006-08-30,1.0,HOLD,659645509.7028706
2006-08-31,1.0,HOLD,656614746.9658943
2006-09-01,1.0,HOLD,668283183.5032527
2006-09-05,1.0,HOLD,686013145.5145636
2006-09-06,1.0,HOLD,645249386.7022337
2006-09-07,0.2,TRADE,635854022.2176074
2006-09-08,1.0,TRADE,638259025.3417631
2006-09-11,1.0,HOLD,649013682.4502599
2006-09-12,1.0,HOLD,687999314.4685609
2006-09-13,1.0,HOLD,698156490.6265857
2006-09-14,1.0,HOLD,700397044.1908559
2006-09-15,1.0,HOLD,708313666.7846105
2006-09-18,1.0,HOLD,707716185.8341385
2006-09-19,1.0,HOLD,692928532.3099554
2006-09-20,1.0,HOLD,723698801.2592657
2006-09-21,1.0,HOLD,709508628.6855546
2006-09-22,1.0,HOLD,692779162.0723373
2006-09-25,1.0,HOLD,728329278.625424
2006-09-26,1.0,HOLD,739681416.6843929
2006-09-27,1.0,HOLD,734602828.6053805
2006-09-28,1.0,HOLD,742071340.4862812
2006-09-29,1.0,HOLD,731615423.8530203
2006-10-02,1.0,HOLD,703085708.4679801
2006-10-03,1.0,HOLD,712346663.2002969
2006-10-04,1.0,HOLD,765223727.3170729
2006-10-05,1.0,HOLD,776127754.6631876
2006-10-06,1.0,HOLD,769406093.9703772
2006-10-09,1.0,HOLD,777621457.0393678
2006-10-10,1.0,HOLD,780160751.078874
2006-10-11,1.0,HOLD,777023976.0888958
2006-10-12,1.3,TRADE,814217165.2557807
2006-10-13,1.3,HOLD,829707952.9903429
2006-10-16,1.3,HOLD,829770936.4154404
2006-10-17,1.0,TRADE,795551277.7656113
2006-10-18,1.0,HOLD,782777302.8052225
2006-10-19,1.3,TRADE,790204032.4333556
2006-10-20,1.3,HOLD,795375168.9685966
2006-10-23,1.3,HOLD,824405180.9315321
2006-10-24,1.3,HOLD,801577516.3868544
2006-10-25,1.3,HOLD,824513352.2118692
2006-10-26,1.3,HOLD,855945359.1312451
2006-10-27,1.3,HOLD,805505091.0284991
2006-10-30,1.3,HOLD,823528530.0778446
2006-10-31,1.3,HOLD,831789102.5359215
2006-11-01,1.3,HOLD,785017600.8411443
2006-11-02,0.6000000000000001,TRADE,789030068.7337911
2006-11-03,0.6000000000000001,HOLD,783910079.892363
2006-11-06,1.3,TRADE,807103848.5255474
2006-11-07,1.3,HOLD,823413215.587683
2006-11-08,1.3,HOLD,838011245.6029919
2006-11-09,1.3,HOLD,819523568.2350501
2006-11-10,1.3,HOLD,839065422.9085513
2006-11-13,1.3,HOLD,869929376.3095311
2006-11-14,1.3,HOLD,906394345.1457602
2006-11-15,1.3,HOLD,918710548.4434152
2006-11-16,1.3,HOLD,933878959.4591376
2006-11-17,1.3,HOLD,930793183.6025126
2006-11-20,1.3,HOLD,936367329.9307932
2006-11-21,1.3,HOLD,945641123.4219723
2006-11-22,1.3,HOLD,966323771.0778842
2006-11-24,1.3,HOLD,957299902.8232423
2006-11-27,1.3,HOLD,876546830.4953027
2006-11-28,1.3,HOLD,885630421.831288
2006-11-29,1.3,HOLD,908975082.8072631
2006-11-30,1.3,HOLD,905508910.4377875
2006-12-01,1.3,HOLD,873900870.8284664
2006-12-04,1.3,HOLD,919976150.2188456
2006-12-05,1.3,HOLD,929439982.4283776
2006-12-06,1.3,HOLD,917797412.2541003
2006-12-07,1.3,HOLD,875160759.3466074
2006-12-08,1.3,HOLD,891089589.9336069
2006-12-11,1.3,HOLD,900846495.0951524
2006-12-12,1.3,HOLD,881597970.162852
2006-12-13,1.3,HOLD,883645979.7140207
2006-12-14,1.3,HOLD,922202339.667279
2006-12-15,1.3,HOLD,931475946.1671543
2006-12-18,1.3,HOLD,896547978.1386364
2006-12-19,1.3,HOLD,884715158.8061138
2006-12-20,1.3,HOLD,870410411.5722498
2006-12-21,1.3,HOLD,847929305.4656397
2006-12-22,1.3,HOLD,814609772.6988808
2006-12-26,1.3,HOLD,822801451.488666
2006-12-27,1.3,HOLD,840251315.2482957
2006-12-28,1.3,HOLD,831460788.7203612
2006-12-29,1.3,HOLD,827043651.4424974
2007-01-03,1.3,HOLD,830817934.6641523
2007-01-04,1.3,HOLD,891811558.8513309
2007-01-05,1.3,HOLD,876746095.6016761
2007-01-08,1.3,HOLD,879466878.9662675
2007-01-09,1.3,HOLD,894825016.1956376
2007-01-10,1.3,HOLD,933381164.8592738
2007-01-11,1.3,HOLD,969085090.192742
2007-01-12,1.3,HOLD,988246157.8666223
2007-01-16,1.3,HOLD,982746544.1002713
2007-01-17,1.3,HOLD,952469170.7801808
2007-01-18,1.3,HOLD,884922840.6010492
2007-01-19,1.3,HOLD,890203071.2825968
2007-01-22,1.3,HOLD,855844723.6386944
2007-01-23,1.3,HOLD,844772220.7665428
2007-01-24,1.3,HOLD,898349927.6910284
2007-01-25,1.3,HOLD,850388755.4845523
2007-01-26,1.3,HOLD,840837410.6098682
2007-01-29,1.3,HOLD,844128142.20626
2007-01-30,1.3,HOLD,848457547.879502
2007-01-31,1.3,HOLD,874844078.7634757
2007-02-01,1.3,HOLD,872518299.2237128
2007-02-02,1.3,HOLD,884643736.9318545
2007-02-05,1.3,HOLD,879377656.7044587
2007-02-06,1.3,HOLD,874389769.9840319
2007-02-07,1.3,HOLD,907241267.4814858
2007-02-08,1.3,HOLD,905866171.2743262
2007-02-09,1.3,HOLD,857524585.5281272
2007-02-12,1.3,HOLD,843701693.2696564
2007-02-13,1.3,HOLD,853925567.2574687
2007-02-14,1.3,HOLD,911306062.7042907
2007-02-15,1.3,HOLD,926854056.4766073
2007-02-16,1.3,HOLD,922626681.657031
2007-02-20,1.3,HOLD,945267824.783804
2007-02-21,1.3,HOLD,955301487.8886917
2007-02-22,1.3,HOLD,968757801.6712302
2007-02-23,1.3,HOLD,955213134.2899705
2007-02-26,1.3,HOLD,936446070.0824611
2007-02-27,1.3,HOLD,791699458.7538283
2007-02-28,1.3,HOLD,801162623.4015291
2007-03-01,1.3,HOLD,785906579.2649405
2007-03-02,1.3,HOLD,736994384.4896357
2007-03-05,1.3,HOLD,713853757.005633
2007-03-06,1.3,HOLD,764198629.4315648
2007-03-07,1.3,HOLD,751414457.8666604
2007-03-08,1.3,HOLD,768673614.8196094
2007-03-09,1.3,HOLD,765206664.655935
2007-03-12,1.3,HOLD,784849103.0391645
2007-03-13,1.3,HOLD,724527959.1578397
2007-03-14,1.3,HOLD,758900361.44593
2007-03-15,1.3,HOLD,761327942.3678691
2007-03-16,1.3,HOLD,756149607.3942659
2007-03-19,1.3,HOLD,783207639.4220965
2007-03-20,1.3,HOLD,798565224.1841755
2007-03-21,1.3,HOLD,867544452.1216786
2007-03-22,1.3,HOLD,854570013.8460279
2007-03-23,1.3,HOLD,843497044.614898
2007-03-26,1.3,HOLD,859146047.8774565
2007-03-27,1.3,HOLD,834572560.2211637
2007-03-28,0.4,TRADE,798970498.0702643
2007-03-29,0.4,HOLD,799501886.3848984
2007-03-30,1.3,TRADE,799801318.746932
2007-04-02,1.3,HOLD,800802435.9939533
2007-04-03,1.3,HOLD,840691517.6314425
2007-04-04,1.3,HOLD,849878073.5421323
2007-04-05,1.3,HOLD,869612726.0882728
2007-04-09,1.3,HOLD,860210885.1924862
2007-04-10,1.3,HOLD,875424883.002243
2007-04-11,1.3,HOLD,840158659.4217234
2007-04-12,1.3,HOLD,867427618.1855227
2007-04-13,1.3,HOLD,873035283.5089521
2007-04-16,1.3,HOLD,903796799.580324
2007-04-17,1.3,HOLD,905072176.8494658
2007-04-18,1.3,HOLD,899566622.1632175
2007-04-19,1.3,HOLD,899146752.9124705
2007-04-20,1.3,HOLD,923590264.7496358
2007-04-23,1.3,HOLD,930995101.6639279
2007-04-24,1.3,HOLD,946774068.2647908
2007-04-25,1.3,HOLD,989488365.0151254
2007-04-26,1.3,HOLD,1005078957.126501
2007-04-27,1.3,HOLD,1007484411.0583007
2007-04-30,1.3,HOLD,960453332.5842788
2007-05-01,1.3,HOLD,970769833.7888687
2007-05-02,1.3,HOLD,1001805817.9277346
2007-05-03,1.3,HOLD,1013252457.6669878
2007-05-04,1.3,HOLD,1012644113.2543039
2007-05-07,1.3,HOLD,1012514264.5378015
2007-05-08,1.3,HOLD,1019816967.3590086
2007-05-09,1.3,HOLD,1030886842.5443652
2007-05-10,1.3,HOLD,969250133.5644678
2007-05-11,1.3,HOLD,1014412973.3519058
2007-05-14,1.3,HOLD,992244957.9096233
2007-05-15,1.3,HOLD,960557292.0900189
2007-05-16,1.3,HOLD,998185732.7916907
2007-05-17,1.3,HOLD,984015439.0095214
2007-05-18,1.3,HOLD,1007140220.6873153
2007-05-21,1.3,HOLD,1034510460.680765
2007-05-22,1.3,HOLD,1044450080.8171207
2007-05-23,1.3,HOLD,1019543277.0216712
2007-05-24,1.3,HOLD,959601690.2867953
2007-05-25,1.3,HOLD,987058674.6584094
2007-05-29,1.3,HOLD,1006850929.3139627
2007-05-30,1.3,HOLD,1042972389.0377376
2007-05-31,1.3,HOLD,1062706607.4287548
2007-06-01,1.3,HOLD,1062098045.3548594
2007-06-04,1.3,HOLD,1072515647.7693162
2007-06-05,1.3,HOLD,1068893310.4120786
2007-06-06,1.3,HOLD,1032684857.1782113
2007-06-07,1.3,HOLD,966715673.1597159
2007-06-08,1.3,HOLD,1012443372.0313947
2007-06-11,1.3,HOLD,1003271473.9810425
2007-06-12,1.3,HOLD,980436463.3633671
2007-06-13,1.3,HOLD,1024845610.1593869
2007-06-14,1.3,HOLD,1045333155.3540113
2007-06-15,1.3,HOLD,1080512695.2223005
2007-06-18,1.3,HOLD,1083772327.56003
2007-06-19,1.3,HOLD,1077701213.802633
2007-06-20,1.3,HOLD,1036783676.0742931
2007-06-21,1.3,HOLD,1074411836.122042
2007-06-22,1.3,HOLD,1034247718.7763729
2007-06-25,1.3,HOLD,1015469183.156814
2007-06-26,1.3,HOLD,1006384270.5372424
2007-06-27,1.3,HOLD,1053618692.9506032
2007-06-28,1.3,HOLD,1050184534.8587662
2007-06-29,1.3,HOLD,1054473088.1905832
2007-07-02,1.3,HOLD,1093897321.0601277
2007-07-03,1.3,HOLD,1115891589.6366596
2007-07-05,1.3,HOLD,1148013485.880066
2007-07-06,1.3,HOLD,1162661729.6935697
2007-07-09,1.3,HOLD,1163660560.6515422
2007-07-10,1.3,HOLD,1126133328.3603382
2007-07-11,1.3,HOLD,1150952919.2816515
2007-07-12,1.3,HOLD,1228136306.0840642
2007-07-13,1.3,HOLD,1251637368.2605748
2007-07-16,1.3,HOLD,1241711212.0093918
2007-07-17,1.3,HOLD,1271051371.9596074
2007-07-18,1.3,HOLD,1261777927.7750125
2007-07-19,1.3,HOLD,1294320175.1129723
2007-07-20,1.3,HOLD,1255097633.2174172
2007-07-23,1.3,HOLD,1255154339.2413037
2007-07-24,1.3,HOLD,1175246220.5420349
2007-07-25,1.3,HOLD,1197240316.34316
2007-07-26,1.3,HOLD,1143702442.7777803
2007-07-27,1.3,HOLD,1079051379.973994
2007-07-30,1.3,HOLD,1114707772.9125805
2007-07-31,1.3,HOLD,1027453597.8633476
2007-08-01,1.3,HOLD,1052461382.6470963
2007-08-02,1.3,HOLD,1094798188.1241918
2007-08-03,1.3,HOLD,996430808.0690767
2007-08-06,1.3,HOLD,1065238220.633966
2007-08-07,1.3,HOLD,1079321135.7583604
2007-08-08,1.3,HOLD,1130887485.233874
2007-08-09,1.3,HOLD,1025174056.6207551
2007-08-10,1.3,HOLD,1001585146.8316395
2007-08-13,1.3,HOLD,1019347103.0318148
2007-08-14,1.3,HOLD,954695898.3079143
2007-08-15,1.3,HOLD,885147351.5242386
2007-08-16,1.3,HOLD,850445212.9931921
2007-08-17,1.3,HOLD,925933085.2040122
2007-08-20,1.3,HOLD,933335130.1764541
2007-08-21,1.3,HOLD,966442194.3692639
2007-08-22,1.3,HOLD,1014806330.1586344
2007-08-23,1.3,HOLD,1004590807.1023083
2007-08-24,1.3,HOLD,1061242723.3458056
2007-08-27,1.3,HOLD,1032668032.0354588
2007-08-28,1.3,HOLD,936937480.5849037
2007-08-29,1.3,HOLD,1040867467.8168566
2007-08-30,1.3,HOLD,1057775586.252963
2007-08-31,1.3,HOLD,1106893086.833262
2007-09-04,1.3,HOLD,1171134987.5493517
2007-09-05,1.3,HOLD,1115524841.0435364
2007-09-06,1.3,HOLD,1123580030.7132401
2007-09-07,1.3,HOLD,1039904376.4200699
2007-09-10,1.3,HOLD,1042785306.3368201
2007-09-11,1.3,HOLD,1099060361.9338052
2007-09-12,1.3,HOLD,1098262630.7065074
2007-09-13,1.3,HOLD,1117242587.1939695
2007-09-14,1.3,HOLD,1120965456.2366154
2007-09-17,1.3,HOLD,1083725751.107321
2007-09-18,1.3,HOLD,1188409015.7113714
2007-09-19,1.3,HOLD,1200419641.3043408
2007-09-20,1.3,HOLD,1180974304.9084609
2007-09-21,1.3,HOLD,1215776354.3554246
2007-09-24,1.3,HOLD,1231653722.0529876
2007-09-25,1.3,HOLD,1273236663.9081511
2007-09-26,1.3,HOLD,1297867287.2453642
2007-09-27,1.3,HOLD,1314775183.3683047
2007-09-28,1.3,HOLD,1302299066.559484
2007-10-01,1.3,HOLD,1358861812.4634027
2007-10-02,1.3,HOLD,1355615255.1037905
2007-10-03,1.3,HOLD,1325621710.8924532
2007-10-04,1.3,HOLD,1330474574.864072
2007-10-05,1.3,HOLD,1428941856.959928
2007-10-08,1.3,HOLD,1459699251.6623948
2007-10-09,1.3,HOLD,1477737206.2035935
2007-10-10,1.3,HOLD,1490689459.5991287
2007-10-11,1.3,HOLD,1403434713.7031212
2007-10-12,1.3,HOLD,1488528450.5240777
2007-10-15,1.3,HOLD,1441870126.1089249
2007-10-16,1.3,HOLD,1422801300.5506303
2007-10-17,1.3,HOLD,1487363865.769402
2007-10-18,1.3,HOLD,1506531902.4985647
2007-10-19,1.3,HOLD,1369738674.0816538
2007-10-22,1.3,HOLD,1429126302.4032881
2007-10-23,1.3,HOLD,1539648417.1859336
2007-10-24,1.3,HOLD,1498353164.9523277
2007-10-25,1.3,HOLD,1432759592.9164681
2007-10-26,1.3,HOLD,1509000344.56881
2007-10-29,1.3,HOLD,1529397490.6221259
2007-10-30,1.3,HOLD,1538959122.0540888
2007-10-31,1.3,HOLD,1614446397.6577485
2007-11-01,1.0,TRADE,1508732301.2623281
2007-11-02,1.3,TRADE,1542999630.153223
2007-11-05,1.0,TRADE,1506188095.3052979
2007-11-06,1.0,HOLD,1553758696.6935146
2007-11-07,0.8,TRADE,1438849980.5023828
2007-11-08,0.8,HOLD,1337577875.8514304
2007-11-09,0.8,HOLD,1229871527.0591307
2007-11-12,0.30000000000000004,TRADE,1157076724.3728533
2007-11-13,0.4,TRADE,1201386163.7298884
2007-11-14,0.7000000000000001,TRADE,1181736187.5026069
2007-11-15,0.4,TRADE,1164460302.7146692
2007-11-16,0.7000000000000001,TRADE,1181339950.893772
2007-11-19,0.4,TRADE,1147779085.944218
2007-11-20,0.4,HOLD,1153672682.1103506
2007-11-21,0.4,HOLD,1137356415.8856854
2007-11-23,0.4,HOLD,1152436400.737146
2007-11-26,0.30000000000000004,TRADE,1125374776.2174869
2007-11-27,0.4,TRADE,1147960410.6030421
2007-11-28,0.30000000000000004,TRADE,1190169700.2826414
2007-11-29,0.0,TRADE,1193719724.4306645
2007-11-30,0.2,TRADE,1193863375.781991
2007-12-03,0.2,HOLD,1186696754.955356
2007-12-04,0.4,TRADE,1183899121.6885905
2007-12-05,0.5,TRADE,1211769990.9652443
2007-12-06,1.0,TRADE,1236201246.8605468
2007-12-07,1.0,HOLD,1239667795.10217
2007-12-10,1.0,HOLD,1247806647.4955459
2007-12-11,0.4,TRADE,1157525673.7245793
2007-12-12,0.4,HOLD,1169184507.931911
2007-12-13,0.5,TRADE,1164561088.3256865
2007-12-14,0.4,TRADE,1145950132.6321852
2007-12-17,0.4,HOLD,1111915711.1100214
2007-12-18,0.4,HOLD,1117340923.6789296
2007-12-19,0.4,HOLD,1118148318.5326838
2007-12-20,0.4,HOLD,1142652464.1697211
2007-12-21,1.0,TRADE,1170255423.4115317
2007-12-24,1.0,HOLD,1197834221.6696234
2007-12-26,1.0,HOLD,1211402400.491786
2007-12-27,1.0,HOLD,1158457007.0444336
2007-12-28,0.5,TRADE,1159636848.6811435
2007-12-31,0.4,TRADE,1141326013.1572914
2008-01-02,0.4,HOLD,1118151537.0953693
2008-01-03,0.4,HOLD,1119368994.6455774
2008-01-04,0.0,TRADE,1063244862.7524776
2008-01-07,0.0,HOLD,1063582623.0056937
2008-01-08,0.0,HOLD,1063695233.5855433
2008-01-09,0.0,HOLD,1063807856.0976353
2008-01-10,0.0,HOLD,1063920490.5186834
2008-01-11,0.0,HOLD,1064033136.8843793
2008-01-14,0.0,HOLD,1064371147.4938793
2008-01-15,0.0,HOLD,1064483841.5642309
2008-01-16,0.0,HOLD,1064596547.5698832
2008-01-17,0.0,HOLD,1064709265.4963888
2008-01-18,0.0,HOLD,1064821995.367542
2008-01-22,0.0,HOLD,1065273034.209841
2008-01-23,0.0,HOLD,1065385823.7703232
2008-01-24,0.0,HOLD,1065498625.2736696
2008-01-25,0.0,HOLD,1065611438.7216637
2008-01-28,0.0,HOLD,1065949950.7025211
2008-01-29,0.0,HOLD,1066062811.9363177
2008-01-30,0.0,HOLD,1066175685.1075467
2008-01-31,0.0,HOLD,1066288570.247217
2008-02-01,0.0,HOLD,1066401467.3315351
2008-02-04,0.0,HOLD,1066740230.2836269
2008-02-05,0.0,HOLD,1066826054.0360117
2008-02-06,0.0,HOLD,1066911884.7014081
2008-02-07,0.0,HOLD,1066997722.255552
2008-02-08,0.0,HOLD,1067083566.7222388
2008-02-11,0.0,HOLD,1067341141.5818019
2008-02-12,0.0,HOLD,1067427013.6782861
2008-02-13,0.0,HOLD,1067512892.6838928
2008-02-14,0.0,HOLD,1067598778.6020426
2008-02-15,0.0,HOLD,1067684671.4327352
2008-02-19,0.0,HOLD,1068028311.8262827
2008-02-20,0.0,HOLD,1068114239.2103914
2008-02-21,0.0,HOLD,1068200173.5044423
2008-02-22,0.0,HOLD,1068286114.7229338
2008-02-25,0.0,HOLD,1068543979.8255651
2008-02-26,0.0,HOLD,1068629948.6975007
2008-02-27,0.0,HOLD,1068715924.4787055
2008-02-28,0.0,HOLD,1068801907.1843508
2008-02-29,0.0,HOLD,1068887896.8144368
2008-03-03,0.0,HOLD,1069145907.1992344
2008-03-04,0.0,HOLD,1069231924.4945931
2008-03-05,0.0,HOLD,1069307403.8233391
2008-03-06,0.0,HOLD,1069382888.4822384
2008-03-07,0.0,HOLD,1069458378.4712915
2008-03-10,0.0,HOLD,1069684880.4174083
2008-03-11,0.0,HOLD,1069760391.7189908
2008-03-12,0.0,HOLD,1069835908.3588126
2008-03-13,0.0,HOLD,1069911430.3287878
2008-03-14,0.0,HOLD,1069986957.6170192
2008-03-17,0.0,HOLD,1070213571.5042647
2008-03-18,0.0,HOLD,1070289120.1314546
2008-03-19,0.0,HOLD,1070364674.094249
2008-03-20,0.0,HOLD,1070440233.3752991
2008-03-24,1.0,TRADE,1070742523.9224033
2008-03-25,1.0,HOLD,1088416087.5541344
2008-03-26,1.0,HOLD,1075333059.9306452
2008-03-27,1.0,HOLD,1005327385.8049574
2008-03-28,1.0,HOLD,987424295.3728144
2008-03-31,1.0,HOLD,1011524609.4160838
2008-04-01,1.0,HOLD,1136387188.8402612
2008-04-02,1.0,HOLD,1123763214.8175962
2008-04-03,1.0,HOLD,1135239554.8382008
2008-04-04,1.0,HOLD,1154519806.0728164
2008-04-07,1.0,HOLD,1144879680.4555087
2008-04-08,1.0,HOLD,1117336464.4060576
2008-04-09,1.0,HOLD,1080841703.140535
2008-04-10,1.0,HOLD,1128124224.025426
2008-04-11,1.0,HOLD,1028739119.4469906
2008-04-14,0.0,TRADE,1015197038.2226774
2008-04-15,0.0,HOLD,1015268703.123952
2008-04-16,1.0,TRADE,1015331412.3991239
2008-04-17,1.0,HOLD,1005045855.3994222
2008-04-18,1.0,HOLD,1102023964.2537525
2008-04-21,1.0,HOLD,1124064443.5388274
2008-04-22,1.0,HOLD,1068438472.0098284
2008-04-23,1.0,HOLD,1110630246.641258
2008-04-24,1.0,HOLD,1141696826.9668875
2008-04-25,1.0,HOLD,1130781541.987612
2008-04-28,1.0,HOLD,1138758096.395544
2008-04-29,1.0,HOLD,1157020207.8031778
2008-04-30,1.0,HOLD,1128262630.0693178
2008-05-01,1.0,HOLD,1238674935.8212175
2008-05-02,1.0,HOLD,1240983938.4129872
2008-05-05,1.0,HOLD,1230068653.433712
2008-05-06,1.0,HOLD,1257356865.8819003
2008-05-07,1.0,HOLD,1182839054.9656942
2008-05-08,1.0,HOLD,1210756995.393456
2008-05-09,1.0,HOLD,1198372345.1285088
2008-05-12,1.0,HOLD,1265543329.6163568
2008-05-13,1.0,HOLD,1272890156.0447152
2008-05-14,1.0,HOLD,1266592876.2489796
2008-05-15,1.0,HOLD,1331244948.818533
2008-05-16,1.0,HOLD,1330825130.1654837
2008-05-19,1.0,HOLD,1301647733.778575
2008-05-20,1.0,HOLD,1270371244.1264207
2008-05-21,1.0,HOLD,1186617422.8431356
2008-05-22,0.6000000000000001,TRADE,1201101166.373328
2008-05-23,0.6000000000000001,HOLD,1194329779.1689696
2008-05-27,1.0,TRADE,1234105889.7130082
2008-05-28,1.0,HOLD,1243387983.1505954
2008-05-29,1.0,HOLD,1278453669.47037
2008-05-30,1.0,HOLD,1303824724.8664422
2008-06-02,1.0,HOLD,1253907689.0465279
2008-06-03,1.0,HOLD,1234930964.6852381
2008-06-04,1.0,HOLD,1280310088.1578877
2008-06-05,1.0,HOLD,1344047129.7626543
2008-06-06,0.6000000000000001,TRADE,1216779315.2961783
2008-06-09,0.6000000000000001,HOLD,1204852914.1532705
2008-06-10,0.6000000000000001,HOLD,1196958605.3425648
2008-06-11,0.2,TRADE,1144757771.945918
2008-06-12,0.2,HOLD,1144721322.445789
2008-06-13,0.4,TRADE,1159586538.1412265
2008-06-16,1.0,TRADE,1172898334.803484
2008-06-17,0.6000000000000001,TRADE,1151331034.2666268
2008-06-18,0.6000000000000001,HOLD,1128377775.129876
2008-06-19,0.4,TRADE,1160693244.522007
2008-06-20,0.0,TRADE,1122475670.1179788
2008-06-23,0.0,HOLD,1122658380.6022189
2008-06-24,0.0,HOLD,1122719290.7095973
2008-06-25,0.0,HOLD,1122780204.1119106
2008-06-26,0.0,HOLD,1122841120.8337483
2008-06-27,0.0,HOLD,1122902040.8513145
2008-06-30,0.0,HOLD,1123084820.7433014
2008-07-01,0.0,HOLD,1123145753.9854894
2008-07-02,0.0,HOLD,1123206690.5292892
2008-07-03,0.0,HOLD,1123267932.0885937
2008-07-07,0.0,HOLD,1123512931.6404712
2008-07-08,0.0,HOLD,1123574189.8901708
2008-07-09,0.0,HOLD,1123635451.4737005
2008-07-10,0.0,HOLD,1123696716.4005504
2008-07-11,0.0,HOLD,1123757984.6707206
2008-07-14,0.0,HOLD,1123941809.4979694
2008-07-15,0.0,HOLD,1124003091.131235
2008-07-16,0.0,HOLD,1124064376.106107
2008-07-17,0.0,HOLD,1124125664.4124017
2008-07-18,0.0,HOLD,1124186956.0739143
2008-07-21,0.0,HOLD,1124370851.0790172
2008-07-22,0.0,HOLD,1124432156.1049006
2008-07-23,0.0,HOLD,1124493464.4711158
2008-07-24,0.0,HOLD,1124554776.180651
2008-07-25,0.0,HOLD,1124616091.2335064
2008-07-28,0.0,HOLD,1124800056.4521604
2008-07-29,0.0,HOLD,1124861384.8785949
2008-07-30,0.0,HOLD,1124922716.6480513
2008-07-31,0.0,HOLD,1124984051.760828
2008-08-01,0.0,HOLD,1125045390.2288227
2008-08-04,0.0,HOLD,1125229425.661028
2008-08-05,1.0,TRADE,1125290475.2605119
2008-08-06,1.0,HOLD,1170975344.9826267
2008-08-07,1.0,HOLD,1142843083.101114
2008-08-08,1.0,HOLD,1226518528.6974084
2008-08-11,1.0,HOLD,1254891237.2616692
2008-08-12,1.0,HOLD,1254410343.8961732
2008-08-13,1.0,HOLD,1256093470.675409
2008-08-14,1.0,HOLD,1299373873.570044
2008-08-15,1.0,HOLD,1285668412.6534095
2008-08-18,1.0,HOLD,1236376842.6900752
2008-08-19,1.0,HOLD,1190691972.9679604
2008-08-20,1.0,HOLD,1198626713.4986436
2008-08-21,1.0,HOLD,1186363932.678497
2008-08-22,1.0,HOLD,1232289249.0833597
2008-08-25,1.0,HOLD,1152220503.7282848
2008-08-26,1.0,HOLD,1145728443.2940896
2008-08-27,1.0,HOLD,1171456238.3481226
2008-08-28,1.0,HOLD,1198626713.4986436
2008-08-29,0.1,TRADE,1118317521.4608207
2008-09-02,0.0,TRADE,1114496463.5003505
2008-09-03,0.0,HOLD,1114556930.7803302
2008-09-04,0.0,HOLD,1114611707.700081
2008-09-05,0.0,HOLD,1114666487.3203156
2008-09-08,0.0,HOLD,1114830842.288349
2008-09-09,0.0,HOLD,1114885632.670906
2008-09-10,0.0,HOLD,1114940425.734076
2008-09-11,0.0,HOLD,1114995221.5096262
2008-09-12,0.0,HOLD,1115050019.961867
2008-09-15,0.0,HOLD,1115214431.5000794
2008-09-16,0.0,HOLD,1115269240.731432
2008-09-17,0.0,HOLD,1115324052.6622984
2008-09-18,0.0,HOLD,1115378867.2817523
2008-09-19,0.0,HOLD,1115433684.6016898
2008-09-22,0.0,HOLD,1115598152.710082
2008-09-23,0.0,HOLD,1115652980.7981617
2008-09-24,0.0,HOLD,1115707811.5848286
2008-09-25,0.0,HOLD,1115762645.071979
2008-09-26,0.0,HOLD,1115817481.247717
2008-09-29,0.0,HOLD,1115982005.926289
2008-09-30,0.0,HOLD,1116036852.8829918
2008-10-01,0.0,HOLD,1116091702.5373542
2008-10-02,0.0,HOLD,1116146554.880304
2008-10-03,0.0,HOLD,1116176074.3191924
2008-10-06,0.0,HOLD,1116264637.297896
2008-10-07,0.0,HOLD,1116294159.8492537
2008-10-08,0.0,HOLD,1116323683.1901627
2008-10-09,0.0,HOLD,1116353207.3043377
2008-10-10,0.0,HOLD,1116382732.1917791
2008-10-13,0.0,HOLD,1116471311.587955
2008-10-14,0.0,HOLD,1116500839.6038723
2008-10-15,0.0,HOLD,1116530368.4052312
2008-10-16,0.0,HOLD,1116559897.9917529
2008-10-17,0.0,HOLD,1116589428.3515406
2008-10-20,0.0,HOLD,1116678024.1294987
2008-10-21,0.0,HOLD,1116707557.6179066
2008-10-22,0.0,HOLD,1116737091.879715
2008-10-23,0.0,HOLD,1116766626.9266858
2008-10-24,0.0,HOLD,1116796162.758819
2008-10-27,0.0,HOLD,1116884774.918558
2008-10-28,0.0,HOLD,1116914313.8754902
2008-10-29,0.0,HOLD,1116943853.6096437
2008-10-30,0.0,HOLD,1116973394.12896
2008-10-31,0.0,HOLD,1117002935.4215422
2008-11-03,0.0,HOLD,1117091563.998752
2008-11-04,0.0,HOLD,1117121108.4242094
2008-11-05,0.0,HOLD,1117133021.6375914
2008-11-06,0.0,HOLD,1117144934.9699373
2008-11-07,0.0,HOLD,1117156848.4331439
2008-11-10,0.0,HOLD,1117192589.5964925
2008-11-11,0.0,HOLD,1117204503.567435
2008-11-12,0.0,HOLD,1117216417.6730473
2008-11-13,0.0,HOLD,1117228331.8976238
2008-11-14,0.0,HOLD,1117240246.2530606
2008-11-17,0.0,HOLD,1117275990.0931292
2008-11-18,0.0,HOLD,1117287904.9523463
2008-11-19,0.0,HOLD,1117299819.950189
2008-11-20,0.0,HOLD,1117311735.0669959
2008-11-21,0.0,HOLD,1117323650.3027666
2008-11-24,0.0,HOLD,1117359396.783865
2008-11-25,0.0,HOLD,1117371312.5392873
2008-11-26,0.0,HOLD,1117383228.4174638
2008-11-28,0.0,HOLD,1117407060.538819
2008-12-01,0.0,HOLD,1117442809.7088053
2008-12-02,0.0,HOLD,1117454726.3485363
2008-12-03,0.0,HOLD,1117459620.8740401
2008-12-04,0.0,HOLD,1117464515.4233367
2008-12-05,0.0,HOLD,1117469409.9964263
2008-12-08,0.0,HOLD,1117484093.8513901
2008-12-09,0.0,HOLD,1117488988.5054007
2008-12-10,0.0,HOLD,1117493883.1855578
2008-12-11,0.0,HOLD,1117498777.889508
2008-12-12,0.0,HOLD,1117503672.6053545
2008-12-15,0.0,HOLD,1117518356.8885908
2008-12-16,0.0,HOLD,1117523251.6972554
2008-12-17,0.0,HOLD,1117528146.5201695
2008-12-18,0.0,HOLD,1117533041.378773
2008-12-19,0.0,HOLD,1117537936.2492726
2008-12-22,0.0,HOLD,1117552620.9607809
2008-12-23,0.0,HOLD,1117557515.9201336
2008-12-24,0.0,HOLD,1117562410.8977008
2008-12-26,0.0,HOLD,1117572200.9218614
2008-12-29,0.0,HOLD,1117586886.1116471
2008-12-30,0.0,HOLD,1117591781.217723
2008-12-31,0.0,HOLD,1117596676.338047
2009-01-02,0.0,HOLD,1117606466.6715145
2009-01-05,0.0,HOLD,1117621152.3074188
2009-01-06,0.0,HOLD,1117625741.8384192
2009-01-07,0.0,HOLD,1117630331.3902273
2009-01-08,0.0,HOLD,1117634920.9658282
2009-01-09,0.0,HOLD,1117639510.5533257
2009-01-12,0.0,HOLD,1117653279.4437377
2009-01-13,0.0,HOLD,1117657869.1055992
2009-01-14,0.0,HOLD,1117662458.7882676
2009-01-15,0.0,HOLD,1117667048.4947293
2009-01-16,0.0,HOLD,1117671638.213087
2009-01-20,0.0,HOLD,1117689997.294777
2009-01-21,0.0,HOLD,1117694587.106837
2009-01-22,0.0,HOLD,1117699176.944159
2009-01-23,0.0,HOLD,1117703766.7933774
2009-01-26,0.0,HOLD,1117717536.4689562
2009-01-27,0.0,HOLD,1117722126.396505
2009-01-28,0.0,HOLD,1117726716.3408947
2009-01-29,0.0,HOLD,1117731306.309077
2009-01-30,0.0,HOLD,1117735896.289156
2009-02-02,0.0,HOLD,1117749666.3573182
2009-02-03,0.0,HOLD,1117754256.4196937
2009-02-04,0.0,HOLD,1117760986.1832955
2009-02-05,0.0,HOLD,1117767715.9944828
2009-02-06,0.0,HOLD,1117774445.8413594
2009-02-09,0.0,HOLD,1117794635.6463041
2009-02-10,0.0,HOLD,1117801365.65663
2009-02-11,0.0,HOLD,1117808095.717642
2009-02-12,0.0,HOLD,1117814825.802447
2009-02-13,0.0,HOLD,1117821555.946734
2009-02-17,0.0,HOLD,1117848476.8621793
2009-02-18,0.0,HOLD,1117855207.198109
2009-02-19,0.0,HOLD,1117861937.580324
2009-02-20,0.0,HOLD,1117868667.998228
2009-02-23,0.0,HOLD,1117888859.4805763
2009-02-24,0.0,HOLD,1117895590.0619333
2009-02-25,0.0,HOLD,1117902320.6820767
2009-02-26,0.0,HOLD,1117909051.337909
2009-02-27,0.0,HOLD,1117915782.041327
2009-03-02,0.0,HOLD,1117935974.380222
2009-03-03,0.0,HOLD,1117942705.243129
2009-03-04,0.0,HOLD,1117948213.4476345
2009-03-05,0.0,HOLD,1117953721.675933
2009-03-06,0.0,HOLD,1117959229.9280243
2009-03-09,0.0,HOLD,1117975754.8370953
2009-03-10,0.0,HOLD,1117981263.1996014
2009-03-11,0.0,HOLD,1117986771.5944495
2009-03-12,0.0,HOLD,1117992280.0130904
2009-03-13,0.0,HOLD,1117997788.4555242
2009-03-16,0.0,HOLD,1118014313.935626
2009-03-17,0.0,HOLD,1118019822.4884756
2009-03-18,0.0,HOLD,1118025331.073666
2009-03-19,0.0,HOLD,1118030839.6826496
2009-03-20,0.0,HOLD,1118036348.315426
2009-03-23,0.0,HOLD,1118052874.3665588
2009-03-24,0.0,HOLD,1118058383.1097517
2009-03-25,0.0,HOLD,1118063891.885285
2009-03-26,0.0,HOLD,1118069400.6727145
2009-03-27,0.0,HOLD,1118074909.4958332
2009-03-30,0.0,HOLD,1118091436.1536856
2009-03-31,0.0,HOLD,1118096945.087222
2009-04-01,0.0,HOLD,1118102454.0412014
2009-04-02,0.0,HOLD,1118107963.0308702
2009-04-03,0.0,HOLD,1118112554.557482
2009-04-06,0.0,HOLD,1118126329.2652628
2009-04-07,0.0,HOLD,1118130920.8702126
2009-04-08,0.0,HOLD,1118135512.5038922
2009-04-09,0.0,HOLD,1118140104.1494684
2009-04-13,0.0,HOLD,1118158470.8924928
2009-04-14,0.0,HOLD,1118163062.631783
2009-04-15,0.0,HOLD,1118167654.3844268
2009-04-16,0.0,HOLD,1118172246.1608636
2009-04-17,0.0,HOLD,1118176837.961093
2009-04-20,0.0,HOLD,1118190613.4540393
2009-04-21,0.0,HOLD,1118195205.3246763
2009-04-22,0.0,HOLD,1118199797.2081807
2009-04-23,0.30000000000000004,TRADE,1118204389.1154776
2009-04-24,0.1,TRADE,1139707158.8597999
2009-04-27,0.30000000000000004,TRADE,1138848126.5712209
2009-04-28,0.30000000000000004,HOLD,1132926756.8282108
2009-04-29,0.30000000000000004,HOLD,1148070785.983532
2009-04-30,0.5,TRADE,1156961024.848433
2009-05-01,0.5,HOLD,1160138956.7231483
2009-05-04,0.5,HOLD,1198782018.813405
2009-05-05,0.5,HOLD,1194021534.5822468
2009-05-06,0.5,HOLD,1194024384.8678346
2009-05-07,0.30000000000000004,TRADE,1149569446.4703174
2009-05-08,0.5,TRADE,1153089239.99428
2009-05-11,0.5,HOLD,1154684582.1441188
2009-05-12,0.5,HOLD,1131943002.0814724
2009-05-13,0.5,HOLD,1086985941.266023
2009-05-14,0.5,HOLD,1109204262.7924118
2009-05-15,0.5,HOLD,1103917703.3767052
2009-05-18,0.30000000000000004,TRADE,1147828247.2803645
2009-05-19,0.5,TRADE,1152295982.606977
2009-05-20,0.5,HOLD,1146505742.811269
2009-05-21,0.30000000000000004,TRADE,1114383327.9261796
2009-05-22,0.5,TRADE,1111115987.450952
2009-05-26,0.4,TRADE,1171513675.1031842
2009-05-27,0.4,HOLD,1161493491.9727325
2009-05-28,0.4,HOLD,1179455988.442136
2009-05-29,0.4,HOLD,1194912573.330825
2009-06-01,0.4,HOLD,1237523460.6770134
2009-06-02,0.4,HOLD,1240868139.541925
2009-06-03,0.6000000000000001,TRADE,1235442704.438344
2009-06-04,0.6000000000000001,HOLD,1261607860.769591
2009-06-05,0.6000000000000001,HOLD,1262192085.8251932
2009-06-08,0.6000000000000001,HOLD,1255223989.0453215
2009-06-09,0.6000000000000001,HOLD,1274993912.6377082
2009-06-10,0.6000000000000001,HOLD,1265113211.3389642
2009-06-11,0.6000000000000001,HOLD,1268022975.698063
2009-06-12,0.6000000000000001,HOLD,1256979504.8189273
2009-06-15,0.6000000000000001,HOLD,1205826163.4371042
2009-06-16,0.6000000000000001,HOLD,1186061920.602428
2009-06-17,0.6000000000000001,HOLD,1204087689.9109733
2009-06-18,0.6000000000000001,HOLD,1200602221.5660248
2009-06-19,0.6000000000000001,HOLD,1226185993.3374007
2009-06-22,0.6000000000000001,HOLD,1159335262.6559691
2009-06-23,0.6000000000000001,HOLD,1156431179.192863
2009-06-24,0.6000000000000001,HOLD,1187828799.0683746
2009-06-25,0.6000000000000001,HOLD,1229109960.6031785
2009-06-26,0.6000000000000001,HOLD,1236089418.8266456
2009-06-29,0.6000000000000001,HOLD,1241330403.9253113
2009-06-30,0.6000000000000001,HOLD,1231449702.9521055
2009-07-01,0.6000000000000001,HOLD,1237266391.6427522
2009-07-02,0.6000000000000001,HOLD,1184363215.3581252
2009-07-06,0.6000000000000001,HOLD,1176813872.536955
2009-07-07,0.5,TRADE,1125654174.8814096
2009-07-08,0.6000000000000001,TRADE,1133430494.9015722
2009-07-09,0.6000000000000001,HOLD,1138373867.056699
2009-07-10,0.6000000000000001,HOLD,1145170259.100833
2009-07-13,0.6000000000000001,HOLD,1185942654.004414
2009-07-14,0.6000000000000001,HOLD,1193974392.6734486
2009-07-15,1.0,TRADE,1267479500.5413837
2009-07-16,1.0,HOLD,1312677934.9309475
2009-07-17,1.0,HOLD,1333834648.9005303
2009-07-20,1.0,HOLD,1378071414.473295
2009-07-21,1.0,HOLD,1402113134.8932757
2009-07-22,1.0,HOLD,1433848205.8476503
2009-07-23,1.0,HOLD,1534823431.6115692
2009-07-24,1.0,HOLD,1527130081.0771754
2009-07-27,1.0,HOLD,1528091749.8939748
2009-07-28,1.0,HOLD,1545401788.596361
2009-07-29,1.0,HOLD,1528091749.8939748
2009-07-30,1.0,HOLD,1557903483.2147508
2009-07-31,1.0,HOLD,1538670106.8787663
2009-08-03,1.0,HOLD,1610795268.1387084
2009-08-04,1.0,HOLD,1611756936.9555075
2009-08-05,1.0,HOLD,1570405177.8331409
2009-08-06,1.0,HOLD,1529053418.710774
2009-08-07,1.0,HOLD,1583868541.26833
2009-08-10,1.0,HOLD,1556941814.3979514
2009-08-11,1.0,HOLD,1511743380.0083878
2009-08-12,1.0,HOLD,1582906872.4515307
2009-08-13,1.0,HOLD,1608871930.50511
2009-08-14,1.0,HOLD,1558865152.03155
2009-08-17,1.0,HOLD,1423269848.8628585
2009-08-18,1.0,HOLD,1482893315.504411
2009-08-19,1.0,HOLD,1511743380.0083878
2009-08-20,1.0,HOLD,1560788489.6651485
2009-08-21,1.0,HOLD,1629066975.6578937
2009-08-24,1.0,HOLD,1620411956.3067007
2009-08-25,1.0,HOLD,1635798657.3754883
2009-08-26,1.0,HOLD,1628105306.8410945
2009-08-27,1.0,HOLD,1639645332.6426854
2009-08-28,1.0,HOLD,1646377014.3602798
2009-08-31,1.0,HOLD,1591561891.802724
2009-09-01,1.0,HOLD,1505011698.2907932
2009-09-02,1.0,HOLD,1501165023.023596
2009-09-03,1.0,HOLD,1533861762.79477
2009-09-04,1.0,HOLD,1626181969.207496
2009-09-08,1.0,HOLD,1675227078.8642566
2009-09-09,1.0,HOLD,1719463844.437021
2009-09-10,1.0,HOLD,1771393960.5441797
2009-09-11,1.0,HOLD,1769470622.910581
2009-09-14,1.0,HOLD,1795435680.9641604
2009-09-15,1.0,HOLD,1813707388.4833455
2009-09-16,1.0,HOLD,1890640893.8272839
2009-09-17,1.0,HOLD,1881985874.476091
2009-09-18,1.0,HOLD,1895449237.9112802
2009-09-21,1.0,HOLD,1915644283.0640638
2009-09-22,1.0,HOLD,1924299302.415257
2009-09-23,1.0,HOLD,1891602562.6440833
2009-09-24,1.0,HOLD,1843519121.8041217
2009-09-25,1.0,HOLD,1792550674.5137627
2009-09-28,1.0,HOLD,1889679225.0104847
2009-09-29,1.0,HOLD,1866599173.407303
2009-09-30,1.0,HOLD,1870445848.6745002
2009-10-01,1.0,HOLD,1698307130.4674382
2009-10-02,1.0,HOLD,1686767104.6658475
2009-10-05,1.0,HOLD,1726195526.1546156
2009-10-06,1.0,HOLD,1817554063.7505426
2009-10-07,1.0,HOLD,1834864102.4529285
2009-10-08,1.0,HOLD,1857944154.0561101
2009-10-09,1.0,HOLD,1890640893.8272839
2009-10-12,1.0,HOLD,1896410906.728079
2009-10-13,1.0,HOLD,1898334244.3616776
2009-10-14,1.0,HOLD,1977191087.3392146
2009-10-15,1.0,HOLD,1973344412.0720177
2009-10-16,1.0,HOLD,1926222640.0488555
2009-10-19,1.0,HOLD,1983922769.0568092
2009-10-20,1.0,HOLD,1981999431.4232106
2009-10-21,1.0,HOLD,1972382743.2552185
2009-10-22,1.0,HOLD,2005079483.026392
2009-10-23,1.0,HOLD,1972382743.2552185
2009-10-26,1.0,HOLD,1949302691.652037
2009-10-27,1.0,HOLD,1867560842.2241025
2009-10-28,1.0,HOLD,1735812214.322608
2009-10-29,1.0,HOLD,1826209083.1017358
2009-10-30,1.0,HOLD,1684843767.032249
2009-11-02,1.0,HOLD,1702153805.7346349
2009-11-03,1.0,HOLD,1721387182.0706196
2009-11-04,1.0,HOLD,1727157194.971415
2009-11-05,1.0,HOLD,1851212472.3385155
2009-11-06,1.0,HOLD,1882947543.29289
2009-11-09,1.0,HOLD,2005079483.026392
2009-11-10,1.0,HOLD,2021427852.911979
2009-11-11,1.0,HOLD,2055086261.499952
2009-11-12,1.0,HOLD,2020466184.09518
2009-11-13,1.0,HOLD,2073357969.0191376
2009-11-16,1.0,HOLD,2139713117.3782842
2009-11-17,1.0,HOLD,2157984824.8974695
2009-11-18,1.0,HOLD,2120479741.0422997
2009-11-19,1.0,HOLD,2019504515.2783806
2009-11-20,1.0,HOLD,1988731113.1408055
2009-11-23,1.0,HOLD,2086821332.4543266
2009-11-24,1.0,HOLD,2062779612.0343459
2009-11-25,1.0,HOLD,2088744670.0879252
2009-11-27,1.0,HOLD,1990654450.7744036
2009-11-30,1.0,HOLD,1997386132.4919982
2009-12-01,1.0,HOLD,2065664618.4847436
2009-12-02,1.0,HOLD,2076242975.469535
2009-12-03,1.0,HOLD,2048354579.7823575
2009-12-04,1.0,HOLD,2079127981.9199328
2009-12-07,1.0,HOLD,2050277917.415956
2009-12-08,1.0,HOLD,2012772833.5607862
2009-12-09,1.0,HOLD,2070472962.5687397
2009-12-10,1.0,HOLD,2104131371.1567128
2009-12-11,1.0,HOLD,2078166313.1031334
2009-12-14,1.0,HOLD,2136828110.9278867
2009-12-15,1.0,HOLD,2098361358.2559173
2009-12-16,1.0,HOLD,2107016377.6071103
2009-12-17,1.0,HOLD,2028159534.6295738
2009-12-18,1.0,HOLD,2127211422.7598944
2009-12-21,1.0,HOLD,2203183259.287033
2009-12-22,1.0,HOLD,2241650011.9590025
2009-12-23,1.0,HOLD,2286848446.3485665
2009-12-24,1.0,HOLD,2353203594.707713
2009-12-28,1.0,HOLD,2384938665.6620874
2009-12-29,1.0,HOLD,2360896945.242107
2009-12-30,1.0,HOLD,2385900334.4788866
2009-12-31,1.0,HOLD,2315698510.852543
2010-01-04,1.0,HOLD,2414750398.9828634
2010-01-05,1.0,HOLD,2420520411.883659
2010-01-06,1.0,HOLD,2382053659.21169
2010-01-07,1.0,HOLD,2375321977.4940953
2010-01-08,1.0,HOLD,2434945444.1356473
2010-01-11,1.0,HOLD,2410903723.715667
2010-01-12,1.0,HOLD,2316660179.6693425
2010-01-13,1.0,HOLD,2407057048.44847
2010-01-14,1.0,HOLD,2408980386.0820684
2010-01-15,1.0,HOLD,2324353530.2037363
2010-01-19,1.0,HOLD,2439753788.2196436
2010-01-20,1.0,HOLD,2333008549.5549293
2010-01-21,1.0,HOLD,2267615070.012582
2010-01-22,1.0,HOLD,2062779612.0343459
2010-01-25,1.0,HOLD,2088744670.0879252
2010-01-26,1.0,HOLD,2093553014.1719213
2010-01-27,1.0,HOLD,2145483130.2790794
2010-01-28,0.4,TRADE,1976229418.5224152
2010-01-29,0.4,HOLD,1936229189.36034
2010-02-01,0.4,HOLD,1961627960.7007208
2010-02-02,0.4,HOLD,1982788246.2157512
2010-02-03,0.4,HOLD,1993563157.4807725
2010-02-04,0.4,HOLD,1923173220.6079392
2010-02-05,0.4,HOLD,1940102812.3242605
2010-02-08,0.4,HOLD,1925498108.0116217
2010-02-09,0.4,HOLD,1949736382.794245
2010-02-10,0.4,HOLD,1944739925.5707908
2010-02-11,0.4,HOLD,1978594888.546025
2010-02-12,0.4,HOLD,1981676449.4074688
2010-02-16,0.5,TRADE,2012466734.273496
2010-02-17,1.0,TRADE,2029794947.9908628
2010-02-18,1.0,HOLD,2067865210.0529058
2010-02-19,1.0,HOLD,2067865210.0529058
2010-02-22,1.0,HOLD,2053008522.4189377
2010-02-23,0.4,TRADE,1973153826.3863602
2010-02-24,0.5,TRADE,1996928740.4724867
2010-02-25,0.5,HOLD,1996476166.2623448
2010-02-26,1.0,TRADE,2008795178.3400865
2010-03-01,1.0,HOLD,2094951179.2169752
2010-03-02,1.0,HOLD,2107647853.0304112
2010-03-03,1.0,HOLD,2119437621.571459
2010-03-04,1.0,HOLD,2143017158.6535552
2010-03-05,1.0,HOLD,2237335306.9819384
2010-03-08,1.0,HOLD,2250031980.7953744
2010-03-09,1.0,HOLD,2289935812.78046
2010-03-10,1.0,HOLD,2345257034.3961463
2010-03-11,1.0,HOLD,2367022760.9334655
2010-03-12,1.0,HOLD,2372464192.5677953
2010-03-15,1.0,HOLD,2356139897.6648054
2010-03-16,1.0,HOLD,2401485161.2842207
2010-03-17,1.0,HOLD,2417809456.18721
2010-03-18,1.0,HOLD,2442295898.541694
2010-03-19,1.0,HOLD,2398764445.467056
2010-03-22,1.0,HOLD,2464061625.0790133
2010-03-23,1.0,HOLD,2515755225.6051464
2010-03-24,1.0,HOLD,2479479014.7096143
2010-03-25,1.0,HOLD,2464061625.0790133
2010-03-26,1.0,HOLD,2476758298.89245
2010-03-29,1.0,HOLD,2511220699.243205
2010-03-30,1.0,HOLD,2537520952.142466
2010-03-31,1.0,HOLD,2503058551.791711
2010-04-01,1.0,HOLD,2498524025.429769
2010-04-05,1.0,HOLD,2570169541.9484444
2010-04-06,1.0,HOLD,2590121457.9409876
2010-04-07,1.0,HOLD,2575610973.582774
2010-04-08,1.0,HOLD,2584680026.3066573
2010-04-09,1.0,HOLD,2630932195.198461
2010-04-12,1.0,HOLD,2641815058.4671206
2010-04-13,1.0,HOLD,2681718890.452206
2010-04-14,1.0,HOLD,2776037038.780589
2010-04-15,1.0,HOLD,2813220154.948509
2010-04-16,1.0,HOLD,2712553669.713408
2010-04-19,1.0,HOLD,2708926048.623855
2010-04-20,1.0,HOLD,2748829880.6089396
2010-04-21,1.0,HOLD,2796895860.04552
2010-04-22,1.0,HOLD,2838613502.5753818
2010-04-23,1.0,HOLD,2875796618.743302
2010-04-26,1.0,HOLD,2854937797.4783716
2010-04-27,1.0,HOLD,2678998174.6350408
2010-04-28,1.0,HOLD,2684439606.2693706
2010-04-29,1.0,HOLD,2822289207.6723924
2010-04-30,1.0,HOLD,2655418637.552945
2010-05-03,1.0,HOLD,2764247270.239541
2010-05-04,1.0,HOLD,2519382846.6947
2010-05-05,1.0,HOLD,2478572109.4372263
2010-05-06,0.8,TRADE,2235521496.4371614
2010-05-07,0.4,TRADE,2105654252.8240077
2010-05-10,0.7000000000000001,TRADE,2230938512.571307
2010-05-11,0.7000000000000001,HOLD,2230346204.378908
2010-05-12,0.6000000000000001,TRADE,2314201212.731521
2010-05-13,0.6000000000000001,HOLD,2251456789.307563
2010-05-14,0.2,TRADE,2170138516.7095833
2010-05-17,0.2,HOLD,2175944725.6048746
2010-05-18,0.2,HOLD,2159146379.4771256
2010-05-19,0.2,HOLD,2147950649.9745855
2010-05-20,0.0,TRADE,2106290692.8665404
2010-05-21,0.0,HOLD,2106302222.690104
2010-05-24,0.0,HOLD,2106336812.555641
2010-05-25,0.0,HOLD,2106348342.6297703
2010-05-26,0.0,HOLD,2106359872.771629
2010-05-27,0.0,HOLD,2106371402.9729626
2010-05-28,0.0,HOLD,2106382933.2456665
2010-06-01,0.0,HOLD,2106429054.9530842
2010-06-02,0.0,HOLD,2106440585.5345743
2010-06-03,0.0,HOLD,2106450964.1467416
2010-06-04,0.1,TRADE,2106461342.8064888
2010-06-07,0.1,HOLD,2094280803.8635018
2010-06-08,0.1,HOLD,2093127424.6944075
2010-06-09,0.0,TRADE,2088873458.505286
2010-06-10,0.1,TRADE,2088883750.573013
2010-06-11,0.30000000000000004,TRADE,2094316170.1802132
2010-06-14,0.30000000000000004,HOLD,2094621750.8576078
2010-06-15,0.2,TRADE,2140622542.1285567
2010-06-16,1.0,TRADE,2149279959.724449
2010-06-17,1.0,HOLD,2170559959.325681
2010-06-18,1.0,HOLD,2176766625.876041
2010-06-21,1.0,HOLD,2120019960.2727551
2010-06-22,0.4,TRADE,2069479961.2198286
2010-06-23,0.4,HOLD,2058491412.6645305
2010-06-24,0.1,TRADE,2018774864.6774728
2010-06-25,0.0,TRADE,2018691677.2616544
2010-06-28,0.0,HOLD,2018721516.2192364
2010-06-29,0.0,HOLD,2018731462.635337
2010-06-30,0.0,HOLD,2018741409.0936303
2010-07-01,0.0,HOLD,2018751355.6114013
2010-07-02,0.0,HOLD,2018761302.1767542
2010-07-06,0.0,HOLD,2018801088.8749604
2010-07-07,0.0,HOLD,2018811035.6833372
2010-07-08,0.0,HOLD,2018820982.5341825
2010-07-09,0.0,HOLD,2018830929.4445057
2010-07-12,0.0,HOLD,2018860770.4295628
2010-07-13,0.0,HOLD,2018870717.5316422
2010-07-14,0.0,HOLD,2018880664.6798759
2010-07-15,0.0,HOLD,2018890611.8756917
2010-07-16,0.0,HOLD,2018900559.130985
2010-07-19,0.0,HOLD,2018930401.150959
2010-07-20,1.0,TRADE,2018940348.5940452
2010-07-21,0.4,TRADE,1948413787.7442298
2010-07-22,1.0,TRADE,2000703238.1885734
2010-07-23,1.0,HOLD,2053186633.8534026
2010-07-26,1.0,HOLD,2098430940.461014
2010-07-27,1.0,HOLD,2097526054.328862
2010-07-28,1.0,HOLD,2054996406.117707
2010-07-29,1.0,HOLD,2006132554.981487
2010-07-30,1.0,HOLD,2019705846.9637704
2010-08-02,1.0,HOLD,2128292182.8220375
2010-08-03,1.0,HOLD,2106574915.6503842
2010-08-04,1.0,HOLD,2167202286.5045834
2010-08-05,1.0,HOLD,2154533880.6544523
2010-08-06,1.0,HOLD,2144580133.2007775
2010-08-09,1.0,HOLD,2181680464.619019
2010-08-10,1.0,HOLD,2135531271.8792553
2010-08-11,0.1,TRADE,1959983362.2417233
2010-08-12,0.0,TRADE,1954472248.1409717
2010-08-13,0.0,HOLD,1954481877.9932146
2010-08-16,0.0,HOLD,1954512371.298684
2010-08-17,0.1,TRADE,1954522535.84886
2010-08-18,0.1,HOLD,1956347311.0569432
2010-08-19,0.0,TRADE,1949093950.9823415
2010-08-20,0.0,HOLD,1949104087.3498302
2010-08-23,0.0,HOLD,1949134496.7808604
2010-08-24,0.0,HOLD,1949144633.357028
2010-08-25,0.0,HOLD,1949154769.995502
2010-08-26,0.0,HOLD,1949164906.6815717
2010-08-27,0.4,TRADE,1949175043.4152365
2010-08-30,0.0,TRADE,1923838167.2096431
2010-08-31,0.0,HOLD,1923848172.2302797
2010-09-01,0.4,TRADE,1923858177.307633
2010-09-02,0.6000000000000001,TRADE,1950477708.0206933
2010-09-03,1.0,TRADE,2009987865.013709
2010-09-07,1.0,HOLD,1961359126.3440225
2010-09-08,1.0,HOLD,2030700105.5582051
2010-09-09,1.0,HOLD,2055915007.0906353
2010-09-10,1.0,HOLD,2078428312.030305
2010-09-13,1.0,HOLD,2169382063.9865704
2010-09-14,1.0,HOLD,2197298562.1117606
2010-09-15,1.0,HOLD,2234220382.212819
2010-09-16,1.0,HOLD,2265739009.1283565
2010-09-17,1.0,HOLD,2290053378.4632
2010-09-20,1.0,HOLD,2409824160.742243
2010-09-21,1.0,HOLD,2401719370.9639616
2010-09-22,1.0,HOLD,2390912984.5929203
2010-09-23,1.0,HOLD,2383708727.0122256
2010-09-24,1.0,HOLD,2517888024.452657
2010-09-27,1.0,HOLD,2489070994.1298795
2010-09-28,1.0,HOLD,2495374719.5129876
2010-09-29,1.0,HOLD,2475563011.166078
2010-09-30,1.0,HOLD,2442243319.8553667
2010-10-01,1.0,HOLD,2434138530.0770855
2010-10-04,1.0,HOLD,2350389035.7015147
2010-10-05,1.0,HOLD,2525092282.0333514
2010-10-06,1.0,HOLD,2460253963.8071027
2010-10-07,1.0,HOLD,2484568333.141946
2010-10-08,1.0,HOLD,2534998136.2068057
2010-10-11,1.0,HOLD,2540401329.392327
2010-10-12,1.0,HOLD,2592632196.8523602
2010-10-13,1.0,HOLD,2655669450.6834354
2010-10-14,1.0,HOLD,2641260935.522047
2010-10-15,1.0,HOLD,2809660456.470776
2010-10-18,1.0,HOLD,2809660456.470776
2010-10-19,1.0,HOLD,2697994463.970014
2010-10-20,1.0,HOLD,2753827460.2203956
2010-10-21,1.0,HOLD,2772738636.369718
2010-10-22,1.0,HOLD,2826770568.224925
2010-10-25,1.0,HOLD,2869996113.7090907
2010-10-26,1.0,HOLD,2887106225.4632397
2010-10-27,1.0,HOLD,2916823787.983604
2010-10-28,1.0,HOLD,2933933899.7377524
2010-10-29,1.0,HOLD,2919525384.576364
2010-11-01,1.0,HOLD,2925829109.9594717
2010-11-02,1.0,HOLD,3014981797.5205636
2010-11-03,1.0,HOLD,3058207343.0047297
2010-11-04,1.0,HOLD,3167171738.9127307
2010-11-05,1.0,HOLD,3170773867.7030783
2010-11-08,1.0,HOLD,3178878657.4813585
2010-11-09,1.0,HOLD,3127548322.218912
2010-11-10,1.0,HOLD,3175276528.691012
2010-11-11,1.0,HOLD,3122145129.0333915
2010-11-12,1.0,HOLD,2962750930.06053
2010-11-15,1.0,HOLD,2931232303.1449924
2010-11-16,1.0,HOLD,2785346087.135933
2010-11-17,1.0,HOLD,2812362053.0635366
2010-11-18,1.0,HOLD,2942939221.7136207
2010-11-19,1.0,HOLD,2950143479.294315
2010-11-22,1.0,HOLD,3027589248.2867785
2010-11-23,1.0,HOLD,2884404628.870479
2010-11-24,1.0,HOLD,3052804149.819209
2010-11-26,1.0,HOLD,3033892973.669886
2010-11-29,1.0,HOLD,2991567960.383307
2010-11-30,1.0,HOLD,2878100903.487372
2010-12-01,1.0,HOLD,3060908939.5974894
2010-12-02,1.0,HOLD,3153663755.948929
2010-12-03,1.0,HOLD,3179779189.678946
2010-12-06,1.0,HOLD,3174375996.493425
2010-12-07,1.0,HOLD,3177077593.0861855
2010-12-08,1.0,HOLD,3221203670.767938
2010-12-09,1.0,HOLD,3224805799.5582848
2010-12-10,1.0,HOLD,3292345714.377294
2010-12-13,1.0,HOLD,3253622829.8810625
2010-12-14,1.0,HOLD,3267130812.8448644
2010-12-15,1.0,HOLD,3233811121.5341525
2010-12-16,1.0,HOLD,3301351036.353162
2010-12-17,1.0,HOLD,3311256890.526617
2010-12-20,1.0,HOLD,3320262212.502485
2010-12-21,1.0,HOLD,3375194676.555279
2010-12-22,1.0,HOLD,3378796805.3456254
2010-12-23,1.0,HOLD,3353581903.8131957
2010-12-27,1.0,HOLD,3354482436.0107822
2010-12-28,1.0,HOLD,3340073920.849394
2010-12-29,1.0,HOLD,3359885629.196303
2010-12-30,1.0,HOLD,3334670727.663873
2010-12-31,1.0,HOLD,3304052632.9459224
2011-01-03,1.0,HOLD,3453540977.745329
2011-01-04,1.0,HOLD,3448137784.5598083
2011-01-05,1.0,HOLD,3533688343.3305535
2011-01-06,1.0,HOLD,3565206970.2460904
2011-01-07,1.0,HOLD,3557102180.4678097
2011-01-10,1.0,HOLD,3597626129.3592153
2011-01-11,1.0,HOLD,3613835708.915777
2011-01-12,1.0,HOLD,3686778816.9203067
2011-01-13,1.0,HOLD,3698485735.488935
2011-01-14,1.0,HOLD,3778633101.074159
2011-01-18,1.0,HOLD,3809251195.79211
2011-01-19,1.0,HOLD,3681375623.734786
2011-01-20,1.0,HOLD,3598526661.556802
2011-01-21,1.0,HOLD,3516578231.576404
2011-01-24,1.0,HOLD,3661563915.387877
2011-01-25,1.0,HOLD,3674171366.154092
2011-01-26,1.0,HOLD,3731805426.7996464
2011-01-27,1.0,HOLD,3803848002.6065893
2011-01-28,1.0,HOLD,3516578231.576404
2011-01-31,1.0,HOLD,3568809099.0364375
2011-02-01,1.0,HOLD,3766926182.505531
2011-02-02,1.0,HOLD,3749816070.751382
2011-02-03,1.0,HOLD,3764224585.9127703
2011-02-04,1.0,HOLD,3832665032.929366
2011-02-07,1.0,HOLD,3887597496.98216
2011-02-08,1.0,HOLD,3970446459.160145
2011-02-09,1.0,HOLD,3947032622.0228887
2011-02-10,1.0,HOLD,3965943798.172211
2011-02-11,1.0,HOLD,4046991695.955022
2011-02-14,1.0,HOLD,4073107129.6850386
2011-02-15,1.0,HOLD,4062300743.3139973
2011-02-16,1.0,HOLD,4137044915.7137003
2011-02-17,1.0,HOLD,4133442786.9233537
2011-02-18,1.0,HOLD,4110028949.7860966
2011-02-22,1.0,HOLD,3748015006.3562083
2011-02-23,1.0,HOLD,3656160722.2023563
2011-02-24,1.0,HOLD,3707491057.464803
2011-02-25,1.0,HOLD,3866885256.4376645
2011-02-28,1.0,HOLD,3894801754.562855
2011-03-01,1.0,HOLD,3707491057.464803
2011-03-02,1.0,HOLD,3759721924.9248366
2011-03-03,1.0,HOLD,3983954442.1239467
2011-03-04,1.0,HOLD,3925419849.2808056
2011-03-07,1.0,HOLD,3768727246.9007044
2011-03-08,1.0,HOLD,3808350663.594523
2011-03-09,1.0,HOLD,3730904894.6020594
2011-03-10,1.0,HOLD,3560704309.2581563
2011-03-11,1.0,HOLD,3620139434.298885
2011-03-14,1.0,HOLD,3585018678.593
2011-03-15,0.4,TRADE,3438231930.3863535
2011-03-16,0.4,HOLD,3337383052.684246
2011-03-17,0.4,HOLD,3370530544.718543
2011-03-18,0.4,HOLD,3363334194.336651
2011-03-21,0.4,HOLD,3435760704.781352
2011-03-22,0.4,HOLD,3432166483.3113413
2011-03-23,0.8,TRADE,3453066737.6369467
2011-03-24,1.0,TRADE,3603397244.762758
2011-03-25,1.0,HOLD,3629078866.807024
2011-03-28,0.5,TRADE,3567974317.8051486
2011-03-29,0.5,HOLD,3618901613.2195168
2011-03-30,1.0,TRADE,3645918432.9727745
2011-03-31,1.0,HOLD,3661525218.179317
2011-04-01,1.0,HOLD,3667594523.5374165
2011-04-04,1.0,HOLD,3634646865.8791614
2011-04-05,1.0,HOLD,3593028771.9950485
2011-04-06,1.0,HOLD,3619907124.295204
2011-04-07,1.0,HOLD,3619040080.672619
2011-04-08,1.0,HOLD,3565283376.0723066
2011-04-11,0.5,TRADE,3532335718.414051
2011-04-12,0.4,TRADE,3497660743.1321282
2011-04-13,1.0,TRADE,3530946480.5337567
2011-04-14,0.5,TRADE,3511948969.511076
2011-04-15,0.4,TRADE,3500729898.0940046
2011-04-18,0.4,HOLD,3473725401.2187433
2011-04-19,0.5,TRADE,3498334154.5532203
2011-04-20,1.0,TRADE,3614978989.9637427
2011-04-21,1.0,HOLD,3706550616.7139277
2011-04-25,1.0,HOLD,3734274136.7392135
2011-04-26,1.0,HOLD,3798122243.4641137
2011-04-27,1.0,HOLD,3877092270.2028055
2011-04-28,1.0,HOLD,3871211523.530775
2011-04-29,1.0,HOLD,3852729176.847252
2011-05-02,1.0,HOLD,3831726510.1614294
2011-05-03,1.0,HOLD,3773759150.1085596
2011-05-04,1.0,HOLD,3751916376.7553043
2011-05-05,1.0,HOLD,3695629230.0373006
2011-05-06,1.0,HOLD,3727553283.39975
2011-05-09,1.0,HOLD,3767878403.4365296
2011-05-10,1.0,HOLD,3864490670.1913123
2011-05-11,1.0,HOLD,3781320110.1154556
2011-05-12,1.0,HOLD,3848528643.510087
2011-05-13,1.0,HOLD,3711591256.718526
2011-05-16,0.9,TRADE,3519206829.876393
2011-05-17,0.9,HOLD,3544915057.5857167
2011-05-18,0.9,HOLD,3622793813.0195394
2011-05-19,0.9,HOLD,3650770232.4078484
2011-05-20,0.9,HOLD,3578185883.7163405
2011-05-23,0.8,TRADE,3437554629.682867
2011-05-24,0.4,TRADE,3385668707.0905805
2011-05-25,0.4,HOLD,3400894002.634449
2011-05-26,0.8,TRADE,3426604386.1350713
2011-05-27,0.9,TRADE,3467808397.041413
2011-05-31,1.0,TRADE,3617639028.3950005
2011-06-01,0.4,TRADE,3386796063.9577622
2011-06-02,0.4,HOLD,3394715688.23964
2011-06-03,0.4,HOLD,3332722871.8724155
2011-06-06,0.30000000000000004,TRADE,3301409209.0164213
2011-06-07,0.30000000000000004,HOLD,3295496556.2397537
2011-06-08,0.30000000000000004,HOLD,3274402052.862436
2011-06-09,0.30000000000000004,HOLD,3278524860.692363
2011-06-10,0.1,TRADE,3234271602.170373
2011-06-13,0.1,HOLD,3234473407.5034447
2011-06-14,0.1,HOLD,3246559522.527213
2011-06-15,0.1,HOLD,3228177861.6025567
2011-06-16,0.1,HOLD,3223768109.7969165
2011-06-17,0.0,TRADE,3221431609.042107
2011-06-20,0.0,HOLD,3221455428.206325
2011-06-21,0.1,TRADE,3221463367.961825
2011-06-22,0.1,HOLD,3214204055.0346603
2011-06-23,0.1,HOLD,3222948252.398138
2011-06-24,0.0,TRADE,3205913822.4167385
2011-06-27,0.1,TRADE,3205937526.842857
2011-06-28,1.3,TRADE,3220266102.9381447
2011-06-29,1.3,HOLD,3273065912.893284
2011-06-30,1.3,HOLD,3433705647.211253
2011-07-01,1.3,HOLD,3637481350.1915197
2011-07-05,1.3,HOLD,3704175056.462311
2011-07-06,1.3,HOLD,3753739655.9986057
2011-07-07,1.3,HOLD,3944574557.0090885
2011-07-08,1.3,HOLD,3904632014.216052
2011-07-11,1.3,HOLD,3642455672.4638247
2011-07-12,1.3,HOLD,3530260371.916943
2011-07-13,1.3,HOLD,3590608951.432337
2011-07-14,1.3,HOLD,3433120878.283833
2011-07-15,1.3,HOLD,3608858175.1869173
2011-07-18,1.3,HOLD,3533244867.784855
2011-07-19,1.3,HOLD,3850252460.7434187
2011-07-20,1.3,HOLD,3782271515.478103
2011-07-21,1.3,HOLD,3879285655.4427185
2011-07-22,1.3,HOLD,4029141357.423058
2011-07-25,1.3,HOLD,3999899180.342028
2011-07-26,1.3,HOLD,4026817359.265461
2011-07-27,1.3,HOLD,3648257413.992657
2011-07-28,1.3,HOLD,3673018790.779255
2011-07-29,1.3,HOLD,3627684213.7501626
2011-08-01,1.3,HOLD,3565011621.614791
2011-08-02,0.0,TRADE,3220960441.873697
2011-08-03,1.3,TRADE,3220968380.414248
2011-08-04,0.0,TRADE,2651417377.582197
2011-08-05,0.0,HOLD,2651423912.3983645
2011-08-08,0.0,HOLD,2651445694.111947
2011-08-09,0.0,HOLD,2651452954.7284794
2011-08-10,0.0,HOLD,2651460215.3591332
2011-08-11,0.0,HOLD,2651467476.012457
2011-08-12,0.0,HOLD,2651474736.688449
2011-08-15,0.0,HOLD,2651496518.844083
2011-08-16,0.0,HOLD,2651503779.596631
2011-08-17,0.0,HOLD,2651511040.374635
2011-08-18,0.0,HOLD,2651518301.163973
2011-08-19,0.0,HOLD,2651525561.9759803
2011-08-22,0.0,HOLD,2651547344.539659
2011-08-23,0.0,HOLD,2651554605.432
2011-08-24,0.0,HOLD,2651561866.3460183
2011-08-25,0.0,HOLD,2651569127.2827063
2011-08-26,0.0,HOLD,2651576388.2420626
2011-08-29,0.0,HOLD,2651598171.213785
2011-08-30,0.0,HOLD,2651605432.2459197
2011-08-31,0.0,HOLD,2651612693.295953
2011-09-01,0.0,HOLD,2651619954.3686557
2011-09-02,0.0,HOLD,2651627215.4640274
2011-09-06,0.0,HOLD,2651650453.403174
2011-09-07,0.0,HOLD,2651656262.9219646
2011-09-08,0.0,HOLD,2651662072.455667
2011-09-09,0.0,HOLD,2651667882.000704
2011-09-12,0.0,HOLD,2651685310.708003
2011-09-13,0.0,HOLD,2651691120.3035502
2011-09-14,1.0,TRADE,2651696929.916594
2011-09-15,1.0,HOLD,2772333388.333547
2011-09-16,1.0,HOLD,2844561586.366627
2011-09-19,1.0,HOLD,2852245437.22121
2011-09-20,1.0,HOLD,2811521027.6919203
2011-09-21,1.0,HOLD,2668601401.7966766
2011-09-22,0.0,TRADE,2408887242.9117713
2011-09-23,0.0,HOLD,2408892520.5636973
2011-09-26,1.0,TRADE,2408908353.5971274
2011-09-27,1.0,HOLD,2482407800.8202524
2011-09-28,0.0,TRADE,2364952801.826435
2011-09-29,0.0,HOLD,2364957983.2247214
2011-09-30,0.0,HOLD,2364963164.6200624
2011-10-03,0.0,HOLD,2364978708.90813
2011-10-04,0.0,HOLD,2364983890.356372
2011-10-05,0.0,HOLD,2364988424.357751
2011-10-06,0.4,TRADE,2364992958.3704615
2011-10-07,0.4,HOLD,2345487580.511734
2011-10-10,0.30000000000000004,TRADE,2440706907.9821444
2011-10-11,0.7000000000000001,TRADE,2456360199.205291
2011-10-12,1.0,TRADE,2483707809.492695
2011-10-13,1.0,HOLD,2550558500.3277087
2011-10-14,1.0,HOLD,2691081381.062533
2011-10-17,1.0,HOLD,2566247948.176742
2011-10-18,1.0,HOLD,2659702485.364465
2011-10-19,1.0,HOLD,2506218756.406526
2011-10-20,1.0,HOLD,2474157710.801979
2011-10-21,1.0,HOLD,2562155048.737864
2011-10-24,1.0,HOLD,2722460276.7606006
2011-10-25,1.0,HOLD,2568294397.8961816
2011-10-26,1.0,HOLD,2558062149.2989855
2011-10-27,1.0,HOLD,2764071421.055864
2011-10-28,1.0,HOLD,2773621519.74658
2011-10-31,1.0,HOLD,2635827238.637675
2011-11-01,1.0,HOLD,2431864416.6002355
2011-11-02,1.0,HOLD,2491893608.370452
2011-11-03,1.0,HOLD,2643330887.6089516
2011-11-04,0.4,TRADE,2602401893.220168
2011-11-07,1.0,TRADE,2625603970.569557
2011-11-08,1.0,HOLD,2713124102.921876
2011-11-09,0.4,TRADE,2432386447.607131
2011-11-10,1.0,TRADE,2428349854.8209085
2011-11-11,1.0,HOLD,2564683003.9798365
2011-11-14,0.8,TRADE,2521488342.860176
2011-11-15,1.0,TRADE,2586281301.349769
2011-11-16,0.4,TRADE,2458845241.3766217
2011-11-17,0.0,TRADE,2390971599.911178
2011-11-18,0.4,TRADE,2390976183.742597
2011-11-21,0.0,TRADE,2335300235.4335647
2011-11-22,0.0,HOLD,2335304712.5350876
2011-11-23,0.0,HOLD,2335309828.973102
2011-11-25,0.0,HOLD,2335320061.8603415
2011-11-28,0.0,HOLD,2335335411.309814
2011-11-29,0.0,HOLD,2335340527.8119183
2011-11-30,0.4,TRADE,2335345644.3292527
2011-12-01,0.8,TRADE,2355258343.0113983
2011-12-02,0.8,HOLD,2337724456.7527237
2011-12-05,0.8,HOLD,2398833699.3971353
2011-12-06,0.8,HOLD,2383956489.9865346
2011-12-07,0.8,HOLD,2387145560.0280385
2011-12-08,0.7000000000000001,TRADE,2289376009.62466
2011-12-09,1.0,TRADE,2365243848.706091
2011-12-12,0.4,TRADE,2288030252.0825944
2011-12-13,0.0,TRADE,2256883467.2342353
2011-12-14,0.0,HOLD,2256887794.0361876
2011-12-15,0.0,HOLD,2256892120.8087993
2011-12-16,0.0,HOLD,2256896447.5814114
2011-12-19,0.0,HOLD,2256909427.9581304
2011-12-20,0.4,TRADE,2256913754.7654796
2011-12-21,0.0,TRADE,2219179317.8049164
2011-12-22,0.1,TRADE,2219183572.278429
2011-12-23,0.5,TRADE,2224910033.6122594
2011-12-27,0.5,HOLD,2233373352.758357
2011-12-28,0.0,TRADE,2197605227.7291574
2011-12-29,0.1,TRADE,2197609440.841206
2011-12-30,0.1,HOLD,2195804500.599244
2012-01-03,1.0,TRADE,2208222401.9902883
2012-01-04,1.0,HOLD,2234849873.466896
2012-01-05,1.0,HOLD,2289343303.465534
2012-01-06,1.0,HOLD,2313493800.8512945
2012-01-09,1.0,HOLD,2293678008.124517
2012-01-10,1.0,HOLD,2340740515.850614
2012-01-11,1.0,HOLD,2357460090.963833
2012-01-12,1.0,HOLD,2385326049.4858637
2012-01-13,1.0,HOLD,2357460090.963833
2012-01-17,1.0,HOLD,2421242173.8031487
2012-01-18,1.0,HOLD,2517224919.8234777
2012-01-19,1.0,HOLD,2567383645.163134
2012-01-20,1.0,HOLD,2556237261.7543216
2012-01-23,1.0,HOLD,2556237261.7543216
2012-01-24,1.0,HOLD,2541994660.73195
2012-01-25,1.0,HOLD,2639215893.7977033
2012-01-26,1.0,HOLD,2610730691.7529597
2012-01-27,1.0,HOLD,2636738919.706856
2012-01-30,1.0,HOLD,2641073624.3658385
2012-01-31,1.0,HOLD,2650362277.2065153
2012-02-01,1.0,HOLD,2715382847.0912547
2012-02-02,1.0,HOLD,2743248805.613286
2012-02-03,1.0,HOLD,2852235665.6105633
2012-02-06,1.0,HOLD,2849758691.519716
2012-02-07,1.0,HOLD,2862143561.973952
2012-02-08,1.0,HOLD,2909825313.2227607
2012-02-09,1.0,HOLD,2974226639.5847883
2012-02-10,1.0,HOLD,2910444556.7454724
2012-02-13,1.0,HOLD,2989088484.129872
2012-02-14,1.0,HOLD,3015096712.0837674
2012-02-15,1.0,HOLD,2947599168.1081805
2012-02-16,1.0,HOLD,3070828629.1278296
2012-02-17,1.0,HOLD,3044820401.173934
2012-02-21,1.0,HOLD,3070828629.1278296
2012-02-22,1.0,HOLD,3029958556.6288505
2012-02-23,1.0,HOLD,3087548204.241048
2012-02-24,1.0,HOLD,3117891136.853926
2012-02-27,1.0,HOLD,3132752981.3990097
2012-02-28,1.0,HOLD,3226258753.328492
2012-02-29,1.0,HOLD,3184150193.784089
2012-03-01,1.0,HOLD,3261555634.1230645
2012-03-02,1.0,HOLD,3251647737.759676
2012-03-05,1.0,HOLD,3150091800.0349402
2012-03-06,1.0,HOLD,3059682245.719017
2012-03-07,1.0,HOLD,3129656763.7854505
2012-03-08,1.0,HOLD,3228735727.419339
2012-03-09,1.0,HOLD,3267748069.3501825
2012-03-12,1.0,HOLD,3272702017.531877
2012-03-13,1.0,HOLD,3457236587.2999945
2012-03-14,1.0,HOLD,3495629685.708126
2012-03-15,1.0,HOLD,3522876400.707445
2012-03-16,1.0,HOLD,3514826234.912192
2012-03-19,1.0,HOLD,3591612431.728455
2012-03-20,1.0,HOLD,3611428224.4552336
2012-03-21,1.0,HOLD,3610189737.4098096
2012-03-22,1.0,HOLD,3587896970.592185
2012-03-23,1.0,HOLD,3582943022.4104905
2012-03-26,1.0,HOLD,3770573809.792166
2012-03-27,1.0,HOLD,3784816410.8145375
2012-03-28,1.0,HOLD,3740230877.179288
2012-03-29,1.0,HOLD,3701837778.7711563
2012-03-30,1.0,HOLD,3676448794.3399725
2012-04-02,1.0,HOLD,3788531871.950809
2012-04-03,1.0,HOLD,3788531871.950809
2012-04-04,1.0,HOLD,3634340234.79557
2012-04-05,1.0,HOLD,3700599291.725733
2012-04-09,1.0,HOLD,3615762929.114216
2012-04-10,1.0,HOLD,3441136255.7094874
2012-04-11,1.0,HOLD,3490675737.5264316
2012-04-12,1.0,HOLD,3607712763.3189626
2012-04-13,1.0,HOLD,3444851716.8457584
2012-04-16,1.0,HOLD,3335864856.8484807
2012-04-17,1.0,HOLD,3532784297.070834
2012-04-18,1.0,HOLD,3506776069.1169386
2012-04-19,1.0,HOLD,3393454504.460679
2012-04-20,1.0,HOLD,3356919136.6206822
2012-04-23,1.0,HOLD,3272702017.531877
2012-04-24,1.0,HOLD,3214493126.396968
2012-04-25,1.0,HOLD,3470240701.2769423
2012-04-26,1.0,HOLD,3532165053.5481224
2012-04-27,1.0,HOLD,3592850918.7738795
2012-04-30,1.0,HOLD,3517922452.525751
2012-05-01,1.0,HOLD,3537738245.2525287
2012-05-02,1.0,HOLD,3561269499.1155767
2012-05-03,1.0,HOLD,3451044152.0728765
2012-05-04,1.0,HOLD,3197773551.2837486
2012-05-07,1.0,HOLD,3202108255.942732
2012-05-08,0.5,TRADE,3166811375.1481586
2012-05-09,0.4,TRADE,3158145001.4427395
2012-05-10,0.4,HOLD,3145232901.603804
2012-05-11,0.4,HOLD,3143999303.9881387
2012-05-14,0.4,HOLD,3109499456.6782684
2012-05-15,0.4,HOLD,3098827439.2277794
2012-05-16,0.4,HOLD,3072755894.4757433
2012-05-17,0.4,HOLD,3000237388.2736464
2012-05-18,0.30000000000000004,TRADE,2955785762.5745196
2012-05-21,0.4,TRADE,3030555367.265505
2012-05-22,0.4,HOLD,3026113369.1495323
2012-05-23,0.4,HOLD,3032927158.662807
2012-05-24,0.4,HOLD,3010947072.9866514
2012-05-25,0.4,HOLD,3004149212.4622974
2012-05-29,0.4,HOLD,3048418933.764675
2012-05-30,0.4,HOLD,3018585973.235726
2012-05-31,0.4,HOLD,3001579375.3361287
2012-06-01,0.1,TRADE,2908399889.390797
2012-06-04,0.30000000000000004,TRADE,2914720451.7452517
2012-06-05,0.30000000000000004,HOLD,2926651376.1667333
2012-06-06,0.4,TRADE,2987298009.161882
2012-06-07,0.4,HOLD,2973818601.692156
2012-06-08,0.4,HOLD,3008582079.400694
2012-06-11,0.4,HOLD,2950506673.4663887
2012-06-12,0.4,HOLD,2987085743.7669163
2012-06-13,0.4,HOLD,2963750263.1863585
2012-06-14,0.4,HOLD,2976726631.688039
2012-06-15,0.4,HOLD,3020568071.893759
2012-06-18,1.0,TRADE,3052234807.8985434
2012-06-19,1.0,HOLD,3152781970.6046925
2012-06-20,1.0,HOLD,3164093526.409134
2012-06-21,0.4,TRADE,2927179274.2827697
2012-06-22,1.0,TRADE,2963383945.609373
2012-06-25,0.4,TRADE,2788123420.7128587
2012-06-26,0.4,HOLD,2809606333.4655805
2012-06-27,1.0,TRADE,2830348708.8237176
2012-06-28,0.4,TRADE,2728941461.4186454
2012-06-29,1.0,TRADE,2835426242.9713154
2012-07-02,1.0,HOLD,2858283367.058146
2012-07-03,1.0,HOLD,2926283311.2164664
2012-07-05,1.0,HOLD,2936569017.0555406
2012-07-06,1.0,HOLD,2820569112.3148756
2012-07-09,1.0,HOLD,2811426262.680144
2012-07-10,0.4,TRADE,2725140619.252359
2012-07-11,0.4,HOLD,2710062079.1436152
2012-07-12,0.30000000000000004,TRADE,2678983552.2022557
2012-07-13,1.0,TRADE,2714011542.3339233
2012-07-16,0.8,TRADE,2693511245.329303
2012-07-17,1.0,TRADE,2726314080.090703
2012-07-18,1.0,HOLD,2837592205.808691
2012-07-19,1.0,HOLD,2930134728.7272215
2012-07-20,1.0,HOLD,2817153366.3911014
2012-07-23,0.8,TRADE,2713255932.685021
2012-07-24,0.8,HOLD,2663296702.0704346
2012-07-25,0.7000000000000001,TRADE,2616062650.0497694
2012-07-26,0.8,TRADE,2687871706.4539385
2012-07-27,1.0,TRADE,2850596816.984095
2012-07-30,1.0,HOLD,2833279846.314585
2012-07-31,1.0,HOLD,2834955682.185828
2012-08-01,1.0,HOLD,2807583696.288862
2012-08-02,1.0,HOLD,2777977262.5635715
2012-08-03,1.0,HOLD,2936064446.4174805
2012-08-06,1.0,HOLD,3001980657.3530326
2012-08-07,1.0,HOLD,3076276047.644799
2012-08-08,1.0,HOLD,3071248540.0310707
2012-08-09,1.0,HOLD,3097503302.0138755
2012-08-10,1.0,HOLD,3110351377.026737
2012-08-13,1.0,HOLD,3128785571.6104093
2012-08-14,1.0,HOLD,3133254467.267056
2012-08-15,1.0,HOLD,3155598945.5502944
2012-08-16,1.0,HOLD,3268438560.880646
2012-08-17,1.0,HOLD,3313686129.4042034
2012-08-20,1.0,HOLD,3326534204.4170656
2012-08-21,1.0,HOLD,3287989979.37848
2012-08-22,1.0,HOLD,3323741144.631661
2012-08-23,1.0,HOLD,3250004366.296975
2012-08-24,1.0,HOLD,3307541397.876313
2012-08-27,1.0,HOLD,3323741144.631661
2012-08-28,1.0,HOLD,3323182532.6745796
2012-08-29,1.0,HOLD,3324299756.588742
2012-08-30,1.0,HOLD,3222632380.4000087
2012-08-31,1.0,HOLD,3291341651.1209655
2012-09-04,1.0,HOLD,3277376352.193942
2012-09-05,1.0,HOLD,3262852441.309837
2012-09-06,1.0,HOLD,3478476656.7430844
2012-09-07,1.0,HOLD,3463394133.901899
2012-09-10,1.0,HOLD,3336030607.6874413
2012-09-11,1.0,HOLD,3321506696.803337
2012-09-12,1.0,HOLD,3349995906.6144657
2012-09-13,1.0,HOLD,3483504164.3568134
2012-09-14,1.0,HOLD,3572882077.4897647
2012-09-17,1.0,HOLD,3579585420.9747367
2012-09-18,1.0,HOLD,3586288764.459708
2012-09-19,1.0,HOLD,3610309078.6141887
2012-09-20,1.0,HOLD,3601929899.257975
2012-09-21,1.0,HOLD,3601929899.257975
2012-09-24,1.0,HOLD,3535455076.3653417
2012-09-25,1.0,HOLD,3393567639.26678
2012-09-26,1.0,HOLD,3304189726.1338277
2012-09-27,1.0,HOLD,3444401327.3611465
2012-09-28,1.0,HOLD,3361726757.7131658
2012-10-01,1.0,HOLD,3347202846.8290606
2012-10-02,1.0,HOLD,3368988713.1552176
2012-10-03,1.0,HOLD,3432670476.2624464
2012-10-04,1.0,HOLD,3472890537.172275
2012-10-05,1.0,HOLD,3412560445.8075323
2012-10-08,1.0,HOLD,3322623920.717499
2012-10-09,1.0,HOLD,3151688661.850728
2012-10-10,1.0,HOLD,3113703048.769223
2012-10-11,0.5,TRADE,3085772450.9151754
2012-10-12,0.5,HOLD,3085499902.8719406
2012-10-15,1.0,TRADE,3116243834.540511
2012-10-16,1.0,HOLD,3251780802.3129992
2012-10-17,0.5,TRADE,3241822984.272571
2012-10-18,0.5,HOLD,3186508872.643539
2012-10-19,0.4,TRADE,3073384095.198867
2012-10-22,0.4,HOLD,3092606002.5658693
2012-10-23,0.0,TRADE,3055857553.0478086
2012-10-24,0.0,HOLD,3055870937.90733
2012-10-25,0.0,HOLD,3055884322.823557
2012-10-26,0.0,HOLD,3055897707.807792
2012-10-31,0.0,HOLD,3055964633.598613
2012-11-01,0.0,HOLD,3055978018.9313326
2012-11-02,0.0,HOLD,3055991404.3236175
2012-11-05,0.4,TRADE,3056031560.8463798
2012-11-06,0.4,HOLD,3063527571.5434227
2012-11-07,0.1,TRADE,2975317846.5644445
2012-11-08,0.0,TRADE,2961425651.098605
2012-11-09,0.0,HOLD,2961438622.3429117
2012-11-12,0.0,HOLD,2961477536.4276867
2012-11-13,0.0,HOLD,2961490507.9026294
2012-11-14,0.0,HOLD,2961503479.434108
2012-11-15,0.0,HOLD,2961516451.022261
2012-11-16,0.0,HOLD,2961529422.66709
2012-11-19,0.0,HOLD,2961568337.908049
2012-11-20,0.0,HOLD,2961581309.7797213
2012-11-21,0.0,HOLD,2961594281.7079277
2012-11-23,0.1,TRADE,2961620225.7345085
2012-11-26,0.1,HOLD,2965425763.672019
2012-11-27,0.1,HOLD,2962079325.467771
2012-11-28,0.4,TRADE,2970044426.668709
2012-11-29,1.0,TRADE,2990507558.355749
2012-11-30,1.0,HOLD,2979701235.874053
2012-12-03,1.3,TRADE,2964913636.6885734
2012-12-04,1.3,HOLD,2940473976.4217253
2012-12-05,1.3,HOLD,2822133059.5173144
2012-12-06,1.3,HOLD,2890115890.540089
2012-12-07,1.3,HOLD,2825749707.042892
2012-12-10,1.3,HOLD,2858162033.269441
2012-12-11,1.3,HOLD,3003040371.0062237
2012-12-12,1.3,HOLD,2976382556.3811073
2012-12-13,1.3,HOLD,2889095583.285102
2012-12-14,1.3,HOLD,2781845349.478195
2012-12-17,1.3,HOLD,2925164631.576948
2012-12-18,1.3,HOLD,3101836294.8884053
2012-12-19,1.3,HOLD,3044124509.2991033
2012-12-20,1.3,HOLD,3047041878.559271
2012-12-21,1.3,HOLD,2925004032.8910637
2012-12-24,1.3,HOLD,2892350846.6517186
2012-12-26,1.3,HOLD,2802805550.501827
2012-12-27,1.3,HOLD,2782062748.385976
2012-12-28,1.3,HOLD,2675551869.182697
2012-12-31,1.3,HOLD,2908336050.279797
2013-01-02,1.3,HOLD,3262418704.329483
2013-01-03,1.3,HOLD,3202488751.6888556
2013-01-04,1.3,HOLD,3161782676.17713
2013-01-07,1.3,HOLD,3166098411.803657
2013-01-08,1.3,HOLD,3142398068.105532
2013-01-09,1.3,HOLD,3183763159.010886
2013-01-10,1.3,HOLD,3255442826.43376
2013-01-11,1.3,HOLD,3270929615.139021
2013-01-14,1.3,HOLD,3217573675.875243
2013-01-15,1.3,HOLD,3156164941.564022
2013-01-16,1.3,HOLD,3201966299.5343237
2013-01-17,1.3,HOLD,3264773394.7546425
2013-01-18,1.3,HOLD,3241073032.926542
2013-01-22,1.3,HOLD,3257917941.329219
2013-01-23,1.3,HOLD,3325900685.383035
2013-01-24,1.3,HOLD,3157281840.655328
2013-01-25,1.3,HOLD,3217870781.48861
2013-01-28,1.3,HOLD,3246585941.5343
2013-01-29,1.3,HOLD,3246545718.4505467
2013-01-30,1.3,HOLD,3224324094.7742276
2013-01-31,1.3,HOLD,3197666189.527836
2013-02-01,1.3,HOLD,3331453733.629382
2013-02-04,1.3,HOLD,3116912848.9709272
2013-02-05,1.3,HOLD,3292845043.4922256
2013-02-06,1.3,HOLD,3253617668.049883
2013-02-07,1.3,HOLD,3263928748.063893
2013-02-08,1.3,HOLD,3390322479.8688307
2013-02-11,1.3,HOLD,3388722985.366231
2013-02-12,1.3,HOLD,3338404899.6435385
2013-02-13,1.3,HOLD,3387903106.6073356
2013-02-14,1.3,HOLD,3378990294.9729147
2013-02-15,1.3,HOLD,3341981043.070427
2013-02-19,1.3,HOLD,3434242504.0663023
2013-02-20,1.0,TRADE,3236787791.921851
2013-02-21,0.6000000000000001,TRADE,3131889208.1550016
2013-02-22,1.0,TRADE,3187183783.1075006
2013-02-25,0.6000000000000001,TRADE,3068015308.0245667
2013-02-26,0.6000000000000001,HOLD,3090364772.348753
2013-02-27,1.3,TRADE,3146745667.434099
2013-02-28,0.6000000000000001,TRADE,3132051586.936262
2013-03-01,1.0,TRADE,3151308378.731608
2013-03-04,0.6000000000000001,TRADE,3192234461.572278
2013-03-05,1.3,TRADE,3276334395.9272923
2013-03-06,1.3,HOLD,3249061031.7814627
2013-03-07,1.3,HOLD,3286278097.073378
2013-03-08,1.3,HOLD,3291249944.6822844
2013-03-11,1.3,HOLD,3334827889.613071
2013-03-12,1.0,TRADE,3282474901.3932505
2013-03-13,1.0,HOLD,3271998331.0713167
2013-03-14,1.3,TRADE,3305082237.3511076
2013-03-15,1.3,HOLD,3264895973.4875417
2013-03-18,1.3,HOLD,3235373052.0494885
2013-03-19,1.0,TRADE,3218124955.232559
2013-03-20,1.0,HOLD,3279495633.759044
2013-03-21,1.0,HOLD,3174836708.7719135
2013-03-22,1.0,HOLD,3262509106.666892
2013-03-25,1.0,HOLD,3229084004.969432
2013-03-26,1.0,HOLD,3278399728.785357
2013-03-27,1.0,HOLD,3295934208.3643527
2013-03-28,1.0,HOLD,3315112545.403879
2013-04-01,1.3,TRADE,3251002104.4431763
2013-04-02,1.3,HOLD,3346411697.520775
2013-04-03,0.6000000000000001,TRADE,3231681509.933093
2013-04-04,1.3,TRADE,3232671753.4185286
2013-04-05,0.6000000000000001,TRADE,3129504454.4003143
2013-04-08,1.3,TRADE,3158187092.477134
2013-04-09,1.3,HOLD,3239527832.5538855
2013-04-10,1.3,HOLD,3484336593.677216
2013-04-11,1.3,HOLD,3476576733.7433796
2013-04-12,1.3,HOLD,3471623189.8951797
2013-04-15,1.3,HOLD,3202790768.772452
2013-04-16,1.3,HOLD,3376038409.7055197
2013-04-17,1.3,HOLD,3123427293.6625204
2013-04-18,1.3,HOLD,2947288340.9573994
2013-04-19,1.3,HOLD,3108609124.714123
2013-04-22,1.3,HOLD,3233362761.755784
2013-04-23,1.3,HOLD,3356096665.5189877
2013-04-24,1.3,HOLD,3345530462.823613
2013-04-25,1.3,HOLD,3415645900.451391
2013-04-26,1.3,HOLD,3378419673.033298
2013-04-29,1.3,HOLD,3493351157.0807424
2013-04-30,1.3,HOLD,3590828185.585124
2013-05-01,1.3,HOLD,3532554563.7056804
2013-05-02,1.3,HOLD,3695278481.6778502
2013-05-03,1.3,HOLD,3857300818.245636
2013-05-06,1.3,HOLD,3918912220.4322896
2013-05-07,1.3,HOLD,3906942833.956226
2013-05-08,1.3,HOLD,3982670882.778655
2013-05-09,1.3,HOLD,3965790436.004653
2013-05-10,1.3,HOLD,4049235855.48659
2013-05-13,1.3,HOLD,4068752447.7622094
2013-05-14,1.3,HOLD,4142375746.6469016
2013-05-15,1.3,HOLD,4179516909.746273
2013-05-16,1.3,HOLD,4161233290.623813
2013-05-17,1.3,HOLD,4305014533.54948
2013-05-20,1.3,HOLD,4281033156.906203
2013-05-21,1.3,HOLD,4300634821.116046
2013-05-22,1.3,HOLD,4172203209.4143677
2013-05-23,1.3,HOLD,4116735863.5593486
2013-05-24,1.3,HOLD,4113886978.1191916
2013-05-28,1.3,HOLD,4218252034.38296
2013-05-29,1.3,HOLD,4140334133.1507907
2013-05-30,1.3,HOLD,4223077934.9703436
2013-05-31,1.3,HOLD,4075002080.155459
2013-06-03,1.3,HOLD,4104340665.1657124
2013-06-04,1.3,HOLD,4028527490.970896
2013-06-05,1.3,HOLD,3837655277.2526875
2013-06-06,1.3,HOLD,3895843783.288909
2013-06-07,1.3,HOLD,4098557663.9303284
2013-06-10,1.3,HOLD,4100534608.429784
2013-06-11,1.3,HOLD,3954563471.101696
2013-06-12,1.3,HOLD,3784738628.943504
2013-06-13,1.3,HOLD,3954478261.735388
2013-06-14,1.3,HOLD,3868141375.9764023
2013-06-17,1.3,HOLD,4001313646.42031
2013-06-18,1.3,HOLD,4118434807.336269
2013-06-19,1.3,HOLD,3959133644.269218
2013-06-20,1.3,HOLD,3597076004.4718294
2013-06-21,1.3,HOLD,3532488069.765112
2013-06-24,1.3,HOLD,3394149034.4924765
2013-06-25,1.3,HOLD,3486714899.6137137
2013-06-26,1.3,HOLD,3608045522.227046
2013-06-27,1.3,HOLD,3658516613.6667547
2013-06-28,1.3,HOLD,3671102410.322083
2013-07-01,1.3,HOLD,3769897205.113151
2013-07-02,1.3,HOLD,3771959301.656809
2013-07-03,1.3,HOLD,3835760392.0812902
2013-07-05,1.3,HOLD,3941613602.7670193
2013-07-08,1.3,HOLD,3957621976.682934
2013-07-09,1.3,HOLD,4047381497.046717
2013-07-10,1.3,HOLD,4131528379.516776
2013-07-11,1.3,HOLD,4447898073.794778
2013-07-12,1.3,HOLD,4504683352.031288
2013-07-15,1.3,HOLD,4546650127.194467
2013-07-16,1.3,HOLD,4525560073.540556
2013-07-17,1.3,HOLD,4564104275.273332
2013-07-18,1.3,HOLD,4524071571.356585
2013-07-19,1.3,HOLD,4357052976.452706
2013-07-22,1.3,HOLD,4395511813.949438
2013-07-23,1.3,HOLD,4276200617.231243
2013-07-24,1.3,HOLD,4325970077.531802
2013-07-25,1.3,HOLD,4421342203.265456
2013-07-26,1.3,HOLD,4510400111.606367
2013-07-29,1.3,HOLD,4485015174.626544
2013-07-30,1.3,HOLD,4565654121.339113
2013-07-31,1.3,HOLD,4600690398.790375
2013-08-01,1.3,HOLD,4769728358.377438
2013-08-02,1.3,HOLD,4865100468.797209
2013-08-05,1.3,HOLD,4877600784.486782
2013-08-06,1.3,HOLD,4773724309.916288
2013-08-07,1.3,HOLD,4740707362.693003
2013-08-08,1.3,HOLD,4816435235.689689
2013-08-09,1.3,HOLD,4754653525.232758
2013-08-12,1.3,HOLD,4790305924.128558
2013-08-13,1.3,HOLD,4885678013.482769
2013-08-14,1.3,HOLD,4820388395.960641
2013-08-15,1.3,HOLD,4530593337.276365
2013-08-16,1.3,HOLD,4511607962.767437
2013-08-19,1.3,HOLD,4489730802.62763
2013-08-20,1.3,HOLD,4564055493.641714
2013-08-21,1.3,HOLD,4509289555.172897
2013-08-22,1.3,HOLD,4664997464.081416
2013-08-23,1.3,HOLD,4783521657.698395
2013-08-26,1.3,HOLD,4788304478.227788
2013-08-27,1.3,HOLD,4426948287.789167
2013-08-28,1.3,HOLD,4496361906.98799
2013-08-29,1.3,HOLD,4609273453.123966
2013-08-30,1.3,HOLD,4505396932.570603
2013-09-03,1.3,HOLD,4595028069.490645
2013-09-04,1.3,HOLD,4775992815.39528
2013-09-05,1.3,HOLD,4801206910.905203
2013-09-06,1.3,HOLD,4821509948.014067
2013-09-09,1.3,HOLD,5024839685.856536
2013-09-10,1.3,HOLD,5115300665.058899
2013-09-11,1.3,HOLD,5084388389.250653
2013-09-12,1.3,HOLD,5057685588.510221
2013-09-13,1.3,HOLD,5077287032.696233
2013-09-16,1.3,HOLD,5025943372.614231
2013-09-17,1.3,HOLD,5145870677.290083
2013-09-18,1.3,HOLD,5369631745.698863
2013-09-19,1.3,HOLD,5408877404.308271
2013-09-20,1.3,HOLD,5339378238.863911
2013-09-23,1.3,HOLD,5303469287.438233
2013-09-24,1.3,HOLD,5304829643.5802
2013-09-25,1.3,HOLD,5245854161.005497
2013-09-26,1.3,HOLD,5387530412.838085
2013-09-27,1.3,HOLD,5357319685.828225
2013-09-30,1.3,HOLD,5317902796.6098
2013-10-01,1.3,HOLD,5505883285.689372
2013-10-02,1.3,HOLD,5493913616.020255
2013-10-03,1.3,HOLD,5269365356.644749
2013-10-04,1.3,HOLD,5429984239.556558
2013-10-07,1.3,HOLD,5271298795.42126
2013-10-08,1.3,HOLD,4919063057.873692
2013-10-09,1.3,HOLD,4854474912.440311
2013-10-10,1.3,HOLD,5223462894.631258
2013-10-11,1.3,HOLD,5362332799.673992
2013-10-14,1.3,HOLD,5493399647.736374
2013-10-15,1.3,HOLD,5424602013.793023
2013-10-16,1.3,HOLD,5642048812.967968
2013-10-17,1.3,HOLD,5748646049.593886
2013-10-18,1.3,HOLD,6080450303.042787
2013-10-21,1.3,HOLD,6120311776.068792
2013-10-22,1.3,HOLD,6144824201.863565
2013-10-23,1.3,HOLD,6030423885.20298
2013-10-24,1.3,HOLD,6117376882.4449215
2013-10-25,1.3,HOLD,6259053078.581435
2013-10-28,1.3,HOLD,6273657649.337059
2013-10-29,1.3,HOLD,6307992174.645942
2013-10-30,1.3,HOLD,6284797179.225719
2013-10-31,1.3,HOLD,6238450058.460925
2013-11-01,1.3,HOLD,6234899285.130129
2013-11-04,1.3,HOLD,6269849620.949647
2013-11-05,1.3,HOLD,6299974655.815512
2013-11-06,1.3,HOLD,6287303339.402218
2013-11-07,1.3,HOLD,5885956979.37055
2013-11-08,1.3,HOLD,6156022196.662464
2013-11-11,1.3,HOLD,6121516121.834606
2013-11-12,1.3,HOLD,6156552199.722617
2013-11-13,1.3,HOLD,6411182658.450208
2013-11-14,1.3,HOLD,6467967696.918341
2013-11-15,1.3,HOLD,6519841676.979386
2013-11-18,1.3,HOLD,6312747005.337619
2013-11-19,1.3,HOLD,6241142986.117949
2013-11-20,1.3,HOLD,6190586349.903634
2013-11-21,1.3,HOLD,6409436238.861027
2013-11-22,1.3,HOLD,6525855519.238032
2013-11-25,1.3,HOLD,6574837323.830954
2013-11-26,1.3,HOLD,6699675550.482141
2013-11-27,1.3,HOLD,6852576955.114536
2013-11-29,1.3,HOLD,6980880145.700905
2013-12-02,1.3,HOLD,6930939200.707309
2013-12-03,1.3,HOLD,6908445719.378934
2013-12-04,1.3,HOLD,6928047005.984067
2013-12-05,1.3,HOLD,6904150361.809896
2013-12-06,1.3,HOLD,7066172282.586346
2013-12-09,1.3,HOLD,7162159832.671754
2013-12-10,1.3,HOLD,7147383712.339196
2013-12-11,1.3,HOLD,6844258416.548608
2013-12-12,1.3,HOLD,6781073307.02681
2013-12-13,1.3,HOLD,6743846636.991903
2013-12-16,1.3,HOLD,6876316280.510957
2013-12-17,1.3,HOLD,6826461171.8136215
2013-12-18,1.3,HOLD,7095824732.618478
2013-12-19,1.3,HOLD,7022817496.645926
2013-12-20,1.3,HOLD,7263416294.194229
2013-12-23,1.3,HOLD,7529186001.809286
2013-12-24,1.3,HOLD,7541069875.417994
2013-12-26,1.3,HOLD,7623770294.656458
2013-12-27,1.3,HOLD,7560585156.235789
2013-12-30,1.3,HOLD,7516256685.422319
2013-12-31,1.3,HOLD,7682488035.022015
2014-01-02,1.3,HOLD,7480347151.232719
2014-01-03,1.3,HOLD,7296490325.724267
2014-01-06,1.3,HOLD,7208663885.57478
2014-01-07,1.3,HOLD,7420497889.026208
2014-01-08,1.3,HOLD,7482895457.550954
2014-01-09,1.3,HOLD,7395856591.1489315
2014-01-10,1.3,HOLD,7479301540.74631
2014-01-13,1.3,HOLD,7103827466.067537
2014-01-14,1.3,HOLD,7565423757.181241
2014-01-15,1.3,HOLD,7764629314.246765
2014-01-16,1.3,HOLD,7782827358.990877
2014-01-17,1.3,HOLD,7627735265.88759
2014-01-21,1.3,HOLD,7819795932.455848
2014-01-22,1.3,HOLD,7901136120.41267
2014-01-23,1.3,HOLD,7794453001.071024
2014-01-24,1.3,HOLD,7275942714.681969
2014-01-27,1.3,HOLD,7035873402.021171
2014-01-28,1.3,HOLD,7033024038.6820755
2014-01-29,1.3,HOLD,6781113951.748852
2014-01-30,1.3,HOLD,7189390170.169715
2014-01-31,1.3,HOLD,7131817600.223878
2014-02-03,1.3,HOLD,6595681699.023904
2014-02-04,1.3,HOLD,6742970334.668738
2014-02-05,1.3,HOLD,6672067744.615229
2014-02-06,1.3,HOLD,6964583332.411239
2014-02-07,1.3,HOLD,7384786386.847867
2014-02-10,1.3,HOLD,7538303091.287634
2014-02-11,1.3,HOLD,7829415510.433346
2014-02-12,1.3,HOLD,7870765626.486071
2014-02-13,1.3,HOLD,8098034307.483451
2014-02-14,1.3,HOLD,8123949670.725197
2014-02-18,1.3,HOLD,8266197976.74659
2014-02-19,1.3,HOLD,8064099993.59514
2014-02-20,1.3,HOLD,8195252269.893252
2014-02-21,1.3,HOLD,8147501772.359775
2014-02-24,1.3,HOLD,8307332611.148992
2014-02-25,1.3,HOLD,8274315275.337032
2014-02-26,1.3,HOLD,8243402676.085535
2014-02-27,1.3,HOLD,8424367083.190356
2014-02-28,1.3,HOLD,8377318151.627809
2014-03-03,1.3,HOLD,8172327611.057693
2014-03-04,1.3,HOLD,8539912154.87206
2014-03-05,1.3,HOLD,8617744364.225836
2014-03-06,1.3,HOLD,8581219113.530264
2014-03-07,1.3,HOLD,8445069572.235804
2014-03-10,1.3,HOLD,8464584430.315661
2014-03-11,1.3,HOLD,8347377527.723742
2014-03-12,1.3,HOLD,8451869744.454048
2014-03-13,1.3,HOLD,8051926300.443611
2014-03-14,1.3,HOLD,7866666180.778772
2014-03-17,1.3,HOLD,8102267483.524122
2014-03-18,1.3,HOLD,8427757230.408749
2014-03-19,1.3,HOLD,8273366598.969697
2014-03-20,1.3,HOLD,8345586143.335695
2014-03-21,1.3,HOLD,8004575361.654147
2014-03-24,1.3,HOLD,7778537314.32688
2014-03-25,1.3,HOLD,7859175802.991415
2014-03-26,1.3,HOLD,7523777647.617386
2014-03-27,1.3,HOLD,7372894898.189081
2014-03-28,1.3,HOLD,7427574939.635775
2014-03-31,1.3,HOLD,7594421370.355113
2014-04-01,1.3,HOLD,8058122251.187844
2014-04-02,1.3,HOLD,8128938611.4037
2014-04-03,1.3,HOLD,7914913693.639968
2014-04-04,1.3,HOLD,7209783125.588847
2014-04-07,1.3,HOLD,6964802350.542878
2014-04-08,1.3,HOLD,7186458291.137595
2014-04-09,1.3,HOLD,7603854909.639233
2014-04-10,1.3,HOLD,6813131631.259465
2014-04-11,1.3,HOLD,6541577179.200928
2014-04-14,1.3,HOLD,6709826687.607762
2014-04-15,1.3,HOLD,6786255658.635262
2014-04-16,1.3,HOLD,7087190066.97253
2014-04-17,1.3,HOLD,7091356345.869028
2014-04-21,1.3,HOLD,7273594203.529457
2014-04-22,1.3,HOLD,7474904311.578924
2014-04-23,1.3,HOLD,7245444606.136845
2014-04-24,1.3,HOLD,7487446321.174986
2014-04-25,1.3,HOLD,7079785419.456078
2014-04-28,1.3,HOLD,7165950045.279566
2014-04-29,1.3,HOLD,7345511175.338875
2014-04-30,1.3,HOLD,7419133799.315805
2014-05-01,1.3,HOLD,7494159580.3499975
2014-05-02,1.3,HOLD,7452723162.836957
2014-05-05,1.3,HOLD,7571861984.351194
2014-05-06,1.3,HOLD,7242076385.55261
2014-05-07,1.3,HOLD,7168367301.456009
2014-05-08,1.3,HOLD,7140260882.767717
2014-05-09,1.3,HOLD,7234930874.22863
2014-05-12,1.3,HOLD,7634701454.089633
2014-05-13,1.3,HOLD,7652197693.053801
2014-05-14,1.3,HOLD,7524466974.066236
2014-05-15,1.3,HOLD,7327981462.370186
2014-05-16,1.3,HOLD,7482285697.557455
2014-05-19,1.3,HOLD,7663163433.42899
2014-05-20,1.3,HOLD,7568406939.193983
2014-05-21,1.3,HOLD,7809707022.391307
2014-05-22,1.3,HOLD,7918408578.593817
2014-05-23,1.3,HOLD,8116912308.554982
2014-05-27,1.3,HOLD,8458408433.017293
2014-05-28,1.3,HOLD,8369264559.242883
2014-05-29,1.3,HOLD,8558647744.093192
2014-05-30,1.3,HOLD,8550185508.666981
2014-06-02,1.3,HOLD,8526201949.739468
2014-06-03,1.3,HOLD,8512127070.569027
2014-06-04,1.3,HOLD,8612409647.573784
2014-06-05,1.3,HOLD,8861427076.138273
2014-06-06,1.3,HOLD,9020642327.063005
2014-06-09,1.3,HOLD,9002271363.35416
2014-06-10,1.3,HOLD,9059055999.857176
2014-06-11,1.3,HOLD,9043577946.161133
2014-06-12,1.3,HOLD,8781845486.84991
2014-06-13,1.3,HOLD,8848452230.494919
2014-06-16,1.3,HOLD,8884804426.827114
2014-06-17,1.3,HOLD,8898792700.380783
2014-06-18,1.3,HOLD,9078353733.43654
2014-06-19,1.3,HOLD,9039021961.284674
2014-06-20,1.3,HOLD,9075460772.936127
2014-06-23,1.3,HOLD,9086556066.564999
2014-06-24,1.3,HOLD,9058449556.6627
2014-06-25,1.3,HOLD,9242921632.604115
2014-06-26,1.3,HOLD,9270239899.130085
2014-06-27,1.3,HOLD,9371925590.463467
2014-06-30,1.3,HOLD,9448267736.572456
2014-07-01,1.3,HOLD,9798312562.299458
2014-07-02,1.3,HOLD,9839662407.119102
2014-07-03,1.3,HOLD,10047286590.937174
2014-07-07,1.3,HOLD,9941174677.416153
2014-07-08,1.3,HOLD,9560875232.488611
2014-07-09,1.3,HOLD,9799368902.540188
2014-07-10,1.3,HOLD,9697596514.289675
2014-07-11,1.3,HOLD,9882770138.631884
2014-07-14,1.3,HOLD,10090307569.160328
2014-07-15,1.3,HOLD,9974503581.235004
2014-07-16,1.3,HOLD,10097938200.062082
2014-07-17,1.3,HOLD,9656601321.33997
2014-07-18,1.3,HOLD,10159590444.503609
2014-07-21,1.3,HOLD,10118768692.026285
2014-07-22,1.3,HOLD,10339021269.858727
2014-07-23,1.3,HOLD,10550854891.774174
2014-07-24,1.3,HOLD,10510119892.591972
2014-07-25,1.3,HOLD,10369760602.798712
2014-07-28,1.3,HOLD,10382960430.787928
2014-07-29,1.3,HOLD,10326089093.431873
2014-07-30,1.3,HOLD,10461450536.484768
2014-07-31,1.3,HOLD,9764738693.38439
2014-08-01,1.3,HOLD,9640515718.416533
2014-08-04,1.3,HOLD,9857875139.355556
2014-08-05,1.3,HOLD,9604561529.03594
2014-08-06,1.3,HOLD,9586277048.481024
2014-08-07,1.3,HOLD,9484504605.759754
2014-08-08,1.3,HOLD,9707563468.50161
2014-08-11,1.3,HOLD,9901069145.64289
2014-08-12,1.3,HOLD,9875768858.430843
2014-08-13,1.3,HOLD,10227918339.004875
2014-08-14,1.3,HOLD,10400463466.234539
2014-08-15,1.3,HOLD,10555469104.075811
2014-08-18,1.3,HOLD,10833865859.54154
2014-08-19,1.3,HOLD,11037280474.930426
2014-08-20,1.3,HOLD,11037237034.054476
2014-08-21,1.3,HOLD,11105246802.502335
2014-08-22,1.3,HOLD,11152209184.072962
2014-08-25,1.3,HOLD,11287483681.115585
2014-08-26,1.3,HOLD,11328833418.91269
2014-08-27,1.3,HOLD,11330193123.395708
2014-08-28,1.3,HOLD,11280337522.602222
2014-08-29,1.3,HOLD,11423416281.71271
2014-09-02,1.3,HOLD,11526374614.74338
2014-09-03,1.3,HOLD,11312349399.808687
2014-09-04,1.3,HOLD,11273017477.838667
2014-09-05,1.3,HOLD,11462400470.151917
2014-09-08,1.3,HOLD,11524710617.593966
2014-09-09,1.3,HOLD,11221584794.762966
2014-09-10,1.3,HOLD,11504277850.516254
2014-09-11,1.3,HOLD,11494412253.801838
2014-09-12,1.3,HOLD,11297926508.764067
2014-09-15,1.3,HOLD,10928765224.212257
2014-09-16,1.3,HOLD,11250045140.637014
2014-09-17,1.3,HOLD,11310337481.987576
2014-09-18,1.3,HOLD,11574789455.202688
2014-09-19,1.3,HOLD,11546682775.949394
2014-09-22,1.3,HOLD,11206987789.343838
2014-09-23,1.3,HOLD,11101005778.049767
2014-09-24,1.3,HOLD,11492443628.635454
2014-09-25,1.3,HOLD,10701018444.24033
2014-09-26,1.3,HOLD,11074215223.985468
2014-09-29,1.3,HOLD,11034094641.906744
2014-09-30,1.3,HOLD,11078250629.451637
2014-10-01,1.3,HOLD,10501508759.629076
2014-10-02,1.3,HOLD,10495852598.938332
2014-10-03,1.3,HOLD,10841687764.616337
2014-10-06,1.3,HOLD,10760173951.195972
2014-10-07,1.3,HOLD,10264815291.39022
2014-10-08,1.3,HOLD,10913732790.291965
2014-10-09,1.3,HOLD,10321556155.907112
2014-10-10,1.3,HOLD,9476109320.920155
2014-10-13,1.3,HOLD,8986977778.37444
2014-10-14,1.3,HOLD,9005175297.179342
2014-10-15,1.3,HOLD,8791851579.808702
2014-10-16,1.3,HOLD,8640266856.27817
2014-10-17,1.3,HOLD,9016269913.024128
2014-10-20,1.3,HOLD,9446207471.387453
2014-10-21,1.3,HOLD,10261399285.84742
2014-10-22,1.3,HOLD,10087364006.67431
2014-10-23,1.3,HOLD,10592457679.268557
2014-10-24,1.3,HOLD,10858312741.212372
2014-10-27,1.3,HOLD,10903083114.349257
2014-10-28,1.3,HOLD,11433433639.090948
2014-10-29,1.3,HOLD,11284655208.158175
2014-10-30,1.3,HOLD,11361083794.015633
2014-10-31,1.3,HOLD,11869685348.468601
2014-11-03,1.3,HOLD,12001451538.281452
2014-11-04,1.3,HOLD,11863898367.586246
2014-11-05,1.3,HOLD,11862451617.479794
2014-11-06,1.3,HOLD,11972556005.544426
2014-11-07,1.3,HOLD,11940239753.632452
2014-11-10,1.3,HOLD,12072005902.400375
2014-11-11,1.3,HOLD,12196141870.643997
2014-11-12,1.3,HOLD,12268360954.106817
2014-11-13,1.3,HOLD,12438801165.284847
2014-11-14,1.3,HOLD,12562235548.165419
2014-11-17,1.3,HOLD,12435820400.74206
2014-11-18,1.3,HOLD,12736052809.207485
2014-11-19,1.3,HOLD,12562017475.309029
2014-11-20,1.3,HOLD,12741578206.268055
2014-11-21,1.3,HOLD,12840457293.042036
2014-11-24,1.3,HOLD,13152529290.576286
2014-11-25,1.3,HOLD,13198789907.20265
2014-11-26,1.3,HOLD,13487797028.058014
2014-11-28,1.3,HOLD,13703796243.1146
2014-12-01,1.3,HOLD,13162045950.930931
2014-12-02,1.3,HOLD,13313543478.50833
2014-12-03,1.3,HOLD,13443292039.70184
2014-12-04,1.3,HOLD,13399750463.019985
2014-12-05,1.3,HOLD,13409528926.202108
2014-12-08,1.3,HOLD,13099299827.144897
2014-12-09,1.3,HOLD,13235362592.074043
2014-12-10,1.3,HOLD,12547069445.312464
2014-12-11,1.3,HOLD,12758902792.072208
2014-12-12,1.3,HOLD,12304937193.608892
2014-12-15,1.3,HOLD,11906309036.738983
2014-12-16,1.3,HOLD,11267126443.065716
2014-12-17,1.3,HOLD,11924462759.082844
2014-12-18,1.3,HOLD,12870148246.67398
2014-12-19,1.3,HOLD,13024452058.962933
2014-12-22,1.3,HOLD,13153411643.199993
2014-12-23,1.3,HOLD,13018664694.625034
2014-12-24,1.3,HOLD,13048087346.540342
2014-12-26,1.3,HOLD,13332139663.238558
2014-12-29,1.3,HOLD,13334814896.764261
2014-12-30,1.3,HOLD,13039406229.515566
2014-12-31,1.3,HOLD,12600173763.29024
2015-01-02,1.3,HOLD,12488535215.887505
2015-01-05,1.3,HOLD,11882940983.80662
2015-01-06,1.3,HOLD,11372848976.561195
2015-01-07,1.3,HOLD,11847774582.049807
2015-01-08,1.3,HOLD,12578776702.2189
2015-01-09,1.3,HOLD,12304415400.302147
2015-01-12,1.3,HOLD,11895964965.89856
2015-01-13,1.3,HOLD,11885397547.25501
2015-01-14,1.3,HOLD,11687508400.779593
2015-01-15,1.3,HOLD,11184432170.867807
2015-01-16,1.3,HOLD,11617262988.854092
2015-01-20,1.3,HOLD,11895615101.566545
2015-01-21,1.3,HOLD,12093416778.036577
2015-01-22,1.3,HOLD,12820910973.267527
2015-01-23,1.3,HOLD,12912774141.670471
2015-01-26,1.3,HOLD,12881773394.639223
2015-01-27,1.3,HOLD,11809014589.104624
2015-01-28,1.3,HOLD,11589376450.744896
2015-01-29,1.3,HOLD,11952750872.966516
2015-01-30,1.3,HOLD,11655938985.941929
2015-02-02,1.3,HOLD,11986953218.495844
2015-02-03,1.3,HOLD,12341207097.43728
2015-02-04,1.3,HOLD,12306084353.22315
2015-02-05,1.3,HOLD,12658935069.244358
2015-02-06,1.3,HOLD,12410532153.820948
2015-02-09,1.3,HOLD,12263069127.768034
2015-02-10,1.3,HOLD,12896551633.033484
2015-02-11,1.3,HOLD,13052258498.439445
2015-02-12,1.3,HOLD,13542618782.25909
2015-02-13,1.3,HOLD,13909501072.529943
2015-02-17,1.3,HOLD,13949315936.27127
2015-02-18,1.3,HOLD,14013115873.74196
2015-02-19,1.3,HOLD,14238980673.20497
2015-02-20,1.3,HOLD,14531495522.98045
2015-02-23,1.3,HOLD,14592401525.263891
2015-02-24,1.3,HOLD,14624630373.556763
2015-02-25,1.3,HOLD,14499003832.915167
2015-02-26,1.3,HOLD,14734690731.596539
2015-02-27,1.3,HOLD,14526979385.801636
2015-03-02,1.3,HOLD,14944989311.134972
2015-03-03,1.3,HOLD,14716230572.552034
2015-03-04,1.3,HOLD,14542195032.820543
2015-03-05,1.3,HOLD,14610204417.811703
2015-03-06,1.3,HOLD,14074153853.365198
2015-03-09,1.3,HOLD,14218547733.35236
2015-03-10,1.3,HOLD,13377310079.56901
2015-03-11,1.3,HOLD,13125399201.842203
2015-03-12,1.3,HOLD,13395463468.397902
2015-03-13,1.3,HOLD,13210202639.016123
2015-03-16,1.3,HOLD,13753093632.388348
2015-03-17,1.3,HOLD,13835134583.745821
2015-03-18,1.3,HOLD,14261651066.48101
2015-03-19,1.3,HOLD,14335273059.934402
2015-03-20,1.3,HOLD,14653044716.602062
2015-03-23,1.3,HOLD,14521717771.446733
2015-03-24,1.3,HOLD,14364520100.342453
2015-03-25,1.3,HOLD,13294567500.8349
2015-03-26,1.3,HOLD,13177359857.16283
2015-03-27,1.3,HOLD,13314123989.671442
2015-03-30,1.3,HOLD,13827548561.54876
2015-03-31,1.3,HOLD,13369373272.185617
2015-04-01,1.3,HOLD,13127284466.129868
2015-04-02,1.3,HOLD,13150392708.216593
2015-04-06,1.3,HOLD,13490483219.55607
2015-04-07,1.3,HOLD,13423789276.105654
2015-04-08,1.3,HOLD,13766116177.814466
2015-04-09,1.3,HOLD,14040389866.283623
2015-04-10,1.3,HOLD,14219950320.60251
2015-04-13,1.3,HOLD,14107565897.934559
2015-04-14,1.3,HOLD,13977729785.918388
2015-04-15,1.3,HOLD,14242181349.610281
2015-04-16,1.3,HOLD,14189518978.39782
2015-04-17,1.3,HOLD,13480178195.420591
2015-04-20,1.3,HOLD,14126201168.364912
2015-04-21,1.3,HOLD,14319793190.981222
2015-04-22,1.3,HOLD,14568108412.444658
2015-04-23,1.3,HOLD,14754684636.146008
2015-04-24,1.3,HOLD,15370627510.436888
2015-04-27,1.3,HOLD,15265960379.545475
2015-04-28,1.3,HOLD,15159977942.88092
2015-04-29,1.3,HOLD,14851940608.92469
2015-04-30,1.3,HOLD,14108222404.960812
2015-05-01,1.3,HOLD,14717851049.984705
2015-05-04,1.3,HOLD,14773845582.685816
2015-05-05,1.3,HOLD,14026619471.382803
2015-05-06,1.3,HOLD,13706655272.175331
2015-05-07,1.3,HOLD,13958478361.578243
2015-05-08,1.3,HOLD,14506367997.01684
2015-05-11,1.3,HOLD,14335752310.597282
2015-05-12,1.3,HOLD,14137862932.155556
2015-05-13,1.3,HOLD,14216395873.815014
2015-05-14,1.3,HOLD,14889166648.00888
2015-05-15,1.3,HOLD,14887719522.994375
2015-05-18,1.3,HOLD,15082626713.45379
2015-05-19,1.3,HOLD,15036278492.704134
2015-05-20,1.3,HOLD,15062894537.737906
2015-05-21,1.3,HOLD,15314717599.544048
2015-05-22,1.3,HOLD,15270474111.37201
2015-05-26,1.3,HOLD,14706929835.76093
2015-05-27,1.3,HOLD,15462486965.0439
2015-05-28,1.3,HOLD,15341069720.29786
2015-05-29,1.3,HOLD,15065304984.097374
2015-06-01,1.3,HOLD,15205488890.91302
2015-06-02,1.3,HOLD,15058113194.89082
2015-06-03,1.3,HOLD,15198385090.93027
2015-06-04,1.3,HOLD,14846148177.649708
2015-06-05,1.3,HOLD,14726134076.116646
2015-06-08,1.3,HOLD,14245420086.082981
2015-06-09,1.3,HOLD,14170307064.505938
2015-06-10,1.3,HOLD,14770815097.18777
2015-06-11,1.3,HOLD,14857065356.121973
2015-06-12,1.3,HOLD,14454314703.223684
2015-06-15,1.3,HOLD,14240902460.346651
2015-06-16,1.3,HOLD,14473782824.419243
2015-06-17,1.3,HOLD,14603531000.363815
2015-06-18,1.3,HOLD,15262270115.558691
2015-06-19,1.3,HOLD,15013866938.32386
2015-06-22,1.3,HOLD,15399603544.976679
2015-06-23,1.3,HOLD,15440251112.873476
2015-06-24,1.3,HOLD,15188340028.277401
2015-06-25,1.3,HOLD,15082357477.21668
2015-06-26,1.3,HOLD,14784142141.82619
2015-06-29,1.3,HOLD,13669200161.543467
2015-06-30,1.3,HOLD,13836132025.191093
2015-07-01,1.3,HOLD,14139871888.904152
2015-07-02,1.3,HOLD,14197357346.968222
2015-07-06,1.3,HOLD,14068792036.171097
2015-07-07,1.3,HOLD,14145220130.792814
2015-07-08,1.3,HOLD,13387470200.738255
2015-07-09,1.3,HOLD,13345331356.305792
2015-07-10,1.3,HOLD,14011787802.518879
2015-07-13,1.3,HOLD,14777780372.439634
2015-07-14,1.3,HOLD,15093447061.924397
2015-07-15,1.3,HOLD,15170576720.233118
2015-07-16,1.3,HOLD,15801252600.207245
2015-07-17,1.3,HOLD,16568736480.245386
2015-07-20,1.3,HOLD,16765046456.566849
2015-07-21,1.3,HOLD,16716593372.93535
2015-07-22,1.3,HOLD,16135641448.61382
2015-07-23,1.3,HOLD,15930736133.05281
2015-07-24,1.3,HOLD,15450110072.939766
2015-07-27,1.3,HOLD,15027626890.813725
2015-07-28,1.3,HOLD,15449933636.259533
2015-07-29,1.3,HOLD,15633703350.528057
2015-07-30,1.3,HOLD,15865180468.658495
2015-07-31,1.3,HOLD,15813219467.762173
2015-08-03,1.3,HOLD,15658739612.19925
2015-08-04,1.3,HOLD,15551353823.075825
2015-08-05,1.3,HOLD,15938581577.813831
2015-08-06,1.3,HOLD,15126108389.599787
2015-08-07,1.3,HOLD,15062220523.394594
2015-08-10,1.3,HOLD,15603707487.945385
2015-08-11,1.3,HOLD,14971540220.731897
2015-08-12,1.3,HOLD,15111811978.44675
2015-08-13,1.3,HOLD,15039505146.39587
2015-08-14,1.3,HOLD,15125755278.833529
2015-08-17,1.3,HOLD,15521313666.310633
2015-08-18,1.3,HOLD,15258177201.002838
2015-08-19,1.3,HOLD,14952945963.85658
2015-08-20,0.0,TRADE,13640246566.111843
2015-08-21,0.0,HOLD,13640302580.02138
2015-08-24,0.0,HOLD,13640459428.066542
2015-08-25,0.0,HOLD,13640511711.147953
2015-08-26,0.0,HOLD,13640563994.428652
2015-08-27,0.0,HOLD,13640616277.902304
2015-08-28,0.0,HOLD,13640668561.582691
2015-08-31,0.0,HOLD,13640825413.84526
2015-09-01,0.0,HOLD,13640877698.327879
2015-09-02,0.0,HOLD,13640929983.014372
2015-09-03,0.0,HOLD,13640982267.907602
2015-09-04,0.0,HOLD,13641034552.980001
2015-09-08,0.0,HOLD,13641243695.35411
2015-09-09,0.0,HOLD,13641295981.440355
2015-09-10,0.0,HOLD,13641348267.725595
2015-09-11,0.0,HOLD,13641400554.217571
2015-09-14,0.0,HOLD,13641557414.873592
2015-09-15,0.0,HOLD,13641609702.163216
2015-09-16,0.0,HOLD,13641661989.661297
2015-09-17,0.0,HOLD,13641714277.352333
2015-09-18,0.0,HOLD,13641766565.236319
2015-09-21,0.0,HOLD,13641923430.10974
2015-09-22,0.0,HOLD,13641975718.80516
2015-09-23,0.0,HOLD,13642028007.695255
2015-09-24,0.0,HOLD,13642080296.792086
2015-09-25,0.0,HOLD,13642132586.081867
2015-09-28,0.0,HOLD,13642289455.172682
2015-09-29,0.0,HOLD,13642341745.264711
2015-09-30,0.0,HOLD,13642394035.560602
2015-10-01,0.0,HOLD,13642446326.063225
2015-10-02,0.0,HOLD,13642498616.758799
2015-10-05,1.0,TRADE,13642633092.92316
2015-10-06,0.0,TRADE,13447627306.313456
2015-10-07,0.0,HOLD,13447671491.26444
2015-10-08,0.0,HOLD,13447715676.356228
2015-10-09,1.0,TRADE,13447759861.58584
2015-10-12,1.0,HOLD,13561102745.24814
2015-10-13,1.0,HOLD,13295052383.59771
2015-10-14,1.0,HOLD,13238720291.717642
2015-10-15,1.0,HOLD,13885521298.485147
2015-10-16,1.0,HOLD,14057911073.63619
2015-10-19,1.0,HOLD,14310387437.243233
2015-10-20,1.0,HOLD,14072842471.483921
2015-10-21,1.0,HOLD,13846835404.061487
2015-10-22,1.0,HOLD,14667383585.784372
2015-10-23,1.0,HOLD,15887007309.982908
2015-10-26,1.0,HOLD,15933837603.232601
2015-10-27,1.0,HOLD,16037678688.26453
2015-10-28,1.0,HOLD,16409606234.653399
2015-10-29,1.0,HOLD,16349201943.360315
2015-10-30,1.0,HOLD,16125230975.644392
2015-11-02,1.0,HOLD,16675656596.30383
2015-11-03,1.0,HOLD,16834472373.411484
2015-11-04,1.0,HOLD,16841259372.433178
2015-11-05,1.0,HOLD,16692624093.858065
2015-11-06,1.0,HOLD,16748277485.83596
2015-11-09,1.0,HOLD,16209389763.513405
2015-11-10,1.0,HOLD,16094689480.046764
2015-11-11,1.0,HOLD,16023425990.31897
2015-11-12,1.0,HOLD,15557837857.430716
2015-11-13,0.9,TRADE,14642950389.306274
2015-11-16,1.0,TRADE,15192711743.836533
2015-11-17,1.0,HOLD,15244762413.659687
2015-11-18,1.0,HOLD,16118808077.05371
2015-11-19,1.0,HOLD,16143143455.152847
2015-11-20,1.0,HOLD,16463559266.791492
2015-11-23,1.0,HOLD,16331066652.696188
2015-11-24,1.0,HOLD,16279691965.59801
2015-11-25,1.0,HOLD,16316195032.746714
2015-11-27,1.0,HOLD,16375005529.81963
2015-11-30,1.0,HOLD,16271580172.898294
2015-12-01,1.0,HOLD,16754907821.256166
2015-12-02,1.0,HOLD,16450039612.29197
2015-12-03,1.0,HOLD,15611145050.596703
2015-12-04,1.0,HOLD,16683929635.133682
2015-12-07,1.0,HOLD,16479782852.190916
2015-12-08,1.0,HOLD,16481134817.640867
2015-12-09,1.0,HOLD,15713218442.068085
2015-12-10,1.0,HOLD,15936292741.310179
2015-12-11,1.0,HOLD,14843228675.02392
2015-12-14,1.0,HOLD,15176488158.437107
2015-12-15,1.0,HOLD,15434037576.652979
2015-12-16,1.0,HOLD,16116104146.153807
2015-12-17,1.0,HOLD,15444853300.252598
2015-12-18,0.6000000000000001,TRADE,14596494980.407663
2015-12-21,1.0,TRADE,14856535488.358269
2015-12-22,1.0,HOLD,15137843459.960266
2015-12-23,1.0,HOLD,15484634047.279596
2015-12-24,1.0,HOLD,15452560929.377232
2015-12-28,0.5,TRADE,15448551789.639433
2015-12-29,1.0,TRADE,15800713276.302795
2015-12-30,0.5,TRADE,15397427097.289026
2015-12-31,0.5,HOLD,15111818583.869125
2016-01-04,0.4,TRADE,14659059207.23793
2016-01-05,0.4,HOLD,14606529652.579548
2016-01-06,0.0,TRADE,14451052099.129333
2016-01-07,0.0,HOLD,14451186483.972292
2016-01-08,0.0,HOLD,14451320870.063885
2016-01-11,0.0,HOLD,14451724035.850405
2016-01-12,0.0,HOLD,14451858426.940548
2016-01-13,0.0,HOLD,14451992819.275581
2016-01-14,0.0,HOLD,14452127212.864815
2016-01-15,0.0,HOLD,14452261607.708252
2016-01-19,0.0,HOLD,14452799199.542454
2016-01-20,0.0,HOLD,14452933600.629644
2016-01-21,0.0,HOLD,14453068002.97072
2016-01-22,0.0,HOLD,14453202406.552214
2016-01-25,0.0,HOLD,14453605624.850273
2016-01-26,0.0,HOLD,14453740033.435072
2016-01-27,0.0,HOLD,14453874443.27379
2016-01-28,0.0,HOLD,14454008854.352922
2016-01-29,0.0,HOLD,14454143266.70004
2016-02-01,0.0,HOLD,14454546511.21253
2016-02-02,0.0,HOLD,14454680928.549252
2016-02-03,0.0,HOLD,14454831131.2162
2016-02-04,0.0,HOLD,14454981335.440563
2016-02-05,0.0,HOLD,14455131541.222343
2016-02-08,0.0,HOLD,14455582167.96383
2016-02-09,0.0,HOLD,14455732379.99251
2016-02-10,0.0,HOLD,14455882593.588924
2016-02-11,0.0,HOLD,14456032808.742756
2016-02-12,0.0,HOLD,14456183025.454
2016-02-16,0.0,HOLD,14456783907.949593
2016-02-17,0.0,HOLD,14456934132.467066
2016-02-18,0.0,HOLD,14457084358.55036
2016-02-19,0.0,HOLD,14457234586.191067
2016-02-22,0.0,HOLD,14457685278.468681
2016-02-23,0.0,HOLD,14457835512.356518
2016-02-24,0.0,HOLD,14457985747.79808
2016-02-25,1.0,TRADE,14458135984.810839
2016-02-26,1.0,HOLD,14424718358.589155
2016-02-29,1.0,HOLD,14042921979.006437
2016-03-01,1.0,HOLD,15387145993.773607
2016-03-02,1.0,HOLD,15403854806.884449
2016-03-03,1.0,HOLD,15316968978.708073
2016-03-04,1.0,HOLD,15343703079.68542
2016-03-07,1.0,HOLD,15058817816.145578
2016-03-08,1.0,HOLD,14660312623.452017
2016-03-09,1.0,HOLD,14941020683.714148
2016-03-10,1.0,HOLD,14884210719.13729
2016-03-11,1.0,HOLD,15655322444.202606
2016-03-14,1.0,HOLD,15747220916.312233
2016-03-15,1.0,HOLD,15737195628.445728
2016-03-16,1.0,HOLD,16138207143.105915
2016-03-17,1.0,HOLD,16092257907.051102
2016-03-18,1.0,HOLD,16184991819.81627
2016-03-21,1.0,HOLD,16377143170.590944
2016-03-22,1.0,HOLD,16523345285.310804
2016-03-23,1.0,HOLD,16129852736.550495
2016-03-24,1.0,HOLD,16124840092.617243
2016-03-28,1.0,HOLD,16067194687.384842
2016-03-29,1.0,HOLD,16834964649.82799
2016-03-30,1.0,HOLD,17087267727.801693
2016-03-31,1.0,HOLD,16987850289.792187
2016-04-01,1.0,HOLD,17553443613.594162
2016-04-04,1.0,HOLD,17336229043.153225
2016-04-05,1.0,HOLD,16870053157.360756
2016-04-06,1.0,HOLD,17677924271.269928
2016-04-07,1.0,HOLD,16915166952.76003
2016-04-08,1.0,HOLD,16875065801.294008
2016-04-11,1.0,HOLD,16694610619.696926
2016-04-12,1.0,HOLD,17083925965.179525
2016-04-13,1.0,HOLD,17750607608.302086
2016-04-14,1.0,HOLD,17762303777.479675
2016-04-15,1.0,HOLD,17626962391.281864
2016-04-18,1.0,HOLD,17886784435.15544
2016-04-19,1.0,HOLD,17578506833.26042
2016-04-20,1.0,HOLD,17621949747.34861
2016-04-21,1.0,HOLD,17626962391.281864
2016-04-22,1.0,HOLD,16828281124.583654
2016-04-25,1.0,HOLD,16815749514.750523
2016-04-26,0.6000000000000001,TRADE,16584332453.165375
2016-04-27,0.6000000000000001,HOLD,16345799534.935299
2016-04-28,0.2,TRADE,16001498019.727886
2016-04-29,0.2,HOLD,15950595371.734085
2016-05-02,0.2,HOLD,16034210929.450325
2016-05-03,0.2,HOLD,15948373509.325016
2016-05-04,0.1,TRADE,15886339688.8079
2016-05-05,0.2,TRADE,15885602322.30952
2016-05-06,0.2,HOLD,15931620101.56766
2016-05-09,0.2,HOLD,15960421874.035233
2016-05-10,0.6000000000000001,TRADE,16096806064.687119
2016-05-11,0.2,TRADE,15833203618.373905
2016-05-12,0.1,TRADE,15788893653.777035
2016-05-13,0.1,HOLD,15769910298.804214
2016-05-16,0.1,HOLD,15830467762.759995
2016-05-17,0.1,HOLD,15768512685.440523
2016-05-18,0.1,HOLD,15786325488.207754
2016-05-19,0.0,TRADE,15761595423.833807
2016-05-20,0.1,TRADE,15761754904.869158
2016-05-23,0.1,HOLD,15754507963.420498
2016-05-24,1.0,TRADE,15850578679.794844
2016-05-25,1.0,HOLD,16192047452.043058
2016-05-26,1.0,HOLD,16327831505.007643
2016-05-27,1.0,HOLD,16573689021.026361
2016-05-31,1.0,HOLD,16672514100.994665
2016-06-01,1.0,HOLD,16678941748.472279
2016-06-02,1.0,HOLD,16772946092.832378
2016-06-03,1.0,HOLD,16543157695.507696
2016-06-06,1.0,HOLD,16720721457.076769
2016-06-07,1.0,HOLD,16602613434.675617
2016-06-08,1.0,HOLD,16675727924.733473
2016-06-09,1.0,HOLD,16602613434.675617
2016-06-10,1.0,HOLD,16044211560.057947
2016-06-13,0.1,TRADE,15632038665.555984
2016-06-14,1.0,TRADE,15632984474.606731
2016-06-15,0.1,TRADE,15493246505.913544
2016-06-16,0.1,HOLD,15504550570.779152
2016-06-17,0.0,TRADE,15451209555.314571
2016-06-20,0.0,HOLD,15451691233.947365
2016-06-21,0.0,HOLD,15451851796.830576
2016-06-22,0.0,HOLD,15452012361.376173
2016-06-23,0.6000000000000001,TRADE,15452172927.603258
2016-06-24,0.0,TRADE,14316587142.632183
2016-06-27,0.0,HOLD,14317033450.378181
2016-06-28,0.0,HOLD,14317182222.70884
2016-06-29,0.0,HOLD,14317330996.594635
2016-06-30,0.4,TRADE,14317479772.024067
2016-07-01,0.4,HOLD,14396016880.532104
2016-07-05,0.4,HOLD,14293373734.116535
2016-07-06,1.0,TRADE,14427904590.8474
2016-07-07,1.0,HOLD,14564826841.24787
2016-07-08,1.0,HOLD,15237596168.891264
2016-07-11,1.0,HOLD,15498118504.788372
2016-07-12,1.0,HOLD,15741618074.419481
2016-07-13,1.0,HOLD,15631340153.82667
2016-07-14,1.0,HOLD,15948851750.701273
2016-07-15,1.0,HOLD,15859297197.736639
2016-07-18,1.0,HOLD,16175328554.066378
2016-07-19,1.0,HOLD,16008061372.49607
2016-07-20,1.0,HOLD,16555750374.097952
2016-07-21,1.0,HOLD,16457314377.8641
2016-07-22,1.0,HOLD,16649005528.424759
2016-07-25,1.0,HOLD,16663067813.601023
2016-07-26,1.0,HOLD,16719316954.306082
2016-07-27,1.0,HOLD,17045709994.449907
2016-07-28,1.0,HOLD,17230740062.55865
2016-07-29,1.0,HOLD,17343978464.2412
2016-08-01,1.0,HOLD,17615602604.22484
2016-08-02,1.0,HOLD,17218898138.199688
2016-08-03,1.0,HOLD,17381724598.135384
2016-08-04,1.0,HOLD,17537889975.619167
2016-08-05,1.0,HOLD,18044872362.23712
2016-08-08,1.0,HOLD,17987883101.25963
2016-08-09,1.0,HOLD,18106302344.849224
2016-08-10,1.0,HOLD,17967159733.63145
2016-08-11,1.0,HOLD,18198817378.903595
2016-08-12,1.0,HOLD,18232862911.435604
2016-08-15,1.0,HOLD,18462300195.890446
2016-08-16,1.0,HOLD,18171432928.8235
2016-08-17,1.0,HOLD,18256546760.153522
2016-08-18,1.0,HOLD,18274309646.691963
2016-08-19,1.0,HOLD,18249145557.429176
2016-08-22,1.0,HOLD,18266908443.967617
2016-08-23,1.0,HOLD,18375706124.015556
2016-08-24,1.0,HOLD,18021188513.519203
2016-08-25,1.0,HOLD,17936074682.189182
2016-08-26,1.0,HOLD,18022668754.06407
2016-08-29,1.0,HOLD,18072996932.58965
2016-08-30,1.0,HOLD,17909430352.381523
2016-08-31,1.0,HOLD,17862802775.218117
2016-09-01,1.0,HOLD,17941995644.36866
2016-09-02,1.0,HOLD,18152189801.740192
2016-09-06,1.0,HOLD,18488944525.69811
2016-09-07,1.0,HOLD,18522249937.957684
2016-09-08,1.0,HOLD,18204738341.083076
2016-09-09,1.0,HOLD,16825154153.264282
2016-09-12,1.0,HOLD,17687394270.65103
2016-09-13,1.0,HOLD,17269966436.997704
2016-09-14,1.0,HOLD,17492002518.728195
2016-09-15,1.0,HOLD,18303174337.31693
2016-09-16,1.0,HOLD,18283191089.961185
2016-09-19,1.0,HOLD,18043392121.692253
2016-09-20,1.0,HOLD,18143308358.470974
2016-09-21,1.0,HOLD,18671014112.71711
2016-09-22,1.0,HOLD,19107685073.453747
2016-09-23,1.0,HOLD,18763529146.771484
2016-09-26,1.0,HOLD,18297993495.409885
2016-09-27,1.0,HOLD,18816077686.114365
2016-09-28,1.0,HOLD,18918954403.982826
2016-09-29,1.0,HOLD,18517809216.32307
2016-09-30,1.0,HOLD,18898971156.627083
2016-10-03,1.0,HOLD,18856044180.825855
2016-10-04,1.0,HOLD,18748726741.32278
2016-10-05,1.0,HOLD,18944118493.245617
2016-10-06,1.0,HOLD,18915253802.62065
2016-10-07,1.0,HOLD,18791653717.124012
2016-10-10,1.0,HOLD,19127668320.80949
2016-10-11,1.0,HOLD,18337219869.848934
2016-10-12,1.0,HOLD,18299473735.954754
2016-10-13,0.5,TRADE,18084838856.94861
2016-10-14,1.0,TRADE,18105288594.67063
2016-10-17,0.5,TRADE,17980348056.798058
2016-10-18,1.0,TRADE,18211103384.406353
2016-10-19,1.0,HOLD,18218403886.865524
2016-10-20,1.0,HOLD,18141748611.044212
2016-10-21,1.0,HOLD,18338862177.441875
2016-10-24,1.0,HOLD,19006858152.456177
2016-10-25,1.0,HOLD,18817045088.51769
2016-10-26,1.0,HOLD,18456400267.034554
2016-10-27,1.0,HOLD,18197962479.979843
2016-10-28,1.0,HOLD,17883310823.9895
2016-10-31,1.0,HOLD,17781833839.807
2016-11-01,0.4,TRADE,17416808716.84836
2016-11-02,0.4,HOLD,17235283657.53331
2016-11-03,0.4,HOLD,17040039358.17424
2016-11-04,0.4,HOLD,16965399360.750046
2016-11-07,0.4,HOLD,17432398929.081333
2016-11-08,1.0,TRADE,17569473508.22363
2016-11-09,1.0,HOLD,17815966511.456696
2016-11-10,0.8,TRADE,16968376535.427198
2016-11-11,0.8,HOLD,16956882742.033527
2016-11-14,0.4,TRADE,16499182968.227764
2016-11-15,0.4,HOLD,16804756398.840645
2016-11-16,0.9,TRADE,16917238068.193205
2016-11-17,1.0,TRADE,17270049484.639442
2016-11-18,0.5,TRADE,17075894124.047007
2016-11-21,1.0,TRADE,17332843470.0558
2016-11-22,1.0,HOLD,17489069615.28918
2016-11-23,1.0,HOLD,17278474018.63097
2016-11-25,1.0,HOLD,17445023477.426025
2016-11-28,1.0,HOLD,17347984329.946262
2016-11-29,1.0,HOLD,17514533788.741318
2016-11-30,1.0,HOLD,16947439763.75319
2016-12-01,0.4,TRADE,16016965101.394032
2016-12-02,0.4,HOLD,16042674648.885284
2016-12-05,0.4,HOLD,16191755764.80987
2016-12-06,0.4,HOLD,16239522455.771929
2016-12-07,1.0,TRADE,16485772057.5821
2016-12-08,1.0,HOLD,16586774064.742235
2016-12-09,1.0,HOLD,16974278497.441578
2016-12-12,1.0,HOLD,16738607147.401262
2016-12-13,1.0,HOLD,17392809690.510376
2016-12-14,1.0,HOLD,17265401929.844322
2016-12-15,1.0,HOLD,17370364800.030346
2016-12-16,1.0,HOLD,17159118771.983002
2016-12-19,1.0,HOLD,17369044512.35505
2016-12-20,1.0,HOLD,17578970252.727097
2016-12-21,1.0,HOLD,17517576875.825836
2016-12-22,1.0,HOLD,17365083649.329163
2016-12-23,1.0,HOLD,17419215444.016293
2016-12-27,1.0,HOLD,17673370821.51075
2016-12-28,1.0,HOLD,17264081642.169025
2016-12-29,1.0,HOLD,17180243374.78774
2016-12-30,1.0,HOLD,16678534058.175299
2017-01-03,1.0,HOLD,17081881942.978193
2017-01-04,1.0,HOLD,17373005375.380936
2017-01-05,1.0,HOLD,17681292547.562527
2017-01-06,1.3,TRADE,18129530213.32548
2017-01-09,1.3,HOLD,18367203358.29776
2017-01-10,1.3,HOLD,18503354110.252037
2017-01-11,1.3,HOLD,18686705129.945107
2017-01-12,1.3,HOLD,18563683377.931812
2017-01-13,1.3,HOLD,18839718559.12182
2017-01-17,1.3,HOLD,18610236536.498314
2017-01-18,1.3,HOLD,18772990951.859734
2017-01-19,1.3,HOLD,18708325798.49104
2017-01-20,1.3,HOLD,18865072871.60813
2017-01-23,1.3,HOLD,18918235114.35627
2017-01-24,1.3,HOLD,19425980599.296253
2017-01-25,1.3,HOLD,20151705562.76165
2017-01-26,1.3,HOLD,20256961316.554882
2017-01-27,1.3,HOLD,20379380793.45918
2017-01-30,1.3,HOLD,19792335192.452305
2017-01-31,1.3,HOLD,19652149384.059906
2017-02-01,1.3,HOLD,20129000004.044643
2017-02-02,1.3,HOLD,20064334617.33346
2017-02-03,1.3,HOLD,20285445481.26584
2017-02-06,1.3,HOLD,20379799999.339546
2017-02-07,1.3,HOLD,20645536519.990746
2017-02-08,1.3,HOLD,20791126845.511166
2017-02-09,1.3,HOLD,21063728828.71528
2017-02-10,1.3,HOLD,21326032551.371387
2017-02-13,1.3,HOLD,21795414433.337643
2017-02-14,1.3,HOLD,22050852593.350197
2017-02-15,1.3,HOLD,22524270231.868782
2017-02-16,1.3,HOLD,22499939400.114594
2017-02-17,1.3,HOLD,22850636265.841038
2017-02-21,1.3,HOLD,23299119630.1529
2017-02-22,1.3,HOLD,23302250681.908062
2017-02-23,1.3,HOLD,22992143466.006577
2017-02-24,1.3,HOLD,23145457207.44032
2017-02-27,1.3,HOLD,23229512430.41385
2017-02-28,1.3,HOLD,23004365642.9403
2017-03-01,1.3,HOLD,23924040282.01758
2017-03-02,1.3,HOLD,23460317478.220657
2017-03-03,1.3,HOLD,23610198354.81741
2017-03-06,1.3,HOLD,23408476959.790676
2017-03-07,1.3,HOLD,23264857819.35956
2017-03-08,1.3,HOLD,23411305864.486237
2017-03-09,1.3,HOLD,23499397177.659203
2017-03-10,1.3,HOLD,23815766213.184265
2017-03-13,1.3,HOLD,23985639433.551243
2017-03-14,1.3,HOLD,23767357908.129765
2017-03-15,1.3,HOLD,24277677119.60914
2017-03-16,1.3,HOLD,24260211316.176876
2017-03-17,1.3,HOLD,24188679715.728218
2017-03-20,1.3,HOLD,24276166634.20252
2017-03-21,1.3,HOLD,22949965589.05881
2017-03-22,1.3,HOLD,23509201341.903744
2017-03-23,1.3,HOLD,23277188674.225273
2017-03-24,1.3,HOLD,23433076508.829227
2017-03-27,1.3,HOLD,23585785287.372982
2017-03-28,1.3,HOLD,24130431761.08054
2017-03-29,1.3,HOLD,24522320934.03224
2017-03-30,1.3,HOLD,24672201359.377148
2017-03-31,1.3,HOLD,24600669524.84895
2017-04-03,1.3,HOLD,24534540269.986248
2017-04-04,1.3,HOLD,24670689619.86892
2017-04-05,1.3,HOLD,24326254239.213276
2017-04-06,1.3,HOLD,24349981060.08236
2017-04-07,1.3,HOLD,24315351148.970905
2017-04-10,1.3,HOLD,24348771233.463295
2017-04-11,1.3,HOLD,23973441020.80264
2017-04-12,1.3,HOLD,23584379799.581818
2017-04-13,1.3,HOLD,23239944285.04798
2017-04-17,1.3,HOLD,23920134458.99765
2017-04-18,1.3,HOLD,23834871331.420425
2017-04-19,1.3,HOLD,23936692950.689056
2017-04-20,1.3,HOLD,24648685502.35118
2017-04-21,1.3,HOLD,24634651844.622673
2017-04-24,1.3,HOLD,25727932157.326027
2017-04-25,1.3,HOLD,26419328137.517143
2017-04-26,1.3,HOLD,26279140908.673088
2017-04-27,1.3,HOLD,26834943311.110268
2017-04-28,1.3,HOLD,27018292543.594574
2017-05-01,1.3,HOLD,27835236294.087795
2017-05-02,1.3,HOLD,28033174638.367195
2017-05-03,1.3,HOLD,27701611593.71264
2017-05-04,1.3,HOLD,27735636189.590034
2017-05-05,1.3,HOLD,28096630011.496056
2017-05-08,1.3,HOLD,28296536965.03278
2017-05-09,1.3,HOLD,28667828963.763233
2017-05-10,1.3,HOLD,28722449946.810925
2017-05-11,1.3,HOLD,28640619181.85282
2017-05-12,1.3,HOLD,28861728407.226463
2017-05-15,1.3,HOLD,29180923000.1829
2017-05-16,1.3,HOLD,29616578905.723278
2017-05-17,1.3,HOLD,26961903447.3128
2017-05-18,1.3,HOLD,27782885277.34829
2017-05-19,1.3,HOLD,28184213653.0196
2017-05-22,1.3,HOLD,29056080314.675232
2017-05-23,1.3,HOLD,29140737624.331993
2017-05-24,1.3,HOLD,29617586371.159363
2017-05-25,1.3,HOLD,30541550522.448727
2017-05-26,1.3,HOLD,30694004553.901062
2017-05-30,1.3,HOLD,30768311830.812973
2017-05-31,1.3,HOLD,30723382770.905224
2017-06-01,1.3,HOLD,31156463847.054897
2017-06-02,1.3,HOLD,32406538919.89328
2017-06-05,1.3,HOLD,32374733977.42401
2017-06-06,1.3,HOLD,31945337045.755444
2017-06-07,1.3,HOLD,32353530598.50555
2017-06-08,1.3,HOLD,32456209566.40224
2017-06-09,1.3,HOLD,29712282275.186344
2017-06-12,1.3,HOLD,29073738778.945763
2017-06-13,1.3,HOLD,29880989180.80039
2017-06-14,1.3,HOLD,29406966391.368576
2017-06-15,1.3,HOLD,28936376333.096085
2017-06-16,1.3,HOLD,28523284786.28534
2017-06-19,1.3,HOLD,30169234701.883564
2017-06-20,1.3,HOLD,29360518885.97155
2017-06-21,1.3,HOLD,30372875843.793114
2017-06-22,1.3,HOLD,30331379162.390545
2017-06-23,1.3,HOLD,30733565137.467255
2017-06-26,1.3,HOLD,30252069154.615143
2017-06-27,1.3,HOLD,28284800785.997204
2017-06-28,1.3,HOLD,29703080071.9482
2017-06-29,1.3,HOLD,27910023628.46753
2017-06-30,1.3,HOLD,27793864544.569763
2017-07-03,1.3,HOLD,26885849275.214325
2017-07-05,1.3,HOLD,27808650643.21826
2017-07-06,1.3,HOLD,26929563225.268795
2017-07-07,1.3,HOLD,27900726938.66207
2017-07-10,1.3,HOLD,28598379172.482
2017-07-11,1.3,HOLD,28876985918.521843
2017-07-12,1.3,HOLD,30100456522.56561
2017-07-13,1.3,HOLD,30335295698.525322
2017-07-14,1.3,HOLD,31176873058.843826
2017-07-17,1.3,HOLD,31196557218.12678
2017-07-18,1.3,HOLD,31925712015.59081
2017-07-19,1.3,HOLD,32610241072.801746
2017-07-20,1.3,HOLD,32753254123.16106
2017-07-21,1.3,HOLD,32695451401.277912
2017-07-24,1.3,HOLD,33191428986.014484
2017-07-25,1.3,HOLD,32932810441.38973
2017-07-26,1.3,HOLD,33276639146.167877
2017-07-27,1.3,HOLD,32583777951.468166
2017-07-28,1.3,HOLD,32460752900.589684
2017-07-31,1.3,HOLD,31966382346.54054
2017-08-01,1.3,HOLD,32211519446.563126
2017-08-02,1.3,HOLD,32486693074.357567
2017-08-03,1.3,HOLD,32091622646.946007
2017-08-04,1.3,HOLD,32237210005.7251
2017-08-07,1.3,HOLD,32904824281.020645
2017-08-08,1.3,HOLD,32761202557.144905
2017-08-09,1.3,HOLD,32610715320.50997
2017-08-10,1.3,HOLD,30136257700.97064
2017-08-11,1.3,HOLD,30950372606.208782
2017-08-14,1.3,HOLD,32367183769.03074
2017-08-15,1.3,HOLD,32435534113.470623
2017-08-16,1.3,HOLD,32632612489.39768
2017-08-17,1.3,HOLD,30287740987.222454
2017-08-18,1.3,HOLD,30161282834.607105
2017-08-21,1.3,HOLD,30095146526.579422
2017-08-22,1.3,HOLD,31679913162.481575
2017-08-23,1.3,HOLD,31263387723.309517
2017-08-24,1.3,HOLD,30956710201.860443
2017-08-25,1.3,HOLD,30710963939.763695
2017-08-28,1.3,HOLD,31026720487.720936
2017-08-29,1.3,HOLD,31476963806.196804
2017-08-30,1.3,HOLD,32757932113.101604
2017-08-31,1.3,HOLD,33844950143.63727
2017-09-01,1.3,HOLD,33817183258.66775
2017-09-05,1.3,HOLD,32762968049.232353
2017-09-06,1.3,HOLD,33093065054.292267
2017-09-07,1.3,HOLD,33331336034.660652
2017-09-08,1.3,HOLD,32373294335.567783
2017-09-11,1.3,HOLD,33578990082.45786
2017-09-12,1.3,HOLD,33909086986.255535
2017-09-13,1.3,HOLD,34072695597.3181
2017-09-14,1.3,HOLD,33403862812.225365
2017-09-15,1.3,HOLD,33717654112.589424
2017-09-18,1.3,HOLD,33621479842.747917
2017-09-19,1.3,HOLD,33787662913.475853
2017-09-20,1.3,HOLD,33460388448.67509
2017-09-21,1.3,HOLD,32710027781.437992
2017-09-22,1.3,HOLD,32614463769.87517
2017-09-25,1.3,HOLD,31417235238.577267
2017-09-26,1.3,HOLD,31669236889.971893
2017-09-27,1.3,HOLD,32677301261.731316
2017-09-28,1.3,HOLD,32612631880.418503
2017-09-29,1.3,HOLD,33419880462.975838
2017-10-02,1.3,HOLD,33527953987.078445
2017-10-03,1.3,HOLD,33773090024.288193
2017-10-04,1.3,HOLD,33874908817.44463
2017-10-05,1.3,HOLD,35009984728.386765
2017-10-06,1.3,HOLD,35156429211.16553
2017-10-09,1.3,HOLD,35053388381.07013
2017-10-10,1.3,HOLD,35138043333.02849
2017-10-11,1.3,HOLD,35492168982.60827
2017-10-12,1.3,HOLD,35270451145.700325
2017-10-13,1.3,HOLD,35726701013.14848
2017-10-16,1.3,HOLD,36151444826.19692
2017-10-17,1.3,HOLD,36297889122.99414
2017-10-18,1.3,HOLD,36137102460.83698
2017-10-19,1.3,HOLD,35676808522.624985
2017-10-20,1.3,HOLD,35976868239.70099
2017-10-23,1.3,HOLD,35201866287.01484
2017-10-24,1.3,HOLD,35410099928.605064
2017-10-25,1.3,HOLD,34912045661.376175
2017-10-26,1.3,HOLD,34536712116.645515
2017-10-27,1.3,HOLD,37988892525.67619
2017-10-30,1.3,HOLD,38297780384.69339
2017-10-31,1.3,HOLD,38761753630.53171
2017-11-01,1.3,HOLD,38703090983.178024
2017-11-02,1.3,HOLD,38477940043.04246
2017-11-03,1.3,HOLD,39704841471.2693
2017-11-06,1.3,HOLD,40163911697.88294
2017-11-07,1.3,HOLD,40238267932.23885
2017-11-08,1.3,HOLD,40810372603.24863
2017-11-09,1.3,HOLD,40067734790.26512
2017-11-10,1.3,HOLD,40053697713.95908
2017-11-13,1.3,HOLD,40189231090.135315
2017-11-14,1.3,HOLD,39728078524.842705
2017-11-15,1.3,HOLD,39063535626.23152
2017-11-16,1.3,HOLD,40733261320.60329
2017-11-17,1.3,HOLD,40214610176.23098
2017-11-20,1.3,HOLD,40101268969.87002
2017-11-21,1.3,HOLD,41539284092.51236
2017-11-22,1.3,HOLD,41726920755.319916
2017-11-24,1.3,HOLD,42257525875.092415
2017-11-27,1.3,HOLD,42178511792.40743
2017-11-28,1.3,HOLD,42529203881.41947
2017-11-29,1.3,HOLD,40058177133.83678
2017-11-30,1.3,HOLD,41188961161.8917
2017-12-01,1.3,HOLD,40564752780.60533
2017-12-04,1.3,HOLD,38972754680.39545
2017-12-05,1.3,HOLD,39036812196.41444
2017-12-06,1.3,HOLD,39626080132.70718
2017-12-07,1.3,HOLD,40072030824.88668
2017-12-08,1.3,HOLD,40675029719.08181
2017-12-11,1.3,HOLD,41734829058.546234
2017-12-12,1.3,HOLD,41556877724.95119
2017-12-13,1.3,HOLD,41791714316.071884
2017-12-14,1.3,HOLD,41723610883.12949
2017-12-15,1.3,HOLD,43260317102.541855
2017-12-18,1.3,HOLD,44513208158.22287
2017-12-19,1.3,HOLD,43698481960.05431
2017-12-20,1.3,HOLD,43493926694.051674
2017-12-21,1.3,HOLD,43469590678.75391
2017-12-22,1.3,HOLD,43305370167.28458
2017-12-26,1.3,HOLD,42513752594.3849
2017-12-27,1.3,HOLD,42513445712.91966
2017-12-28,1.3,HOLD,42642725049.805115
2017-12-29,1.3,HOLD,41732739926.10087
2018-01-02,1.3,HOLD,44157606712.31517
2018-01-03,1.3,HOLD,45612784845.2192
2018-01-04,1.3,HOLD,45912843274.02069
2018-01-05,1.3,HOLD,47466712876.67981
2018-01-08,1.3,HOLD,48055366133.20478
2018-01-09,1.3,HOLD,48095393819.41177
2018-01-10,1.3,HOLD,47713193490.06732
2018-01-11,1.3,HOLD,48779612781.064766
2018-01-12,1.3,HOLD,49931850753.96276
2018-01-16,1.3,HOLD,49500670289.540665
2018-01-17,1.3,HOLD,51235617142.947914
2018-01-18,1.3,HOLD,51289375668.0178
2018-01-19,1.3,HOLD,51834875320.75137
2018-01-22,1.3,HOLD,53626706021.93957
2018-01-23,1.3,HOLD,55125651351.37755
2018-01-24,1.3,HOLD,53895562038.973946
2018-01-25,1.3,HOLD,53819734209.69185
2018-01-26,1.3,HOLD,56471224614.261604
2018-01-29,1.3,HOLD,55649017390.00711
2018-01-30,1.3,HOLD,54084235049.866356
2018-01-31,1.3,HOLD,54820252010.068405
2018-02-01,1.3,HOLD,53310393603.195885
2018-02-02,1.3,HOLD,49714282609.1911
2018-02-05,1.3,HOLD,43332739713.30551
2018-02-06,1.3,HOLD,47101589390.34058
2018-02-07,1.3,HOLD,45019320159.748695
2018-02-08,1.3,HOLD,38750814780.077034
2018-02-09,1.3,HOLD,40836759720.73889
2018-02-12,1.3,HOLD,43432710558.77789
2018-02-13,1.3,HOLD,44028842818.546295
2018-02-14,1.3,HOLD,46932639874.555855
2018-02-15,1.3,HOLD,49675955946.60751
2018-02-16,1.3,HOLD,49058611752.93437
2018-02-20,1.3,HOLD,49330284050.63845
2018-02-21,1.3,HOLD,48835660511.23676
2018-02-22,1.3,HOLD,48845650904.30089
2018-02-23,1.3,HOLD,52086715293.69964
2018-02-26,1.3,HOLD,54399463710.17008
2018-02-27,1.3,HOLD,52251971927.85761
2018-02-28,1.3,HOLD,51089678791.812996
2018-03-01,1.3,HOLD,48362910757.88763
2018-03-02,1.3,HOLD,49844691700.69561
2018-03-05,1.3,HOLD,51582454476.758095
2018-03-06,1.3,HOLD,52304739866.18338
2018-03-07,1.3,HOLD,52736958036.3016
2018-03-08,1.3,HOLD,53605993366.745995
2018-03-09,1.3,HOLD,57051306020.94882
2018-03-12,1.3,HOLD,57987521791.383965
2018-03-13,1.3,HOLD,55680406990.51123
2018-03-14,1.3,HOLD,55471559360.55132
2018-03-15,1.3,HOLD,55199205876.35761
2018-03-16,1.3,HOLD,54796407952.791626
2018-03-19,1.3,HOLD,51005729430.03858
2018-03-20,1.3,HOLD,51420783638.713066
2018-03-21,1.3,HOLD,50595757631.30814
2018-03-22,1.3,HOLD,46491599122.09589
2018-03-23,1.3,HOLD,42286174531.12881
2018-03-26,1.3,HOLD,47670372748.9256
2018-03-27,1.3,HOLD,42563851751.32108
2018-03-28,1.3,HOLD,40903809684.24459
2018-03-29,1.3,HOLD,43477204016.55529
2018-04-02,1.3,HOLD,39119812899.90281
2018-04-03,1.3,HOLD,40619615223.70599
2018-04-04,1.3,HOLD,42803392560.62524
2018-04-05,1.3,HOLD,43563437665.817245
2018-04-06,1.3,HOLD,39896096077.98294
2018-04-09,1.3,HOLD,40804848431.56397
2018-04-10,0.7000000000000001,TRADE,43868267329.70346
2018-04-11,0.7000000000000001,HOLD,43352028351.771126
2018-04-12,0.4,TRADE,44411080776.50175
2018-04-13,0.8,TRADE,44148723541.354034
2018-04-16,0.8,HOLD,44929507041.97116
2018-04-17,1.0,TRADE,47239265641.542625
2018-04-18,1.0,HOLD,47567895774.87205
2018-04-19,1.0,HOLD,46274431634.536575
2018-04-20,0.4,TRADE,44055238217.01914
2018-04-23,0.4,HOLD,43920508877.085434
2018-04-24,0.4,HOLD,42806937130.44878
2018-04-25,0.4,HOLD,42872824252.16687
2018-04-26,0.4,HOLD,43892866837.324646
2018-04-27,0.4,HOLD,43934990427.01366
2018-04-30,0.4,HOLD,43565633878.63787
2018-05-01,0.4,HOLD,44123639319.37273
2018-05-02,0.4,HOLD,43816527869.90938
2018-05-03,0.4,HOLD,43818952578.54137
2018-05-04,1.0,TRADE,44797491561.120865
2018-05-07,1.0,HOLD,45862454717.556335
2018-05-08,1.0,HOLD,45710422046.25831
2018-05-09,1.0,HOLD,47241765619.47759
2018-05-10,1.0,HOLD,48712149232.70781
2018-05-11,1.0,HOLD,48565992220.2039
2018-05-14,1.0,HOLD,48781922680.88806
2018-05-15,1.0,HOLD,47204308294.66503
2018-05-16,1.0,HOLD,48073171338.84653
2018-05-17,1.0,HOLD,47530407357.73907
2018-05-18,1.0,HOLD,46769509543.89965
2018-05-21,1.0,HOLD,47586226116.28327
2018-05-22,1.0,HOLD,47337979532.231415
2018-05-23,1.0,HOLD,48528534895.39135
2018-05-24,1.0,HOLD,48487405283.83246
2018-05-25,1.0,HOLD,48610059661.15986
2018-05-29,1.0,HOLD,47988708743.680954
2018-05-30,1.0,HOLD,49012542288.55754
2018-05-31,1.0,HOLD,48907514887.612526
2018-06-01,1.0,HOLD,51182863755.63811
2018-06-04,1.0,HOLD,52495339038.77617
2018-06-05,1.0,HOLD,53038103019.88363
2018-06-06,1.0,HOLD,53912841722.859245
2018-06-07,1.0,HOLD,52661326399.71025
2018-06-08,1.0,HOLD,52626806904.294754
2018-06-11,1.0,HOLD,53038103019.88363
2018-06-12,1.0,HOLD,53877587770.09449
2018-06-13,1.0,HOLD,53816627810.10542
2018-06-14,1.0,HOLD,55452998784.26972
2018-06-15,1.0,HOLD,54901421314.97108
2018-06-18,1.0,HOLD,54779501394.99294
2018-06-19,1.0,HOLD,54288883885.683365
2018-06-20,1.0,HOLD,55426558319.69615
2018-06-21,1.0,HOLD,53991428659.2307
2018-06-22,1.0,HOLD,53449399135.4725
2018-06-25,1.0,HOLD,50036375833.43413
2018-06-26,1.0,HOLD,50587953302.73278
2018-06-27,1.0,HOLD,48557178732.01272
2018-06-28,1.0,HOLD,49747734095.172646
2018-06-29,1.0,HOLD,49975415873.44506
2018-07-02,1.0,HOLD,51095463331.07547
2018-07-03,1.0,HOLD,49336437979.58377
2018-07-05,1.0,HOLD,51147609802.87335
2018-07-06,1.0,HOLD,53449399135.4725
2018-07-09,1.0,HOLD,54936675267.73583
2018-07-10,1.0,HOLD,55068143133.25442
2018-07-11,1.0,HOLD,54263177878.45906
2018-07-12,1.0,HOLD,56940274916.53306
2018-07-13,1.0,HOLD,57106996734.81641
2018-07-16,1.0,HOLD,56722141083.8011
2018-07-17,1.0,HOLD,57771680635.90199
2018-07-18,1.0,HOLD,57404451961.269066
2018-07-19,1.0,HOLD,56555419265.51775
2018-07-20,1.0,HOLD,56476832329.14631
2018-07-23,1.0,HOLD,56966715381.10663
2018-07-24,1.0,HOLD,57693093699.53055
2018-07-25,1.0,HOLD,60099910433.074715
2018-07-26,1.0,HOLD,57474225409.449326
2018-07-27,1.0,HOLD,55076956621.44561
2018-07-30,1.0,HOLD,52705393840.6662
2018-07-31,1.0,HOLD,53755667850.116356
2018-08-01,1.0,HOLD,54490125199.3822
2018-08-02,1.0,HOLD,56660446666.46277
2018-08-03,1.0,HOLD,57167956694.805466
2018-08-06,1.0,HOLD,58218230704.25562
2018-08-07,1.0,HOLD,58786700692.58738
2018-08-08,1.0,HOLD,58944609022.67955
2018-08-09,1.0,HOLD,58891728093.5324
2018-08-10,1.0,HOLD,57518292850.40527
2018-08-13,1.0,HOLD,57351571032.121925
2018-08-14,1.0,HOLD,58410658529.763275
2018-08-15,1.0,HOLD,56284404503.63866
2018-08-16,1.0,HOLD,56800728020.17255
2018-08-17,1.0,HOLD,56791914531.98135
2018-08-20,1.0,HOLD,56678073642.845146
2018-08-21,1.0,HOLD,57264170607.559296
2018-08-22,1.0,HOLD,57929588965.99415
2018-08-23,1.0,HOLD,57640947227.732666
2018-08-24,1.0,HOLD,59242064249.13221
2018-08-27,1.0,HOLD,61026795607.84821
2018-08-28,1.0,HOLD,61298544827.07657
2018-08-29,1.0,HOLD,63442425829.583565
2018-08-30,1.0,HOLD,63083276185.79257
2018-08-31,1.0,HOLD,63267624980.4583
2018-09-04,1.0,HOLD,62514806197.4608
2018-09-05,1.0,HOLD,60029402527.54519
2018-09-06,1.0,HOLD,58393031553.38089
2018-09-07,1.0,HOLD,57815748076.85794
2018-09-10,1.0,HOLD,58323258105.20064
2018-09-11,1.0,HOLD,59618106411.95632
2018-09-12,1.0,HOLD,59101782895.42244
2018-09-13,1.0,HOLD,60851994758.72293
2018-09-14,1.0,HOLD,60388552171.3362
2018-09-17,1.0,HOLD,57842188541.43151
2018-09-18,1.0,HOLD,59215623784.55864
2018-09-19,1.0,HOLD,59084155919.04006
2018-09-20,1.0,HOLD,60939395183.285576
2018-09-21,1.0,HOLD,59968442567.55612
2018-09-24,1.0,HOLD,60484766084.09002
2018-09-25,1.0,HOLD,60729340381.39554
2018-09-26,1.0,HOLD,60668380421.40649
2018-09-27,1.0,HOLD,62348818836.52673
2018-09-28,1.0,HOLD,62252604923.77291
2018-10-01,1.0,HOLD,62611020110.21464
2018-10-02,1.0,HOLD,62252604923.77291
2018-10-03,1.0,HOLD,62436219261.089355
2018-10-04,1.0,HOLD,58874835574.49928
2018-10-05,0.5,TRADE,56660446666.46277
2018-10-08,0.4,TRADE,56156862109.16295
2018-10-09,0.4,HOLD,56331564394.90651
2018-10-10,0.1,TRADE,53398085298.827835
2018-10-11,0.1,HOLD,53184523107.49664
2018-10-12,0.4,TRADE,53620205041.00182
2018-10-15,0.30000000000000004,TRADE,52816279794.101685
2018-10-16,0.4,TRADE,54183377701.60719
2018-10-17,0.4,HOLD,54256990939.863556
2018-10-18,0.30000000000000004,TRADE,52750865012.23172
2018-10-19,0.30000000000000004,HOLD,52688791212.50646
2018-10-22,0.4,TRADE,52932727191.17461
2018-10-23,0.30000000000000004,TRADE,52701804486.52008
2018-10-24,0.0,TRADE,50553891761.555374
2018-10-25,0.0,HOLD,50556892347.307304
2018-10-26,0.0,HOLD,50559893111.15383
2018-10-29,0.0,HOLD,50568896471.35401
2018-10-30,0.0,HOLD,50571897947.684166
2018-10-31,0.0,HOLD,50574899602.164635
2018-11-01,0.0,HOLD,50577901434.806854
2018-11-02,0.0,HOLD,50580903445.62672
2018-11-05,0.0,HOLD,50589951234.87493
2018-11-06,0.0,HOLD,50592967524.26321
2018-11-07,0.0,HOLD,50595983993.49461
2018-11-08,0.0,HOLD,50599000642.57275
2018-11-09,0.0,HOLD,50602017471.497604
2018-11-12,0.0,HOLD,50611069037.56151
2018-11-13,0.0,HOLD,50614086586.0473
2018-11-14,0.0,HOLD,50617104314.42834
2018-11-15,0.0,HOLD,50620122222.75149
2018-11-16,0.0,HOLD,50623140311.00084
2018-11-19,0.0,HOLD,50632195655.50191
2018-11-20,0.0,HOLD,50635214463.599236
2018-11-21,0.0,HOLD,50638233451.68627
2018-11-23,0.0,HOLD,50644271967.881454
2018-11-26,0.0,HOLD,50653331092.34417
2018-11-27,0.0,HOLD,50656351160.58292
2018-11-28,0.0,HOLD,50659371408.90051
2018-11-29,0.0,HOLD,50662391837.27148
2018-11-30,0.0,HOLD,50665412445.7435
2018-12-03,1.0,TRADE,50674475351.74494
2018-12-04,0.0,TRADE,45101975085.47702
2018-12-06,0.0,HOLD,45107353413.02808
2018-12-07,0.0,HOLD,45110127438.525024
2018-12-10,0.0,HOLD,45118450538.645874
2018-12-11,0.0,HOLD,45121225246.593025
2018-12-12,0.0,HOLD,45124000125.17765
2018-12-13,0.0,HOLD,45126775174.420425
2018-12-14,0.0,HOLD,45129550394.32134
2018-12-17,0.0,HOLD,45137877078.05441
2018-12-18,0.0,HOLD,45140652980.70323
2018-12-19,0.0,HOLD,45143429054.069725
2018-12-20,0.0,HOLD,45146205298.142044
2018-12-21,0.0,HOLD,45148981712.96787
2018-12-24,0.0,HOLD,45157311981.93462
2018-12-26,0.0,HOLD,45162866348.4398
2018-12-27,0.0,HOLD,45165643787.888115
2018-12-28,0.0,HOLD,45168421398.13165
2018-12-31,0.0,HOLD,45176755253.8582
2019-01-02,0.0,HOLD,45182312011.89625
2019-01-03,0.0,HOLD,45185090647.21233
2019-01-04,0.0,HOLD,45188026724.52694
2019-01-07,0.0,HOLD,45196836101.26423
2019-01-08,0.0,HOLD,45199772941.789635
2019-01-09,1.0,TRADE,45202709973.14304
2019-01-10,1.0,HOLD,45637255059.84751
2019-01-11,1.0,HOLD,45094301450.46415
2019-01-14,0.0,TRADE,43920027620.77429
2019-01-15,1.0,TRADE,43922881495.68935
2019-01-16,1.0,HOLD,43984168434.33792
2019-01-17,1.0,HOLD,45014824839.21673
2019-01-18,1.0,HOLD,46250058771.6971
2019-01-22,1.0,HOLD,43695860863.79394
2019-01-23,1.0,HOLD,43737294287.10565
2019-01-24,1.0,HOLD,44509854992.60525
2019-01-25,1.0,HOLD,46095546630.597176
2019-01-28,1.0,HOLD,44396776274.81704
2019-01-29,1.0,HOLD,43139962434.36182
2019-01-30,1.0,HOLD,46373495845.31324
2019-01-31,1.0,HOLD,48413228747.096
2019-02-01,1.0,HOLD,47795180182.69631
2019-02-04,1.0,HOLD,49545742317.61609
2019-02-05,1.0,HOLD,50853484740.89197
2019-02-06,1.0,HOLD,50452098452.55977
2019-02-07,1.0,HOLD,48392512035.44015
2019-02-08,1.0,HOLD,48639386182.672424
2019-02-11,1.0,HOLD,48526307464.88421
2019-02-12,1.0,HOLD,50627327305.315544
2019-02-13,1.0,HOLD,50730047667.275826
2019-02-14,1.0,HOLD,50915634875.859535
2019-02-15,1.0,HOLD,51523325084.43128
2019-02-19,1.0,HOLD,51832349366.63113
2019-02-20,1.0,HOLD,51790915943.31942
2019-02-21,1.0,HOLD,51203942446.40351
2019-02-22,1.0,HOLD,52315739305.26775
2019-02-25,1.0,HOLD,52892354446.355736
2019-02-26,1.0,HOLD,53057224943.28358
2019-02-27,1.0,HOLD,52892354446.355736
2019-02-28,1.0,HOLD,52563476648.81903
2019-03-01,1.0,HOLD,53613986569.03469
2019-03-04,1.0,HOLD,53623481728.543625
2019-03-05,1.0,HOLD,53758140354.30669
2019-03-06,1.0,HOLD,52831067507.70716
2019-03-07,1.0,HOLD,50905276520.03161
2019-03-08,1.0,HOLD,50616968949.48762
2019-03-11,1.0,HOLD,53777993869.64355
2019-03-12,1.0,HOLD,54653274937.10344
2019-03-13,1.0,HOLD,55838443483.08216
2019-03-14,1.0,HOLD,55590706139.53089
2019-03-15,1.0,HOLD,56970957053.60225
2019-03-18,1.0,HOLD,57485422059.722664
2019-03-19,1.0,HOLD,58062900397.12963
2019-03-20,1.0,HOLD,58731877544.34996
2019-03-21,1.0,HOLD,61451809145.49998
2019-03-22,1.0,HOLD,57433630280.58302
2019-03-25,1.0,HOLD,57073677415.56254
2019-03-26,1.0,HOLD,57856596476.890076
2019-03-27,1.0,HOLD,56723219710.05098
2019-03-28,1.0,HOLD,57084035771.390465
2019-03-29,1.0,HOLD,58371924679.32947
2019-04-01,1.0,HOLD,60668890084.17244
2019-04-02,1.0,HOLD,61338730427.71176
2019-04-03,1.0,HOLD,62399598703.755356
2019-04-04,1.0,HOLD,62307236697.623
2019-04-05,1.0,HOLD,63244667900.05046
2019-04-08,1.0,HOLD,63739279390.834
2019-04-09,1.0,HOLD,63038363979.8109
2019-04-10,1.0,HOLD,64058662028.86177
2019-04-11,1.0,HOLD,63574408893.90615
2019-04-12,1.0,HOLD,64357327955.23369
2019-04-15,1.0,HOLD,64408256538.05433
2019-04-16,1.0,HOLD,65036663458.28194
2019-04-17,1.0,HOLD,65685787090.16541
2019-04-18,1.0,HOLD,65892091010.40497
2019-04-22,1.0,HOLD,66447989439.83709
2019-04-23,1.0,HOLD,68971975476.57547
2019-04-24,1.0,HOLD,68302998329.35514
2019-04-25,1.0,HOLD,69065200679.02681
2019-04-26,1.0,HOLD,69312074826.2591
2019-04-29,1.0,HOLD,69683249243.4265
2019-04-30,1.0,HOLD,68086336053.28765
2019-05-01,1.0,HOLD,67303416991.96011
2019-05-02,1.0,HOLD,66479064507.32088
2019-05-03,1.0,HOLD,69610740752.631
2019-05-06,1.0,HOLD,68364285268.003716
2019-05-07,1.0,HOLD,64387539826.398476
2019-05-08,1.0,HOLD,63821283041.13843
2019-05-09,1.0,HOLD,62811343347.91548
2019-05-10,1.0,HOLD,62986572200.67126
2019-05-13,1.0,HOLD,56476345562.81871
2019-05-14,1.0,HOLD,58247624409.39434
2019-05-15,1.0,HOLD,60668890084.17244
2019-05-16,1.0,HOLD,62564469200.683205
2019-05-17,1.0,HOLD,60617098305.0328
2019-05-20,1.0,HOLD,57578647262.17401
2019-05-21,0.5,TRADE,59309355881.75693
2019-05-22,1.0,TRADE,58925002457.246346
2019-05-23,0.8,TRADE,56145324472.45367
2019-05-24,0.4,TRADE,56080016135.68527
2019-05-28,0.4,HOLD,55847823689.26454
2019-05-29,0.4,HOLD,55294068954.19559
2019-05-30,0.4,HOLD,55553526745.31346
2019-05-31,0.30000000000000004,TRADE,54501901349.12411
2019-06-03,0.0,TRADE,53463954245.120804
2019-06-04,0.4,TRADE,53467413967.86971
2019-06-05,0.4,HOLD,53940579346.50352
2019-06-06,0.4,HOLD,54447939621.88067
2019-06-07,0.5,TRADE,55725051664.80592
2019-06-10,0.5,HOLD,56747052240.6478
2019-06-11,1.0,TRADE,56858156966.559204
2019-06-12,0.5,TRADE,55894583744.277626
2019-06-13,1.0,TRADE,56353715209.339294
2019-06-14,0.5,TRADE,55620252444.478264
2019-06-17,1.0,TRADE,56132260469.7791
2019-06-18,1.0,HOLD,58562443579.80394
2019-06-19,1.0,HOLD,59250942026.87233
2019-06-20,1.0,HOLD,60877209022.334206
2019-06-21,1.0,HOLD,60599886015.71527
2019-06-24,1.0,HOLD,60580649737.799515
2019-06-25,1.0,HOLD,57481204458.62204
2019-06-26,1.0,HOLD,58208175461.52195
2019-06-27,1.0,HOLD,58839766586.422874
2019-06-28,1.0,HOLD,59088235176.16815
2019-07-01,1.0,HOLD,61441473174.52995
2019-07-02,1.0,HOLD,62187680455.34563
2019-07-03,1.0,HOLD,63565478861.06222
2019-07-05,1.0,HOLD,63154303420.61277
2019-07-08,1.0,HOLD,61824595709.68558
2019-07-09,1.0,HOLD,62751944607.541374
2019-07-10,1.0,HOLD,64608245426.4126
2019-07-11,1.0,HOLD,64435920436.75055
2019-07-12,1.0,HOLD,65516358046.35261
2019-07-15,1.0,HOLD,66071805571.170296
2019-07-16,1.0,HOLD,65134037022.77681
2019-07-17,1.0,HOLD,64168215569.08949
2019-07-18,1.0,HOLD,64445538575.70842
2019-07-19,1.0,HOLD,62885797041.371895
2019-07-22,1.0,HOLD,64368593464.04537
2019-07-23,1.0,HOLD,65612539435.931435
2019-07-24,1.0,HOLD,67008772607.98398
2019-07-25,1.0,HOLD,65095564466.94529
2019-07-26,1.0,HOLD,67028008885.899734
2019-07-29,1.0,HOLD,66406035899.9567
2019-07-30,1.0,HOLD,65516358046.35261
2019-07-31,1.0,HOLD,62751944607.541374
2019-08-01,1.0,HOLD,61871884892.89517
2019-08-02,0.9,TRADE,59040945992.95857
2019-08-05,0.8,TRADE,53463086009.218414
2019-08-06,0.8,HOLD,55221225633.208206
2019-08-07,0.8,HOLD,55872534481.95288
2019-08-08,1.0,TRADE,58861272063.021255
2019-08-09,1.0,HOLD,57120311560.76666
2019-08-12,0.8,TRADE,55209694616.12478
2019-08-13,0.8,HOLD,58109396151.49583
2019-08-14,0.8,HOLD,53893674818.47215
2019-08-15,0.4,TRADE,53712288587.77922
2019-08-16,0.4,HOLD,54705107590.73556
2019-08-19,0.8,TRADE,55762965306.48973
2019-08-20,0.4,TRADE,54845655566.69865
2019-08-21,0.8,TRADE,55406364613.01578
2019-08-22,0.4,TRADE,54978106106.208694
2019-08-23,0.4,HOLD,52966947965.34801
2019-08-26,0.4,HOLD,53782329757.10454
2019-08-27,0.4,HOLD,53658793712.42044
2019-08-28,0.4,HOLD,53868367481.78137
2019-08-29,0.4,HOLD,54819485576.174835
2019-08-30,0.4,HOLD,54667440472.484764
2019-09-03,0.5,TRADE,54044556315.35068
2019-09-04,0.5,HOLD,55182630720.42228
2019-09-05,1.0,TRADE,56739315042.95165
2019-09-06,1.0,HOLD,56581041248.15134
2019-09-09,1.0,HOLD,56221060384.628746
2019-09-10,1.0,HOLD,55755072886.4492
2019-09-11,1.0,HOLD,57257569701.27456
2019-09-12,1.0,HOLD,57969433699.28344
2019-09-13,1.0,HOLD,57354006292.52499
2019-09-16,1.0,HOLD,56563373475.70851
2019-09-17,1.0,HOLD,57310573018.603035
2019-09-18,1.0,HOLD,57275237473.717384
2019-09-19,1.0,HOLD,57529947859.76813
2019-09-20,1.0,HOLD,55719737341.56355
2019-09-23,1.0,HOLD,55772740658.89203
2019-09-24,0.5,TRADE,53567213732.27921
2019-09-25,1.0,TRADE,54425582619.22858
2019-09-26,0.5,TRADE,53880558541.01114
2019-09-27,0.4,TRADE,52904702099.210686
2019-09-30,0.5,TRADE,53473835253.306435
2019-10-01,0.4,TRADE,52829010659.77548
2019-10-02,0.30000000000000004,TRADE,51748511657.101555
2019-10-03,0.8,TRADE,52262073884.72084
2019-10-04,0.9,TRADE,54021957780.752556
2019-10-07,0.8,TRADE,53571173070.22335
2019-10-08,0.4,TRADE,51620799405.36624
2019-10-09,0.8,TRADE,52248364184.385956
2019-10-10,0.8,HOLD,53163716710.188774
2019-10-11,1.0,TRADE,54763774190.799706
2019-10-14,1.0,HOLD,54824531211.060524
2019-10-15,1.0,HOLD,56904735857.13311
2019-10-16,1.0,HOLD,56481606608.88817
2019-10-17,1.0,HOLD,56870017559.84122
2019-10-18,1.0,HOLD,55238980884.9825
2019-10-21,1.0,HOLD,56697872669.10225
2019-10-22,1.0,HOLD,55385810350.61279
2019-10-23,1.0,HOLD,55644750984.5815
2019-10-24,1.0,HOLD,57241792660.00857
2019-10-25,1.0,HOLD,58545175404.175064
2019-10-28,1.0,HOLD,60331721118.98705
2019-10-29,1.0,HOLD,58942265929.45109
2019-10-30,1.0,HOLD,59771165277.29503
2019-10-31,1.0,HOLD,59813839851.04965
2019-11-01,1.0,HOLD,61436920249.44564
2019-11-04,1.0,HOLD,62533439805.58126
2019-11-05,1.0,HOLD,62610832676.62778
2019-11-06,1.0,HOLD,62213742151.351746
2019-11-07,1.0,HOLD,62843734587.627556
2019-11-08,1.0,HOLD,63586561490.10201
2019-11-11,1.0,HOLD,63318941281.81035
2019-11-12,1.0,HOLD,63836822549.74774
2019-11-13,1.0,HOLD,63742070530.05528
2019-11-14,1.0,HOLD,63724711381.40934
2019-11-15,1.0,HOLD,64924662531.560394
2019-11-18,1.0,HOLD,65260996036.57561
2019-11-19,1.0,HOLD,65528616244.86728
2019-11-20,1.0,HOLD,64380742540.65407
2019-11-21,1.0,HOLD,63879497123.502365
2019-11-22,1.0,HOLD,64052365312.101585
2019-11-25,1.0,HOLD,66270719849.48149
2019-11-26,1.0,HOLD,66667810374.75752
2019-11-27,1.0,HOLD,68014590990.538864
2019-11-29,1.0,HOLD,67108298771.648415
2019-12-02,1.0,HOLD,64949977956.66906
2019-12-03,1.0,HOLD,63491086172.54932
2019-12-04,1.0,HOLD,64432096688.73166
2019-12-05,1.0,HOLD,64769153491.607124
2019-12-06,1.0,HOLD,66771965266.6332
2019-12-09,1.0,HOLD,65951745493.11223
2019-12-10,1.0,HOLD,65804916027.481926
2019-12-11,1.0,HOLD,66797280691.74187
2019-12-12,1.0,HOLD,68325609070.44541
2019-12-13,1.0,HOLD,68938242358.07527
2019-12-16,1.0,HOLD,70915015410.13243
2019-12-17,1.0,HOLD,71010490727.68513
2019-12-18,1.0,HOLD,71173956044.10112
2019-12-19,1.0,HOLD,72624168253.8979
2019-12-20,1.0,HOLD,73487785899.03375
2019-12-23,1.0,HOLD,74031705889.94008
2019-12-24,1.0,HOLD,74127181207.49278
2019-12-26,1.0,HOLD,76053323409.33258
2019-12-27,1.0,HOLD,75828377774.79555
2019-12-30,1.0,HOLD,74317408544.73795
2019-12-31,1.0,HOLD,74740537792.98288
2020-01-02,1.0,HOLD,78445269433.17197
2020-01-03,1.0,HOLD,76312264043.30128
2020-01-06,1.3,TRADE,77763199550.95833
2020-01-07,1.3,HOLD,77636987845.80002
2020-01-08,1.3,HOLD,79959283869.23297
2020-01-09,1.3,HOLD,82561785295.78954
2020-01-10,1.3,HOLD,81694626698.78433
2020-01-13,1.3,HOLD,85359223802.77914
2020-01-14,1.3,HOLD,84088681237.13214
2020-01-15,1.3,HOLD,84154286620.68323
2020-01-16,1.3,HOLD,87149826788.47156
2020-01-17,1.3,HOLD,88797935184.33295
2020-01-21,1.3,HOLD,88733133381.00703
2020-01-22,1.3,HOLD,89494549989.38075
2020-01-23,1.3,HOLD,90536172000.64182
2020-01-24,1.3,HOLD,87581573145.84442
2020-01-27,1.3,HOLD,80715885791.08058
2020-01-28,1.3,HOLD,85552506074.37308
2020-01-29,1.3,HOLD,85943448201.16466
2020-01-30,1.3,HOLD,87175947200.06364
2020-01-31,1.3,HOLD,81740869345.5328
2020-02-03,1.3,HOLD,86562007873.18549
2020-02-04,1.3,HOLD,94069982825.45816
2020-02-05,1.3,HOLD,95426598607.07536
2020-02-06,1.3,HOLD,98320583802.23996
2020-02-07,1.3,HOLD,96746323947.51181
2020-02-10,1.3,HOLD,101073807728.95166
2020-02-11,1.3,HOLD,101161034635.125
2020-02-12,1.3,HOLD,104808188761.35512
2020-02-13,1.3,HOLD,104311496927.91211
2020-02-14,1.3,HOLD,105174460223.61832
2020-02-18,1.3,HOLD,105389842915.19455
2020-02-19,1.3,HOLD,109115039560.49666
2020-02-20,1.3,HOLD,105341445451.03389
2020-02-21,1.3,HOLD,97975013691.69936
2020-02-24,1.3,HOLD,83980052816.26642
2020-02-25,1.0,TRADE,75289695898.7129
2020-02-26,1.0,HOLD,76325177510.60838
2020-02-27,0.4,TRADE,64912649911.35875
2020-02-28,0.0,TRADE,65318738371.30188
2020-03-02,0.0,HOLD,65328474937.50511
2020-03-03,0.0,HOLD,65331280807.324
2020-03-04,0.0,HOLD,65332440486.52198
2020-03-05,0.0,HOLD,65333600186.3177
2020-03-06,0.0,HOLD,65334759906.69538
2020-03-09,0.0,HOLD,65338239191.333565
2020-03-10,0.0,HOLD,65339398994.054565
2020-03-11,0.0,HOLD,65340558817.37365
2020-03-12,0.0,HOLD,65341718661.25894
2020-03-13,0.0,HOLD,65342878525.75772
2020-03-16,0.0,HOLD,65346358242.71963
2020-03-17,0.0,HOLD,65347518189.56427
2020-03-18,0.0,HOLD,65348678156.98869
2020-03-19,0.0,HOLD,65349838145.01084
2020-03-20,0.0,HOLD,65350998153.63072
2020-03-23,0.0,HOLD,65354478303.01081
2020-03-24,0.0,HOLD,65355638393.989624
2020-03-25,0.0,HOLD,65356798505.56665
2020-03-26,0.1,TRADE,65357958637.72567
2020-03-27,0.0,TRADE,64680032327.19638
2020-03-30,0.2,TRADE,64683476745.493004
2020-03-31,0.0,TRADE,64325276058.73341
2020-04-01,0.0,HOLD,64326417880.59587
2020-04-02,0.0,HOLD,64327559722.72463
2020-04-03,0.0,HOLD,64327647820.7041
2020-04-06,0.2,TRADE,64327912115.38163
2020-04-07,0.2,HOLD,64302775732.041176
2020-04-08,0.2,HOLD,65122909458.35042
2020-04-09,0.8,TRADE,65173183604.35234
2020-04-13,0.8,HOLD,66985734715.17845
2020-04-14,0.8,HOLD,73985646644.10638
2020-04-15,0.8,HOLD,71963898900.27792
2020-04-16,0.8,HOLD,75120778716.11594
2020-04-17,0.8,HOLD,76675263516.6148
2020-04-20,0.8,HOLD,74615209022.7467
2020-04-21,0.7000000000000001,TRADE,67805447459.45834
2020-04-22,0.7000000000000001,HOLD,72003883088.23346
2020-04-23,0.7000000000000001,HOLD,71665407830.3683
2020-04-24,0.7000000000000001,HOLD,74145022932.57379
2020-04-27,0.7000000000000001,HOLD,75194535391.7168
2020-04-28,0.8,TRADE,72227642276.77034
2020-04-29,0.8,HOLD,78237606284.04813
2020-04-30,0.8,HOLD,78660850718.49406
2020-05-01,0.7000000000000001,TRADE,72899156401.34763
2020-05-04,0.7000000000000001,HOLD,74699492484.37723
2020-05-05,0.7000000000000001,HOLD,76386706472.1087
2020-05-06,0.8,TRADE,77463519214.91954
2020-05-07,0.8,HOLD,79881397732.06203
2020-05-08,0.9,TRADE,82479321471.66548
2020-05-11,0.9,HOLD,84324894027.09123
2020-05-12,0.9,HOLD,79799178967.12529
2020-05-13,0.9,HOLD,77089906245.0292
2020-05-14,0.9,HOLD,79372732488.08151
2020-05-15,0.9,HOLD,80593127011.35547
2020-05-18,0.9,HOLD,84782201146.22943
2020-05-19,1.0,TRADE,84196129216.39142
2020-05-20,1.0,HOLD,89125802536.49998
2020-05-21,1.0,HOLD,86385866327.73521
2020-05-22,1.0,HOLD,87167388663.77037
2020-05-26,1.0,HOLD,86804275691.60309
2020-05-27,1.0,HOLD,88025404341.65802
2020-05-28,1.0,HOLD,87464145965.89693
2020-05-29,1.0,HOLD,91073157130.88947
2020-06-01,1.0,HOLD,92195673882.41167
2020-06-02,1.0,HOLD,94033357299.92831
2020-06-03,1.0,HOLD,95309782341.68384
2020-06-04,1.0,HOLD,93372565419.10612
2020-06-05,1.0,HOLD,98907734228.33627
2020-06-08,1.0,HOLD,101108530618.02017
2020-06-09,1.0,HOLD,103363701792.87634
2020-06-10,1.0,HOLD,107093443413.08186
2020-06-11,0.9,TRADE,91326598926.18388
2020-06-12,0.0,TRADE,93109090620.02895
2020-06-15,0.9,TRADE,93109473165.32253
2020-06-16,0.9,HOLD,97538744054.71558
2020-06-17,0.9,HOLD,98398232414.12598
2020-06-18,0.9,HOLD,99085027676.49672
2020-06-19,0.9,HOLD,98961124788.79042
2020-06-22,0.9,HOLD,102149612242.83907
2020-06-23,0.9,HOLD,104573732042.18562
2020-06-24,0.9,HOLD,98961226787.13287
2020-06-25,0.9,HOLD,101338175786.91441
2020-06-26,0.9,HOLD,94723091162.83228
2020-06-29,0.9,HOLD,97453462207.54564
2020-06-30,0.9,HOLD,102521545303.5694
2020-07-01,1.0,TRADE,105853103367.97116
2020-07-02,1.0,HOLD,108103375962.59138
2020-07-06,1.0,HOLD,116047267763.3115
2020-07-07,1.0,HOLD,113765437002.19095
2020-07-08,1.0,HOLD,118140626141.16624
2020-07-09,1.0,HOLD,121092191324.68253
2020-07-10,1.0,HOLD,123656292352.83374
2020-07-13,0.9,TRADE,116015709596.81119
2020-07-14,0.9,HOLD,118229540394.76413
2020-07-15,1.0,TRADE,118756590369.1591
2020-07-16,1.0,HOLD,116209539163.17644
2020-07-17,1.0,HOLD,116752525362.59808
2020-07-20,1.0,HOLD,126690659247.6647
2020-07-21,1.0,HOLD,122640559286.76125
2020-07-22,1.0,HOLD,124059668146.11926
2020-07-23,0.9,TRADE,114341002112.9928
2020-07-24,1.0,TRADE,111297159831.1687
2020-07-27,1.0,HOLD,117275936504.0797
2020-07-28,1.0,HOLD,112867937155.67854
2020-07-29,1.0,HOLD,116710246177.83243
2020-07-30,1.0,HOLD,118605528030.57715
2020-07-31,1.0,HOLD,125003529472.39696
2020-08-03,1.0,HOLD,129663239089.99649
2020-08-04,1.0,HOLD,131348908558.28679
2020-08-05,1.0,HOLD,132396093441.29335
2020-08-06,1.0,HOLD,137464503356.61572
2020-08-07,1.0,HOLD,132972308238.72661
2020-08-10,1.0,HOLD,131181394058.57635
2020-08-11,1.0,HOLD,123736207733.74998
2020-08-12,1.0,HOLD,132993357181.09859
2020-08-13,1.0,HOLD,133924772881.05919
2020-08-14,1.0,HOLD,133537121525.70836
2020-08-17,1.0,HOLD,137945997913.375
2020-08-18,1.0,HOLD,141997919319.9833
2020-08-19,1.0,HOLD,139222967083.94247
2020-08-20,1.0,HOLD,144950910526.92056
2020-08-21,1.0,HOLD,147977573032.1598
2020-08-24,1.0,HOLD,150720951854.64264
2020-08-25,1.0,HOLD,154238756348.56168
2020-08-26,1.0,HOLD,164113341438.822
2020-08-27,1.0,HOLD,162625882844.53464
2020-08-28,1.0,HOLD,165139477379.45657
2020-08-31,1.0,HOLD,168960737459.23846
2020-09-01,1.0,HOLD,177735515310.5623
2020-09-02,1.0,HOLD,182751302869.95468
2020-09-03,0.9,TRADE,154689554531.02847
2020-09-04,0.0,TRADE,148950335407.03995
2020-09-08,0.8,TRADE,148951803852.45364
2020-09-09,0.0,TRADE,159191178979.23004
2020-09-10,0.30000000000000004,TRADE,159191571329.2906
2020-09-11,0.5,TRADE,158148021276.02454
2020-09-14,0.30000000000000004,TRADE,162222268942.20105
2020-09-15,0.30000000000000004,HOLD,164291241860.5735
2020-09-16,0.30000000000000004,HOLD,161853999354.67078
2020-09-17,0.4,TRADE,159629518505.081
2020-09-18,0.4,HOLD,157163593600.29486
2020-09-21,0.4,HOLD,157891305019.45044
2020-09-22,0.4,HOLD,161285547102.13205
2020-09-23,0.4,HOLD,155219918843.52863
2020-09-24,0.4,HOLD,156089733766.47208
2020-09-25,0.4,HOLD,160316476222.54016
2020-09-28,0.5,TRADE,164143331402.2733
2020-09-29,0.5,HOLD,163282934837.73413
2020-09-30,0.7000000000000001,TRADE,164890400840.48602
2020-10-01,0.7000000000000001,HOLD,170295992264.35138
2020-10-02,0.7000000000000001,HOLD,160331556927.29242
2020-10-05,0.8,TRADE,167324542617.63657
2020-10-06,0.7000000000000001,TRADE,160134130270.14682
2020-10-07,0.9,TRADE,166027480743.65247
2020-10-08,0.9,HOLD,168227363586.54407
2020-10-09,0.9,HOLD,174973586403.66702
2020-10-12,0.9,HOLD,189744613563.37155
2020-10-13,0.9,HOLD,189767216965.05612
2020-10-14,0.9,HOLD,185490727583.19968
2020-10-15,0.9,HOLD,182000164632.05292
2020-10-16,0.9,HOLD,179463806617.6574
2020-10-19,0.9,HOLD,171370579331.37616
2020-10-20,0.9,HOLD,172369950151.7071
2020-10-21,0.9,HOLD,171965746617.00302
2020-10-22,1.0,TRADE,172044756222.75412
2020-10-23,0.8,TRADE,173050938927.2048
2020-10-26,0.7000000000000001,TRADE,166739817571.84076
2020-10-27,0.8,TRADE,169496668025.5392
2020-10-28,0.6000000000000001,TRADE,153585164366.89188
2020-10-29,0.6000000000000001,HOLD,158272130178.74304
2020-10-30,0.6000000000000001,HOLD,151536993886.75772
2020-11-02,0.6000000000000001,HOLD,151568290890.0285
2020-11-03,0.6000000000000001,HOLD,156102328018.94394
2020-11-04,0.9,TRADE,168898369471.8214
2020-11-05,0.9,HOLD,180628780207.5197
2020-11-06,0.9,HOLD,181182346923.20914
2020-11-09,0.9,HOLD,171155396647.65646
2020-11-10,0.8,TRADE,162832565974.11456
2020-11-11,0.7000000000000001,TRADE,171588766708.45404
2020-11-12,0.8,TRADE,169831671286.46484
2020-11-13,0.7000000000000001,TRADE,173395449163.36334
2020-11-16,0.7000000000000001,HOLD,176189229229.71054
2020-11-17,0.8,TRADE,175043420892.58023
2020-11-18,0.8,HOLD,171797695309.13416
2020-11-19,0.9,TRADE,175186310317.7959
2020-11-20,0.9,HOLD,171985739512.3296
2020-11-23,0.9,HOLD,172017256405.15637
2020-11-24,1.0,TRADE,178334230065.95633
2020-11-25,1.0,HOLD,181694561103.9759
2020-11-27,1.0,HOLD,186657985848.20673
2020-11-30,1.0,HOLD,187619643176.93265
2020-12-01,1.0,HOLD,194992680855.4995
2020-12-02,1.0,HOLD,195776327158.53574
2020-12-03,1.0,HOLD,196571907161.61823
2020-12-04,1.0,HOLD,198982514570.95813
2020-12-07,1.0,HOLD,202353784834.0201
2020-12-08,1.0,HOLD,204206491766.19843
2020-12-09,1.0,HOLD,190528482563.20294
2020-12-10,1.0,HOLD,192867487772.2654
2020-12-11,1.0,HOLD,191514007292.02136
2020-12-14,1.0,HOLD,195598316132.84607
2020-12-15,1.0,HOLD,201677541831.40002
2020-12-16,1.0,HOLD,205060745794.50824
2020-12-17,1.0,HOLD,209264391635.79526
2020-12-18,1.0,HOLD,206985054926.964
2020-12-21,1.0,HOLD,206213342323.974
2020-12-22,1.0,HOLD,207839308955.27377
2020-12-23,1.0,HOLD,204704723743.1288
2020-12-24,1.0,HOLD,207364944378.43588
2020-12-28,1.0,HOLD,213586380002.54083
2020-12-29,1.0,HOLD,214214888204.97598
2020-12-30,1.0,HOLD,214180081579.84113
2020-12-31,1.0,HOLD,215853783011.3259
2021-01-04,1.0,HOLD,206414226274.7523
2021-01-05,1.0,HOLD,211591463144.81152
2021-01-06,1.0,HOLD,202841077585.9081
2021-01-07,1.0,HOLD,217492677817.67578
2021-01-08,1.0,HOLD,225921847950.33463
2021-01-11,1.0,HOLD,215937318911.64954
2021-01-12,1.0,HOLD,214998534508.0122
2021-01-13,1.0,HOLD,219178312949.2068
2021-01-14,1.0,HOLD,215841849311.27966
2021-01-15,1.0,HOLD,210594004715.94687
2021-01-19,1.0,HOLD,219724279726.32214
2021-01-20,1.0,HOLD,235041183735.66748
2021-01-21,1.0,HOLD,240882729908.3006
2021-01-22,1.0,HOLD,238697868324.83536
2021-01-25,1.0,HOLD,245323060800.50467
2021-01-26,1.0,HOLD,245584607726.51804
2021-01-27,1.0,HOLD,225779638024.7836
2021-01-28,1.0,HOLD,229104167962.66452
2021-01-29,1.0,HOLD,214832457182.36874
2021-02-01,1.0,HOLD,230623725768.55206
2021-02-02,1.0,HOLD,241784718736.79532
2021-02-03,1.0,HOLD,239006155576.0298
2021-02-04,1.0,HOLD,247460187583.78497
2021-02-05,1.0,HOLD,250048806018.81454
2021-02-08,1.0,HOLD,254940628562.76794
2021-02-09,1.0,HOLD,254821291562.30557
2021-02-10,1.0,HOLD,253016319430.3122
2021-02-11,1.0,HOLD,257101622746.14072
2021-02-12,1.0,HOLD,261470351438.06738
2021-02-16,1.0,HOLD,259285489854.6021
2021-02-17,1.0,HOLD,255676540065.61923
2021-02-18,1.0,HOLD,252232673127.27594
2021-02-19,1.0,HOLD,248909137664.3989
2021-02-22,1.0,HOLD,229626267339.68738
2021-02-23,1.0,HOLD,227584610156.77698
2021-02-24,1.0,HOLD,233070134278.03067
2021-02-25,1.0,HOLD,208730358558.72617
2021-02-26,1.0,HOLD,211864943770.87112
2021-03-01,1.0,HOLD,230339305917.45007
2021-03-02,0.9,TRADE,219296655474.6653
2021-03-03,0.6000000000000001,TRADE,202178413492.2342
2021-03-04,0.6000000000000001,HOLD,196180994878.75397
2021-03-05,0.6000000000000001,HOLD,201344510463.18668
2021-03-08,0.6000000000000001,HOLD,191046565045.91046
2021-03-09,0.8,TRADE,204020175451.03992
2021-03-10,0.6000000000000001,TRADE,202628751158.3091
2021-03-11,0.5,TRADE,211064857009.66412
2021-03-12,0.5,HOLD,208437544456.25177
2021-03-15,0.4,TRADE,211728265467.56488
2021-03-16,0.30000000000000004,TRADE,213118883324.9261
2021-03-17,0.4,TRADE,213924893265.35406
2021-03-18,0.1,TRADE,206070722649.39044
2021-03-19,0.0,TRADE,206334154527.84952
2021-03-22,0.0,HOLD,206335341243.97086
2021-03-23,0.2,TRADE,206335736817.5323
2021-03-24,0.0,TRADE,204252174314.78925
2021-03-25,0.2,TRADE,204252565894.62976
2021-03-26,0.4,TRADE,206057164228.6256
2021-03-29,0.4,HOLD,206011539696.73923
2021-03-30,0.4,HOLD,204840147834.9486
2021-03-31,1.0,TRADE,208485322718.70645
2021-04-01,1.0,HOLD,219085006493.4264
2021-04-05,1.0,HOLD,232243960427.6712
2021-04-06,1.0,HOLD,231695750408.45337
2021-04-07,1.0,HOLD,233409265494.6997
2021-04-08,1.0,HOLD,240696727477.91498
2021-04-09,1.0,HOLD,245060402691.96838
2021-04-12,1.0,HOLD,244100795974.21008
2021-04-13,1.0,HOLD,252461716319.66342
2021-04-14,1.0,HOLD,243598509307.38748
2021-04-15,1.0,HOLD,254357968078.98242
2021-04-16,1.0,HOLD,255431426441.22052
2021-04-19,1.0,HOLD,248464471188.2635
2021-04-20,1.0,HOLD,243027337611.97202
2021-04-21,1.0,HOLD,249172456204.35635
2021-04-22,1.0,HOLD,240102594106.3019
2021-04-23,1.0,HOLD,249149494528.15875
2021-04-26,1.0,HOLD,254084341437.62762
2021-04-27,1.0,HOLD,250748201233.41708
2021-04-28,1.0,HOLD,248166926134.20285
2021-04-29,1.0,HOLD,250657311265.13492
2021-04-30,1.0,HOLD,245951124381.13385
2021-05-03,1.0,HOLD,241929960837.02808
2021-05-04,1.0,HOLD,229182403601.3237
2021-05-05,1.0,HOLD,226510238533.8273
2021-05-06,1.0,HOLD,231467090382.98553
2021-05-07,1.0,HOLD,237132883984.74484
2021-05-10,0.9,TRADE,219313666518.89426
2021-05-11,0.8,TRADE,218326930529.78247
2021-05-12,0.8,HOLD,205033179000.28705
2021-05-13,0.8,HOLD,208434818507.99597
2021-05-14,0.9,TRADE,219149598946.8154
2021-05-17,0.8,TRADE,215820561792.94998
2021-05-18,0.8,HOLD,212197231467.94543
2021-05-19,0.8,HOLD,212819595511.08688
2021-05-20,0.9,TRADE,222628446628.25333
2021-05-21,1.0,TRADE,219318062270.34378
2021-05-24,1.0,HOLD,230301820895.75854
2021-05-25,1.0,HOLD,231416004838.16663
2021-05-26,1.0,HOLD,233757695705.15945
2021-05-27,1.0,HOLD,231029373487.21136
2021-05-28,1.0,HOLD,233280596427.25647
2021-06-01,1.0,HOLD,231006518431.98245
2021-06-02,1.0,HOLD,232211170301.33826
2021-06-03,0.5,TRADE,224912789331.58112
2021-06-04,1.0,TRADE,230677209523.6277
2021-06-07,1.0,HOLD,232718395209.987
2021-06-08,1.0,HOLD,232984111689.86807
2021-06-09,1.0,HOLD,233250757248.35016
2021-06-10,1.0,HOLD,240393513532.70633
2021-06-11,1.0,HOLD,242301840979.12506
2021-06-14,1.0,HOLD,249090618316.50677
2021-06-15,1.0,HOLD,244475884905.42496
2021-06-16,1.0,HOLD,241857741407.8553
2021-06-17,1.0,HOLD,250887456330.80762
2021-06-18,1.0,HOLD,244897686590.27118
2021-06-21,1.0,HOLD,249378632682.81143
2021-06-22,1.0,HOLD,256344864032.98087
2021-06-23,1.0,HOLD,256788034525.64966
2021-06-24,1.0,HOLD,261514257368.84943
2021-06-25,1.0,HOLD,260692951885.5806
2021-06-28,1.0,HOLD,269921489629.14325
2021-06-29,1.0,HOLD,272961434811.5591
2021-06-30,1.0,HOLD,271762923416.29126
2021-07-01,1.0,HOLD,271896710734.83276
2021-07-02,1.0,HOLD,281125248478.3954
2021-07-06,1.0,HOLD,284896378519.7848
2021-07-07,1.0,HOLD,286715514420.5092
2021-07-08,1.0,HOLD,281745872983.8519
2021-07-09,1.0,HOLD,286515762521.2979
2021-07-12,1.0,HOLD,290110367628.50055
2021-07-13,1.0,HOLD,289954282423.5354
2021-07-14,1.0,HOLD,291529999730.8023
2021-07-15,1.0,HOLD,285495634217.4187
2021-07-16,1.0,HOLD,278484807094.40216
2021-07-19,1.0,HOLD,271807519189.13843
2021-07-20,1.0,HOLD,280770340452.81995
2021-07-21,1.0,HOLD,287181911878.2026
2021-07-22,1.0,HOLD,293215348312.9852
2021-07-23,1.0,HOLD,302954879287.08844
2021-07-26,1.0,HOLD,304219355263.02606
2021-07-27,1.0,HOLD,294281001468.3125
2021-07-28,1.0,HOLD,297497471584.91516
2021-07-29,1.0,HOLD,298961699460.06415
2021-07-30,1.0,HOLD,294480753367.52386
2021-08-02,1.0,HOLD,294391561821.82947
2021-08-03,1.0,HOLD,299516359384.8509
2021-08-04,1.0,HOLD,301002885146.42346
2021-08-05,1.0,HOLD,306660044747.80804
2021-08-06,1.0,HOLD,302666864920.78375
2021-08-09,1.0,HOLD,304286248922.2968
2021-08-10,1.0,HOLD,299738409170.4858
2021-08-11,1.0,HOLD,298119025168.9727
2021-08-12,1.0,HOLD,301224005853.45734
2021-08-13,1.0,HOLD,304241653149.4497
2021-08-16,1.0,HOLD,304774015187.8128
2021-08-17,1.0,HOLD,296765357647.3407
2021-08-18,1.0,HOLD,288135146522.81104
2021-08-19,1.0,HOLD,292239815781.9532
2021-08-20,1.0,HOLD,301268601626.30457
2021-08-23,1.0,HOLD,314691000174.70374
2021-08-24,1.0,HOLD,317796909937.7894
2021-08-25,1.0,HOLD,318151817963.36487
2021-08-26,1.0,HOLD,312760374841.8614
2021-08-27,1.0,HOLD,321900650118.3307
2021-08-30,1.0,HOLD,332571117850.6187
2021-08-31,1.0,HOLD,331640181092.4339
2021-09-01,1.0,HOLD,333459316993.15826
2021-09-02,1.0,HOLD,332992919535.4649
2021-09-03,1.0,HOLD,335988268945.0336
2021-09-07,1.0,HOLD,337363305274.4882
2021-09-08,1.0,HOLD,333902487485.82715
2021-09-09,1.0,HOLD,330331109343.64905
2021-09-10,1.0,HOLD,322899409614.38727
2021-09-13,1.0,HOLD,322167295676.8128
2021-09-14,1.0,HOLD,319393996052.8789
2021-09-15,1.0,HOLD,326470787756.56537
2021-09-16,1.0,HOLD,327113710148.44543
2021-09-17,1.0,HOLD,315555972352.2188
2021-09-20,1.0,HOLD,296143804063.28314
2021-09-21,1.0,HOLD,296521009975.2822
2021-09-22,1.0,HOLD,305195816872.65906
2021-09-23,1.0,HOLD,313669942792.22363
2021-09-24,1.0,HOLD,314557212856.1623
2021-09-27,1.0,HOLD,306970357000.5363
2021-09-28,0.4,TRADE,281369596150.4539
2021-09-29,0.4,HOLD,280624380913.22815
2021-09-30,0.4,HOLD,279364548572.2379
2021-10-01,0.4,HOLD,281379160853.3436
2021-10-04,0.4,HOLD,274458634903.44623
2021-10-05,0.4,HOLD,278523537844.45447
2021-10-06,0.4,HOLD,280689032494.4127
2021-10-07,0.4,HOLD,283715225561.1446
2021-10-08,0.4,HOLD,281949974467.6952
2021-10-11,0.4,HOLD,279439598837.94727
2021-10-12,0.4,HOLD,278313182193.77686
2021-10-13,0.4,HOLD,280877809016.3854
2021-10-14,0.5,TRADE,287063240963.5828
2021-10-15,1.0,TRADE,289724380558.07654
2021-10-18,1.0,HOLD,298413849976.91486
2021-10-19,1.0,HOLD,304967385406.4944
2021-10-20,1.0,HOLD,304007153885.16174
2021-10-21,1.0,HOLD,309451148050.3337
2021-10-22,1.0,HOLD,301616409855.326
2021-10-25,1.0,HOLD,310667977752.8791
2021-10-26,1.0,HOLD,313571024074.82245
2021-10-27,1.0,HOLD,316047598855.16833
2021-10-28,1.0,HOLD,326423284893.40454
2021-10-29,1.0,HOLD,331248582398.6489
2021-11-01,1.0,HOLD,334514621269.62494
2021-11-02,1.0,HOLD,338976032155.51886
2021-11-03,1.0,HOLD,349736168430.4152
2021-11-04,1.0,HOLD,362780654367.32745
2021-11-05,1.0,HOLD,364125336125.3203
2021-11-08,1.0,HOLD,362630450553.93463
2021-11-09,1.0,HOLD,355158704907.9596
2021-11-10,1.0,HOLD,339595622885.7642
2021-11-11,1.0,HOLD,342349359464.6326
2021-11-12,1.0,HOLD,353215890107.34894
2021-11-15,1.0,HOLD,353109495739.529
2021-11-16,1.0,HOLD,360410473954.80145
2021-11-17,1.0,HOLD,360837839566.71674
2021-11-18,1.0,HOLD,371875137640.13556
2021-11-19,1.0,HOLD,378172968958.82025
2021-11-22,1.0,HOLD,365065004029.34326
2021-11-23,1.0,HOLD,360090396781.02386
2021-11-24,1.0,HOLD,363420808714.88257
2021-11-26,1.0,HOLD,343373964048.84796
2021-11-29,1.0,HOLD,364702011480.31067
2021-11-30,1.0,HOLD,349031641019.9775
2021-12-01,1.0,HOLD,331119836272.88367
2021-12-02,1.0,HOLD,337354188599.0035
2021-12-03,1.0,HOLD,320403509443.5602
2021-12-06,1.0,HOLD,327896712777.1627
2021-12-07,1.0,HOLD,357464512257.60297
2021-12-08,1.0,HOLD,362439119505.92236
2021-12-09,0.8,TRADE,346790206733.21674
2021-12-10,0.8,HOLD,355381301560.0545
2021-12-13,0.8,HOLD,343084356653.765
2021-12-14,0.8,HOLD,334937739876.1884
2021-12-15,0.8,HOLD,352512453258.0908
2021-12-16,0.8,HOLD,330907574801.18365
2021-12-17,0.8,HOLD,326911590068.02075
2021-12-20,0.8,HOLD,319209451346.03107
2021-12-21,0.8,HOLD,335912267355.9903
2021-12-22,1.0,TRADE,345426042754.8074
2021-12-23,1.0,HOLD,353631933880.54535
2021-12-27,1.0,HOLD,370535049344.80676
2021-12-28,1.0,HOLD,366175697651.7683
2021-12-29,1.0,HOLD,365599343209.0837
2021-12-30,1.0,HOLD,362179699846.5093
2021-12-31,1.0,HOLD,355448703319.4425
2022-01-03,1.0,HOLD,365705843486.53625
2022-01-04,1.0,HOLD,351494768648.9757
2022-01-05,0.5,TRADE,319161642398.4946
2022-01-06,0.5,HOLD,318723908951.1831
2022-01-07,0.4,TRADE,313520959308.8588
2022-01-10,0.4,HOLD,313983344412.9459
2022-01-11,0.5,TRADE,319520092642.6433
2022-01-12,0.5,HOLD,321340682324.70386
2022-01-13,0.4,TRADE,309615178740.03064
2022-01-14,0.4,HOLD,311487290794.8151
2022-01-18,0.30000000000000004,TRADE,302427815180.06036
2022-01-19,0.1,TRADE,299271896154.82275
2022-01-20,0.0,TRADE,298114857927.3702
2022-01-21,0.0,HOLD,298115511069.31036
2022-01-24,0.0,HOLD,298117470503.64325
2022-01-25,0.0,HOLD,298118123651.2885
2022-01-26,0.0,HOLD,298118776800.3653
2022-01-27,0.0,HOLD,298119429950.8707
2022-01-28,0.0,HOLD,298120083102.8203
2022-01-31,0.1,TRADE,298122042567.2016
2022-02-01,0.1,HOLD,298691557897.7182
2022-02-02,0.1,HOLD,299410599691.0511
2022-02-03,0.0,TRADE,295669593249.6355
2022-02-04,0.0,HOLD,295670241034.21515
2022-02-07,0.0,HOLD,295672184396.4354
2022-02-08,0.0,HOLD,295672832186.68915
2022-02-09,0.0,HOLD,295673479978.3602
2022-02-10,0.0,HOLD,295674127771.4444
2022-02-11,0.0,HOLD,295674775565.95715
2022-02-14,0.0,HOLD,295676718957.99274
2022-02-15,0.0,HOLD,295677366758.1797
2022-02-16,0.0,HOLD,295678014559.78906
2022-02-17,0.0,HOLD,295678662362.8116
2022-02-18,0.0,HOLD,295679310167.2473
2022-02-22,0.0,HOLD,295681901399.2203
2022-02-23,0.0,HOLD,295682549210.76184
2022-02-24,0.0,HOLD,295683197023.7228
2022-02-25,0.0,HOLD,295683844838.09686
2022-02-28,0.0,HOLD,295685788289.7629
2022-03-01,0.0,HOLD,295686436109.8215
2022-03-02,0.0,HOLD,295687083931.2922
2022-03-03,0.0,HOLD,295688702520.8757
2022-03-04,0.0,HOLD,295690321119.32605
2022-03-07,0.0,HOLD,295695176967.812
2022-03-08,0.0,HOLD,295696795601.6975
2022-03-09,0.0,HOLD,295698414244.4358
2022-03-10,0.0,HOLD,295700032896.041
2022-03-11,0.0,HOLD,295701651556.5131
2022-03-14,0.0,HOLD,295706507591.0654
2022-03-15,0.0,HOLD,295708126286.9731
2022-03-16,0.0,HOLD,295709744991.7486
2022-03-17,0.0,HOLD,295711363705.3755
2022-03-18,1.0,TRADE,295712982427.8693
2022-03-21,1.0,HOLD,293599257832.0046
2022-03-22,1.0,HOLD,310951597489.51715
2022-03-23,1.0,HOLD,297826707023.73413
2022-03-24,1.0,HOLD,317125070813.3074
2022-03-25,1.0,HOLD,316624298595.0033
2022-03-28,1.0,HOLD,331029069683.84717
2022-03-29,1.0,HOLD,347992437432.2584
2022-03-30,1.0,HOLD,337536779348.69147
2022-03-31,1.0,HOLD,323576880323.5503
2022-04-01,1.0,HOLD,322186363977.8409
2022-04-04,1.0,HOLD,342319736326.7723
2022-04-05,1.0,HOLD,319683667472.8748
2022-04-06,1.0,HOLD,298660550996.5381
2022-04-07,1.0,HOLD,300607739715.15295
2022-04-08,0.0,TRADE,288315528635.6197
2022-04-11,0.0,HOLD,288320263374.72894
2022-04-12,0.0,HOLD,288322865825.9555
2022-04-13,0.0,HOLD,288325468300.6711
2022-04-14,0.0,HOLD,288328070798.8815
2022-04-18,0.0,HOLD,288338481026.6491
2022-04-19,0.0,HOLD,288341083642.31287
2022-04-20,0.0,HOLD,288343686281.46075
2022-04-21,0.0,HOLD,288346288944.1034
2022-04-22,0.0,HOLD,288348891630.2408
2022-04-25,0.0,HOLD,288356699829.61554
2022-04-26,0.0,HOLD,288359302609.7303
2022-04-27,0.0,HOLD,288361905413.3259
2022-04-28,0.0,HOLD,288364508240.4318
2022-04-29,0.0,HOLD,288367111091.01697
2022-05-02,0.0,HOLD,288374919783.73956
2022-05-03,0.0,HOLD,288377522728.30865
2022-05-04,0.0,HOLD,288383583070.3659
2022-05-05,0.0,HOLD,288389643539.7732
2022-05-06,0.0,HOLD,288395704136.54596
2022-05-09,0.0,HOLD,288413886691.06744
2022-05-10,0.0,HOLD,288419947797.31946
2022-05-11,0.0,HOLD,288426009030.95074
2022-05-12,0.0,HOLD,288432070391.96313
2022-05-13,0.0,HOLD,288438131880.341
2022-05-16,0.0,HOLD,288456317109.8271
2022-05-17,0.0,HOLD,288462379107.77026
2022-05-18,0.0,HOLD,288468441233.09985
2022-05-19,0.0,HOLD,288474503485.826
2022-05-20,0.0,HOLD,288480565865.9642
2022-05-23,0.0,HOLD,288498753770.7875
2022-05-24,0.0,HOLD,288504816660.54596
2022-05-25,0.0,HOLD,288510879677.7135
2022-05-26,0.0,HOLD,288516942822.30865
2022-05-27,0.0,HOLD,288523006094.3159
2022-05-31,0.0,HOLD,288547260456.6113
2022-06-01,0.0,HOLD,288553324365.7531
2022-06-02,0.0,HOLD,288559388402.32605
2022-06-03,0.0,HOLD,288568897089.06555
2022-06-06,0.0,HOLD,288597425029.3315
2022-06-07,0.0,HOLD,288606934969.4649
2022-06-08,0.0,HOLD,288616445222.9771
2022-06-09,0.0,HOLD,288625955789.8717
2022-06-10,0.0,HOLD,288635466670.1488
2022-06-13,0.0,HOLD,288664001191.47736
2022-06-14,0.0,HOLD,288673513325.4484
2022-06-15,0.0,HOLD,288683025772.87085
2022-06-16,0.0,HOLD,288692538533.73785
2022-06-17,0.0,HOLD,288702051608.08057
2022-06-21,0.0,HOLD,288740107040.3214
2022-06-22,0.0,HOLD,288749621682.151
2022-06-23,0.0,HOLD,288759136637.50287
2022-06-24,0.0,HOLD,288768651906.408
2022-06-27,0.0,HOLD,288797199594.4273
2022-06-28,0.0,HOLD,288806716117.58514
2022-06-29,0.0,HOLD,288816232954.3344
2022-06-30,0.0,HOLD,288825750104.68353
2022-07-01,0.0,HOLD,288835267568.64813
2022-07-05,0.0,HOLD,288873340560.86554
2022-07-06,0.0,HOLD,288886526498.00635
2022-07-07,1.0,TRADE,288899713037.0338
2022-07-08,1.0,HOLD,290252990665.76385
2022-07-11,0.0,TRADE,271727687732.0537
2022-07-12,0.0,HOLD,271740091037.2634
2022-07-13,0.0,HOLD,271752494908.63885
2022-07-14,0.0,HOLD,271764899346.21106
2022-07-15,1.0,TRADE,271777304349.97998
2022-07-18,0.0,TRADE,265487382525.84137
2022-07-19,1.0,TRADE,265499500985.5422
2022-07-20,1.0,HOLD,278839427352.97974
2022-07-21,1.0,HOLD,290686938470.0552
2022-07-22,1.0,HOLD,275481493039.66516
2022-07-25,1.0,HOLD,271377351101.16962
2022-07-26,1.0,HOLD,254956876500.98224
2022-07-27,1.0,HOLD,286768371726.30365
2022-07-28,1.0,HOLD,294978609026.3973
2022-07-29,1.0,HOLD,311209601585.63556
2022-08-01,1.0,HOLD,310744686887.22437
2022-08-02,1.0,HOLD,307851667272.32104
2022-08-03,1.0,HOLD,332480425749.4995
2022-08-04,1.0,HOLD,337238964427.3554
2022-08-05,1.0,HOLD,329216255745.1083
2022-08-08,1.0,HOLD,325856368008.6911
2022-08-09,1.0,HOLD,314663253630.97595
2022-08-10,1.0,HOLD,340503134431.7467
2022-08-11,1.0,HOLD,335371491941.3003
2022-08-12,1.0,HOLD,354309928920.69794
2022-08-15,1.0,HOLD,362799505724.4589
2022-08-16,1.0,HOLD,360467118539.99255
2022-08-17,1.0,HOLD,347967164106.6593
2022-08-18,1.0,HOLD,350297597868.02313
2022-08-19,1.0,HOLD,329774934752.44275
2022-08-22,0.0,TRADE,303841289642.7487
2022-08-23,0.2,TRADE,303855158808.16425
2022-08-24,0.2,HOLD,304334336289.1195
2022-08-25,0.2,HOLD,307569796318.12665
2022-08-26,0.0,TRADE,299741046103.4798
2022-08-29,0.0,HOLD,299797795409.102
2022-08-30,0.0,HOLD,299816714231.81415
2022-08-31,0.0,HOLD,299835634248.4085
2022-09-01,0.0,HOLD,299854555458.949
2022-09-02,0.0,HOLD,299873477863.5132
2022-09-06,0.0,HOLD,299956559441.2157
2022-09-07,0.0,HOLD,299977333431.98315
2022-09-08,0.0,HOLD,299998108861.48346
2022-09-09,0.0,HOLD,300018885729.834
2022-09-12,0.0,HOLD,300081224968.87726
2022-09-13,0.0,HOLD,300102007593.5655
2022-09-14,0.0,HOLD,300122791657.5799
2022-09-15,0.0,HOLD,300143577161.05
2022-09-16,0.0,HOLD,300164364104.038
2022-09-19,0.0,HOLD,300226733571.2303
2022-09-20,0.0,HOLD,300247526273.3553
2022-09-21,0.0,HOLD,300268320415.5165
2022-09-22,0.0,HOLD,300289115997.8166
2022-09-23,0.0,HOLD,300309913020.3488
2022-09-26,0.0,HOLD,300372312730.3179
2022-09-27,0.0,HOLD,300393115514.7713
2022-09-28,0.0,HOLD,300413919739.9549
2022-09-29,0.0,HOLD,300434725405.97626
2022-09-30,0.0,HOLD,300455532512.92847
2022-10-03,0.0,HOLD,300517962480.3493
2022-10-04,0.0,HOLD,300538775352.01746
2022-10-05,0.0,HOLD,300563754208.6315
2022-10-06,0.0,HOLD,300588735141.30884
2022-10-07,0.0,HOLD,300613718150.2515
2022-10-10,0.0,HOLD,300688679636.3611
2022-10-11,0.0,HOLD,300713670952.0486
2022-10-12,0.0,HOLD,300738664344.84894
2022-10-13,0.0,HOLD,300763659814.9549
2022-10-14,0.0,HOLD,300788657362.5063
2022-10-17,0.0,HOLD,300863662471.70087
2022-10-18,0.0,HOLD,300888668330.83923
2022-10-19,0.0,HOLD,300913676268.31964
2022-10-20,0.0,HOLD,300938686284.28577
2022-10-21,0.0,HOLD,300963698378.924
2022-10-24,0.0,HOLD,301038747136.5936
2022-10-25,0.7000000000000001,TRADE,301063767547.6462
2022-10-26,0.0,TRADE,287145701694.43524
2022-10-27,0.0,HOLD,287169567404.6028
2022-10-28,0.7000000000000001,TRADE,287193435098.3337
2022-10-31,0.0,TRADE,280266208585.7524
2022-11-01,0.0,HOLD,280289502516.5477
2022-11-02,0.0,HOLD,280312798383.38556
2022-11-03,0.0,HOLD,280341294271.18445
2022-11-04,0.0,HOLD,280369793055.80334
2022-11-07,0.0,HOLD,280455306793.4791
2022-11-08,0.0,HOLD,280483817168.32104
2022-11-09,0.0,HOLD,280512330441.4655
2022-11-10,0.6000000000000001,TRADE,280540846613.1847
2022-11-11,0.6000000000000001,HOLD,290125445668.64
2022-11-14,0.6000000000000001,HOLD,285450309457.8908
2022-11-15,0.6000000000000001,HOLD,292446897962.5753
2022-11-16,0.6000000000000001,HOLD,285159286961.9837
2022-11-17,0.6000000000000001,HOLD,283838079125.1089
2022-11-18,0.6000000000000001,HOLD,283691749185.74005
2022-11-21,0.6000000000000001,HOLD,278546686645.6095
2022-11-22,0.6000000000000001,HOLD,285541640089.5249
2022-11-23,0.6000000000000001,HOLD,290732378390.40515
2022-11-25,0.6000000000000001,HOLD,287067919526.03186
2022-11-28,0.6000000000000001,HOLD,279412095838.1889
2022-11-29,0.6000000000000001,HOLD,275420727531.1007
2022-11-30,0.6000000000000001,HOLD,297325944129.866
2022-12-01,0.6000000000000001,HOLD,298357792391.7716
2022-12-02,0.6000000000000001,HOLD,296172287058.65875
2022-12-05,0.0,TRADE,286950093642.652
2022-12-06,0.0,HOLD,286981684883.7093
2022-12-07,0.0,HOLD,287013279602.72595
2022-12-08,0.0,HOLD,287044877800.12384
2022-12-09,0.0,HOLD,287076479476.2601
2022-12-12,0.6000000000000001,TRADE,287171305380.965
2022-12-13,0.6000000000000001,HOLD,292595025261.6773
2022-12-14,0.6000000000000001,HOLD,288389801814.0687
2022-12-15,0.0,TRADE,271212668075.79468
2022-12-16,0.0,HOLD,271242526734.05002
2022-12-19,0.0,HOLD,271332122433.56094
2022-12-20,0.0,HOLD,271361994242.88983
2022-12-21,0.0,HOLD,271391869340.9016
2022-12-22,0.0,HOLD,271421747727.9496
2022-12-23,0.0,HOLD,271451629404.40643
2022-12-27,0.0,HOLD,271571189011.59018
2022-12-28,0.0,HOLD,271601087140.51187
2022-12-29,0.0,HOLD,271630988561.015
2022-12-30,0.0,HOLD,271660893273.45804
2023-01-03,0.0,HOLD,271780545049.86786
2023-01-04,0.0,HOLD,271810466227.4554
2023-01-05,0.0,HOLD,271842034390.2968
2023-01-06,0.0,HOLD,271873606219.4844
2023-01-09,0.0,HOLD,271968343709.29034
2023-01-10,0.0,HOLD,271999930208.0811
2023-01-11,0.0,HOLD,272031520375.33484
2023-01-12,0.6000000000000001,TRADE,272063114211.48138
2023-01-13,0.6000000000000001,HOLD,275307178424.52905
2023-01-17,0.6000000000000001,HOLD,276268690123.7776
2023-01-18,0.6000000000000001,HOLD,270068649769.7182
2023-01-19,0.0,TRADE,265029715618.47427
2023-01-20,0.6000000000000001,TRADE,265060496262.5585
2023-01-23,0.6000000000000001,HOLD,275548105862.9855
2023-01-24,0.7000000000000001,TRADE,274546553429.38226
2023-01-25,0.7000000000000001,HOLD,273132668051.25824
2023-01-26,0.7000000000000001,HOLD,284175834868.78845
2023-01-27,0.7000000000000001,HOLD,289968173200.19257
2023-01-30,0.7000000000000001,HOLD,277539832789.293
2023-01-31,0.7000000000000001,HOLD,286269897031.842
2023-02-01,0.7000000000000001,HOLD,299448247254.944
2023-02-02,0.6000000000000001,TRADE,321879031117.0396
2023-02-03,0.6000000000000001,HOLD,311917677943.23145
2023-02-06,0.6000000000000001,HOLD,307300500690.2017
2023-02-07,0.6000000000000001,HOLD,318367502087.50714
2023-02-08,0.6000000000000001,HOLD,308193180408.3207
2023-02-09,0.6000000000000001,HOLD,303399458119.70636
2023-02-10,0.6000000000000001,HOLD,299827173751.52576
2023-02-13,0.6000000000000001,HOLD,307985031577.9664
2023-02-14,0.6000000000000001,HOLD,311875923183.9253
2023-02-15,0.6000000000000001,HOLD,315982100421.937
2023-02-16,0.6000000000000001,HOLD,305305465567.37585
2023-02-17,0.6000000000000001,HOLD,301516416001.0512
2023-02-21,0.6000000000000001,HOLD,289451950199.37537
2023-02-22,0.0,TRADE,289611273150.29877
2023-02-23,0.2,TRADE,289646732085.95294
2023-02-24,0.2,HOLD,286744269539.07385
2023-02-27,0.2,HOLD,288017208040.4689
2023-02-28,0.2,HOLD,287767718629.65894
2023-03-01,0.2,HOLD,286431471966.3415
2023-03-02,0.2,HOLD,287773975560.588
2023-03-03,0.6000000000000001,TRADE,291213127427.2823
2023-03-06,0.9,TRADE,292001375660.3562
2023-03-07,0.6000000000000001,TRADE,282189874427.68317
2023-03-08,0.6000000000000001,HOLD,284517974089.71875
2023-03-09,0.2,TRADE,275498244907.0697
2023-03-10,0.2,HOLD,273249042525.6993
2023-03-13,0.2,HOLD,274469727414.69528
2023-03-14,0.7000000000000001,TRADE,278165649227.4283
2023-03-15,0.9,TRADE,280996514981.4479
2023-03-16,1.0,TRADE,301026506066.0527
2023-03-17,1.0,HOLD,296561005913.4228
2023-03-20,1.0,HOLD,299698924939.59515
2023-03-21,1.0,HOLD,312371290237.59894
2023-03-22,1.0,HOLD,299623494193.7737
2023-03-23,1.0,HOLD,310307002160.2852
2023-03-24,1.0,HOLD,313465036052.00995
2023-03-27,1.0,HOLD,307030793433.4402
2023-03-28,1.0,HOLD,301931675015.9101
2023-03-29,1.0,HOLD,318440950918.0317
2023-03-30,1.0,HOLD,327062685165.4235
2023-03-31,1.0,HOLD,343086689936.09375
2023-04-03,1.0,HOLD,340657819920.64307
2023-04-04,1.0,HOLD,337258407642.2896
2023-04-05,1.0,HOLD,326454210482.4638
2023-04-06,1.0,HOLD,333009142294.34796
2023-04-10,1.0,HOLD,332282492776.26794
2023-04-11,1.0,HOLD,325848250157.6982
2023-04-12,1.0,HOLD,317229030268.50037
2023-04-13,1.0,HOLD,335438012309.79865
2023-04-14,1.0,HOLD,333496927783.9933
2023-04-17,1.0,HOLD,333858995363.9363
2023-04-18,1.0,HOLD,334102888108.759
2023-04-19,1.0,HOLD,333373724232.4849
2023-04-20,1.0,HOLD,325604357412.8755
2023-04-21,1.0,HOLD,326212832095.8352
2023-04-24,1.0,HOLD,324269233211.83575
2023-04-25,1.0,HOLD,305937047619.0292
2023-04-26,1.0,HOLD,311036166036.5592
2023-04-27,1.0,HOLD,336167176186.07263
2023-04-28,1.0,HOLD,342966000742.7794
2023-05-01,1.0,HOLD,341992944121.68274
2023-05-02,1.0,HOLD,332888453101.03357
2023-05-03,1.0,HOLD,326333521289.1495
2023-05-04,1.0,HOLD,322690216265.9734
2023-05-05,1.0,HOLD,342480729611.3281
2023-05-08,1.0,HOLD,345271667206.7218
2023-05-09,1.0,HOLD,338596046201.5234
2023-05-10,1.0,HOLD,349520932554.6635
2023-05-11,1.0,HOLD,352435073701.5656
2023-05-12,1.0,HOLD,348791768678.3895
2023-05-15,1.0,HOLD,354134779840.7423
2023-05-16,1.0,HOLD,355469904041.782
2023-05-17,1.0,HOLD,368217700085.60724
2023-05-18,1.0,HOLD,388005699072.7678
2023-05-19,1.0,HOLD,385335450670.6885
2023-05-22,1.0,HOLD,389340823273.80756
2023-05-23,1.0,HOLD,374287360766.0399
2023-05-24,1.0,HOLD,368217700085.60724
2023-05-25,1.0,HOLD,394804523629.4746
2023-05-26,1.0,HOLD,424670070258.38116
2023-05-30,1.0,HOLD,430619041745.4996
2023-05-31,1.0,HOLD,421876618304.7934
2023-06-01,1.0,HOLD,437173973557.38367
2023-06-02,1.0,HOLD,447007628454.30676
2023-06-05,1.0,HOLD,447980685075.40356
2023-06-06,1.0,HOLD,447492899585.7582
2023-06-07,1.0,HOLD,424670070258.38116
2023-06-08,1.0,HOLD,439238261634.6974
2023-06-09,1.0,HOLD,444581272797.0502
2023-06-12,1.0,HOLD,467283412931.11285
2023-06-13,1.0,HOLD,477723028152.8017
2023-06-14,1.0,HOLD,487921264987.8619
2023-06-15,1.0,HOLD,505039015572.9432
2023-06-16,1.0,HOLD,495326049869.3343
2023-06-20,1.0,HOLD,492899694212.07764
2023-06-21,1.0,HOLD,473144381881.4396
2023-06-22,1.0,HOLD,488856606236.04785
2023-06-23,1.0,HOLD,474363845605.55304
2023-06-26,1.0,HOLD,455606733477.9523
2023-06-27,1.0,HOLD,478137897254.8197
2023-06-28,1.0,HOLD,481062095834.4979
2023-06-29,1.0,HOLD,477773315316.6826
2023-06-30,1.0,HOLD,499328908114.25934
2023-07-03,1.0,HOLD,502738377825.3889
2023-07-05,1.0,HOLD,502373795887.2519
2023-07-06,1.0,HOLD,490561341091.6127
2023-07-07,1.0,HOLD,485567825718.23267
2023-07-10,1.0,HOLD,485932407656.3696
2023-07-11,1.0,HOLD,492874550630.13715
2023-07-12,1.0,HOLD,511143877268.0926
2023-07-13,1.0,HOLD,536596725266.4442
2023-07-14,1.0,HOLD,536108939776.7988
2023-07-17,1.0,HOLD,550966282345.4307
2023-07-18,1.0,HOLD,564121404416.6917
2023-07-19,1.0,HOLD,564121404416.6917
2023-07-20,1.0,HOLD,524540377725.98224
2023-07-21,1.0,HOLD,519911444290.73926
2023-07-24,1.0,HOLD,521980761084.4411
2023-07-25,1.0,HOLD,532455577320.84656
2023-07-26,1.0,HOLD,526974276457.8211
2023-07-27,1.0,HOLD,522468546574.0864
2023-07-28,1.0,HOLD,550724903958.802
2023-07-31,1.0,HOLD,551818649773.213
2023-08-01,1.0,HOLD,547556812634.3011
2023-08-02,1.0,HOLD,511752351951.0523
2023-08-03,1.0,HOLD,508098989495.1
2023-08-04,1.0,HOLD,501033642969.8241
2023-08-07,1.0,HOLD,513457086806.61707
2023-08-08,1.0,HOLD,500304479093.55005
2023-08-09,1.0,HOLD,483619198117.84515
2023-08-10,1.0,HOLD,485811718463.0553
2023-08-11,1.0,HOLD,476068580461.1179
2023-08-14,1.0,HOLD,491901494009.04047
2023-08-15,1.0,HOLD,476797744337.3919
2023-08-16,0.5,TRADE,460967345147.6634
2023-08-17,0.5,HOLD,453201537283.8314
2023-08-18,0.5,HOLD,452198418747.7317
2023-08-21,1.0,TRADE,463014289670.0094
2023-08-22,0.5,TRADE,460952663027.8776
2023-08-23,1.0,TRADE,471844691262.2525
2023-08-24,1.0,HOLD,440766640500.8464
2023-08-25,1.0,HOLD,451205985737.3033
2023-08-28,1.0,HOLD,461287802377.813
2023-08-29,1.0,HOLD,490703100285.4649
2023-08-30,1.0,HOLD,498887076776.2551
2023-08-31,1.0,HOLD,503395365441.58875
2023-09-01,1.0,HOLD,501617517765.85156
2023-09-05,1.0,HOLD,502920293197.65894
2023-09-06,1.0,HOLD,489635412149.62274
2023-09-07,1.0,HOLD,478960979617.2006
2023-09-08,1.0,HOLD,480383747522.9903
2023-09-11,1.0,HOLD,496754149330.57043
2023-09-12,1.0,HOLD,480858819766.92004
2023-09-13,1.0,HOLD,485604644554.21857
2023-09-14,1.0,HOLD,496989236626.5357
2023-09-15,0.5,TRADE,471489611492.305
2023-09-18,0.5,HOLD,472122869977.11
2023-09-19,0.5,HOLD,470733657894.2529
2023-09-20,0.4,TRADE,460583775571.98206
2023-09-21,0.4,HOLD,450130922020.22534
2023-09-22,0.4,HOLD,450315831584.09125
2023-09-25,0.4,HOLD,452728059768.33203
2023-09-26,0.4,HOLD,444909823694.1638
2023-09-27,0.4,HOLD,445974296454.79956
2023-09-28,0.4,HOLD,450113131919.7483
2023-09-29,0.4,HOLD,450543065359.78125
2023-10-02,0.4,HOLD,454809864935.64557
2023-10-03,0.4,HOLD,445429388622.2683
2023-10-04,0.4,HOLD,452301242688.4115
2023-10-05,0.4,HOLD,450486186070.7976
2023-10-06,0.4,HOLD,459261702905.2688
2023-10-09,0.4,HOLD,462063732190.4282
2023-10-10,0.8,TRADE,465129320815.0426
2023-10-11,1.0,TRADE,473064133360.51013
2023-10-12,1.0,HOLD,467532492638.2391
2023-10-13,0.4,TRADE,449856476108.44214
2023-10-16,1.0,TRADE,456031767420.6145
2023-10-17,1.0,HOLD,451669545103.5754
2023-10-18,0.8,TRADE,432563593631.5601
2023-10-19,0.4,TRADE,423331290818.63715
2023-10-20,0.4,HOLD,415730687071.91003
2023-10-23,0.4,HOLD,417261874818.2146
2023-10-24,0.4,HOLD,421899010337.01526
2023-10-25,0.30000000000000004,TRADE,409650616810.0869
2023-10-26,0.1,TRADE,402528503205.90564
2023-10-27,0.30000000000000004,TRADE,403153773194.51025
2023-10-30,0.30000000000000004,HOLD,407177504441.73865
2023-10-31,0.30000000000000004,HOLD,409033364246.8972
2023-11-01,0.4,TRADE,415604142306.6256
2023-11-02,0.4,HOLD,424465163176.9432
2023-11-03,1.0,TRADE,430674061676.7666
2023-11-06,0.4,TRADE,435601655543.7729
2023-11-07,1.0,TRADE,440543801633.1312
2023-11-08,1.0,HOLD,441332317476.398
2023-11-09,1.0,HOLD,430849695089.44006
2023-11-10,1.0,HOLD,459595735905.00275
2023-11-13,1.0,HOLD,455423559428.4237
2023-11-14,1.0,HOLD,484058280360.2311
2023-11-15,1.0,HOLD,485410353115.0091
2023-11-16,1.0,HOLD,486198868958.2759
2023-11-17,1.0,HOLD,486537466938.03156
2023-11-20,1.0,HOLD,503896411311.12445
2023-11-21,1.0,HOLD,494765861678.9446
2023-11-22,1.0,HOLD,500515069842.0571
2023-11-24,1.0,HOLD,498035883264.2566
2023-11-27,1.0,HOLD,496570171461.47845
2023-11-28,1.0,HOLD,500515069842.0571
2023-11-29,1.0,HOLD,498713079223.7681
2023-11-30,1.0,HOLD,494540902747.1891
2023-12-01,1.0,HOLD,498713079223.7681
2023-12-04,1.0,HOLD,484508198223.7422
2023-12-05,1.0,HOLD,488003178740.80975
2023-12-06,1.0,HOLD,479322546972.1408
2023-12-07,1.0,HOLD,499387956019.03467
2023-12-08,1.0,HOLD,505362123113.9027
2023-12-11,1.0,HOLD,518214931359.15063
2023-12-12,1.0,HOLD,530726822460.398
2023-12-13,1.0,HOLD,549440158752.5138
2023-12-14,1.0,HOLD,548538003861.2469
2023-12-15,1.0,HOLD,555075727867.6261
2023-12-18,1.0,HOLD,566687783241.8514
2023-12-19,1.0,HOLD,575141136914.5199
2023-12-20,1.0,HOLD,549588585264.18756
2023-12-21,1.0,HOLD,567817216229.1188
2023-12-22,1.0,HOLD,570080720532.1433
2023-12-26,1.0,HOLD,580498406320.244
2023-12-27,1.0,HOLD,583555064795.025
2023-12-28,1.0,HOLD,582082395499.5122
2023-12-29,1.0,HOLD,574044172226.6812
2024-01-02,1.0,HOLD,544945618445.8933
2024-01-03,1.0,HOLD,527507822488.47375
2024-01-04,1.0,HOLD,518676445043.88617
2024-01-05,1.0,HOLD,520601351367.155
2024-01-08,1.0,HOLD,551965728615.2123
2024-01-09,1.0,HOLD,555588263165.7495
2024-01-10,1.0,HOLD,566571825029.6063
2024-01-11,1.0,HOLD,569287566360.3868
2024-01-12,1.0,HOLD,569967081484.1432
2024-01-16,1.0,HOLD,569628483504.3875
2024-01-17,1.0,HOLD,559776673792.0428
2024-01-18,1.0,HOLD,583780023726.7806
2024-01-19,1.0,HOLD,617521544325.8627
2024-01-22,1.0,HOLD,620012326724.8877
2024-01-23,1.0,HOLD,627371034873.9623
2024-01-24,1.0,HOLD,637675081614.0627
2024-01-25,1.0,HOLD,639486348889.3314
2024-01-26,1.0,HOLD,627711952017.9629
2024-01-29,1.0,HOLD,646167861078.8947
2024-01-30,1.0,HOLD,633259392891.7689
2024-01-31,1.0,HOLD,596008976790.1499
2024-02-01,1.0,HOLD,617069307298.1067
2024-02-02,1.0,HOLD,648092767402.1635
2024-02-05,1.0,HOLD,644808830831.3818
2024-02-06,1.0,HOLD,641072657232.8444
2024-02-07,1.0,HOLD,660208081417.5325
2024-02-08,1.0,HOLD,662923822748.3129
2024-02-09,1.0,HOLD,682397844912.7566
2024-02-12,1.0,HOLD,674359621639.9257
2024-02-13,1.0,HOLD,642431687480.3572
2024-02-14,1.0,HOLD,662810183700.3127
2024-02-15,1.0,HOLD,668359943738.3636
2024-02-16,1.0,HOLD,650017673725.4321
2024-02-20,1.0,HOLD,634957021119.0374
2024-02-21,1.0,HOLD,627032436894.2065
2024-02-22,1.0,HOLD,681266092761.2444
2024-02-23,1.0,HOLD,675039136763.682
2024-02-26,1.0,HOLD,674132343543.9253
2024-02-27,1.0,HOLD,678323073334.4635
2024-02-28,1.0,HOLD,667339511470.6067
2024-02-29,1.0,HOLD,683418277180.5137
2024-03-01,1.0,HOLD,714780335264.326
2024-03-04,1.0,HOLD,706289874963.739
2024-03-05,1.0,HOLD,668471263622.1189
2024-03-06,1.0,HOLD,680813855733.4885
2024-03-07,1.0,HOLD,711157800713.7888
2024-03-08,1.0,HOLD,680020701561.7319
2024-03-11,1.0,HOLD,672096117336.9011
2024-03-12,1.0,HOLD,700628795041.9329
2024-03-13,1.0,HOLD,684322751236.0255
2024-03-14,1.0,HOLD,678775310362.2195
2024-03-15,1.0,HOLD,653978806255.7251
2024-03-18,1.0,HOLD,672434715316.6569
2024-03-19,1.0,HOLD,677077682134.951
2024-03-20,1.0,HOLD,701111181204.8726
2024-03-21,1.0,HOLD,710199985880.6442
2024-03-22,1.0,HOLD,711677293504.647
2024-03-25,1.0,HOLD,704406713596.8785
2024-03-26,1.0,HOLD,697815648812.8665
2024-03-27,1.0,HOLD,703952157404.8777
2024-03-28,1.0,HOLD,699520234532.8696
2024-04-01,1.0,HOLD,703838518356.8774
2024-04-02,1.0,HOLD,684974436388.843
2024-04-03,1.0,HOLD,689519998308.8513
2024-04-04,1.0,HOLD,657021549745.0369
2024-04-05,1.0,HOLD,680201596372.8342
2024-04-08,1.0,HOLD,680656152564.8351
2024-04-09,1.0,HOLD,687701773540.8479
2024-04-10,1.0,HOLD,669635484073.0598
2024-04-11,1.0,HOLD,701111181204.8726
2024-04-12,1.0,HOLD,667249064065.0555
2024-04-15,1.0,HOLD,633725544904.9944
2024-04-16,0.5,TRADE,633839183952.9945
2024-04-17,0.4,TRADE,622123793027.9673
2024-04-18,0.4,HOLD,617728753473.5057
2024-04-19,0.4,HOLD,602631309526.1017
2024-04-22,0.4,HOLD,609462927562.012
2024-04-23,0.4,HOLD,620033146820.1404
2024-04-24,0.4,HOLD,622495715038.3628
2024-04-25,0.4,HOLD,618564077212.6316
2024-04-26,0.5,TRADE,629876622868.151
2024-04-29,0.5,HOLD,633770245882.2363
2024-04-30,0.4,TRADE,615584288032.7341
2024-05-01,0.4,HOLD,610315004134.9695
2024-05-02,0.4,HOLD,619284613230.9882
2024-05-03,1.0,TRADE,634230693029.3544
2024-05-06,1.0,HOLD,655037417467.2659
2024-05-07,1.0,HOLD,655037417467.2659
2024-05-08,1.0,HOLD,653806912258.5723
2024-05-09,1.0,HOLD,657386563774.7721
2024-05-10,1.0,HOLD,661858845229.0039
2024-05-13,1.0,HOLD,666221545514.3724
2024-05-14,1.0,HOLD,678638461711.1907
2024-05-15,1.0,HOLD,709958129536.9214
2024-05-16,1.0,HOLD,705595429251.5527
2024-05-17,1.0,HOLD,704029331713.2153
2024-05-20,1.0,HOLD,718571665997.7772
2024-05-21,1.0,HOLD,722263181623.8583
2024-05-22,1.0,HOLD,721815725184.3333
2024-05-23,1.0,HOLD,711076770635.7338
2024-05-24,1.0,HOLD,730988582194.5953
2024-05-28,1.0,HOLD,738928651055.1459
2024-05-29,1.3,TRADE,723493686832.552
2024-05-30,1.0,TRADE,693206340116.7727
2024-05-31,1.3,TRADE,692431141240.0735
2024-06-03,1.3,HOLD,701100203273.4442
2024-06-04,1.3,HOLD,707828957151.0974
2024-06-05,1.0,TRADE,763071141557.816
2024-06-06,1.0,HOLD,762166035766.3562
2024-06-07,1.3,TRADE,759337580168.0437
2024-06-10,1.3,HOLD,769656501811.5887
2024-06-11,1.3,HOLD,790203396531.8855
2024-06-12,1.3,HOLD,830314884327.2439
2024-06-13,1.3,HOLD,847184771829.948
2024-06-14,1.3,HOLD,862733936267.0697
2024-06-17,1.3,HOLD,902171478242.529
2024-06-18,1.3,HOLD,902718484284.9863
2024-06-20,1.3,HOLD,876017413938.6196
2024-06-21,1.3,HOLD,865827580089.7601
2024-06-24,1.3,HOLD,828642449167.5646
2024-06-25,1.3,HOLD,863897208306.9165
2024-06-26,1.3,HOLD,870690538914.7037
2024-06-27,1.3,HOLD,878621478419.3243
2024-06-28,1.3,HOLD,861158651518.5818
2024-07-01,1.3,HOLD,878900123880.9121
2024-07-02,1.3,HOLD,912813103596.5
2024-07-03,1.3,HOLD,940821876785.4901
2024-07-05,1.3,HOLD,976170201624.2566
2024-07-08,1.3,HOLD,984018156060.0872
2024-07-09,1.3,HOLD,986636126946.454
2024-07-10,1.3,HOLD,1024682286125.6094
2024-07-11,1.3,HOLD,942261165896.2535
2024-07-12,1.3,HOLD,961264992497.4807
2024-07-15,1.3,HOLD,969998269027.2314
2024-07-16,1.3,HOLD,970842226162.4723
2024-07-17,1.0,TRADE,865242502184.644
2024-07-18,1.0,HOLD,852291219166.1086
2024-07-19,1.0,HOLD,829188161090.5453
2024-07-22,1.3,TRADE,865361125403.3522
2024-07-23,1.3,HOLD,853177787974.4893
2024-07-24,0.8,TRADE,733139839124.4752
2024-07-25,1.0,TRADE,713625609968.0886
2024-07-26,0.8,TRADE,734039810874.0815
2024-07-29,0.8,HOLD,737531298034.1915
2024-07-30,0.8,HOLD,713460593965.9817
2024-07-31,0.8,HOLD,763018609039.0759
2024-08-01,0.8,HOLD,718646536194.9629
2024-08-02,0.4,TRADE,676978625582.1436
2024-08-05,0.1,TRADE,653549194811.4454
2024-08-06,0.30000000000000004,TRADE,655266216421.517
2024-08-07,0.1,TRADE,649000325952.9377
2024-08-08,0.4,TRADE,655025629760.4304
2024-08-09,0.4,HOLD,658646094419.6207
2024-08-12,0.4,HOLD,660619565586.8685
2024-08-13,0.4,HOLD,680125004178.0168
2024-08-14,0.4,HOLD,680677337520.4158
2024-08-15,1.0,TRADE,702349963132.9734
2024-08-16,1.0,HOLD,704195963535.0103
2024-08-19,1.0,HOLD,731485481342.75
2024-08-20,1.0,HOLD,726971645331.4415
2024-08-21,1.0,HOLD,736923360493.1572
2024-08-22,1.0,HOLD,701528127925.7389
2024-08-23,1.0,HOLD,723586268322.9602
2024-08-26,1.0,HOLD,702349963132.9734
2024-08-27,1.0,HOLD,708298881942.7015
2024-08-28,0.5,TRADE,684292533211.579
2024-08-29,0.5,HOLD,682546316959.0514
2024-08-30,1.0,TRADE,694187260830.7418
2024-09-03,0.4,TRADE,630850238381.1111
2024-09-04,0.4,HOLD,628758915624.1008
2024-09-05,0.4,HOLD,629620492744.491
2024-09-06,0.30000000000000004,TRADE,609315016462.4636
2024-09-09,0.4,TRADE,616290234032.3103
2024-09-10,0.4,HOLD,622971684950.5466
2024-09-11,0.4,HOLD,639162610361.1993
2024-09-12,0.4,HOLD,647178707535.216
2024-09-13,1.0,TRADE,650857680451.117
2024-09-16,0.4,TRADE,642159458371.713
2024-09-17,0.4,HOLD,642367098416.8992
2024-09-18,0.4,HOLD,639056946557.0857
2024-09-19,1.0,TRADE,658283193907.2826
2024-09-20,1.0,HOLD,654084823803.4908
2024-09-23,1.0,HOLD,658935515188.0887
2024-09-24,1.0,HOLD,668261433964.2623
2024-09-25,1.0,HOLD,670601446930.8743
2024-09-26,1.0,HOLD,684823567878.6787
2024-09-27,1.0,HOLD,673034377754.3455
2024-09-30,1.0,HOLD,678273807111.5166
2024-10-01,1.0,HOLD,649548915362.5377
2024-10-02,1.0,HOLD,651981846186.0088
2024-10-03,1.0,HOLD,650483782779.5067
2024-10-04,1.0,HOLD,673407945464.5745
2024-10-07,1.0,HOLD,651232814482.7577
2024-10-08,1.0,HOLD,679491220664.6486
2024-10-09,1.0,HOLD,695865622582.5542
2024-10-10,1.0,HOLD,693432691759.083
2024-10-11,1.0,HOLD,695209508736.1621
2024-10-14,1.0,HOLD,712987159920.9177
2024-10-15,1.0,HOLD,684542918025.3088
2024-10-16,1.0,HOLD,684169350315.0798
2024-10-17,1.0,HOLD,686226817145.5288
2024-10-18,1.0,HOLD,698391471262.8843
2024-10-21,1.0,HOLD,702227651353.2052
2024-10-22,1.0,HOLD,704285118183.6544
2024-10-23,1.0,HOLD,671724046344.3544
2024-10-24,1.0,HOLD,687724880552.0309
2024-10-25,1.0,HOLD,699326338679.8531
2024-10-28,1.0,HOLD,699982452526.2454
2024-10-29,1.0,HOLD,719351084974.3619
2024-10-30,1.0,HOLD,703350250766.6853
2024-10-31,1.0,HOLD,649829565215.9077
2024-11-01,1.0,HOLD,663678118453.4832
2024-11-04,1.0,HOLD,657501925396.5499
2024-11-05,1.0,HOLD,682485451194.8596
2024-11-06,1.0,HOLD,737875871579.5754
2024-11-07,1.0,HOLD,772403388675.2584
2024-11-08,1.0,HOLD,774275019791.9895
2024-11-11,1.0,HOLD,772871770525.1394
2024-11-12,1.0,HOLD,768660126441.7963
2024-11-13,1.0,HOLD,765292328201.3562
2024-11-14,1.0,HOLD,749105658279.9618
2024-11-15,1.0,HOLD,694928858882.7921
2024-11-18,1.0,HOLD,708965144116.8784
2024-11-19,1.0,HOLD,723187265064.6829
2024-11-20,1.0,HOLD,722345315504.573
2024-11-21,1.0,HOLD,729456375978.4752
2024-11-22,1.0,HOLD,732169956655.3162
2024-11-25,1.0,HOLD,735537754895.7563
2024-11-26,1.0,HOLD,746953377309.8607
2024-11-27,1.0,HOLD,728895076271.7351
2024-11-29,1.0,HOLD,747514677016.6007
2024-12-02,1.0,HOLD,771749171111.6594
2024-12-03,1.0,HOLD,778579581732.1917
2024-12-04,1.0,HOLD,807023823627.8005
2024-12-05,1.0,HOLD,800379248720.9862
2024-12-06,1.0,HOLD,820965294722.2349
2024-12-09,1.0,HOLD,801784394270.6294
2024-12-10,1.0,HOLD,793082352533.3661
2024-12-11,1.0,HOLD,835468065523.4093
2024-12-12,1.0,HOLD,818905931608.9929
2024-12-13,1.0,HOLD,836497747080.0304
2024-12-16,1.0,HOLD,872894999009.6515
2024-12-17,1.0,HOLD,861198726742.1771
2024-12-18,1.0,HOLD,768098826735.0563
2024-12-19,1.0,HOLD,757244504027.692
2024-12-20,1.0,HOLD,776893786329.1785
2024-12-23,1.0,HOLD,798534165563.3578
2024-12-24,1.0,HOLD,830264665539.3059
2024-12-26,1.0,HOLD,828480263431.0548
2024-12-27,1.0,HOLD,794777629350.3444
2024-12-30,1.0,HOLD,762859397377.8851
2024-12-31,1.0,HOLD,742863095325.2721
2025-01-02,1.0,HOLD,738169795412.4967
2025-01-03,1.0,HOLD,773562017461.8062
2025-01-06,1.0,HOLD,799941207395.7938
2025-01-07,1.0,HOLD,756851973489.5325
2025-01-08,1.0,HOLD,757415169479.0657
2025-01-10,0.5,TRADE,721272019443.7119
2025-01-13,0.5,HOLD,717664749937.1742
2025-01-14,0.5,HOLD,716438986508.405
2025-01-15,1.0,TRADE,740514381112.2478
2025-01-16,1.0,HOLD,725406749255.7156
2025-01-17,1.0,HOLD,761205308424.1444
2025-01-21,1.0,HOLD,773840311587.791
2025-01-22,1.0,HOLD,803872486115.668
2025-01-23,1.0,HOLD,808815894115.7306
2025-01-24,1.0,HOLD,794257529814.7607
2025-01-27,1.0,HOLD,724583772615.2262
2025-01-28,1.0,HOLD,756720548079.9052
2025-01-29,1.0,HOLD,752050849164.7694
2025-01-30,1.0,HOLD,761480866894.7802
2025-01-31,1.0,HOLD,757360435535.2069
2025-02-03,1.0,HOLD,739049667630.7478
2025-02-04,1.0,HOLD,765875007339.2802
2025-02-05,1.0,HOLD,775854292624.8534
2025-02-06,1.0,HOLD,787483229962.8234
2025-02-07,1.0,HOLD,757452904820.6552
2025-02-10,1.0,HOLD,784095155343.9999
2025-02-11,1.0,HOLD,778510010502.9266
2025-02-12,1.0,HOLD,780067193269.875
2025-02-13,1.0,HOLD,812936325475.3038
2025-02-14,1.0,HOLD,822456963105.0538
2025-02-18,1.0,HOLD,827585309676.013
2025-02-19,1.0,HOLD,827675929575.7522
2025-02-20,1.0,HOLD,817606024390.4396
2025-02-21,1.0,HOLD,766424274894.8428
2025-02-24,1.0,HOLD,738866578445.5603
2025-02-25,0.4,TRADE,710667145155.2672
2025-02-26,0.4,HOLD,712547559285.9805
2025-02-27,0.4,HOLD,688865769898.913
2025-02-28,0.4,HOLD,700927433738.3569
2025-03-03,0.30000000000000004,TRADE,683350817216.9989
2025-03-04,0.30000000000000004,HOLD,681153905198.1396
2025-03-05,0.4,TRADE,689107283543.1343
2025-03-06,0.1,TRADE,666303488546.1365
2025-03-07,0.1,HOLD,667755293232.0197
2025-03-10,0.0,TRADE,660296378538.5409
2025-03-11,0.0,HOLD,660373065591.4438
2025-03-12,0.0,HOLD,660449761550.8065
2025-03-13,0.0,HOLD,660526466417.6682
2025-03-14,0.0,HOLD,660603180193.0514
2025-03-17,0.0,HOLD,660833374980.7595
2025-03-18,0.0,HOLD,660910124400.6102
2025-03-19,0.0,HOLD,660986882734.1693
2025-03-20,0.0,HOLD,661063649982.4772
2025-03-21,0.0,HOLD,661140426146.5564
2025-03-24,0.1,TRADE,661370808143.7493
2025-03-25,0.1,HOLD,662620106751.4961
2025-03-26,0.0,TRADE,658945919143.9419
2025-03-27,0.0,HOLD,659022449354.0057
2025-03-28,0.0,HOLD,659098988452.3228
2025-03-31,0.0,HOLD,659328659087.0874
2025-04-01,0.0,HOLD,659405233748.7096
2025-04-02,0.0,HOLD,659481817303.7457
2025-04-03,0.0,HOLD,659558409753.2241
2025-04-04,0.0,HOLD,659635011098.1667
2025-04-07,0.0,HOLD,659864868516.156
2025-04-08,0.0,HOLD,659941505453.3329
2025-04-09,0.0,HOLD,660018151291.1504
2025-04-10,0.0,HOLD,660094806030.644
2025-04-11,0.0,HOLD,660171469672.8364
2025-04-14,0.0,HOLD,660401514026.033
2025-04-15,0.0,HOLD,660478213289.4049
2025-04-16,0.0,HOLD,660554921460.6588
2025-04-17,0.0,HOLD,660631638540.8232
2025-04-21,0.0,HOLD,660938595971.3145
2025-04-22,0.0,HOLD,661015357611.5736
2025-04-23,0.0,HOLD,661092128166.9501
2025-04-24,0.0,HOLD,661168907638.4867
2025-04-25,1.0,TRADE,661245696027.2216
2025-04-28,1.0,HOLD,660756122502.137
2025-04-29,1.0,HOLD,673645752735.8052
2025-04-30,1.0,HOLD,673769382413.8569
2025-05-01,1.0,HOLD,696972200390.5964
2025-05-02,1.0,HOLD,729630216144.7285
2025-05-05,1.0,HOLD,716985372673.6025
2025-05-06,1.0,HOLD,696603783950.0024
2025-05-07,1.0,HOLD,704706473049.5095
2025-05-08,1.0,HOLD,725701264976.2461
2025-05-09,1.0,HOLD,723982812451.3278
2025-05-12,1.0,HOLD,811641199377.0917
2025-05-13,1.0,HOLD,848841369502.8425
2025-05-14,1.0,HOLD,863817868702.0232
2025-05-15,1.0,HOLD,866520413464.233
2025-05-16,1.0,HOLD,877202017647.8981
2025-05-19,1.0,HOLD,879533673375.9529
2025-05-20,1.0,HOLD,870325734954.6637
2025-05-21,1.0,HOLD,834107184472.6432
2025-05-22,1.0,HOLD,838404552081.7196
2025-05-23,1.0,HOLD,814220114461.2498
2025-05-27,1.0,HOLD,870938938157.8
2025-05-28,1.0,HOLD,859767760449.0502
2025-05-29,1.0,HOLD,863941498380.0748
2025-05-30,1.0,HOLD,859399344008.456
2025-06-02,1.0,HOLD,879165256935.3588
2025-06-03,1.0,HOLD,899668002743.4496
2025-06-04,1.0,HOLD,906912701877.2783
2025-06-05,1.0,HOLD,885794280272.4901
2025-06-06,1.0,HOLD,911086439808.303
2025-06-09,1.0,HOLD,915136548061.2761
2025-06-10,1.0,HOLD,932815592022.6664
2025-06-11,1.0,HOLD,923239237160.7833
2025-06-12,1.0,HOLD,929255057294.7781
2025-06-13,1.0,HOLD,894144228728.1006
2025-06-16,1.0,HOLD,930607565972.6633
2025-06-17,1.0,HOLD,903104907793.2864
2025-06-18,1.0,HOLD,901878501387.0138
2025-06-20,1.0,HOLD,889478444678.4302
2025-06-23,1.0,HOLD,917102259942.2977
2025-06-24,1.0,HOLD,958844584439.6674
2025-06-25,1.0,HOLD,966205495470.8645
2025-06-26,1.0,HOLD,992677082135.2904
2025-06-27,1.0,HOLD,1002401792610.8357
2025-06-30,1.0,HOLD,1021853686155.4872
2025-07-01,1.0,HOLD,995876618203.268
2025-07-02,1.0,HOLD,1015699400782.0745
2025-07-03,1.0,HOLD,1044139171921.0831
2025-07-07,1.0,HOLD,1020869593918.1958
2025-07-08,1.0,HOLD,1022224575189.6422
2025-07-09,1.0,HOLD,1043399866446.3341
2025-07-10,1.0,HOLD,1038598089750.8068
2025-07-11,1.0,HOLD,1030717934071.7926
2025-07-14,1.0,HOLD,1041676468734.2938
2025-07-15,1.0,HOLD,1044383958683.6255
2025-07-16,1.0,HOLD,1047338707989.0608
2025-07-17,1.0,HOLD,1071716007907.2913
2025-07-18,1.0,HOLD,1068021953127.107
2025-07-21,1.0,HOLD,1084274310603.781
2025-07-22,1.0,HOLD,1067406277330.4095
2025-07-23,1.0,HOLD,1081440718382.8364
2025-07-24,1.0,HOLD,1088581568587.1016
2025-07-25,1.0,HOLD,1094738326554.0753
2025-07-28,1.0,HOLD,1105449601860.473
2025-07-29,1.0,HOLD,1100400565808.8423
2025-07-30,1.0,HOLD,1104218250267.0781
2025-07-31,1.0,HOLD,1085997708315.8214
2025-08-01,1.0,HOLD,1020869593918.1958
2025-08-04,1.0,HOLD,1076762571365.3608
2025-08-05,1.0,HOLD,1054355928515.2742
2025-08-06,1.0,HOLD,1093754234316.7839
2025-08-07,1.0,HOLD,1104833926063.7756
2025-08-08,1.0,HOLD,1134626205880.6697
2025-08-11,1.0,HOLD,1124654236049.021
2025-08-12,1.0,HOLD,1166144356003.1653
2025-08-13,1.0,HOLD,1167867753715.2058
2025-08-14,1.0,HOLD,1164668217647.228
2025-08-15,1.0,HOLD,1148171073408.0117
2025-08-18,1.0,HOLD,1146692462458.5137
2025-08-19,1.0,HOLD,1099908519690.1965
2025-08-20,1.0,HOLD,1079840950348.8478
2025-08-21,1.0,HOLD,1064822417059.1294
2025-08-22,1.0,HOLD,1112714081742.7898
2025-08-25,1.0,HOLD,1102986898673.6833
2025-08-26,1.0,HOLD,1115789988132.7156
2025-08-27,1.0,HOLD,1120839024184.3462
2025-08-28,1.0,HOLD,1141275009966.289
2025-08-29,1.0,HOLD,1100155779046.3
2025-09-02,1.0,HOLD,1072084424347.8851
2025-09-03,1.0,HOLD,1097077400062.8131
2025-09-04,1.0,HOLD,1126748522795.2166
2025-09-05,1.0,HOLD,1130442577575.4006
2025-09-08,1.0,HOLD,1146568832780.462
2025-09-09,1.0,HOLD,1155925126815.4133
2025-09-10,1.0,HOLD,1157156478408.808
2025-09-11,1.0,HOLD,1176610844547.0205
2025-09-12,1.0,HOLD,1191260961396.1448
2025-09-15,1.0,HOLD,1221668917009.7363
2025-09-16,1.0,HOLD,1218345751263.707
2025-09-17,1.0,HOLD,1210589225262.7446
2025-09-18,1.0,HOLD,1243215097300.5833
2025-09-19,1.0,HOLD,1267837183981.356
2025-09-22,1.0,HOLD,1289259734594.1514
2025-09-23,1.0,HOLD,1263282666641.9321
2025-09-24,1.0,HOLD,1249703182804.7356
2025-09-25,1.0,HOLD,1232941471054.4885
2025-09-26,1.0,HOLD,1247730053143.0308
2025-09-29,1.0,HOLD,1264368135215.2258
2025-09-30,1.0,HOLD,1274226365743.067
2025-10-01,1.0,HOLD,1292216956493.1477
2025-10-02,1.0,HOLD,1307992103412.542
2025-10-03,1.0,HOLD,1290246299425.0037
2025-10-06,1.0,HOLD,1319081685533.7778
2025-10-07,1.0,HOLD,1297762983850.546
2025-10-08,1.0,HOLD,1341757841082.0173
2025-10-09,1.0,HOLD,1336459073080.7222
2025-10-10,1.0,HOLD,1196218511486.0173
2025-10-13,1.0,HOLD,1272129606403.3103
2025-10-14,1.0,HOLD,1246251442193.5325
2025-10-15,1.0,HOLD,1271761189962.7166
2025-10-16,1.0,HOLD,1257588283670.8718
2025-10-17,1.0,HOLD,1281495790812.5059
2025-10-20,1.0,HOLD,1329558064451.8774
2025-10-21,1.0,HOLD,1328076980908.818
2025-10-22,1.0,HOLD,1289012475238.0479
2025-10-23,1.0,HOLD,1321299601958.0251
2025-10-24,1.0,HOLD,1362460866968.5518
2025-10-27,1.0,HOLD,1434796591596.5903
2025-10-28,1.0,HOLD,1467578237028.7742
2025-10-29,1.0,HOLD,1486308133253.6038
2025-10-30,1.0,HOLD,1418284611796.0078
2025-10-31,1.0,HOLD,1438371961885.845
2025-11-03,1.0,HOLD,1458088422941.527
2025-11-04,1.0,HOLD,1368867356885.19
2025-11-05,1.0,HOLD,1395487299163.2778
2025-11-06,1.0,HOLD,1317234658143.6858
2025-11-07,1.0,HOLD,1303553797970.4868
2025-11-10,1.0,HOLD,1388954706975.027
2025-11-11,1.0,HOLD,1377494235819.6362
2025-11-12,1.0,HOLD,1374660643598.6917
2025-11-13,1.0,HOLD,1289751780712.797
2025-11-14,1.0,HOLD,1290738345543.6494
2025-11-17,1.0,HOLD,1257588283670.8718
2025-11-18,0.5,TRADE,1212117288083.4634
2025-11-19,0.5,HOLD,1222599767432.3755
2025-11-20,0.4,TRADE,1178607548734.3945
2025-11-21,0.4,HOLD,1189135346318.7136
2025-11-24,1.0,TRADE,1225895404879.3618
2025-11-25,1.0,HOLD,1248214617706.8262
2025-11-26,1.0,HOLD,1280853155904.1406
2025-11-28,1.0,HOLD,1308931544252.9958
2025-12-01,1.0,HOLD,1297172425002.7976
2025-12-02,1.0,HOLD,1327172143646.8328
2025-12-03,1.0,HOLD,1336533211551.1672
2025-12-04,1.0,HOLD,1332211422228.0498
2025-12-05,1.0,HOLD,1347572433861.1914
2025-12-08,1.0,HOLD,1339172031104.4468
2025-12-09,1.0,HOLD,1344211309685.6638
2025-12-10,1.0,HOLD,1359572321318.8054
2025-12-11,1.0,HOLD,1346611768713.6016
2025-12-12,1.0,HOLD,1267654242773.5947
2025-12-15,1.0,HOLD,1248452978232.168
2025-12-16,1.0,HOLD,1255892715841.3228
2025-12-17,0.4,TRADE,1185576360865.4766
2025-12-18,0.5,TRADE,1205905899426.503
2025-12-19,1.0,TRADE,1229496405187.8796
2025-12-22,1.0,HOLD,1246267471712.371
2025-12-23,1.0,HOLD,1263725329198.0137
2025-12-24,1.0,HOLD,1273757547499.6643
2025-12-26,1.0,HOLD,1272607518339.884
2025-12-29,0.5,TRADE,1253741508917.1155
2025-12-30,0.5,HOLD,1249319701355.7864
2025-12-31,0.5,HOLD,1233506737521.5513
2026-01-02,0.5,HOLD,1229375513811.8257
2026-01-05,0.5,HOLD,1243943780917.392
2026-01-06,1.0,TRADE,1260226634931.3413
2026-01-07,1.0,HOLD,1263891258480.0918
2026-01-08,1.0,HOLD,1241442284042.1296
2026-01-09,1.0,HOLD,1277409290618.9077
2026-01-12,1.0,HOLD,1280385506487.8677
2026-01-13,1.0,HOLD,1273742372377.8914
2026-01-14,1.0,HOLD,1233192865345.9758
2026-01-15,1.0,HOLD,1245793020578.4043
2026-01-16,1.0,HOLD,1240294937909.1458
2026-01-20,0.8,TRADE,1162176729098.807
2026-01-21,1.0,TRADE,1198853994539.8162
2026-01-22,1.0,HOLD,1225453190361.1504
2026-01-23,1.0,HOLD,1236366148098.8074
2026-01-26,1.0,HOLD,1252282396351.8303
2026-01-27,1.0,HOLD,1285476735246.6736
2026-01-28,1.0,HOLD,1297298347019.6655
2026-01-29,1.0,HOLD,1274108311827.1443
2026-01-30,1.0,HOLD,1227728241442.1018
2026-02-02,1.0,HOLD,1252735584705.293
2026-02-03,0.4,TRADE,1194078436865.3865
2026-02-04,0.4,HOLD,1169048816282.4653
2026-02-05,0.4,HOLD,1149839143057.456
2026-02-06,0.4,HOLD,1176737178615.3665
2026-02-09,0.4,HOLD,1187406210755.8606
2026-02-10,0.4,HOLD,1180928659586.7986
2026-02-11,0.4,HOLD,1184454963533.3738
2026-02-12,0.4,HOLD,1155968413443.5623
2026-02-13,0.4,HOLD,1157948880625.8894
2026-02-17,0.4,HOLD,1157138630119.2612
2026-02-18,0.4,HOLD,1166667108993.4192
2026-02-19,0.8,TRADE,1161644377147.515
2026-02-20,0.8,HOLD,1185076643098.4243
2026-02-23,0.4,TRADE,1150507249309.5332
2026-02-24,0.4,HOLD,1165265694157.8452
2026-02-25,1.0,TRADE,1185272096904.0552
2026-02-26,0.4,TRADE,1143683521964.9873
2026-02-27,0.4,HOLD,1138906600214.4868
2026-03-02,0.4,HOLD,1140753532574.03
2026-03-03,0.30000000000000004,TRADE,1126195883262.967
2026-03-04,0.4,TRADE,1141444901520.6873
2026-03-05,0.4,HOLD,1137333569805.0806
2026-03-06,0.30000000000000004,TRADE,1116869807229.7178
2026-03-09,0.4,TRADE,1130138733434.9006
2026-03-10,0.4,HOLD,1130296836598.4531
2026-03-11,0.4,HOLD,1129904872151.742
2026-03-12,0.1,TRADE,1106906701580.5532
2026-03-13,0.1,HOLD,1104877020643.0916
2026-03-16,0.30000000000000004,TRADE,1108786317645.8406
2026-03-17,0.30000000000000004,HOLD,1113768165623.7527
2026-03-18,0.1,TRADE,1099406161587.0662
2026-03-19,0.1,HOLD,1098525363842.1312
2026-03-20,0.0,TRADE,1092397876174.2996
2026-03-23,0.0,HOLD,1092718937208.6536
2026-03-24,0.0,HOLD,1092825978521.2719
2026-03-25,0.0,HOLD,1092933030319.507
2026-03-26,0.0,HOLD,1093040092604.409
2026-03-27,0.0,HOLD,1093147165376.9847
2026-03-30,0.0,HOLD,1093468446631.0806
2026-03-31,0.0,HOLD,1093575561364.6525
2026-04-01,0.0,HOLD,1093682686591.0564
2026-04-02,0.0,HOLD,1093789822311.2838
2026-04-06,0.0,HOLD,1094218470151.2905
2026-04-07,0.0,HOLD,1094325658356.1827
2026-04-08,1.0,TRADE,1094432857061.1006
2026-04-09,1.0,HOLD,1116321514202.3225
2026-04-10,1.0,HOLD,1121109657951.9648
2026-04-13,1.0,HOLD,1155082677889.903
2026-04-14,1.0,HOLD,1217784560325.6953
2026-04-15,1.0,HOLD,1268858093655.2134
2026-04-16,1.0,HOLD,1286642627582.4563
2026-04-17,1.0,HOLD,1335892106150.206
2026-04-20,1.0,HOLD,1324263757043.9316
2026-04-21,1.0,HOLD,1308759291568.8994
2026-04-22,1.0,HOLD,1372829215076.018
2026-04-23,1.0,HOLD,1350256537399.1328
2026-04-24,1.0,HOLD,1426410823702.9678
2026-04-27,1.0,HOLD,1428234878464.7363
2026-04-28,1.0,HOLD,1384913577872.7344
