date,target_alloc,action,equity
1985-02-04,0.8,TRADE,1000000.0
1985-02-05,0.8,HOLD,1009742.9293519692
1985-02-06,0.8,HOLD,1016828.5022982148
1985-02-07,0.8,HOLD,1043179.9874008411
1985-02-08,0.8,HOLD,1044286.5060703164
1985-02-11,0.8,HOLD,1027144.4016835144
1985-02-12,0.8,HOLD,1010446.6068748881
1985-02-13,0.8,HOLD,1027231.6317254861
1985-02-14,0.8,HOLD,1009736.6461427072
1985-02-15,0.8,HOLD,990248.6456443141
1985-02-19,0.8,HOLD,972353.2077065371
1985-02-20,0.8,HOLD,979040.308711593
1985-02-21,0.8,HOLD,974167.8776236144
1985-02-22,0.8,HOLD,968099.6414003274
1985-02-25,0.8,HOLD,942587.233645027
1985-02-26,0.8,HOLD,961764.0114137626
1985-02-27,0.8,HOLD,940548.8372380852
1985-02-28,0.8,HOLD,939263.916733754
1985-03-01,0.8,HOLD,962426.7719091539
1985-03-04,0.8,HOLD,966942.7987093758
1985-03-05,0.8,HOLD,957021.4867357265
1985-03-06,0.8,HOLD,918267.7644365734
1985-03-07,0.8,HOLD,884563.0468613269
1985-03-08,0.8,HOLD,870124.2415025145
1985-03-11,0.8,HOLD,860290.6928660375
1985-03-12,0.8,HOLD,868040.9308464903
1985-03-13,0.8,HOLD,817727.7337692654
1985-03-14,0.8,HOLD,805414.878417708
1985-03-15,0.8,HOLD,814759.564594596
1985-03-18,0.8,HOLD,814492.7338015463
1985-03-19,0.8,HOLD,833403.9754171306
1985-03-20,0.8,HOLD,829594.7482742759
1985-03-21,0.8,HOLD,829771.5795300229
1985-03-22,0.8,HOLD,823570.7422307997
1985-03-25,0.8,HOLD,786898.199758248
1985-03-26,0.8,HOLD,789998.1813674453
1985-03-27,0.8,HOLD,806916.4751661937
1985-03-28,0.8,HOLD,806694.7685839175
1985-03-29,0.8,HOLD,821354.3205497914
1985-04-01,0.8,HOLD,842479.6873652274
1985-04-02,0.8,HOLD,829768.4090702385
1985-04-03,0.8,HOLD,801112.9450554808
1985-04-04,0.4,TRADE,797303.8616741484
1985-04-08,0.4,HOLD,790666.7153236591
1985-04-09,0.4,HOLD,792053.4854588128
1985-04-10,0.4,HOLD,806408.0327312303
1985-04-11,0.4,HOLD,807438.5951956648
1985-04-12,0.4,HOLD,809466.6910030261
1985-04-15,0.4,HOLD,811561.0419275807
1985-04-16,0.4,HOLD,815584.2743429681
1985-04-17,0.4,HOLD,820605.0602862401
1985-04-18,0.4,HOLD,816078.1502988295
1985-04-19,0.4,HOLD,813261.3140211521
1985-04-22,0.4,HOLD,804668.4477624171
1985-04-23,0.4,HOLD,810045.6167580275
1985-04-24,0.4,HOLD,809722.6846397311
1985-04-25,0.4,HOLD,813959.8718453824
1985-04-26,0.4,HOLD,811143.1900413904
1985-04-29,0.4,HOLD,797634.4364117468
1985-04-30,0.4,HOLD,790614.009787024
1985-05-01,0.4,HOLD,786016.1572829771
1985-05-02,0.4,HOLD,782202.0966079067
1985-05-03,0.4,HOLD,789428.3696353446
1985-05-06,0.30000000000000004,TRADE,782749.2477760203
1985-05-07,0.30000000000000004,HOLD,785921.267131629
1985-05-08,0.30000000000000004,HOLD,786536.637807375
1985-05-09,0.30000000000000004,HOLD,795544.5877399433
1985-05-10,0.8,TRADE,815890.84782629
1985-05-13,0.8,HOLD,822503.2274408003
1985-05-14,0.8,HOLD,811959.6036387347
1985-05-15,0.8,HOLD,815926.7405411296
1985-05-16,0.8,HOLD,827895.1412543139
1985-05-17,0.8,HOLD,845152.5154068086
1985-05-20,0.8,HOLD,873463.36942488
1985-05-21,0.8,HOLD,863462.2541918284
1985-05-22,0.8,HOLD,853732.3752156282
1985-05-23,0.8,HOLD,836814.9339720623
1985-05-24,0.8,HOLD,832238.421148206
1985-05-28,0.8,HOLD,807287.330695164
1985-05-29,0.8,HOLD,807321.7476410993
1985-05-30,0.8,HOLD,792845.4183232128
1985-05-31,0.8,HOLD,807119.3741922799
1985-06-03,0.8,HOLD,808985.7005817676
1985-06-04,0.7000000000000001,TRADE,813766.6690934219
1985-06-05,0.8,TRADE,808467.5900254478
1985-06-06,0.8,HOLD,810136.8977776057
1985-06-07,0.6000000000000001,TRADE,798042.1626740815
1985-06-10,0.6000000000000001,HOLD,796602.5604216957
1985-06-11,0.6000000000000001,HOLD,787743.8869647734
1985-06-12,0.30000000000000004,TRADE,768629.8294248092
1985-06-13,0.30000000000000004,HOLD,755888.355709699
1985-06-14,0.30000000000000004,HOLD,760629.2959253887
1985-06-17,0.30000000000000004,HOLD,756790.6346187405
1985-06-18,0.30000000000000004,HOLD,757687.6370412742
1985-06-19,0.30000000000000004,HOLD,758900.612091358
1985-06-20,0.30000000000000004,HOLD,755532.3624365809
1985-06-21,0.30000000000000004,HOLD,762485.0867715237
1985-06-24,0.30000000000000004,HOLD,771337.3984571785
1985-06-25,0.8,TRADE,785188.3968450653
1985-06-26,0.8,HOLD,805408.7524495063
1985-06-27,0.8,HOLD,824013.9849324841
1985-06-28,0.8,HOLD,823641.4539364586
1985-07-01,0.8,HOLD,827773.068594613
1985-07-02,0.8,HOLD,817036.8159021048
1985-07-03,0.8,HOLD,808319.4811008798
1985-07-05,0.8,HOLD,815650.14664909
1985-07-08,0.8,HOLD,800669.528182278
1985-07-09,0.8,HOLD,791413.8542917664
1985-07-10,0.8,HOLD,799655.4211016664
1985-07-11,0.8,HOLD,815838.0467103247
1985-07-12,0.8,HOLD,830674.7374387053
1985-07-15,0.8,HOLD,838306.060534594
1985-07-16,0.8,HOLD,860949.2346624823
1985-07-17,0.8,HOLD,892341.0322644205
1985-07-18,0.8,HOLD,869222.2210267272
1985-07-19,0.8,HOLD,878271.4086332186
1985-07-22,0.8,HOLD,870962.9164191124
1985-07-23,0.8,HOLD,877724.0291117397
1985-07-24,0.8,HOLD,863757.6549105821
1985-07-25,0.8,HOLD,874691.1975504117
1985-07-26,0.8,HOLD,869338.8589721177
1985-07-29,0.8,HOLD,827978.1878248185
1985-07-30,0.8,HOLD,827875.0446007308
1985-07-31,0.8,HOLD,830060.0075252902
1985-08-01,0.8,HOLD,850549.7758454349
1985-08-02,0.8,HOLD,848427.7397246719
1985-08-05,0.5,TRADE,828467.6636860603
1985-08-06,0.5,HOLD,818067.3456601052
1985-08-07,0.5,HOLD,807005.3756934898
1985-08-08,0.5,HOLD,809587.5943094098
1985-08-09,0.5,HOLD,811920.2510785419
1985-08-12,0.5,HOLD,806438.8869060266
1985-08-13,0.30000000000000004,TRADE,794129.0767121697
1985-08-14,0.30000000000000004,HOLD,794976.6405910514
1985-08-15,0.30000000000000004,HOLD,792949.4753704012
1985-08-16,0.30000000000000004,HOLD,787420.3745742633
1985-08-19,0.30000000000000004,HOLD,784579.7344040379
1985-08-20,0.30000000000000004,HOLD,791804.171604685
1985-08-21,0.4,TRADE,796624.2992919404
1985-08-22,0.30000000000000004,TRADE,789709.1427356678
1985-08-23,0.0,TRADE,787553.9217510504
1985-08-26,0.0,HOLD,788046.2663891151
1985-08-27,0.0,HOLD,788210.4445047812
1985-08-28,0.0,HOLD,788374.664142925
1985-08-29,0.0,HOLD,788538.9054145343
1985-08-30,0.0,HOLD,788703.189953075
1985-09-03,0.0,HOLD,789360.6633375782
1985-09-04,0.0,HOLD,789525.1155312178
1985-09-05,0.0,HOLD,789689.9949911755
1985-09-06,0.0,HOLD,789854.917718065
1985-09-09,0.0,HOLD,790349.8866054167
1985-09-10,0.0,HOLD,790514.9483556806
1985-09-11,0.0,HOLD,790680.044148959
1985-09-12,0.0,HOLD,790845.172392436
1985-09-13,0.0,HOLD,791010.3330861112
1985-09-16,0.0,HOLD,791506.0160208351
1985-09-17,0.0,HOLD,791671.3193924802
1985-09-18,0.0,HOLD,791836.6531510783
1985-09-19,0.0,HOLD,792002.0193598743
1985-09-20,0.0,HOLD,792167.4288356008
1985-09-23,0.2,TRADE,792663.8582768252
1985-09-24,0.0,TRADE,783347.3216148504
1985-09-25,0.0,HOLD,783510.9214863402
1985-09-26,0.0,HOLD,783674.5544244825
1985-09-27,0.0,HOLD,783838.2200108567
1985-09-30,0.0,HOLD,784329.4172829476
1985-10-01,0.0,HOLD,784493.2186405434
1985-10-02,0.0,HOLD,784657.0583505952
1985-10-03,0.0,HOLD,784822.3237001033
1985-10-04,0.0,HOLD,784987.6216978433
1985-10-07,0.0,HOLD,785483.7181067365
1985-10-08,0.0,HOLD,785649.1597653548
1985-10-09,0.0,HOLD,785814.6318842485
1985-10-10,0.0,HOLD,785980.1366513732
1985-10-11,0.0,HOLD,786145.6849494731
1985-10-14,0.0,HOLD,786642.4997596631
1985-10-15,0.0,HOLD,786808.1845129736
1985-10-16,0.8,TRADE,786973.9069307379
1985-10-17,0.8,HOLD,793678.0954872506
1985-10-18,0.8,HOLD,786206.337206121
1985-10-21,0.8,HOLD,775298.6432563068
1985-10-22,0.8,HOLD,787339.6964138553
1985-10-23,0.8,HOLD,797212.669506472
1985-10-24,0.8,HOLD,803750.1310445529
1985-10-25,0.8,HOLD,776932.4141161863
1985-10-28,0.8,HOLD,775030.7670597171
1985-10-29,0.8,HOLD,800413.9433613862
1985-10-30,0.8,HOLD,806117.5672422947
1985-10-31,0.8,HOLD,800813.9869233394
1985-11-01,0.8,HOLD,813688.9896828964
1985-11-04,0.8,HOLD,809285.8507529132
1985-11-05,0.8,HOLD,815489.8444481015
1985-11-06,0.8,HOLD,831033.2970824618
1985-11-07,0.8,HOLD,834735.665890805
1985-11-08,0.8,HOLD,862453.775243373
1985-11-11,0.8,HOLD,882233.2930242526
1985-11-12,0.8,HOLD,907449.7915362158
1985-11-13,0.8,HOLD,894808.1615727614
1985-11-14,0.8,HOLD,906515.8240169929
1985-11-15,0.8,HOLD,912219.560102412
1985-11-18,0.8,HOLD,907649.9399680942
1985-11-19,0.8,HOLD,918523.7579099613
1985-11-20,0.8,HOLD,911052.2308804689
1985-11-21,0.8,HOLD,936602.344488445
1985-11-22,0.8,HOLD,942973.2334915408
1985-11-25,0.8,HOLD,926562.6702068341
1985-11-26,0.8,HOLD,941272.3837264846
1985-11-27,0.8,HOLD,975161.3359268797
1985-11-29,0.8,HOLD,980231.5127950016
1985-12-02,0.8,HOLD,962653.665924773
1985-12-03,0.8,HOLD,963020.6990195389
1985-12-04,0.8,HOLD,1014587.9488463814
1985-12-05,0.8,HOLD,1024461.2239025906
1985-12-06,0.8,HOLD,993474.403826135
1985-12-09,0.8,HOLD,1003247.957156307
1985-12-10,0.8,HOLD,1012454.1637931794
1985-12-11,0.8,HOLD,1036003.1072399882
1985-12-12,0.8,HOLD,1047210.6391307678
1985-12-13,0.8,HOLD,1095108.882092201
1985-12-16,0.8,HOLD,1104715.8078373668
1985-12-17,0.8,HOLD,1081067.2062650747
1985-12-18,0.8,HOLD,1072094.893367731
1985-12-19,0.8,HOLD,1087972.2007119174
1985-12-20,0.8,HOLD,1094343.287276028
1985-12-23,0.8,HOLD,1061255.724194412
1985-12-24,0.8,HOLD,1046112.744455488
1985-12-26,0.8,HOLD,1052017.1824523434
1985-12-27,0.8,HOLD,1074732.3594640722
1985-12-30,0.8,HOLD,1083839.2547688077
1985-12-31,0.8,HOLD,1090543.9711200676
1986-01-02,0.8,HOLD,1067929.8248092236
1986-01-03,0.8,HOLD,1052620.140043021
1986-01-06,0.8,HOLD,1048218.334236548
1986-01-07,0.8,HOLD,1097284.185808668
1986-01-08,0.8,HOLD,1062128.2012002147
1986-01-09,0.8,HOLD,1012796.2698772484
1986-01-10,0.8,HOLD,1027339.5258160654
1986-01-13,0.8,HOLD,1017434.2636284421
1986-01-14,0.8,HOLD,1018468.69789998
1986-01-15,0.8,HOLD,1064866.191510869
1986-01-16,0.8,HOLD,1095753.530999355
1986-01-17,0.8,HOLD,1088949.5180364924
1986-01-20,0.8,HOLD,1063867.795904663
1986-01-21,0.8,HOLD,1052727.637317797
1986-01-22,0.8,HOLD,1021907.9264351116
1986-01-23,0.8,HOLD,1014436.8525006257
1986-01-24,0.8,HOLD,1032315.7266433989
1986-01-27,0.8,HOLD,1043758.0822497737
1986-01-28,0.8,HOLD,1067307.3664483638
1986-01-29,0.8,HOLD,1088855.3466550843
1986-01-30,0.8,HOLD,1070043.5595932244
1986-01-31,0.8,HOLD,1084586.9651293757
1986-02-03,0.8,HOLD,1111372.8559280853
1986-02-04,0.8,HOLD,1118411.3733057112
1986-02-05,0.8,HOLD,1141460.3868500253
1986-02-06,0.8,HOLD,1160840.3371415366
1986-02-07,0.8,HOLD,1177385.103818233
1986-02-10,0.8,HOLD,1192330.0538810566
1986-02-11,0.8,HOLD,1194698.8953495137
1986-02-12,0.8,HOLD,1203071.6773574073
1986-02-13,0.8,HOLD,1213612.5535784233
1986-02-14,0.8,HOLD,1235494.2000153812
1986-02-18,0.8,HOLD,1248138.4660349595
1986-02-19,0.8,HOLD,1221988.681232002
1986-02-20,0.8,HOLD,1228193.4334934084
1986-02-21,0.8,HOLD,1255078.4079099286
1986-02-24,0.8,HOLD,1232332.2992727384
1986-02-25,0.8,HOLD,1213353.9223791545
1986-02-26,0.8,HOLD,1200713.0379007328
1986-02-27,0.8,HOLD,1237104.2832269096
1986-02-28,0.8,HOLD,1234136.4168920093
1986-03-03,0.8,HOLD,1217894.7201868813
1986-03-04,0.8,HOLD,1235440.3216482524
1986-03-05,0.8,HOLD,1227802.7652763217
1986-03-06,0.8,HOLD,1239677.9995880865
1986-03-07,0.8,HOLD,1237043.7354165588
1986-03-10,0.8,HOLD,1275838.2457092279
1986-03-11,0.8,HOLD,1343416.6757107517
1986-03-12,0.8,HOLD,1373804.0811242247
1986-03-13,0.8,HOLD,1382677.399117042
1986-03-14,0.8,HOLD,1381544.1686741842
1986-03-17,0.8,HOLD,1365135.9982443685
1986-03-18,0.8,HOLD,1395356.6709569204
1986-03-19,0.8,HOLD,1390887.9580014911
1986-03-20,0.8,HOLD,1398260.3430953457
1986-03-21,0.8,HOLD,1402630.7687106067
1986-03-24,0.8,HOLD,1378884.6089155113
1986-03-25,0.8,HOLD,1387924.789361253
1986-03-26,0.8,HOLD,1381454.815788757
1986-03-27,0.8,HOLD,1408340.0348974422
1986-03-31,0.8,HOLD,1419984.8253857293
1986-04-01,0.8,HOLD,1408845.1692029433
1986-04-02,0.8,HOLD,1419886.7185815996
1986-04-03,0.8,HOLD,1413750.3546812276
1986-04-04,0.8,HOLD,1370756.5180823545
1986-04-07,0.8,HOLD,1345843.2303382982
1986-04-08,0.8,HOLD,1415089.621761436
1986-04-09,0.8,HOLD,1417458.87358031
1986-04-10,0.8,HOLD,1485037.5202153367
1986-04-11,0.8,HOLD,1507753.449652299
1986-04-14,0.8,HOLD,1540211.2330052718
1986-04-15,0.8,HOLD,1566095.934054994
1986-04-16,0.8,HOLD,1673200.5189504991
1986-04-17,0.8,HOLD,1676737.260248704
1986-04-18,0.8,HOLD,1636078.3880687188
1986-04-21,0.8,HOLD,1659530.423679088
1986-04-22,0.8,HOLD,1639718.5714480756
1986-04-23,0.8,HOLD,1627578.419135754
1986-04-24,0.8,HOLD,1693489.4080628096
1986-04-25,0.8,HOLD,1709867.9538488889
1986-04-28,0.8,HOLD,1692793.591682337
1986-04-29,0.8,HOLD,1644629.8826843784
1986-04-30,0.8,HOLD,1549935.6972444374
1986-05-01,0.8,HOLD,1530123.9104359562
1986-05-02,0.8,HOLD,1550671.905310075
1986-05-05,0.8,HOLD,1607145.8798625316
1986-05-06,0.8,HOLD,1605846.2573834388
1986-05-07,0.8,HOLD,1580864.4605127263
1986-05-08,0.8,HOLD,1604748.0176259405
1986-05-09,0.8,HOLD,1624628.9597715999
1986-05-12,0.8,HOLD,1619229.2183036422
1986-05-13,0.8,HOLD,1598917.1911364316
1986-05-14,0.8,HOLD,1596783.7473397893
1986-05-15,0.8,HOLD,1561962.2290897954
1986-05-16,0.8,HOLD,1540316.0163945458
1986-05-19,0.8,HOLD,1547924.9504880717
1986-05-20,0.8,HOLD,1592488.8101381985
1986-05-21,0.8,HOLD,1603363.9397804206
1986-05-22,0.8,HOLD,1662604.0956461935
1986-05-23,0.8,HOLD,1676647.9825236755
1986-05-27,0.8,HOLD,1704471.695514799
1986-05-28,0.8,HOLD,1707174.8559046222
1986-05-29,0.8,HOLD,1715381.6292135564
1986-05-30,0.8,HOLD,1758611.3545746377
1986-06-02,0.8,HOLD,1724693.3899145469
1986-06-03,0.8,HOLD,1726062.3868190683
1986-06-04,0.8,HOLD,1716757.731704186
1986-06-05,0.8,HOLD,1731302.041521835
1986-06-06,0.8,HOLD,1716493.7954659504
1986-06-09,0.8,HOLD,1621535.9953268603
1986-06-10,0.8,HOLD,1606727.7786090765
1986-06-11,0.8,HOLD,1658629.9401483126
1986-06-12,0.8,HOLD,1667003.5920030747
1986-06-13,0.8,HOLD,1721907.734915062
1986-06-16,0.8,HOLD,1676315.7633943774
1986-06-17,0.4,TRADE,1612642.25137988
1986-06-18,0.8,TRADE,1611284.709159574
1986-06-19,0.8,HOLD,1630118.327107877
1986-06-20,0.8,HOLD,1636888.267942594
1986-06-23,0.8,HOLD,1635453.7448249646
1986-06-24,0.8,HOLD,1665457.5189243357
1986-06-25,0.8,HOLD,1694865.5694877743
1986-06-26,0.8,HOLD,1686891.0844408905
1986-06-27,0.8,HOLD,1683533.5820289173
1986-06-30,0.8,HOLD,1708162.8903396605
1986-07-01,0.8,HOLD,1725507.3354252717
1986-07-02,0.8,HOLD,1741064.5813012498
1986-07-03,0.8,HOLD,1754685.6935087612
1986-07-07,0.8,HOLD,1574151.7049530796
1986-07-08,0.30000000000000004,TRADE,1469667.8606354247
1986-07-09,0.30000000000000004,HOLD,1488162.2866697365
1986-07-10,0.30000000000000004,HOLD,1478142.5616858152
1986-07-11,0.30000000000000004,HOLD,1465487.1982792304
1986-07-14,0.30000000000000004,HOLD,1435199.103234847
1986-07-15,0.2,TRADE,1410454.2062883717
1986-07-16,0.30000000000000004,TRADE,1417109.1202027826
1986-07-17,0.30000000000000004,HOLD,1426233.9560445757
1986-07-18,0.30000000000000004,HOLD,1420021.2410236998
1986-07-21,0.2,TRADE,1414279.381534928
1986-07-22,0.2,HOLD,1416241.0596642906
1986-07-23,0.2,HOLD,1414925.461248793
1986-07-24,0.2,HOLD,1415542.6734185512
1986-07-25,0.30000000000000004,TRADE,1421243.9195021624
1986-07-28,0.2,TRADE,1397776.6146218844
1986-07-29,0.1,TRADE,1390306.3336667619
1986-07-30,0.1,HOLD,1391360.9025919575
1986-07-31,0.1,HOLD,1392019.164911035
1986-08-01,0.1,HOLD,1390673.7004141777
1986-08-04,0.1,HOLD,1386439.3373638233
1986-08-05,0.1,HOLD,1384685.0885183485
1986-08-06,0.1,HOLD,1381147.3038528336
1986-08-07,0.1,HOLD,1381683.1428121387
1986-08-08,0.1,HOLD,1386204.5277064536
1986-08-11,0.1,HOLD,1395541.176362305
1986-08-12,0.2,TRADE,1400392.9879041906
1986-08-13,0.2,HOLD,1410576.5607285865
1986-08-14,0.30000000000000004,TRADE,1417384.7189735407
1986-08-15,0.30000000000000004,HOLD,1413737.9649147028
1986-08-18,0.2,TRADE,1409691.2823750363
1986-08-19,0.2,HOLD,1407013.5609483835
1986-08-20,0.30000000000000004,TRADE,1413578.404979199
1986-08-21,0.8,TRADE,1415684.9115310744
1986-08-22,0.8,HOLD,1436243.8516487565
1986-08-25,0.8,HOLD,1411994.3774037324
1986-08-26,0.8,HOLD,1439498.5221330132
1986-08-27,0.8,HOLD,1458765.374945069
1986-08-28,0.8,HOLD,1458811.869784777
1986-08-29,0.8,HOLD,1450136.5256778633
1986-09-02,0.8,HOLD,1395245.765888357
1986-09-03,0.8,HOLD,1405306.278504757
1986-09-04,0.8,HOLD,1440078.697383065
1986-09-05,0.2,TRADE,1400069.3653079749
1986-09-08,0.1,TRADE,1382955.2288365941
1986-09-09,0.1,HOLD,1380831.3537371687
1986-09-10,0.0,TRADE,1378100.4565308292
1986-09-11,0.0,HOLD,1378316.549830525
1986-09-12,0.0,HOLD,1378532.6753852605
1986-09-15,0.0,HOLD,1379181.2761786913
1986-09-16,0.0,HOLD,1379397.54446881
1986-09-17,0.0,HOLD,1379613.8434707904
1986-09-18,0.0,HOLD,1379830.183283903
1986-09-19,0.0,HOLD,1380046.553705365
1986-09-22,0.0,HOLD,1380695.858599741
1986-09-23,0.0,HOLD,1380912.3615901824
1986-09-24,0.0,HOLD,1381128.9054589116
1986-09-25,0.0,HOLD,1381345.47993599
1986-09-26,0.0,HOLD,1381562.0850214178
1986-09-29,0.0,HOLD,1382212.1246346354
1986-09-30,0.0,HOLD,1382428.8657295103
1986-10-01,0.0,HOLD,1382645.6442643635
1986-10-02,0.0,HOLD,1382862.4534075663
1986-10-03,0.0,HOLD,1383077.8647694697
1986-10-06,0.0,HOLD,1383724.3219814973
1986-10-07,0.0,HOLD,1383939.8689425106
1986-10-08,0.0,HOLD,1384155.443550788
1986-10-09,0.0,HOLD,1384371.058970199
1986-10-10,0.0,HOLD,1384586.7049979593
1986-10-13,0.0,HOLD,1385233.8663170561
1986-10-14,0.0,HOLD,1385449.647980434
1986-10-15,0.0,HOLD,1385665.467457376
1986-10-16,0.0,HOLD,1385881.3175426684
1986-10-17,0.0,HOLD,1386097.198236311
1986-10-20,0.0,HOLD,1386745.0330445436
1986-10-21,0.0,HOLD,1386961.0528080184
1986-10-22,0.0,HOLD,1387177.1069466267
1986-10-23,0.8,TRADE,1387393.191693585
1986-10-24,0.8,HOLD,1382588.7801839078
1986-10-27,0.8,HOLD,1377289.1402168423
1986-10-28,0.8,HOLD,1393814.3504866417
1986-10-29,0.8,HOLD,1408206.608009635
1986-10-30,0.8,HOLD,1446643.1428188263
1986-10-31,0.8,HOLD,1438736.2919404544
1986-11-03,0.8,HOLD,1446040.6449751635
1986-11-04,0.8,HOLD,1473424.6052560313
1986-11-05,0.8,HOLD,1478121.6395871674
1986-11-06,0.8,HOLD,1458386.599300826
1986-11-07,0.8,HOLD,1445632.1604364023
1986-11-10,0.8,HOLD,1430249.7224360292
1986-11-11,0.8,HOLD,1454919.054244351
1986-11-12,0.8,HOLD,1459810.0412249607
1986-11-13,0.8,HOLD,1406335.5072577328
1986-11-14,0.8,HOLD,1407930.1158155217
1986-11-17,0.8,HOLD,1399916.225119442
1986-11-18,0.30000000000000004,TRADE,1339848.9410732891
1986-11-19,0.0,TRADE,1330153.6496878127
1986-11-20,0.30000000000000004,TRADE,1330360.851719456
1986-11-21,0.30000000000000004,HOLD,1343766.2839212974
1986-11-24,0.4,TRADE,1357763.9994222228
1986-11-25,0.4,HOLD,1371955.0032496164
1986-11-26,0.8,TRADE,1384308.1053699288
1986-11-28,0.8,HOLD,1407990.2047187241
1986-12-01,0.8,HOLD,1382385.7931630712
1986-12-02,0.8,HOLD,1427114.2464056648
1986-12-03,0.8,HOLD,1454684.078253497
1986-12-04,0.8,HOLD,1451511.3744393995
1986-12-05,0.8,HOLD,1428856.4849501015
1986-12-08,0.8,HOLD,1400571.1879562642
1986-12-09,0.8,HOLD,1377558.8556783185
1986-12-10,0.8,HOLD,1378854.5876748404
1986-12-11,0.8,HOLD,1358523.3054343832
1986-12-12,0.8,HOLD,1333544.9017934944
1986-12-15,0.5,TRADE,1313124.126659937
1986-12-16,0.5,HOLD,1318556.4754753043
1986-12-17,0.30000000000000004,TRADE,1298389.3488213343
1986-12-18,0.30000000000000004,HOLD,1296766.7601676772
1986-12-19,0.5,TRADE,1304157.9313112714
1986-12-22,0.5,HOLD,1308378.63831272
1986-12-23,0.30000000000000004,TRADE,1290662.4752748706
1986-12-24,0.5,TRADE,1290483.2119336727
1986-12-26,0.5,HOLD,1292214.1708875191
1986-12-29,0.0,TRADE,1272907.9530577783
1986-12-30,0.0,HOLD,1273140.982630324
1986-12-31,0.0,HOLD,1273374.0679612933
1987-01-02,0.1,TRADE,1273840.3647533776
1987-01-05,0.8,TRADE,1286551.0472045224
1987-01-06,0.8,HOLD,1320682.313348201
1987-01-07,0.8,HOLD,1403841.0472724228
1987-01-08,0.8,HOLD,1464332.9850758195
1987-01-09,0.8,HOLD,1493763.0138907733
1987-01-12,0.8,HOLD,1547968.9938680143
1987-01-13,0.8,HOLD,1554900.154719667
1987-01-14,0.8,HOLD,1628320.6181308525
1987-01-15,0.8,HOLD,1664970.495812022
1987-01-16,0.8,HOLD,1622370.5166466169
1987-01-19,0.8,HOLD,1720902.873951686
1987-01-20,0.8,HOLD,1721789.6140191443
1987-01-21,0.8,HOLD,1661392.0387880213
1987-01-22,0.8,HOLD,1755128.744483509
1987-01-23,0.8,HOLD,1722770.8635333772
1987-01-26,0.8,HOLD,1652897.4382933823
1987-01-27,0.8,HOLD,1716075.976409466
1987-01-28,0.8,HOLD,1740804.906242273
1987-01-29,0.8,HOLD,1689977.8289115357
1987-01-30,0.8,HOLD,1713363.5580053227
1987-02-02,0.8,HOLD,1807866.6245881247
1987-02-03,0.8,HOLD,1840990.7192693136
1987-02-04,0.8,HOLD,1894095.191247942
1987-02-05,0.8,HOLD,1925204.476179609
1987-02-06,0.8,HOLD,1924076.5363654813
1987-02-09,0.8,HOLD,1894500.0168186226
1987-02-10,0.8,HOLD,1856937.321855752
1987-02-11,0.8,HOLD,1957726.095657122
1987-02-12,0.8,HOLD,1964993.3207770851
1987-02-13,0.8,HOLD,2045465.938799494
1987-02-17,0.8,HOLD,2181824.5033420958
1987-02-18,0.8,HOLD,2104133.238347891
1987-02-19,0.8,HOLD,2062205.1628690534
1987-02-20,0.8,HOLD,2025482.0660632954
1987-02-23,0.8,HOLD,1995570.1068565317
1987-02-24,0.8,HOLD,2030877.1132611176
1987-02-25,0.8,HOLD,2090194.151173747
1987-02-26,0.8,HOLD,2126004.8817563546
1987-02-27,0.8,HOLD,2142338.9591877502
1987-03-02,0.8,HOLD,2089256.6712403845
1987-03-03,0.8,HOLD,2073185.6478339192
1987-03-04,0.8,HOLD,2153826.333393906
1987-03-05,0.8,HOLD,2196017.410727861
1987-03-06,0.8,HOLD,2182800.751841599
1987-03-09,0.8,HOLD,2125185.285957618
1987-03-10,0.8,HOLD,2185006.143915287
1987-03-11,0.8,HOLD,2210407.0478337156
1987-03-12,0.8,HOLD,2192321.275815768
1987-03-13,0.8,HOLD,2140822.9633060787
1987-03-16,0.8,HOLD,2126526.463074576
1987-03-17,0.8,HOLD,2222614.2697320194
1987-03-18,0.8,HOLD,2226020.0390491774
1987-03-19,0.8,HOLD,2285673.0733272154
1987-03-20,0.8,HOLD,2344822.409571957
1987-03-23,0.8,HOLD,2329686.5815359233
1987-03-24,0.8,HOLD,2354080.185473611
1987-03-25,0.8,HOLD,2353288.459550564
1987-03-26,0.8,HOLD,2368951.163599604
1987-03-27,0.8,HOLD,2312919.612495757
1987-03-30,0.8,HOLD,2141970.673325077
1987-03-31,0.8,HOLD,2208675.707385164
1987-04-01,0.8,HOLD,2208555.651764513
1987-04-02,0.8,HOLD,2257295.161802269
1987-04-03,0.8,HOLD,2374202.9970991886
1987-04-06,0.8,HOLD,2358228.0254471265
1987-04-07,0.8,HOLD,2242423.3670710567
1987-04-08,0.8,HOLD,2299725.944827144
1987-04-09,0.8,HOLD,2280800.9065018264
1987-04-10,0.8,HOLD,2265233.922096703
1987-04-13,0.8,HOLD,2125683.0731991595
1987-04-14,0.8,HOLD,1996278.3933938402
1987-04-15,0.8,HOLD,2074400.9124956324
1987-04-16,0.8,HOLD,2111723.19183528
1987-04-20,0.8,HOLD,2061712.4175328393
1987-04-21,0.8,HOLD,2135133.7261449373
1987-04-22,0.8,HOLD,2113354.4636121434
1987-04-23,0.8,HOLD,2106518.510779937
1987-04-24,0.8,HOLD,2003306.6710043692
1987-04-27,0.4,TRADE,1978433.4329871088
1987-04-28,0.4,HOLD,2000798.9900165095
1987-04-29,0.4,HOLD,2013390.5003705702
1987-04-30,0.8,TRADE,2048517.4844118608
1987-05-01,0.8,HOLD,2074239.3476425498
1987-05-04,0.8,HOLD,2089927.3689301533
1987-05-05,0.8,HOLD,2177864.059834603
1987-05-06,0.8,HOLD,2164370.029891257
1987-05-07,0.8,HOLD,2183457.6859628707
1987-05-08,0.8,HOLD,2192077.9380587516
1987-05-11,0.8,HOLD,2159704.5506138313
1987-05-12,0.8,HOLD,2151223.156411482
1987-05-13,0.8,HOLD,2186675.434295728
1987-05-14,0.8,HOLD,2198096.896300666
1987-05-15,0.8,HOLD,2117523.054460392
1987-05-18,0.4,TRADE,2049767.100148282
1987-05-19,0.30000000000000004,TRADE,1996499.8047812716
1987-05-20,0.30000000000000004,HOLD,1998696.0767987762
1987-05-21,0.30000000000000004,HOLD,2008114.7815790414
1987-05-22,0.30000000000000004,HOLD,1997762.6031683676
1987-05-26,0.4,TRADE,2033362.9736842443
1987-05-27,0.4,HOLD,2043344.5926412512
1987-05-28,0.4,HOLD,2071737.4327637525
1987-05-29,0.8,TRADE,2080314.272336611
1987-06-01,0.4,TRADE,2002524.654905831
1987-06-02,0.4,HOLD,1984671.0854639052
1987-06-03,0.4,HOLD,2000427.213740952
1987-06-04,0.4,HOLD,2006569.2226871373
1987-06-05,0.4,HOLD,1998904.5018288475
1987-06-08,0.8,TRADE,2022824.6811408703
1987-06-09,0.8,HOLD,2072125.3077259653
1987-06-10,0.8,HOLD,2085610.4815420774
1987-06-11,0.8,HOLD,2075123.563743764
1987-06-12,0.8,HOLD,2092604.1140853942
1987-06-15,0.8,HOLD,2071559.9268829776
1987-06-16,0.8,HOLD,2111157.6490270253
1987-06-17,0.8,HOLD,2114939.9184181937
1987-06-18,0.8,HOLD,2142123.5408200743
1987-06-19,0.8,HOLD,2132492.8727861396
1987-06-22,0.8,HOLD,2154541.6682015313
1987-06-23,0.8,HOLD,2124648.91586315
1987-06-24,0.8,HOLD,2125434.7625585194
1987-06-25,0.8,HOLD,2109383.072582695
1987-06-26,0.8,HOLD,2100751.3326353775
1987-06-29,0.8,HOLD,2090409.5200488712
1987-06-30,0.8,HOLD,2050813.8634951552
1987-07-01,0.8,HOLD,2055880.5336168911
1987-07-02,0.8,HOLD,2078783.6039510337
1987-07-06,0.30000000000000004,TRADE,2042259.4084813367
1987-07-07,0.30000000000000004,HOLD,2029740.3853627048
1987-07-08,0.30000000000000004,HOLD,2026088.314980586
1987-07-09,0.30000000000000004,HOLD,2031629.396251991
1987-07-10,0.4,TRADE,2038773.9822415947
1987-07-13,0.8,TRADE,2060771.937781938
1987-07-14,0.8,HOLD,2178309.8471800326
1987-07-15,0.8,HOLD,2174146.2766127875
1987-07-16,0.8,HOLD,2204855.420070591
1987-07-17,0.8,HOLD,2199138.8393554217
1987-07-20,0.8,HOLD,2143304.4754951717
1987-07-21,0.8,HOLD,2124457.7376546264
1987-07-22,0.8,HOLD,2135259.867885159
1987-07-23,0.8,HOLD,2077304.902970056
1987-07-24,0.8,HOLD,2116061.6935464675
1987-07-27,0.8,HOLD,2119666.48995637
1987-07-28,0.8,HOLD,2133574.7662993856
1987-07-29,0.8,HOLD,2158354.302252373
1987-07-30,0.8,HOLD,2206852.935196185
1987-07-31,0.8,HOLD,2199865.865469021
1987-08-03,0.8,HOLD,2168598.225011377
1987-08-04,0.8,HOLD,2184906.7350258245
1987-08-05,0.8,HOLD,2247947.501304965
1987-08-06,0.8,HOLD,2347414.0169428517
1987-08-07,0.8,HOLD,2399724.746467376
1987-08-10,0.8,HOLD,2466016.223984179
1987-08-11,0.8,HOLD,2535269.2071357295
1987-08-12,0.8,HOLD,2493409.5873439526
1987-08-13,0.8,HOLD,2474280.769390863
1987-08-14,0.8,HOLD,2472941.2773637976
1987-08-17,0.8,HOLD,2482759.009661327
1987-08-18,0.8,HOLD,2393602.481927868
1987-08-19,0.8,HOLD,2435748.0411472544
1987-08-20,0.8,HOLD,2539026.729330591
1987-08-21,0.8,HOLD,2587808.010072214
1987-08-24,0.8,HOLD,2552729.1696182378
1987-08-25,0.8,HOLD,2589227.403699674
1987-08-26,0.8,HOLD,2601583.0109703364
1987-08-27,0.8,HOLD,2584007.4053607355
1987-08-28,0.8,HOLD,2527323.5601740433
1987-08-31,0.8,HOLD,2548295.4409827357
1987-09-01,0.8,HOLD,2464927.676531573
1987-09-02,0.8,HOLD,2429139.278563748
1987-09-03,0.8,HOLD,2406904.6557819666
1987-09-04,0.8,HOLD,2377893.1644244213
1987-09-08,0.8,HOLD,2256905.84991275
1987-09-09,0.8,HOLD,2302581.3008105187
1987-09-10,0.8,HOLD,2401483.5192549033
1987-09-11,0.8,HOLD,2435158.2683174675
1987-09-14,0.8,HOLD,2398668.3762343926
1987-09-15,0.8,HOLD,2313183.0140354377
1987-09-16,0.8,HOLD,2285159.970180573
1987-09-17,0.8,HOLD,2304998.662894563
1987-09-18,0.8,HOLD,2293070.7374372077
1987-09-21,0.8,HOLD,2168905.210983936
1987-09-22,0.8,HOLD,2278820.0139465258
1987-09-23,0.8,HOLD,2351038.427651032
1987-09-24,0.8,HOLD,2365794.54844021
1987-09-25,0.8,HOLD,2378150.5365105076
1987-09-28,0.8,HOLD,2362980.117425074
1987-09-29,0.8,HOLD,2348228.631400831
1987-09-30,0.8,HOLD,2385433.247732351
1987-10-01,0.8,HOLD,2504807.5620156117
1987-10-02,0.8,HOLD,2576320.1651787837
1987-10-05,0.8,HOLD,2625953.9406064227
1987-10-06,0.8,HOLD,2446721.988333095
1987-10-07,0.8,HOLD,2410934.035369202
1987-10-08,0.4,TRADE,2315424.8291028957
1987-10-09,0.4,HOLD,2299192.671005228
1987-10-12,0.30000000000000004,TRADE,2261118.8804397965
1987-10-13,0.4,TRADE,2277371.614049878
1987-10-14,0.30000000000000004,TRADE,2226275.3106044587
1987-10-15,0.2,TRADE,2181196.3185040727
1987-10-16,0.0,TRADE,2114976.720462288
1987-10-19,0.0,HOLD,2116200.2580835302
1987-10-20,0.0,HOLD,2116608.259633926
1987-10-21,0.0,HOLD,2117016.343160739
1987-10-22,0.0,HOLD,2117424.5037844526
1987-10-23,0.0,HOLD,2117832.7511421777
1987-10-26,0.0,HOLD,2119057.9317772514
1987-10-27,0.0,HOLD,2119466.485961056
1987-10-28,0.0,HOLD,2119875.118802063
1987-10-29,0.0,HOLD,2120283.8287399695
1987-10-30,0.0,HOLD,2120692.625411888
1987-11-02,0.0,HOLD,2121919.4543060884
1987-11-03,0.0,HOLD,2122328.5611219993
1987-11-04,0.0,HOLD,2122705.1312877876
1987-11-05,0.0,HOLD,2123081.7689133626
1987-11-06,0.0,HOLD,2123458.4739987236
1987-11-09,0.0,HOLD,2124588.9922021776
1987-11-10,0.0,HOLD,2124965.963326348
1987-11-11,0.0,HOLD,2125343.0057113566
1987-11-12,0.0,HOLD,2125720.1155561516
1987-11-13,0.0,HOLD,2126097.283223621
1987-11-16,0.0,HOLD,2127229.218338246
1987-11-17,0.0,HOLD,2127606.6585537903
1987-11-18,0.0,HOLD,2127984.1635221075
1987-11-19,0.0,HOLD,2128361.735950212
1987-11-20,0.0,HOLD,2128739.375838103
1987-11-23,0.0,HOLD,2129872.6989455987
1987-11-24,0.0,HOLD,2130250.6082501938
1987-11-25,0.0,HOLD,2130628.585436712
1987-11-27,0.0,HOLD,2131384.741807064
1987-11-30,0.0,HOLD,2132519.4812666397
1987-12-01,0.0,HOLD,2132897.8596612155
1987-12-02,0.0,HOLD,2133276.309066968
1987-12-03,0.0,HOLD,2133659.201181558
1987-12-04,0.0,HOLD,2134042.1607559347
1987-12-07,0.0,HOLD,2135191.477034484
1987-12-08,0.0,HOLD,2135574.7141843257
1987-12-09,0.0,HOLD,2135958.020696837
1987-12-10,0.0,HOLD,2136341.4043062474
1987-12-11,0.0,HOLD,2136724.845738333
1987-12-14,0.30000000000000004,TRADE,2137875.6078496776
1987-12-15,0.30000000000000004,HOLD,2148365.1346450527
1987-12-16,0.30000000000000004,HOLD,2203753.750585245
1987-12-17,0.30000000000000004,HOLD,2187413.4491553092
1987-12-18,0.30000000000000004,HOLD,2253935.656357665
1987-12-21,0.30000000000000004,HOLD,2272993.8569200183
1987-12-22,0.30000000000000004,HOLD,2265779.626882785
1987-12-23,0.30000000000000004,HOLD,2302734.4109646846
1987-12-24,0.30000000000000004,HOLD,2304281.0667505953
1987-12-28,0.30000000000000004,HOLD,2222312.7311536283
1987-12-29,0.30000000000000004,HOLD,2244301.463735741
1987-12-30,0.30000000000000004,HOLD,2286732.088810212
1987-12-31,0.30000000000000004,HOLD,2270940.022468799
1988-01-04,0.30000000000000004,HOLD,2353785.359186175
1988-01-05,0.30000000000000004,HOLD,2392383.4257347533
1988-01-06,0.30000000000000004,HOLD,2422953.126006953
1988-01-07,0.30000000000000004,HOLD,2464656.383811422
1988-01-08,0.30000000000000004,HOLD,2284602.2423485573
1988-01-11,0.0,TRADE,2295092.1376052434
1988-01-12,0.30000000000000004,TRADE,2295507.6067925696
1988-01-13,0.0,TRADE,2292924.171938046
1988-01-14,0.30000000000000004,TRADE,2293339.248669261
1988-01-15,0.2,TRADE,2343397.3342752494
1988-01-18,0.30000000000000004,TRADE,2337045.786680487
1988-01-19,0.30000000000000004,HOLD,2323543.6776400316
1988-01-20,0.0,TRADE,2250952.6156121963
1988-01-21,0.0,HOLD,2251360.0912837754
1988-01-22,0.0,HOLD,2251767.6435937863
1988-01-25,0.0,HOLD,2252990.749519584
1988-01-26,0.0,HOLD,2253398.6000905517
1988-01-27,0.0,HOLD,2253806.531748009
1988-01-28,0.2,TRADE,2254214.529791332
1988-01-29,0.2,HOLD,2266892.847749873
1988-02-01,0.2,HOLD,2263105.1902106972
1988-02-02,0.4,TRADE,2266248.9751625955
1988-02-03,0.4,HOLD,2224971.183675841
1988-02-04,0.4,HOLD,2237985.243819988
1988-02-05,0.2,TRADE,2248231.0867497884
1988-02-08,0.2,HOLD,2247771.284893329
1988-02-09,0.4,TRADE,2256713.8686080566
1988-02-10,0.4,HOLD,2312995.214284748
1988-02-11,0.4,HOLD,2325165.1939620445
1988-02-12,0.4,HOLD,2342449.5850134557
1988-02-16,0.4,HOLD,2371738.101240684
1988-02-17,0.4,HOLD,2376236.785559036
1988-02-18,0.4,HOLD,2374768.742091618
1988-02-19,0.4,HOLD,2398872.584246443
1988-02-22,0.4,HOLD,2457332.8961401125
1988-02-23,0.4,HOLD,2478027.3204888413
1988-02-24,0.4,HOLD,2500852.765293788
1988-02-25,0.4,HOLD,2466780.937264638
1988-02-26,0.4,HOLD,2463608.447720231
1988-02-29,0.4,HOLD,2502464.5817045085
1988-03-01,0.4,HOLD,2501849.4343996476
1988-03-02,0.4,HOLD,2550673.2017164957
1988-03-03,0.4,HOLD,2578400.2447379474
1988-03-04,0.6000000000000001,TRADE,2596324.7991521563
1988-03-07,0.6000000000000001,HOLD,2624250.435611652
1988-03-08,0.6000000000000001,HOLD,2654497.8712773495
1988-03-09,0.6000000000000001,HOLD,2697093.8703777045
1988-03-10,0.6000000000000001,HOLD,2619425.886714856
1988-03-11,0.6000000000000001,HOLD,2604037.5215388606
1988-03-14,0.6000000000000001,HOLD,2638406.5366135836
1988-03-15,0.6000000000000001,HOLD,2613622.662674774
1988-03-16,0.6000000000000001,HOLD,2668567.433105413
1988-03-17,0.6000000000000001,HOLD,2689956.4190719943
1988-03-18,0.6000000000000001,HOLD,2683426.996495476
1988-03-21,0.6000000000000001,HOLD,2624914.19613826
1988-03-22,0.6000000000000001,HOLD,2653819.8421255313
1988-03-23,0.6000000000000001,HOLD,2632257.5892172307
1988-03-24,0.2,TRADE,2512175.5055176457
1988-03-25,0.2,HOLD,2495919.2680139355
1988-03-28,0.2,HOLD,2496330.1155992066
1988-03-29,0.2,HOLD,2503287.433033328
1988-03-30,0.2,HOLD,2490334.580257623
1988-03-31,0.2,HOLD,2499769.3316364265
1988-04-04,0.2,HOLD,2485210.168349388
1988-04-05,0.2,HOLD,2497581.29591432
1988-04-06,0.2,HOLD,2528684.9347600737
1988-04-07,0.2,HOLD,2535107.2941105706
1988-04-08,0.5,TRADE,2549236.9040406006
1988-04-11,0.5,HOLD,2570731.6523432457
1988-04-12,0.6000000000000001,TRADE,2573590.9999416326
1988-04-13,0.7000000000000001,TRADE,2580028.9925431423
1988-04-14,0.2,TRADE,2365376.9613990355
1988-04-15,0.2,HOLD,2364278.327035649
1988-04-18,0.2,HOLD,2368469.0363171604
1988-04-19,0.4,TRADE,2375037.2762446124
1988-04-20,0.4,HOLD,2351604.228519871
1988-04-21,0.4,HOLD,2337256.3032829035
1988-04-22,0.4,HOLD,2356754.830918159
1988-04-25,0.4,HOLD,2374456.909633655
1988-04-26,0.6000000000000001,TRADE,2412303.9331090106
1988-04-27,0.6000000000000001,HOLD,2422945.1242737407
1988-04-28,0.5,TRADE,2410300.5517708324
1988-04-29,0.5,HOLD,2393281.698671634
1988-05-02,0.5,HOLD,2409869.1356143714
1988-05-03,0.8,TRADE,2455257.285184775
1988-05-04,0.8,HOLD,2441620.5767040546
1988-05-05,0.5,TRADE,2409453.6408368237
1988-05-06,0.5,HOLD,2398681.7198212687
1988-05-09,0.30000000000000004,TRADE,2353240.1883127564
1988-05-10,0.30000000000000004,HOLD,2345594.7513596644
1988-05-11,0.2,TRADE,2303214.2166801067
1988-05-12,0.30000000000000004,TRADE,2310549.3666836373
1988-05-13,0.30000000000000004,HOLD,2336408.030458769
1988-05-16,0.30000000000000004,HOLD,2350856.343901577
1988-05-17,0.30000000000000004,HOLD,2339280.466834351
1988-05-18,0.2,TRADE,2292065.6436505835
1988-05-19,0.2,HOLD,2292598.0194431297
1988-05-20,0.2,HOLD,2288895.4752365127
1988-05-23,0.2,HOLD,2271671.0384697076
1988-05-24,0.2,HOLD,2283873.4603206627
1988-05-25,0.2,HOLD,2282335.7889119997
1988-05-26,0.2,HOLD,2289079.922885485
1988-05-27,0.2,HOLD,2286977.7182401163
1988-05-31,0.2,HOLD,2318001.8814649787
1988-06-01,0.6000000000000001,TRADE,2345638.972747476
1988-06-02,0.5,TRADE,2339547.2662700266
1988-06-03,0.8,TRADE,2369868.6062786323
1988-06-06,0.8,HOLD,2424584.9925750853
1988-06-07,0.8,HOLD,2423990.0521741165
1988-06-08,0.8,HOLD,2528473.8038826194
1988-06-09,0.8,HOLD,2518921.374566997
1988-06-10,0.8,HOLD,2568281.9251034777
1988-06-13,0.8,HOLD,2582345.3151561907
1988-06-14,0.8,HOLD,2616547.049848917
1988-06-15,0.8,HOLD,2626632.386383842
1988-06-16,0.8,HOLD,2569880.8149077175
1988-06-17,0.8,HOLD,2548959.3671772666
1988-06-20,0.8,HOLD,2522714.2817720342
1988-06-21,0.8,HOLD,2574831.1999418843
1988-06-22,0.8,HOLD,2647963.8715223484
1988-06-23,0.8,HOLD,2649780.871987588
1988-06-24,0.8,HOLD,2658143.7757580304
1988-06-27,0.8,HOLD,2578842.966531692
1988-06-28,0.8,HOLD,2682293.5317165074
1988-06-29,0.8,HOLD,2666540.1123397155
1988-06-30,0.8,HOLD,2708321.5919261617
1988-07-01,0.8,HOLD,2739767.483045528
1988-07-05,0.8,HOLD,2808360.8751914185
1988-07-06,0.8,HOLD,2752987.7594714696
1988-07-07,0.8,HOLD,2714151.6340877716
1988-07-08,0.8,HOLD,2668425.12267088
1988-07-11,0.8,HOLD,2651138.744944251
1988-07-12,0.8,HOLD,2634007.4886793117
1988-07-13,0.8,HOLD,2663386.483721017
1988-07-14,0.8,HOLD,2681396.329621735
1988-07-15,0.8,HOLD,2673911.6965131382
1988-07-18,0.8,HOLD,2682464.731746328
1988-07-19,0.8,HOLD,2575413.824323273
1988-07-20,0.8,HOLD,2556215.597126821
1988-07-21,0.8,HOLD,2458811.294103823
1988-07-22,0.8,HOLD,2439957.6248137895
1988-07-25,0.8,HOLD,2429906.9624947407
1988-07-26,0.8,HOLD,2367988.3384830905
1988-07-27,0.6000000000000001,TRADE,2292977.964175107
1988-07-28,0.6000000000000001,HOLD,2311974.127981174
1988-07-29,0.8,TRADE,2380101.848486446
1988-08-01,0.8,HOLD,2387878.322775077
1988-08-02,0.8,HOLD,2358038.4259602157
1988-08-03,0.8,HOLD,2373444.72321431
1988-08-04,0.8,HOLD,2375583.365273661
1988-08-05,0.8,HOLD,2333836.6403161837
1988-08-08,0.30000000000000004,TRADE,2330387.03879705
1988-08-09,0.30000000000000004,HOLD,2300564.2466016393
1988-08-10,0.2,TRADE,2248423.6847543223
1988-08-11,0.2,HOLD,2263780.4584471555
1988-08-12,0.2,HOLD,2256671.8015527637
1988-08-15,0.1,TRADE,2228606.646504033
1988-08-16,0.2,TRADE,2238925.285491878
1988-08-17,0.2,HOLD,2240991.431220146
1988-08-18,0.2,HOLD,2246058.514593861
1988-08-19,0.2,HOLD,2240341.333732845
1988-08-22,0.0,TRADE,2218407.635903225
1988-08-23,0.0,HOLD,2218876.0039254557
1988-08-24,0.1,TRADE,2219344.4748405446
1988-08-25,0.0,TRADE,2214087.6943556727
1988-08-26,0.0,HOLD,2214555.1543157725
1988-08-29,0.1,TRADE,2215958.110060399
1988-08-30,0.0,TRADE,2214697.232878188
1988-08-31,0.0,HOLD,2215164.816069515
1988-09-01,0.0,HOLD,2215632.4995239507
1988-09-02,0.0,HOLD,2216100.2796551376
1988-09-06,0.0,HOLD,2218012.855111825
1988-09-07,0.0,HOLD,2218491.260058831
1988-09-08,0.0,HOLD,2218969.7713073767
1988-09-09,0.0,HOLD,2219448.388900349
1988-09-12,0.0,HOLD,2220884.84149437
1988-09-13,0.2,TRADE,2221363.8652991443
1988-09-14,0.2,HOLD,2229911.3072154387
1988-09-15,0.2,HOLD,2217913.9044760773
1988-09-16,0.2,HOLD,2227268.9568450307
1988-09-19,0.2,HOLD,2223934.0548831793
1988-09-20,0.30000000000000004,TRADE,2229252.224570042
1988-09-21,0.30000000000000004,HOLD,2240534.831458619
1988-09-22,0.5,TRADE,2245677.060616805
1988-09-23,0.4,TRADE,2229935.002483395
1988-09-26,0.4,HOLD,2205920.9662439125
1988-09-27,0.4,HOLD,2204621.655713727
1988-09-28,0.4,HOLD,2222732.3256251174
1988-09-29,0.5,TRADE,2248783.4749396835
1988-09-30,0.5,HOLD,2258410.4733139463
1988-10-03,0.4,TRADE,2209597.0245017624
1988-10-04,0.30000000000000004,TRADE,2201699.286816195
1988-10-05,0.0,TRADE,2196663.892325512
1988-10-06,0.30000000000000004,TRADE,2197137.6944196434
1988-10-07,0.0,TRADE,2194247.5554466257
1988-10-10,0.30000000000000004,TRADE,2195667.7044481016
1988-10-11,0.30000000000000004,HOLD,2203281.467591489
1988-10-12,0.1,TRADE,2176549.329412367
1988-10-13,0.4,TRADE,2182641.000286262
1988-10-14,0.4,HOLD,2190246.7998566176
1988-10-17,0.4,HOLD,2196778.2762279473
1988-10-18,0.8,TRADE,2214448.910068712
1988-10-19,0.4,TRADE,2213469.171384986
1988-10-20,0.8,TRADE,2263645.375245653
1988-10-21,0.8,HOLD,2243592.108791377
1988-10-24,0.8,HOLD,2202889.713243218
1988-10-25,0.8,HOLD,2171718.090890333
1988-10-26,0.8,HOLD,2140199.0388419447
1988-10-27,0.30000000000000004,TRADE,2079494.097218604
1988-10-28,0.30000000000000004,HOLD,2085943.9621359222
1988-10-31,0.30000000000000004,HOLD,2085165.5368143916
1988-11-01,0.30000000000000004,HOLD,2083084.4208716527
1988-11-02,0.30000000000000004,HOLD,2076737.7446520985
1988-11-03,0.30000000000000004,HOLD,2079057.549911334
1988-11-04,0.30000000000000004,HOLD,2071513.145866225
1988-11-07,0.0,TRADE,2048480.4840547873
1988-11-08,0.0,HOLD,2048930.6255075003
1988-11-09,0.0,HOLD,2049380.853186717
1988-11-10,0.0,HOLD,2049831.1900649827
1988-11-11,0.0,HOLD,2050281.6162879248
1988-11-14,0.0,HOLD,2051633.5195819254
1988-11-15,0.0,HOLD,2052084.3459678702
1988-11-16,0.0,HOLD,2052535.2685528102
1988-11-17,0.0,HOLD,2052986.3003368
1988-11-18,0.0,HOLD,2053437.4214654667
1988-11-21,0.0,HOLD,2054791.4099357282
1988-11-22,0.0,HOLD,2055242.9313804726
1988-11-23,0.0,HOLD,2055694.5488712753
1988-11-25,0.0,HOLD,2056598.0816565074
1988-11-28,0.0,HOLD,2057954.140420194
1988-11-29,0.0,HOLD,2058406.3569203694
1988-11-30,0.0,HOLD,2058858.669313899
1988-12-01,0.0,HOLD,2059311.0809792923
1988-12-02,0.0,HOLD,2059763.601843736
1988-12-05,0.8,TRADE,2061185.7304295136
1988-12-06,0.8,HOLD,2093190.9287761743
1988-12-07,0.8,HOLD,2058036.0018354026
1988-12-08,0.0,TRADE,2029560.006381883
1988-12-09,0.0,HOLD,2030026.9906010584
1988-12-12,0.0,HOLD,2031428.5760082172
1988-12-13,0.0,HOLD,2031895.9871673617
1988-12-14,0.0,HOLD,2032363.5134492225
1988-12-15,0.8,TRADE,2032831.1394189831
1988-12-16,0.8,HOLD,2099948.3384250747
1988-12-19,0.8,HOLD,2139012.4570896574
1988-12-20,0.8,HOLD,2128186.50612853
1988-12-21,0.8,HOLD,2114724.8151043304
1988-12-22,0.8,HOLD,2116324.6405263357
1988-12-23,0.8,HOLD,2140140.1924757175
1988-12-27,0.8,HOLD,2127336.3900230713
1988-12-28,0.8,HOLD,2123664.821628656
1988-12-29,0.8,HOLD,2167813.5211167876
1988-12-30,0.8,HOLD,2188240.3877302925
1989-01-03,0.8,HOLD,2103518.5515546817
1989-01-04,0.8,HOLD,2187580.3421268268
1989-01-05,0.8,HOLD,2183908.9465406714
1989-01-06,0.8,HOLD,2183626.4089298113
1989-01-09,0.8,HOLD,2186167.762239307
1989-01-10,0.8,HOLD,2167434.9799226457
1989-01-11,0.8,HOLD,2181837.5080283205
1989-01-12,0.8,HOLD,2222597.6738575306
1989-01-13,0.8,HOLD,2224197.974612036
1989-01-16,0.8,HOLD,2225986.707895465
1989-01-17,0.8,HOLD,2160563.4430398853
1989-01-18,0.8,HOLD,2205089.112617726
1989-01-19,0.8,HOLD,2261663.999801574
1989-01-20,0.8,HOLD,2252721.405875361
1989-01-23,0.8,HOLD,2186733.8675726606
1989-01-24,0.8,HOLD,2244061.9380171136
1989-01-25,0.8,HOLD,2284822.385792677
1989-01-26,0.8,HOLD,2359094.681437844
1989-01-27,0.8,HOLD,2342998.029427382
1989-01-30,0.8,HOLD,2380935.2621017587
1989-01-31,0.8,HOLD,2433368.498836492
1989-02-01,0.8,HOLD,2493332.5047730072
1989-02-02,0.8,HOLD,2541623.873922261
1989-02-03,0.8,HOLD,2543601.1680254866
1989-02-06,0.8,HOLD,2524681.714383593
1989-02-07,0.8,HOLD,2609873.8548970353
1989-02-08,0.8,HOLD,2539179.545011693
1989-02-09,0.8,HOLD,2491830.5740103642
1989-02-10,0.8,HOLD,2391389.855294301
1989-02-13,0.8,HOLD,2380378.1441309345
1989-02-14,0.8,HOLD,2386121.051683847
1989-02-15,0.8,HOLD,2441190.376848706
1989-02-16,0.8,HOLD,2452957.9260121826
1989-02-17,0.8,HOLD,2473762.3939473913
1989-02-21,0.8,HOLD,2460963.454152041
1989-02-22,0.8,HOLD,2380856.0155175487
1989-02-23,0.8,HOLD,2401660.6145584336
1989-02-24,0.8,HOLD,2340003.550905187
1989-02-27,0.8,HOLD,2314307.799745919
1989-02-28,0.8,HOLD,2311767.1910890606
1989-03-01,0.8,HOLD,2304331.6184842982
1989-03-02,0.8,HOLD,2360530.883719352
1989-03-03,0.8,HOLD,2370039.536676591
1989-03-06,0.8,HOLD,2421910.944112272
1989-03-07,0.8,HOLD,2394519.022236725
1989-03-08,0.8,HOLD,2378423.2434631498
1989-03-09,0.8,HOLD,2348395.6038436284
1989-03-10,0.8,HOLD,2335688.70529509
1989-03-13,0.8,HOLD,2361579.4946480296
1989-03-14,0.8,HOLD,2343601.1606923137
1989-03-15,0.8,HOLD,2342190.493087967
1989-03-16,0.8,HOLD,2396130.841200572
1989-03-17,0.8,HOLD,2231679.5352768884
1989-03-20,0.6000000000000001,TRADE,2166448.7418586873
1989-03-21,0.8,TRADE,2212492.9836955923
1989-03-22,0.8,HOLD,2168473.625158175
1989-03-23,0.8,HOLD,2179973.4326376515
1989-03-27,0.8,HOLD,2182219.40044925
1989-03-28,0.8,HOLD,2205852.647694702
1989-03-29,0.4,TRADE,2242722.270274826
1989-03-30,0.8,TRADE,2257329.584857945
1989-03-31,0.8,HOLD,2299928.6453808863
1989-04-03,0.8,HOLD,2297697.974983946
1989-04-04,0.4,TRADE,2287268.9542517476
1989-04-05,0.8,TRADE,2295008.273021165
1989-04-06,0.8,HOLD,2296555.5858975244
1989-04-07,0.8,HOLD,2360456.504736
1989-04-10,0.8,HOLD,2385642.9057912026
1989-04-11,0.8,HOLD,2433685.207475011
1989-04-12,0.8,HOLD,2482448.384141977
1989-04-13,0.8,HOLD,2458766.0943099395
1989-04-14,0.8,HOLD,2544653.1283850786
1989-04-17,0.8,HOLD,2541726.864901091
1989-04-18,0.8,HOLD,2612115.7073058398
1989-04-19,0.8,HOLD,2650787.1452556257
1989-04-20,0.8,HOLD,2635034.3831219235
1989-04-21,0.8,HOLD,2673345.444495637
1989-04-24,0.8,HOLD,2653479.702449375
1989-04-25,0.8,HOLD,2616101.5426128786
1989-04-26,0.8,HOLD,2614765.9399355613
1989-04-27,0.8,HOLD,2688759.255123363
1989-04-28,0.8,HOLD,2716978.5781331984
1989-05-01,0.8,HOLD,2724866.0989628127
1989-05-02,0.8,HOLD,2722809.7921879585
1989-05-03,0.8,HOLD,2749227.1107335775
1989-05-04,0.8,HOLD,2764831.6939049717
1989-05-05,0.8,HOLD,2808909.9024080895
1989-05-08,0.8,HOLD,2793370.290431171
1989-05-09,0.8,HOLD,2779420.119087617
1989-05-10,0.8,HOLD,2788537.1931910478
1989-05-11,0.8,HOLD,2803781.52235338
1989-05-12,0.8,HOLD,2927513.8995976043
1989-05-15,0.8,HOLD,2988024.5460389024
1989-05-16,0.8,HOLD,2962540.9357301677
1989-05-17,0.8,HOLD,3049870.477461831
1989-05-18,0.8,HOLD,3059708.5983058605
1989-05-19,0.8,HOLD,3114960.334954232
1989-05-22,0.8,HOLD,3103746.8563570622
1989-05-23,0.8,HOLD,3036814.5051749353
1989-05-24,0.8,HOLD,3084497.4327103645
1989-05-25,0.8,HOLD,3114159.1184394695
1989-05-26,0.8,HOLD,3171573.5789636928
1989-05-30,0.8,HOLD,3137400.327180985
1989-05-31,0.8,HOLD,3171387.264378992
1989-06-01,0.8,HOLD,3208618.0541343032
1989-06-02,0.8,HOLD,3290181.1837905347
1989-06-05,0.8,HOLD,3117498.1912322845
1989-06-06,0.8,HOLD,3152566.552155261
1989-06-07,0.8,HOLD,3356313.991003923
1989-06-08,0.8,HOLD,3334795.6247981344
1989-06-09,0.8,HOLD,3309312.6046444676
1989-06-12,0.8,HOLD,3299542.377761938
1989-06-13,0.8,HOLD,3217112.2545355503
1989-06-14,0.8,HOLD,3219742.533288559
1989-06-15,0.8,HOLD,3081086.1083403793
1989-06-16,0.8,HOLD,3068938.9980484345
1989-06-19,0.8,HOLD,3047635.6791533823
1989-06-20,0.8,HOLD,3000166.985599311
1989-06-21,0.8,HOLD,2993426.378778734
1989-06-22,0.8,HOLD,3038587.0438506426
1989-06-23,0.8,HOLD,3110779.6332214396
1989-06-26,0.8,HOLD,3085151.729700019
1989-06-27,0.8,HOLD,3094630.411076018
1989-06-28,0.8,HOLD,2986970.885769014
1989-06-29,0.8,HOLD,2831014.391342152
1989-06-30,0.8,HOLD,2754351.493745299
1989-07-03,0.8,HOLD,2782427.4841661635
1989-07-05,0.8,HOLD,2811116.7024843874
1989-07-06,0.8,HOLD,2853754.7370642284
1989-07-07,0.8,HOLD,2917657.890782339
1989-07-10,0.8,HOLD,2907168.8921371903
1989-07-11,0.8,HOLD,2926379.4045561617
1989-07-12,0.8,HOLD,2957483.9776262906
1989-07-13,0.8,HOLD,2977054.965064108
1989-07-14,0.8,HOLD,3024378.7275756556
1989-07-17,0.8,HOLD,3053897.462104822
1989-07-18,0.8,HOLD,2966782.67692335
1989-07-19,0.8,HOLD,3043661.440649004
1989-07-20,0.4,TRADE,2950779.8999985275
1989-07-21,0.4,HOLD,2946385.067288897
1989-07-24,0.4,HOLD,2900678.9370111553
1989-07-25,0.4,HOLD,2898535.4735343982
1989-07-26,0.4,HOLD,2928635.450873786
1989-07-27,0.8,TRADE,2975371.729308463
1989-07-28,0.8,HOLD,2986724.425633028
1989-07-31,0.8,HOLD,3023160.304168588
1989-08-01,0.8,HOLD,2972356.4019491514
1989-08-02,0.8,HOLD,2970802.4091748493
1989-08-03,0.8,HOLD,3026650.0292221103
1989-08-04,0.8,HOLD,3044456.4018327636
1989-08-07,0.8,HOLD,3166485.8994465703
1989-08-08,0.8,HOLD,3198557.8928248
1989-08-09,0.8,HOLD,3130092.246321
1989-08-10,0.8,HOLD,3113254.089479054
1989-08-11,0.8,HOLD,3072640.166153728
1989-08-14,0.8,HOLD,3019748.430622439
1989-08-15,0.8,HOLD,3053518.9406407336
1989-08-16,0.8,HOLD,3017660.3527732333
1989-08-17,0.8,HOLD,3059242.981958856
1989-08-18,0.8,HOLD,3076710.1904134843
1989-08-21,0.8,HOLD,2988155.488853318
1989-08-22,0.8,HOLD,3026681.404690452
1989-08-23,0.8,HOLD,3095776.243265859
1989-08-24,0.8,HOLD,3194081.3873600457
1989-08-25,0.8,HOLD,3207133.33552296
1989-08-28,0.8,HOLD,3228287.7125782263
1989-08-29,0.8,HOLD,3184957.1863660286
1989-08-30,0.8,HOLD,3221785.111773468
1989-08-31,0.8,HOLD,3241290.702700439
1989-09-01,0.8,HOLD,3293063.487977267
1989-09-05,0.8,HOLD,3293984.816756645
1989-09-06,0.8,HOLD,3222802.918952711
1989-09-07,0.8,HOLD,3204267.473969709
1989-09-08,0.8,HOLD,3253662.925631113
1989-09-11,0.8,HOLD,3262930.880606237
1989-09-12,0.8,HOLD,3309609.2388756974
1989-09-13,0.8,HOLD,3318246.3500486696
1989-09-14,0.8,HOLD,3236195.796548903
1989-09-15,0.8,HOLD,3218000.288069346
1989-09-18,0.8,HOLD,3208927.6516807433
1989-09-19,0.8,HOLD,3213489.12307344
1989-09-20,0.8,HOLD,3224843.715953335
1989-09-21,0.8,HOLD,3235179.381268018
1989-09-22,0.8,HOLD,3277102.932497925
1989-09-25,0.8,HOLD,3275163.7790278653
1989-09-26,0.8,HOLD,3272592.757583989
1989-09-27,0.8,HOLD,3268323.5000123046
1989-09-28,0.8,HOLD,3353723.0149040334
1989-09-29,0.8,HOLD,3356586.568619419
1989-10-02,0.8,HOLD,3417823.8599821883
1989-10-03,0.8,HOLD,3438689.2337516565
1989-10-04,0.8,HOLD,3516956.2208711514
1989-10-05,0.8,HOLD,3546652.677565674
1989-10-06,0.8,HOLD,3645978.302679356
1989-10-09,0.8,HOLD,3736766.2637437214
1989-10-10,0.8,HOLD,3706683.7399145733
1989-10-11,0.8,HOLD,3665053.0051748846
1989-10-12,0.8,HOLD,3641423.9842421445
1989-10-13,0.8,HOLD,3255723.5075934334
1989-10-16,0.8,HOLD,3263976.2183136083
1989-10-17,0.8,HOLD,3237290.486427096
1989-10-18,0.8,HOLD,3315557.97099086
1989-10-19,0.8,HOLD,3493004.548794539
1989-10-20,0.8,HOLD,3473112.0098369042
1989-10-23,0.8,HOLD,3386262.2621198604
1989-10-24,0.8,HOLD,3289947.646593446
1989-10-25,0.8,HOLD,3286019.0382187264
1989-10-26,0.8,HOLD,3139775.3108682423
1989-10-27,0.30000000000000004,TRADE,3027836.704189946
1989-10-30,0.30000000000000004,HOLD,3031672.2774712495
1989-10-31,0.6000000000000001,TRADE,3075522.6214009942
1989-11-01,0.30000000000000004,TRADE,3091841.4943301226
1989-11-02,0.30000000000000004,HOLD,3043544.694835373
1989-11-03,0.30000000000000004,HOLD,3038499.9308825745
1989-11-06,0.30000000000000004,HOLD,2993005.1422721357
1989-11-07,0.30000000000000004,HOLD,3021272.076401336
1989-11-08,0.30000000000000004,HOLD,3053103.7953927405
1989-11-09,0.30000000000000004,HOLD,3056295.3193609286
1989-11-10,0.4,TRADE,3078785.351570758
1989-11-13,0.8,TRADE,3082859.0192283085
1989-11-14,0.30000000000000004,TRADE,3035140.814140268
1989-11-15,0.8,TRADE,3047004.8796994425
1989-11-16,0.30000000000000004,TRADE,3023983.3084537433
1989-11-17,0.8,TRADE,3035149.579578408
1989-11-20,0.8,HOLD,3059564.01517956
1989-11-21,0.4,TRADE,3036024.423679347
1989-11-22,0.4,HOLD,3049753.773655325
1989-11-24,0.8,TRADE,3069483.9374326244
1989-11-27,0.4,TRADE,3029084.9457525765
1989-11-28,0.4,HOLD,3027543.1787308515
1989-11-29,0.4,HOLD,3025676.461051221
1989-11-30,0.4,HOLD,3040550.03564516
1989-12-01,0.8,TRADE,3054123.49927666
1989-12-04,0.8,HOLD,3098584.993987573
1989-12-05,0.8,HOLD,3116084.9622310554
1989-12-06,0.8,HOLD,3010117.8289790256
1989-12-07,0.8,HOLD,3027939.387994841
1989-12-08,0.8,HOLD,3002354.564183582
1989-12-11,0.30000000000000004,TRADE,2880586.219545763
1989-12-12,0.2,TRADE,2851396.6119972253
1989-12-13,0.2,HOLD,2852327.917899738
1989-12-14,0.2,HOLD,2840195.6604479956
1989-12-15,0.1,TRADE,2823124.950918873
1989-12-18,0.0,TRADE,2811615.5515445676
1989-12-19,0.1,TRADE,2812240.492062309
1989-12-20,0.1,HOLD,2820813.329389452
1989-12-21,0.1,HOLD,2833345.9051562976
1989-12-22,0.2,TRADE,2839506.81100587
1989-12-26,0.2,HOLD,2841021.6597337825
1989-12-27,0.30000000000000004,TRADE,2872024.0191549323
1989-12-28,0.6000000000000001,TRADE,2871985.255233906
1989-12-29,0.7000000000000001,TRADE,2923501.4643235905
1990-01-02,0.8,TRADE,3029349.826740253
1990-01-03,0.8,HOLD,2975832.770569179
1990-01-04,0.8,HOLD,2930521.301876328
1990-01-05,0.8,HOLD,2880160.2892477927
1990-01-08,0.8,HOLD,2890979.3934127395
1990-01-09,0.6000000000000001,TRADE,2817264.221436466
1990-01-10,0.1,TRADE,2710117.5609470736
1990-01-11,0.1,HOLD,2699007.7223886433
1990-01-12,0.0,TRADE,2682182.398912701
1990-01-15,0.0,HOLD,2683926.505400188
1990-01-16,0.0,HOLD,2684508.1232108334
1990-01-17,0.0,HOLD,2685089.860853703
1990-01-18,0.0,HOLD,2685671.7325882628
1990-01-19,0.1,TRADE,2686253.728836536
1990-01-22,0.0,TRADE,2665601.2441721377
1990-01-23,0.0,HOLD,2666178.8910619924
1990-01-24,0.0,HOLD,2666756.6571339117
1990-01-25,0.0,HOLD,2667334.5572982845
1990-01-26,0.0,HOLD,2667912.581977079
1990-01-29,0.0,HOLD,2669647.376700267
1990-01-30,0.0,HOLD,2670225.900251075
1990-01-31,0.0,HOLD,2670804.547498509
1990-02-01,0.0,HOLD,2671383.3288383954
1990-02-02,0.0,HOLD,2671962.2251146706
1990-02-05,0.0,HOLD,2673701.7049453496
1990-02-06,0.0,HOLD,2674281.7838134808
1990-02-07,0.0,HOLD,2674861.9922799105
1990-02-08,0.0,HOLD,2675442.325260761
1990-02-09,0.0,HOLD,2676022.7731779995
1990-02-12,0.0,HOLD,2677764.897118485
1990-02-13,0.0,HOLD,2678345.860549285
1990-02-14,0.0,HOLD,2678926.9406151604
1990-02-15,0.0,HOLD,2679508.1547734886
1990-02-16,0.0,HOLD,2680089.493446237
1990-02-20,0.0,HOLD,2682416.1032181606
1990-02-21,0.0,HOLD,2682998.074199156
1990-02-22,0.0,HOLD,2683580.1695344937
1990-02-23,0.0,HOLD,2684162.3893842506
1990-02-26,0.0,HOLD,2685909.801533003
1990-02-27,0.0,HOLD,2686492.5308926776
1990-02-28,0.0,HOLD,2687075.382890014
1990-03-01,0.8,TRADE,2687658.3594017695
1990-03-02,0.8,HOLD,2761341.924864193
1990-03-05,0.8,HOLD,2723770.8328903224
1990-03-06,0.8,HOLD,2739814.4190796954
1990-03-07,0.8,HOLD,2713386.3923205175
1990-03-08,0.8,HOLD,2803376.1850823862
1990-03-09,0.8,HOLD,2824349.590986674
1990-03-12,0.8,HOLD,2813703.015897256
1990-03-13,0.8,HOLD,2747837.1913703266
1990-03-14,0.8,HOLD,2769948.357197414
1990-03-15,0.8,HOLD,2806469.568519974
1990-03-16,0.8,HOLD,2947653.0566715687
1990-03-19,0.8,HOLD,3009436.325994963
1990-03-20,0.8,HOLD,2908683.2619653214
1990-03-21,0.8,HOLD,2871637.680744224
1990-03-22,0.8,HOLD,2762921.2353450917
1990-03-23,0.8,HOLD,2822574.5242215944
1990-03-26,0.8,HOLD,2883220.693903312
1990-03-27,0.8,HOLD,2915191.677393039
1990-03-28,0.8,HOLD,2807233.8066577767
1990-03-29,0.4,TRADE,2770188.4288391825
1990-03-30,0.4,HOLD,2770360.553612319
1990-04-02,0.4,HOLD,2763154.7582433084
1990-04-03,0.8,TRADE,2826846.72634496
1990-04-04,0.8,HOLD,2783719.6627238384
1990-04-05,0.8,HOLD,2738393.4583322345
1990-04-06,0.4,TRADE,2688668.9455444855
1990-04-09,0.4,HOLD,2683410.8874305333
1990-04-10,0.4,HOLD,2699730.543249112
1990-04-11,0.5,TRADE,2719206.8705307394
1990-04-12,0.8,TRADE,2747394.1880406355
1990-04-16,0.8,HOLD,2772860.97917212
1990-04-17,0.8,HOLD,2758494.399749046
1990-04-18,0.5,TRADE,2654313.5430053463
1990-04-19,0.30000000000000004,TRADE,2610972.7360534435
1990-04-20,0.0,TRADE,2585720.4943280853
1990-04-23,0.0,HOLD,2587407.8025249047
1990-04-24,0.0,HOLD,2587970.468239037
1990-04-25,0.0,HOLD,2588533.2576322886
1990-04-26,0.0,HOLD,2589096.173263757
1990-04-27,0.0,HOLD,2589659.2054228107
1990-04-30,0.0,HOLD,2591349.0480417763
1990-05-01,0.0,HOLD,2591912.571716081
1990-05-02,0.0,HOLD,2592476.215645914
1990-05-03,0.1,TRADE,2593034.732361996
1990-05-04,0.5,TRADE,2603006.982102097
1990-05-07,0.5,HOLD,2645596.832092462
1990-05-08,0.5,HOLD,2647474.3429963808
1990-05-09,0.8,TRADE,2651633.253137431
1990-05-10,0.8,HOLD,2691217.012818363
1990-05-11,0.8,HOLD,2811533.8799222857
1990-05-14,0.8,HOLD,2902297.91184018
1990-05-15,0.8,HOLD,2920711.7862649183
1990-05-16,0.8,HOLD,2939125.6853305227
1990-05-17,0.8,HOLD,2986244.705152044
1990-05-18,0.8,HOLD,3045204.601770318
1990-05-21,0.8,HOLD,3165750.688471792
1990-05-22,0.8,HOLD,3185599.9902996
1990-05-23,0.8,HOLD,3293358.673641543
1990-05-24,0.8,HOLD,3325766.50437878
1990-05-25,0.8,HOLD,3152932.922620045
1990-05-29,0.8,HOLD,3274670.689886789
1990-05-30,0.8,HOLD,3290573.238572837
1990-05-31,0.8,HOLD,3281358.852883475
1990-06-01,0.8,HOLD,3339960.2814793196
1990-06-04,0.8,HOLD,3417090.947798533
1990-06-05,0.8,HOLD,3333602.2496081972
1990-06-06,0.8,HOLD,3338740.560409277
1990-06-07,0.8,HOLD,3313020.9176503033
1990-06-08,0.8,HOLD,3218050.25528983
1990-06-11,0.8,HOLD,3292310.9319144315
1990-06-12,0.8,HOLD,3400787.7373381285
1990-06-13,0.8,HOLD,3468359.8055953826
1990-06-14,0.8,HOLD,3410347.1031677946
1990-06-15,0.8,HOLD,3417997.332891864
1990-06-18,0.8,HOLD,3269794.035366901
1990-06-19,0.8,HOLD,3270268.090319464
1990-06-20,0.8,HOLD,3286888.786661105
1990-06-21,0.8,HOLD,3313915.1051752246
1990-06-22,0.8,HOLD,3227915.1325952816
1990-06-25,0.8,HOLD,3129228.6473463206
1990-06-26,0.8,HOLD,3128267.621397199
1990-06-27,0.8,HOLD,3193687.1550666704
1990-06-28,0.8,HOLD,3275612.1438694135
1990-06-29,0.8,HOLD,3309814.93526524
1990-07-02,0.8,HOLD,3306573.4168548128
1990-07-03,0.8,HOLD,3296642.2225376274
1990-07-05,0.8,HOLD,3263862.615366246
1990-07-06,0.8,HOLD,3302371.345457355
1990-07-09,0.8,HOLD,3340035.112065084
1990-07-10,0.8,HOLD,3304987.1330809295
1990-07-11,0.8,HOLD,3376865.662045479
1990-07-12,0.8,HOLD,3468478.969530764
1990-07-13,0.8,HOLD,3513805.3344897516
1990-07-16,0.8,HOLD,3564745.7318993323
1990-07-17,0.8,HOLD,3390837.025176576
1990-07-18,0.8,HOLD,3271826.839741251
1990-07-19,0.8,HOLD,3206997.5481959954
1990-07-20,0.8,HOLD,3071123.168767442
1990-07-23,0.4,TRADE,2904264.174085962
1990-07-24,0.30000000000000004,TRADE,2890012.5288174036
1990-07-25,0.4,TRADE,2916022.908114207
1990-07-26,0.30000000000000004,TRADE,2891682.6199700413
1990-07-27,0.30000000000000004,HOLD,2873469.7988029025
1990-07-30,0.30000000000000004,HOLD,2854802.4808355733
1990-07-31,0.30000000000000004,HOLD,2848756.5754856947
1990-08-01,0.30000000000000004,HOLD,2845488.254694801
1990-08-02,0.0,TRADE,2799764.0136069763
1990-08-03,0.0,HOLD,2800365.0629208446
1990-08-06,0.0,HOLD,2802164.722258978
1990-08-07,0.0,HOLD,2802764.865328152
1990-08-08,0.0,HOLD,2803365.133279755
1990-08-09,0.0,HOLD,2803965.5359392404
1990-08-10,0.0,HOLD,2804566.0636846186
1990-08-13,0.0,HOLD,2806368.408130736
1990-08-14,0.0,HOLD,2806969.4494432895
1990-08-15,0.0,HOLD,2807570.6218610513
1990-08-16,0.0,HOLD,2808171.9289866965
1990-08-17,0.0,HOLD,2808773.351576241
1990-08-20,0.0,HOLD,2810578.410004182
1990-08-21,0.0,HOLD,2811180.355977399
1990-08-22,0.0,HOLD,2811782.4232394933
1990-08-23,0.0,HOLD,2812384.6252094707
1990-08-24,0.0,HOLD,2812986.961887331
1990-08-27,0.0,HOLD,2814794.7342967237
1990-08-28,0.0,HOLD,2815397.578515818
1990-08-29,0.0,HOLD,2816000.559869141
1990-08-30,0.0,HOLD,2816603.666308356
1990-08-31,0.0,HOLD,2817206.897833463
1990-09-04,0.0,HOLD,2819621.138220279
1990-09-05,0.0,HOLD,2820225.018317412
1990-09-06,0.0,HOLD,2820834.0326615977
1990-09-07,0.0,HOLD,2821443.172091675
1990-09-10,0.0,HOLD,2823271.389241525
1990-09-11,0.0,HOLD,2823881.0612044646
1990-09-12,0.0,HOLD,2824490.85492867
1990-09-13,0.0,HOLD,2825100.7929827506
1990-09-14,0.0,HOLD,2825710.8561227233
1990-09-17,0.0,HOLD,2827541.845002088
1990-09-18,0.0,HOLD,2828152.437667594
1990-09-19,0.0,HOLD,2828763.155103251
1990-09-20,0.0,HOLD,2829374.016868784
1990-09-21,0.0,HOLD,2829985.0037202085
1990-09-24,0.0,HOLD,2831818.7354544164
1990-09-25,0.0,HOLD,2832430.2520269165
1990-09-26,0.0,HOLD,2833041.902792031
1990-09-27,0.0,HOLD,2833653.678643037
1990-09-28,0.0,HOLD,2834265.589201926
1990-10-01,0.0,HOLD,2836102.1215349887
1990-10-02,0.0,HOLD,2836714.5620185067
1990-10-03,0.0,HOLD,2837320.6608950263
1990-10-04,0.0,HOLD,2837926.89447943
1990-10-05,0.0,HOLD,2838533.2627717163
1990-10-08,0.0,HOLD,2840353.1316919858
1990-10-09,0.0,HOLD,2840960.0112887747
1990-10-10,0.0,HOLD,2841567.0242556226
1990-10-11,0.0,HOLD,2842174.162308363
1990-10-12,0.0,HOLD,2842781.435068986
1990-10-15,0.0,HOLD,2844604.017972006
1990-10-16,0.0,HOLD,2845211.8086444284
1990-10-17,0.0,HOLD,2845819.726077039
1990-10-18,0.0,HOLD,2846427.7782175317
1990-10-19,0.0,HOLD,2847035.955443916
1990-10-22,0.0,HOLD,2848861.281199395
1990-10-23,0.0,HOLD,2849469.9797413647
1990-10-24,0.0,HOLD,2850078.811264635
1990-10-25,0.0,HOLD,2850687.7678737966
1990-10-26,0.0,HOLD,2851296.859190842
1990-10-29,0.0,HOLD,2853124.8989283247
1990-10-30,0.0,HOLD,2853734.5085456776
1990-10-31,0.0,HOLD,2854344.254157033
1990-11-01,0.0,HOLD,2854954.1248542797
1990-11-02,0.0,HOLD,2855564.120637418
1990-11-05,0.8,TRADE,2857329.6676173573
1990-11-06,0.8,HOLD,2847916.368247777
1990-11-07,0.0,TRADE,2725718.9895131644
1990-11-08,0.8,TRADE,2726280.6290890914
1990-11-09,0.8,HOLD,2892020.2516649645
1990-11-12,0.8,HOLD,3139205.781121183
1990-11-13,0.8,HOLD,3187095.3223634637
1990-11-14,0.8,HOLD,3292317.403837971
1990-11-15,0.8,HOLD,3166616.8703161087
1990-11-16,0.8,HOLD,2974824.7083587507
1990-11-19,0.8,HOLD,3055587.167994712
1990-11-20,0.8,HOLD,2903609.3467606744
1990-11-21,0.8,HOLD,2926017.9547959086
1990-11-23,0.8,HOLD,2938187.5571659906
1990-11-26,0.8,HOLD,2969580.8366876673
1990-11-27,0.8,HOLD,3127358.0271047805
1990-11-28,0.8,HOLD,3146581.6578558288
1990-11-29,0.8,HOLD,3203230.7049306133
1990-11-30,0.8,HOLD,3263064.9150879695
1990-12-03,0.8,HOLD,3343828.350140558
1990-12-04,0.8,HOLD,3388533.239103823
1990-12-05,0.8,HOLD,3535958.911074644
1990-12-06,0.8,HOLD,3554386.442928229
1990-12-07,0.8,HOLD,3546536.5944072325
1990-12-10,0.8,HOLD,3549264.592221816
1990-12-11,0.8,HOLD,3417194.3832294703
1990-12-12,0.8,HOLD,3479417.727587209
1990-12-13,0.8,HOLD,3477938.298516376
1990-12-14,0.8,HOLD,3392052.687082359
1990-12-17,0.8,HOLD,3343818.936977428
1990-12-18,0.8,HOLD,3521503.7403409197
1990-12-19,0.8,HOLD,3572579.258527222
1990-12-20,0.8,HOLD,3620469.660218415
1990-12-21,0.8,HOLD,3674730.364929807
1990-12-24,0.8,HOLD,3602608.5562248696
1990-12-26,0.8,HOLD,3570984.0230661007
1990-12-27,0.8,HOLD,3505802.1240765164
1990-12-28,0.2,TRADE,3515471.034632732
1990-12-31,0.8,TRADE,3528540.9708074057
1991-01-02,0.8,HOLD,3494507.1343558924
1991-01-03,0.2,TRADE,3351384.3294773586
1991-01-04,0.2,HOLD,3355907.3872527024
1991-01-07,0.2,HOLD,3311056.73509549
1991-01-08,0.2,HOLD,3308522.728477265
1991-01-09,0.2,HOLD,3304665.276133662
1991-01-10,0.2,HOLD,3347509.850474251
1991-01-11,0.2,HOLD,3348757.656014935
1991-01-14,0.2,HOLD,3325274.5239904583
1991-01-15,0.2,HOLD,3340703.433457706
1991-01-16,0.8,TRADE,3417393.2877014605
1991-01-17,0.8,HOLD,3670370.1089315414
1991-01-18,0.8,HOLD,3764694.9123566644
1991-01-21,0.8,HOLD,3888309.151375416
1991-01-22,0.8,HOLD,3779361.119313891
1991-01-23,0.8,HOLD,3946637.6453541284
1991-01-24,0.8,HOLD,4123829.946873227
1991-01-25,0.8,HOLD,4179908.4366785428
1991-01-28,0.8,HOLD,4236237.693620601
1991-01-29,0.8,HOLD,4341186.769905886
1991-01-30,0.8,HOLD,4574332.3841918465
1991-01-31,0.8,HOLD,4732401.609317853
1991-02-01,0.8,HOLD,4835934.218416263
1991-02-04,0.8,HOLD,4962382.493446154
1991-02-05,0.8,HOLD,5213943.214588499
1991-02-06,0.8,HOLD,5520040.597715169
1991-02-07,0.8,HOLD,5304144.459164258
1991-02-08,0.8,HOLD,5361639.806626763
1991-02-11,0.8,HOLD,5636116.5846420415
1991-02-12,0.8,HOLD,5567540.313211321
1991-02-13,0.8,HOLD,5690904.70334136
1991-02-14,0.8,HOLD,5403473.653930895
1991-02-15,0.8,HOLD,5559418.4198997775
1991-02-19,0.8,HOLD,5702991.983752051
1991-02-20,0.8,HOLD,5516843.402128524
1991-02-21,0.8,HOLD,5461016.162715033
1991-02-22,0.8,HOLD,5561716.182955165
1991-02-25,0.8,HOLD,5642128.485879375
1991-02-26,0.8,HOLD,5506267.073393759
1991-02-27,0.8,HOLD,5614758.157406712
1991-02-28,0.8,HOLD,5636132.295716386
1991-03-01,0.8,HOLD,5767996.27118063
1991-03-04,0.8,HOLD,5825744.481574708
1991-03-05,0.8,HOLD,6357779.991404285
1991-03-06,0.8,HOLD,6417400.742393341
1991-03-07,0.8,HOLD,6506768.774127523
1991-03-08,0.8,HOLD,6390739.097695647
1991-03-11,0.8,HOLD,5888247.7746546175
1991-03-12,0.8,HOLD,5610024.809818463
1991-03-13,0.8,HOLD,5984116.731947566
1991-03-14,0.8,HOLD,5902084.060164759
1991-03-15,0.8,HOLD,5828550.627993893
1991-03-18,0.8,HOLD,5886299.809682822
1991-03-19,0.8,HOLD,5775228.264073019
1991-03-20,0.8,HOLD,5907092.678972868
1991-03-21,0.8,HOLD,5713153.8191484185
1991-03-22,0.6000000000000001,TRADE,5668659.53870706
1991-03-25,0.8,TRADE,5809786.402126828
1991-03-26,0.8,HOLD,6292189.169383247
1991-03-27,0.8,HOLD,6399131.749926936
1991-03-28,0.8,HOLD,6299603.010136346
1991-04-01,0.8,HOLD,6279489.852276608
1991-04-02,0.8,HOLD,6813351.90801037
1991-04-03,0.8,HOLD,6891071.122836389
1991-04-04,0.8,HOLD,7021519.98534612
1991-04-05,0.8,HOLD,6901662.069760537
1991-04-08,0.8,HOLD,6912466.410880351
1991-04-09,0.8,HOLD,6739243.746240636
1991-04-10,0.8,HOLD,6621927.211778088
1991-04-11,0.8,HOLD,7064942.220653348
1991-04-12,0.8,HOLD,7109626.3692858815
1991-04-15,0.8,HOLD,7048643.027155474
1991-04-16,0.8,HOLD,7282645.686159037
1991-04-17,0.8,HOLD,7367353.709081801
1991-04-18,0.8,HOLD,6996554.18769417
1991-04-19,0.8,HOLD,6755990.485891867
1991-04-22,0.8,HOLD,6589548.747586623
1991-04-23,0.8,HOLD,6635503.919343803
1991-04-24,0.8,HOLD,6776753.603765652
1991-04-25,0.8,HOLD,6616237.494535741
1991-04-26,0.8,HOLD,6573886.571629073
1991-04-29,0.8,HOLD,6263233.3523047855
1991-04-30,0.8,HOLD,6117964.554716115
1991-05-01,0.8,HOLD,6146767.03461691
1991-05-02,0.8,HOLD,6274040.509690335
1991-05-03,0.8,HOLD,6306019.550457654
1991-05-06,0.8,HOLD,6316191.881934844
1991-05-07,0.8,HOLD,6250970.716632174
1991-05-08,0.8,HOLD,6300738.255288279
1991-05-09,0.8,HOLD,6532835.925862827
1991-05-10,0.8,HOLD,6380579.259177972
1991-05-13,0.8,HOLD,6394564.193943562
1991-05-14,0.8,HOLD,6222613.493184293
1991-05-15,0.8,HOLD,5766050.004150061
1991-05-16,0.8,HOLD,5901582.883210556
1991-05-17,0.8,HOLD,5886550.533425324
1991-05-20,0.6000000000000001,TRADE,5784277.035904089
1991-05-21,0.8,TRADE,5888956.305704001
1991-05-22,0.8,HOLD,6126148.264510825
1991-05-23,0.8,HOLD,6207036.726868593
1991-05-24,0.8,HOLD,6335824.699398374
1991-05-28,0.8,HOLD,6556017.086068043
1991-05-29,0.8,HOLD,6611065.281519812
1991-05-30,0.8,HOLD,6779559.631285256
1991-05-31,0.8,HOLD,6883137.632681131
1991-06-03,0.8,HOLD,6999122.710438764
1991-06-04,0.8,HOLD,7008162.441060927
1991-06-05,0.8,HOLD,6771402.295886226
1991-06-06,0.8,HOLD,6577499.611431597
1991-06-07,0.4,TRADE,6359647.23121951
1991-06-10,0.4,HOLD,6298580.39895203
1991-06-11,0.4,HOLD,6322092.133778019
1991-06-12,0.30000000000000004,TRADE,6210608.527372727
1991-06-13,0.30000000000000004,HOLD,6199712.808781397
1991-06-14,0.4,TRADE,6262630.488986264
1991-06-17,0.4,HOLD,6256507.932778433
1991-06-18,0.30000000000000004,TRADE,6197108.495270178
1991-06-19,0.30000000000000004,HOLD,6087239.019381842
1991-06-20,0.30000000000000004,HOLD,6092978.356321544
1991-06-21,0.30000000000000004,HOLD,6086916.087822929
1991-06-24,0.30000000000000004,HOLD,5898929.60477734
1991-06-25,0.30000000000000004,HOLD,5900815.86038593
1991-06-26,0.30000000000000004,HOLD,5927509.918853281
1991-06-27,0.30000000000000004,HOLD,5980216.053722867
1991-06-28,0.30000000000000004,HOLD,5959703.437111231
1991-07-01,0.30000000000000004,HOLD,6054719.719466126
1991-07-02,0.30000000000000004,HOLD,5994467.041193317
1991-07-03,0.30000000000000004,HOLD,5923608.008773511
1991-07-05,0.30000000000000004,HOLD,5915562.8128237175
1991-07-08,0.30000000000000004,HOLD,6046441.166130428
1991-07-09,0.30000000000000004,HOLD,6080593.998462969
1991-07-10,0.30000000000000004,HOLD,6132810.801380061
1991-07-11,0.30000000000000004,HOLD,6142878.693309123
1991-07-12,0.8,TRADE,6215808.927830912
1991-07-15,0.8,HOLD,6295522.22758446
1991-07-16,0.6000000000000001,TRADE,6043511.913238781
1991-07-17,0.6000000000000001,HOLD,5996737.488029515
1991-07-18,0.8,TRADE,6111339.458804121
1991-07-19,0.8,HOLD,6146919.652072161
1991-07-22,0.6000000000000001,TRADE,6002064.332424561
1991-07-23,0.30000000000000004,TRADE,5795390.6766030975
1991-07-24,0.30000000000000004,HOLD,5765469.453370448
1991-07-25,0.30000000000000004,HOLD,5831669.038753644
1991-07-26,0.8,TRADE,5892901.245895091
1991-07-29,0.8,HOLD,5912600.288408438
1991-07-30,0.8,HOLD,6161745.1595467
1991-07-31,0.8,HOLD,6317050.494148546
1991-08-01,0.8,HOLD,6432138.900711821
1991-08-02,0.8,HOLD,6500626.735372646
1991-08-05,0.8,HOLD,6306474.303260904
1991-08-06,0.8,HOLD,6449650.884568026
1991-08-07,0.8,HOLD,6550057.080315627
1991-08-08,0.8,HOLD,6676636.244285398
1991-08-09,0.8,HOLD,6638517.424820516
1991-08-12,0.8,HOLD,6759079.231022111
1991-08-13,0.8,HOLD,6888850.358803323
1991-08-14,0.8,HOLD,7023090.06568098
1991-08-15,0.8,HOLD,6840701.06508559
1991-08-16,0.8,HOLD,6699167.413644575
1991-08-19,0.8,HOLD,6249670.418664049
1991-08-20,0.8,HOLD,6372419.737003191
1991-08-21,0.8,HOLD,7043524.092046046
1991-08-22,0.8,HOLD,6947952.846933764
1991-08-23,0.8,HOLD,7079639.351960114
1991-08-26,0.8,HOLD,7072529.473952028
1991-08-27,0.8,HOLD,7073989.757822907
1991-08-28,0.8,HOLD,7262490.835484363
1991-08-29,0.8,HOLD,7178410.348425499
1991-08-30,0.8,HOLD,7101990.262467698
1991-09-03,0.8,HOLD,6909300.699784481
1991-09-04,0.6000000000000001,TRADE,6755000.300995691
1991-09-05,0.8,TRADE,6706638.149147946
1991-09-06,0.8,HOLD,6659536.1994060725
1991-09-09,0.8,HOLD,6736104.853992208
1991-09-10,0.8,HOLD,6448096.295621572
1991-09-11,0.8,HOLD,6626961.291885774
1991-09-12,0.8,HOLD,6958960.835742998
1991-09-13,0.8,HOLD,6598742.602655453
1991-09-16,0.8,HOLD,6544587.348195821
1991-09-17,0.8,HOLD,6514915.698026148
1991-09-18,0.8,HOLD,6676973.473330498
1991-09-19,0.8,HOLD,6815376.355784118
1991-09-20,0.8,HOLD,6993619.144437201
1991-09-23,0.8,HOLD,6886552.235398763
1991-09-24,0.8,HOLD,7028690.267525351
1991-09-25,0.8,HOLD,7123518.481696763
1991-09-26,0.8,HOLD,7056497.240424727
1991-09-27,0.8,HOLD,6936563.698938841
1991-09-30,0.8,HOLD,7027451.842088981
1991-10-01,0.8,HOLD,7074347.901949508
1991-10-02,0.8,HOLD,6874734.774336403
1991-10-03,0.8,HOLD,6601666.911554312
1991-10-04,0.8,HOLD,6604988.206386637
1991-10-07,0.8,HOLD,6511617.612131228
1991-10-08,0.8,HOLD,6572208.855195924
1991-10-09,0.1,TRADE,6373218.452195154
1991-10-10,0.1,HOLD,6391793.332809204
1991-10-11,0.4,TRADE,6409093.156088546
1991-10-14,0.8,TRADE,6564125.105984438
1991-10-15,0.8,HOLD,6898703.87063218
1991-10-16,0.8,HOLD,7144149.211292726
1991-10-17,0.8,HOLD,6836734.162417042
1991-10-18,0.8,HOLD,6870706.075922231
1991-10-21,0.8,HOLD,6740758.486270029
1991-10-22,0.8,HOLD,6733950.49199251
1991-10-23,0.8,HOLD,6650825.648177388
1991-10-24,0.8,HOLD,6444195.658082277
1991-10-25,0.4,TRADE,6295822.849917255
1991-10-28,0.8,TRADE,6387824.259336844
1991-10-29,0.8,HOLD,6584173.225639788
1991-10-30,0.8,HOLD,6836488.702232652
1991-10-31,0.8,HOLD,6708578.286268372
1991-11-01,0.8,HOLD,6566820.517181703
1991-11-04,0.8,HOLD,6397146.874916565
1991-11-05,0.8,HOLD,6508103.850943783
1991-11-06,0.8,HOLD,6526168.025201127
1991-11-07,0.8,HOLD,6711554.706799949
1991-11-08,0.8,HOLD,6857707.175875334
1991-11-11,0.8,HOLD,6985752.677875543
1991-11-12,0.8,HOLD,7220182.279975602
1991-11-13,0.8,HOLD,7268826.253796939
1991-11-14,0.8,HOLD,7159956.329157388
1991-11-15,0.6000000000000001,TRADE,6189087.157012163
1991-11-18,0.0,TRADE,6348140.040041923
1991-11-19,0.30000000000000004,TRADE,6349023.416954035
1991-11-20,0.6000000000000001,TRADE,6365145.557383834
1991-11-21,0.6000000000000001,HOLD,6500906.297764545
1991-11-22,0.30000000000000004,TRADE,6405153.591906851
1991-11-25,0.30000000000000004,HOLD,6339450.818201808
1991-11-26,0.30000000000000004,HOLD,6361170.953859979
1991-11-27,0.30000000000000004,HOLD,6382446.056731982
1991-11-29,0.30000000000000004,HOLD,6374253.769565645
1991-12-02,0.6000000000000001,TRADE,6556702.167464539
1991-12-03,0.6000000000000001,HOLD,6555769.213228645
1991-12-04,0.6000000000000001,HOLD,6601396.730884888
1991-12-05,0.6000000000000001,HOLD,6568674.196661778
1991-12-06,0.8,TRADE,6639712.635809231
1991-12-09,0.8,HOLD,6617778.039894713
1991-12-10,0.8,HOLD,6645385.374413339
1991-12-11,0.8,HOLD,6563194.4845472155
1991-12-12,0.8,HOLD,6728049.660449211
1991-12-13,0.8,HOLD,6908590.318397508
1991-12-16,0.8,HOLD,7000375.724987884
1991-12-17,0.8,HOLD,6765811.8755102195
1991-12-18,0.8,HOLD,6803502.872122945
1991-12-19,0.8,HOLD,6523003.060481705
1991-12-20,0.8,HOLD,6588703.850508128
1991-12-23,0.8,HOLD,6985795.990278463
1991-12-24,0.8,HOLD,7195467.000681233
1991-12-26,0.8,HOLD,7571113.858596003
1991-12-27,0.8,HOLD,7753895.55965174
1991-12-30,0.8,HOLD,8357139.897047883
1991-12-31,0.8,HOLD,8620029.575093137
1992-01-02,0.8,HOLD,8783362.746211428
1992-01-03,0.8,HOLD,8878193.945226561
1992-01-06,0.8,HOLD,9015916.534123275
1992-01-07,0.8,HOLD,9200939.222313967
1992-01-08,0.8,HOLD,9520408.757619811
1992-01-09,0.8,HOLD,9947435.774380201
1992-01-10,0.8,HOLD,9707270.424436713
1992-01-13,0.8,HOLD,9787853.506166553
1992-01-14,0.8,HOLD,10099480.422673281
1992-01-15,0.8,HOLD,10320355.748884495
1992-01-16,0.8,HOLD,10037615.682854194
1992-01-17,0.8,HOLD,9871956.4153019
1992-01-20,0.8,HOLD,9289268.87254335
1992-01-21,0.8,HOLD,8324771.442063984
1992-01-22,0.8,HOLD,9490135.868961176
1992-01-23,0.8,HOLD,9469567.249937873
1992-01-24,0.8,HOLD,9422669.479206404
1992-01-27,0.8,HOLD,9070782.720577657
1992-01-28,0.8,HOLD,9092228.82960842
1992-01-29,0.6000000000000001,TRADE,8846461.886212572
1992-01-30,0.6000000000000001,HOLD,8896373.77685339
1992-01-31,0.6000000000000001,HOLD,8891213.811008416
1992-02-03,0.6000000000000001,HOLD,9035691.074582256
1992-02-04,0.6000000000000001,HOLD,9300953.480034059
1992-02-05,0.6000000000000001,HOLD,9495742.669116892
1992-02-06,0.6000000000000001,HOLD,9402292.70157094
1992-02-07,0.6000000000000001,HOLD,9286274.59744443
1992-02-10,0.8,TRADE,9207059.010991856
1992-02-11,0.8,HOLD,9151135.676354744
1992-02-12,0.8,HOLD,9885069.254089268
1992-02-13,0.8,HOLD,9464081.728985444
1992-02-14,0.8,HOLD,9257292.704553654
1992-02-18,0.8,HOLD,8732383.237011649
1992-02-19,0.8,HOLD,8700145.486300252
1992-02-20,0.8,HOLD,9140071.231144534
1992-02-21,0.8,HOLD,8950274.066316683
1992-02-24,0.6000000000000001,TRADE,8735134.033626836
1992-02-25,0.8,TRADE,8703793.620978503
1992-02-26,0.8,HOLD,9286591.89976269
1992-02-27,0.6000000000000001,TRADE,9255897.724500842
1992-02-28,0.6000000000000001,HOLD,9181640.45168206
1992-03-02,0.6000000000000001,HOLD,9216507.28279649
1992-03-03,0.8,TRADE,9170489.832935307
1992-03-04,0.8,HOLD,8906932.776589142
1992-03-05,0.8,HOLD,8650125.430249685
1992-03-06,0.4,TRADE,8373588.247904896
1992-03-09,0.4,HOLD,8383476.529713687
1992-03-10,0.4,HOLD,8594384.231119204
1992-03-11,0.4,HOLD,8427636.115351591
1992-03-12,0.4,HOLD,8420195.008285852
1992-03-13,0.4,HOLD,8469136.38548371
1992-03-16,0.4,HOLD,8524738.350556651
1992-03-17,0.8,TRADE,8667827.972178623
1992-03-18,0.4,TRADE,8647734.761711523
1992-03-19,0.8,TRADE,8644485.051464504
1992-03-20,0.8,HOLD,8540095.961636666
1992-03-23,0.4,TRADE,8427954.492661465
1992-03-24,0.4,HOLD,8364622.893954926
1992-03-25,0.4,HOLD,8385091.853253238
1992-03-26,0.4,HOLD,8255333.149557225
1992-03-27,0.30000000000000004,TRADE,7993486.506639024
1992-03-30,0.30000000000000004,HOLD,7952899.378504906
1992-03-31,0.30000000000000004,HOLD,7967903.720223565
1992-04-01,0.30000000000000004,HOLD,7986666.165036714
1992-04-02,0.30000000000000004,HOLD,7848008.62046881
1992-04-03,0.30000000000000004,HOLD,7820593.9077501055
1992-04-06,0.30000000000000004,HOLD,7993270.340234203
1992-04-07,0.2,TRADE,7736615.518298686
1992-04-08,0.2,HOLD,7705457.772025984
1992-04-09,0.30000000000000004,TRADE,7832437.267871827
1992-04-10,0.2,TRADE,7687672.216875251
1992-04-13,0.30000000000000004,TRADE,7750245.634235818
1992-04-14,0.30000000000000004,HOLD,7824622.773783324
1992-04-15,0.30000000000000004,HOLD,7948221.819932195
1992-04-16,0.30000000000000004,HOLD,7789234.715268465
1992-04-20,0.1,TRADE,7538272.081072306
1992-04-21,0.1,HOLD,7522068.463918234
1992-04-22,0.1,HOLD,7550785.137306693
1992-04-23,0.1,HOLD,7536230.828300005
1992-04-24,0.1,HOLD,7509504.148671315
1992-04-27,0.0,TRADE,7481548.191054582
1992-04-28,0.0,HOLD,7482298.863848629
1992-04-29,0.1,TRADE,7483049.622830068
1992-04-30,0.0,TRADE,7519669.073561925
1992-05-01,0.1,TRADE,7520423.582195856
1992-05-04,0.1,HOLD,7545960.007166557
1992-05-05,0.2,TRADE,7576743.465734826
1992-05-06,0.2,HOLD,7581547.148736017
1992-05-07,0.2,HOLD,7547078.4598517595
1992-05-08,0.1,TRADE,7526347.714617252
1992-05-11,0.1,HOLD,7532736.815440031
1992-05-12,0.1,HOLD,7519606.052930898
1992-05-13,0.1,HOLD,7510777.0155354375
1992-05-14,0.1,HOLD,7481207.955555245
1992-05-15,0.0,TRADE,7470996.3859092025
1992-05-18,0.1,TRADE,7473298.738983718
1992-05-19,0.1,HOLD,7487139.325565347
1992-05-20,0.1,HOLD,7510944.378381192
1992-05-21,0.1,HOLD,7499139.032806638
1992-05-22,0.1,HOLD,7502770.403121359
1992-05-26,0.1,HOLD,7486586.658580014
1992-05-27,0.1,HOLD,7503123.099737639
1992-05-28,0.1,HOLD,7532809.350621104
1992-05-29,0.8,TRADE,7558656.932179361
1992-06-01,0.8,HOLD,7768628.245566299
1992-06-02,0.8,HOLD,7664030.849741687
1992-06-03,0.8,HOLD,7667777.710989484
1992-06-04,0.8,HOLD,7583532.30396943
1992-06-05,0.8,HOLD,7426259.302870808
1992-06-08,0.1,TRADE,7253733.879087068
1992-06-09,0.0,TRADE,7216433.895585089
1992-06-10,0.0,HOLD,7217175.12275091
1992-06-11,0.0,HOLD,7217904.9953326695
1992-06-12,0.0,HOLD,7218634.934666996
1992-06-15,0.0,HOLD,7220825.199444586
1992-06-16,0.0,HOLD,7221555.437907017
1992-06-17,0.0,HOLD,7222285.752724029
1992-06-18,0.0,HOLD,7223016.13429361
1992-06-19,0.0,HOLD,7223746.59095983
1992-06-22,0.0,HOLD,7225938.432927447
1992-06-23,0.0,HOLD,7226669.185994466
1992-06-24,0.0,HOLD,7227400.01814564
1992-06-25,0.0,HOLD,7228130.917049385
1992-06-26,0.0,HOLD,7228861.89104977
1992-06-29,0.0,HOLD,7231055.28517685
1992-06-30,0.0,HOLD,7231786.555630363
1992-07-01,0.8,TRADE,7232517.905115725
1992-07-02,0.0,TRADE,6938319.386957259
1992-07-06,0.0,HOLD,6941126.497524523
1992-07-07,0.0,HOLD,6941734.73935591
1992-07-08,0.0,HOLD,6942343.027762202
1992-07-09,0.0,HOLD,6942951.383641764
1992-07-10,0.0,HOLD,6943559.781692121
1992-07-13,0.8,TRADE,6945385.31292063
1992-07-14,0.8,HOLD,7176656.437641544
1992-07-15,0.8,HOLD,7183008.613803632
1992-07-16,0.8,HOLD,7287178.741348876
1992-07-17,0.8,HOLD,6958956.198946484
1992-07-20,0.0,TRADE,6678951.63543711
1992-07-21,0.8,TRADE,6679536.905183547
1992-07-22,0.0,TRADE,6471444.981174522
1992-07-23,0.0,HOLD,6472012.06732366
1992-07-24,0.0,HOLD,6472579.2011311315
1992-07-27,0.0,HOLD,6474280.906291826
1992-07-28,0.8,TRADE,6474848.238709784
1992-07-29,0.8,HOLD,6642500.3024400165
1992-07-30,0.8,HOLD,6683490.901176508
1992-07-31,0.8,HOLD,6680149.993629521
1992-08-03,0.8,HOLD,6774910.914477166
1992-08-04,0.8,HOLD,6684634.216192217
1992-08-05,0.0,TRADE,6449848.299632104
1992-08-06,0.0,HOLD,6450413.491054018
1992-08-07,0.0,HOLD,6450987.289862478
1992-08-10,0.8,TRADE,6452708.994237901
1992-08-11,0.0,TRADE,6363596.774975596
1992-08-12,0.0,HOLD,6364162.8515237775
1992-08-13,0.0,HOLD,6364728.969283396
1992-08-14,0.0,HOLD,6365295.147459291
1992-08-17,0.0,HOLD,6366993.988455917
1992-08-18,0.0,HOLD,6367560.363733961
1992-08-19,0.0,HOLD,6368126.792206884
1992-08-20,0.0,HOLD,6368693.272465187
1992-08-21,0.0,HOLD,6369259.795877973
1992-08-24,0.0,HOLD,6370959.6985727195
1992-08-25,0.0,HOLD,6371526.42775014
1992-08-26,0.0,HOLD,6372093.210090863
1992-08-27,0.0,HOLD,6372660.035586068
1992-08-28,0.0,HOLD,6373226.921497549
1992-08-31,0.0,HOLD,6374927.85999309
1992-09-01,0.0,HOLD,6375494.943068343
1992-09-02,0.8,TRADE,6376062.07927534
1992-09-03,0.8,HOLD,6454543.744603247
1992-09-04,0.8,HOLD,6363035.513706073
1992-09-08,0.8,HOLD,6330643.896999984
1992-09-09,0.8,HOLD,6538202.704292723
1992-09-10,0.8,HOLD,6782640.687797747
1992-09-11,0.8,HOLD,6800041.314998275
1992-09-14,0.8,HOLD,7294793.250583982
1992-09-15,0.8,HOLD,7029261.565635948
1992-09-16,0.8,HOLD,6949854.432281309
1992-09-17,0.8,HOLD,6989728.361935694
1992-09-18,0.8,HOLD,7024416.1689584805
1992-09-21,0.8,HOLD,6987301.592868774
1992-09-22,0.8,HOLD,6718312.556827907
1992-09-23,0.8,HOLD,6796794.424144257
1992-09-24,0.8,HOLD,6885072.330069028
1992-09-25,0.8,HOLD,6496226.034477711
1992-09-28,0.8,HOLD,6375557.309942447
1992-09-29,0.8,HOLD,6512239.171952258
1992-09-30,0.8,HOLD,6638548.778606198
1992-10-01,0.1,TRADE,6423726.108802222
1992-10-02,0.0,TRADE,6395103.769707517
1992-10-05,0.0,HOLD,6396810.563095326
1992-10-06,0.5,TRADE,6397345.626009563
1992-10-07,0.2,TRADE,6315977.360546999
1992-10-08,0.5,TRADE,6352865.195294621
1992-10-09,0.2,TRADE,6267961.240052177
1992-10-12,0.1,TRADE,6299240.555698438
1992-10-13,0.5,TRADE,6311944.219211565
1992-10-14,0.4,TRADE,6294634.0165168345
1992-10-15,0.5,TRADE,6356140.903202871
1992-10-16,0.8,TRADE,6485322.558976719
1992-10-19,0.8,HOLD,6798568.116456096
1992-10-20,0.8,HOLD,6827024.7948584305
1992-10-21,0.8,HOLD,6963422.544998696
1992-10-22,0.8,HOLD,6962985.926803636
1992-10-23,0.8,HOLD,6927114.1203492135
1992-10-26,0.8,HOLD,7015210.076148811
1992-10-27,0.8,HOLD,6843049.085485781
1992-10-28,0.8,HOLD,6982717.840480659
1992-10-29,0.8,HOLD,7211247.176345179
1992-10-30,0.8,HOLD,7105595.352551283
1992-11-02,0.8,HOLD,7166433.654994043
1992-11-03,0.8,HOLD,6932124.843362559
1992-11-04,0.8,HOLD,7023274.699447423
1992-11-05,0.8,HOLD,7478589.361880253
1992-11-06,0.8,HOLD,7568103.765496752
1992-11-09,0.8,HOLD,7701993.281005343
1992-11-10,0.8,HOLD,7914168.019465055
1992-11-11,0.8,HOLD,8112168.68808271
1992-11-12,0.8,HOLD,8047948.905492301
1992-11-13,0.8,HOLD,8144550.412223405
1992-11-16,0.8,HOLD,7914820.478327673
1992-11-17,0.8,HOLD,7544222.573464294
1992-11-18,0.8,HOLD,7879057.683168871
1992-11-19,0.8,HOLD,8017091.167525681
1992-11-20,0.8,HOLD,8134408.699461786
1992-11-23,0.8,HOLD,7816908.698628706
1992-11-24,0.8,HOLD,8187179.060278449
1992-11-25,0.8,HOLD,8166026.789666455
1992-11-27,0.8,HOLD,8143893.080395649
1992-11-30,0.8,HOLD,8238531.873645542
1992-12-01,0.8,HOLD,8337859.328622158
1992-12-02,0.8,HOLD,8269823.629895644
1992-12-03,0.8,HOLD,8459101.988641953
1992-12-04,0.8,HOLD,8675093.043723071
1992-12-07,0.8,HOLD,8885305.287292043
1992-12-08,0.8,HOLD,8803640.721183447
1992-12-09,0.8,HOLD,8629299.49422815
1992-12-10,0.8,HOLD,8426610.118517637
1992-12-11,0.8,HOLD,8203749.947284538
1992-12-14,0.8,HOLD,8114126.097105562
1992-12-15,0.8,HOLD,7968133.0827238085
1992-12-16,0.8,HOLD,8081634.75335329
1992-12-17,0.8,HOLD,8539130.425724104
1992-12-18,0.8,HOLD,8600842.210793715
1992-12-21,0.8,HOLD,8686759.06819169
1992-12-22,0.8,HOLD,8456811.957817666
1992-12-23,0.8,HOLD,8505985.180216705
1992-12-24,0.8,HOLD,8568242.176912691
1992-12-28,0.8,HOLD,8658084.445390968
1992-12-29,0.8,HOLD,8701806.153735913
1992-12-30,0.8,HOLD,8706821.73258053
1992-12-31,0.8,HOLD,8720014.673788313
1993-01-04,0.8,HOLD,8482217.911775174
1993-01-05,0.8,HOLD,8713473.651500795
1993-01-06,0.8,HOLD,9126811.798991965
1993-01-07,0.8,HOLD,8935570.973343413
1993-01-08,0.8,HOLD,9028902.049301399
1993-01-11,0.8,HOLD,9360140.07892716
1993-01-12,0.8,HOLD,9168899.298973288
1993-01-13,0.8,HOLD,9675459.337280342
1993-01-14,0.8,HOLD,10039733.438494826
1993-01-15,0.8,HOLD,9892105.236536916
1993-01-18,0.8,HOLD,9856998.033356706
1993-01-19,0.8,HOLD,9669028.258700244
1993-01-20,0.8,HOLD,9646786.185356295
1993-01-21,0.8,HOLD,9884583.953933204
1993-01-22,0.8,HOLD,9778932.895919625
1993-01-25,0.8,HOLD,9994052.893728986
1993-01-26,0.8,HOLD,9876408.420908768
1993-01-27,0.8,HOLD,9415315.121501885
1993-01-28,0.8,HOLD,9285677.215579566
1993-01-29,0.8,HOLD,9276518.98976029
1993-02-01,0.8,HOLD,9590857.732323168
1993-02-02,0.8,HOLD,9718533.920538746
1993-02-03,0.8,HOLD,9655405.209167955
1993-02-04,0.8,HOLD,9500144.993876148
1993-02-05,0.8,HOLD,9152989.565235253
1993-02-08,0.8,HOLD,8942342.422631359
1993-02-09,0.8,HOLD,8765821.134738503
1993-02-10,0.8,HOLD,9031422.087411495
1993-02-11,0.8,HOLD,8967748.292444557
1993-02-12,0.8,HOLD,8642944.36010405
1993-02-16,0.30000000000000004,TRADE,7770041.404220883
1993-02-17,0.30000000000000004,HOLD,7750036.796163575
1993-02-18,0.30000000000000004,HOLD,7797105.844169235
1993-02-19,0.30000000000000004,HOLD,7789484.960985211
1993-02-22,0.30000000000000004,HOLD,7636783.010816346
1993-02-23,0.30000000000000004,HOLD,7653556.357709467
1993-02-24,0.30000000000000004,HOLD,7826137.13212318
1993-02-25,0.30000000000000004,HOLD,7857271.593950719
1993-02-26,0.30000000000000004,HOLD,7845913.158558286
1993-03-01,0.30000000000000004,HOLD,7804559.167779925
1993-03-02,0.30000000000000004,HOLD,7948418.095099155
1993-03-03,0.30000000000000004,HOLD,8027166.379155552
1993-03-04,0.30000000000000004,HOLD,7931418.2775398195
1993-03-05,0.30000000000000004,HOLD,7931869.478181211
1993-03-08,0.4,TRADE,8013487.753582661
1993-03-09,0.30000000000000004,TRADE,8011919.751479928
1993-03-10,0.4,TRADE,8048900.01566492
1993-03-11,0.4,HOLD,8060736.849052998
1993-03-12,0.4,HOLD,8084740.4331400655
1993-03-15,0.8,TRADE,8129497.928481429
1993-03-16,0.8,HOLD,8089806.848177217
1993-03-17,0.30000000000000004,TRADE,7663853.6670406815
1993-03-18,0.30000000000000004,HOLD,7660461.018096464
1993-03-19,0.30000000000000004,HOLD,7583797.991558678
1993-03-22,0.30000000000000004,HOLD,7543837.1403422635
1993-03-23,0.30000000000000004,HOLD,7519614.680158423
1993-03-24,0.30000000000000004,HOLD,7526271.807710784
1993-03-25,0.30000000000000004,HOLD,7635069.0248925565
1993-03-26,0.30000000000000004,HOLD,7601527.998877693
1993-03-29,0.30000000000000004,HOLD,7578560.792345181
1993-03-30,0.30000000000000004,HOLD,7697407.752776294
1993-03-31,0.30000000000000004,HOLD,7730193.982552953
1993-04-01,0.30000000000000004,HOLD,7629777.940440824
1993-04-02,0.2,TRADE,7377887.683824215
1993-04-05,0.2,HOLD,7424647.574283613
1993-04-06,0.2,HOLD,7369612.217919923
1993-04-07,0.2,HOLD,7429488.889496939
1993-04-08,0.2,HOLD,7381308.013821743
1993-04-12,0.30000000000000004,TRADE,7479292.040469663
1993-04-13,0.2,TRADE,7418523.23644813
1993-04-14,0.30000000000000004,TRADE,7426429.769442949
1993-04-15,0.2,TRADE,7376192.781678431
1993-04-16,0.2,HOLD,7334424.20630346
1993-04-19,0.1,TRADE,7295051.096687167
1993-04-20,0.1,HOLD,7305743.386854258
1993-04-21,0.1,HOLD,7313392.366784862
1993-04-22,0.1,HOLD,7302435.44658453
1993-04-23,0.1,HOLD,7271281.783594463
1993-04-26,0.0,TRADE,7232255.533049488
1993-04-27,0.1,TRADE,7232833.548247654
1993-04-28,0.1,HOLD,7265960.260237645
1993-04-29,0.1,HOLD,7261670.928506315
1993-04-30,0.1,HOLD,7268344.764411163
1993-05-03,0.2,TRADE,7303219.790333788
1993-05-04,0.8,TRADE,7408755.878383949
1993-05-05,0.8,HOLD,7510782.571946738
1993-05-06,0.8,HOLD,7324398.980201039
1993-05-07,0.8,HOLD,7397733.073317006
1993-05-10,0.8,HOLD,7477735.214918692
1993-05-11,0.8,HOLD,7382376.531980315
1993-05-12,0.8,HOLD,7278113.252497654
1993-05-13,0.8,HOLD,7114980.642728591
1993-05-14,0.8,HOLD,7215028.620165104
1993-05-17,0.8,HOLD,7354395.000728525
1993-05-18,0.8,HOLD,7519248.759821376
1993-05-19,0.8,HOLD,7958166.513473524
1993-05-20,0.8,HOLD,8264009.886731382
1993-05-21,0.8,HOLD,8054375.521345759
1993-05-24,0.8,HOLD,8075014.020710555
1993-05-25,0.8,HOLD,8026157.301815525
1993-05-26,0.8,HOLD,8459138.717802014
1993-05-27,0.8,HOLD,8366748.388467807
1993-05-28,0.8,HOLD,8108633.45669557
1993-06-01,0.8,HOLD,8345574.881705488
1993-06-02,0.8,HOLD,8352124.676088722
1993-06-03,0.8,HOLD,8315140.850558188
1993-06-04,0.8,HOLD,8123810.530278948
1993-06-07,0.8,HOLD,7891162.85688979
1993-06-08,0.8,HOLD,7698843.173896843
1993-06-09,0.8,HOLD,7671258.711645679
1993-06-10,0.7000000000000001,TRADE,7633285.551869942
1993-06-11,0.8,TRADE,7789132.065032881
1993-06-14,0.8,HOLD,7996598.579534475
1993-06-15,0.8,HOLD,7986003.007536761
1993-06-16,0.8,HOLD,7880875.595594325
1993-06-17,0.8,HOLD,7826425.061592215
1993-06-18,0.8,HOLD,7512255.589114215
1993-06-21,0.5,TRADE,7505807.456435166
1993-06-22,0.5,HOLD,7452292.405385949
1993-06-23,0.5,HOLD,7412008.483258088
1993-06-24,0.8,TRADE,7500573.036208272
1993-06-25,0.8,HOLD,7719852.716216097
1993-06-28,0.8,HOLD,8038860.940346163
1993-06-29,0.8,HOLD,7904042.695353644
1993-06-30,0.8,HOLD,7911060.641318393
1993-07-01,0.8,HOLD,7783137.230877543
1993-07-02,0.8,HOLD,7805914.77269908
1993-07-06,0.8,HOLD,7627142.30802034
1993-07-07,0.5,TRADE,7475579.594737073
1993-07-08,0.5,HOLD,7563707.384504335
1993-07-09,0.5,HOLD,7618557.613579797
1993-07-12,0.5,HOLD,7631501.498787839
1993-07-13,0.5,HOLD,7601612.1639356585
1993-07-14,0.5,HOLD,7657078.80726922
1993-07-15,0.5,HOLD,7550153.460341013
1993-07-16,0.0,TRADE,7251562.408570439
1993-07-19,0.0,HOLD,7253359.081219545
1993-07-20,0.1,TRADE,7253958.079095971
1993-07-21,0.0,TRADE,7235128.816525123
1993-07-22,0.0,HOLD,7235726.308907377
1993-07-23,0.0,HOLD,7236323.841868631
1993-07-26,0.1,TRADE,7238116.765987281
1993-07-27,0.0,TRADE,7211632.266807097
1993-07-28,0.1,TRADE,7212227.819741897
1993-07-29,0.1,HOLD,7215676.422099309
1993-07-30,0.0,TRADE,7188846.5724703055
1993-08-02,0.0,HOLD,7190627.722577594
1993-08-03,0.1,TRADE,7191221.537750623
1993-08-04,0.1,HOLD,7215026.211452934
1993-08-05,0.8,TRADE,7229505.506247658
1993-08-06,0.8,HOLD,7262696.882844805
1993-08-09,0.8,HOLD,7220662.199925592
1993-08-10,0.1,TRADE,7044235.221023346
1993-08-11,0.8,TRADE,7050908.70509066
1993-08-12,0.8,HOLD,7033806.836044401
1993-08-13,0.8,HOLD,7081385.808636819
1993-08-16,0.8,HOLD,7558694.85752194
1993-08-17,0.8,HOLD,7733774.213351555
1993-08-18,0.8,HOLD,7815787.632996568
1993-08-19,0.8,HOLD,7529725.247148487
1993-08-20,0.8,HOLD,7557760.437208045
1993-08-23,0.8,HOLD,7537166.875197146
1993-08-24,0.8,HOLD,7560548.805734071
1993-08-25,0.8,HOLD,7407105.449033139
1993-08-26,0.8,HOLD,7244820.836940542
1993-08-27,0.8,HOLD,7330556.979370268
1993-08-30,0.8,HOLD,7464918.415106259
1993-08-31,0.8,HOLD,7627434.0004531145
1993-09-01,0.8,HOLD,7701071.617179109
1993-09-02,0.8,HOLD,7719335.005708479
1993-09-03,0.8,HOLD,7673848.230936131
1993-09-07,0.8,HOLD,7319263.897220569
1993-09-08,0.8,HOLD,7228640.186076174
1993-09-09,0.8,HOLD,7392086.515929495
1993-09-10,0.8,HOLD,7503881.255417204
1993-09-13,0.8,HOLD,7352065.305286897
1993-09-14,0.7000000000000001,TRADE,7185592.905191925
1993-09-15,0.8,TRADE,7313514.36735225
1993-09-16,0.8,HOLD,7236346.972821679
1993-09-17,0.8,HOLD,7255788.364117701
1993-09-20,0.8,HOLD,7314112.596715173
1993-09-21,0.8,HOLD,7225904.248134096
1993-09-22,0.8,HOLD,7619359.664183667
1993-09-23,0.8,HOLD,7768532.89916996
1993-09-24,0.8,HOLD,7815576.866414227
1993-09-27,0.8,HOLD,8039056.307421965
1993-09-28,0.8,HOLD,8218132.307756384
1993-09-29,0.8,HOLD,8261495.989633063
1993-09-30,0.8,HOLD,8039415.568080742
1993-10-01,0.8,HOLD,8042295.591966238
1993-10-04,0.8,HOLD,8117181.740257462
1993-10-05,0.8,HOLD,7958127.093010336
1993-10-06,0.8,HOLD,7912242.736069533
1993-10-07,0.8,HOLD,7787231.200931172
1993-10-08,0.8,HOLD,7951585.9619315835
1993-10-11,0.8,HOLD,7916062.286250599
1993-10-12,0.8,HOLD,8011410.817858405
1993-10-13,0.8,HOLD,8201067.9263602225
1993-10-14,0.8,HOLD,8496074.614733199
1993-10-15,0.8,HOLD,8519196.614619661
1993-10-18,0.8,HOLD,8376943.449409757
1993-10-19,0.8,HOLD,7996148.796310251
1993-10-20,0.8,HOLD,8055614.14670253
1993-10-21,0.8,HOLD,8229629.912785206
1993-10-22,0.8,HOLD,8271153.652963345
1993-10-25,0.8,HOLD,8228269.7205675505
1993-10-26,0.8,HOLD,8079336.1986582
1993-10-27,0.8,HOLD,8368362.47129285
1993-10-28,0.8,HOLD,8312817.452523807
1993-10-29,0.8,HOLD,8402645.649427213
1993-11-01,0.8,HOLD,8616005.200585749
1993-11-02,0.8,HOLD,8629466.499513047
1993-11-03,0.8,HOLD,8225669.904113864
1993-11-04,0.8,HOLD,7676500.112681511
1993-11-05,0.8,HOLD,7978867.685622664
1993-11-08,0.8,HOLD,8039033.526747426
1993-11-09,0.8,HOLD,8091598.446648202
1993-11-10,0.8,HOLD,8453311.459713522
1993-11-11,0.8,HOLD,8540379.53356992
1993-11-12,0.8,HOLD,8566262.059094213
1993-11-15,0.8,HOLD,8345802.614284658
1993-11-16,0.8,HOLD,8462313.411895066
1993-11-17,0.8,HOLD,8056216.7451242795
1993-11-18,0.8,HOLD,7846097.891016927
1993-11-19,0.8,HOLD,7785492.628715027
1993-11-22,0.30000000000000004,TRADE,7425640.727828423
1993-11-23,0.8,TRADE,7565812.909582032
1993-11-24,0.8,HOLD,7745456.96902013
1993-11-26,0.8,HOLD,7805984.608483928
1993-11-29,0.4,TRADE,7651475.725044936
1993-11-30,0.8,TRADE,7736544.560364665
1993-12-01,0.8,HOLD,8031561.092017673
1993-12-02,0.8,HOLD,8188847.1720874645
1993-12-03,0.8,HOLD,8468752.231751721
1993-12-06,0.8,HOLD,8323629.906496061
1993-12-07,0.8,HOLD,8218839.57941324
1993-12-08,0.8,HOLD,8107141.151741638
1993-12-09,0.8,HOLD,7728185.192305268
1993-12-10,0.8,HOLD,7712336.824684043
1993-12-13,0.8,HOLD,7749847.899956086
1993-12-14,0.4,TRADE,7510781.238911888
1993-12-15,0.4,HOLD,7559887.196374806
1993-12-16,0.4,HOLD,7588532.483751336
1993-12-17,0.8,TRADE,7656341.79226058
1993-12-20,0.8,HOLD,7686758.739763925
1993-12-21,0.8,HOLD,7627628.09340526
1993-12-22,0.8,HOLD,7620555.502183959
1993-12-23,0.8,HOLD,7708711.052491657
1993-12-27,0.8,HOLD,7779458.081618939
1993-12-28,0.8,HOLD,7916285.837085685
1993-12-29,0.8,HOLD,7945188.386364453
1993-12-30,0.8,HOLD,8057468.465227267
1993-12-31,0.8,HOLD,8082561.908816919
1994-01-03,0.8,HOLD,7944954.519371375
1994-01-04,0.8,HOLD,8072471.148274761
1994-01-05,0.8,HOLD,8212261.635064303
1994-01-06,0.8,HOLD,8366865.396587302
1994-01-07,0.8,HOLD,8393651.853298286
1994-01-10,0.8,HOLD,8601828.596824503
1994-01-11,0.8,HOLD,8544391.10065185
1994-01-12,0.8,HOLD,8574140.259343203
1994-01-13,0.8,HOLD,8547599.02107091
1994-01-14,0.8,HOLD,8738601.169118926
1994-01-17,0.8,HOLD,8686064.655554602
1994-01-18,0.8,HOLD,8692112.649162253
1994-01-19,0.8,HOLD,8450990.746180804
1994-01-20,0.8,HOLD,8711826.916334711
1994-01-21,0.8,HOLD,8712372.869527392
1994-01-24,0.8,HOLD,8587039.94563025
1994-01-25,0.8,HOLD,8442415.941666672
1994-01-26,0.8,HOLD,8476397.59905282
1994-01-27,0.8,HOLD,8614072.120817116
1994-01-28,0.8,HOLD,8745821.346418852
1994-01-31,0.8,HOLD,8820679.323305132
1994-02-01,0.8,HOLD,8619341.745130016
1994-02-02,0.8,HOLD,8697763.266029868
1994-02-03,0.8,HOLD,8605197.395748012
1994-02-04,0.8,HOLD,7952690.12062644
1994-02-07,0.8,HOLD,8054635.416706936
1994-02-08,0.8,HOLD,8142368.191626659
1994-02-09,0.8,HOLD,8260997.214667791
1994-02-10,0.8,HOLD,8129070.452008384
1994-02-11,0.8,HOLD,8152471.362951485
1994-02-14,0.8,HOLD,8312400.216640905
1994-02-15,0.8,HOLD,8469120.551328778
1994-02-16,0.8,HOLD,8490405.330696441
1994-02-17,0.8,HOLD,8419001.404994445
1994-02-18,0.8,HOLD,8444518.56543047
1994-02-22,0.8,HOLD,8571558.237805817
1994-02-23,0.8,HOLD,8488726.995281106
1994-02-24,0.8,HOLD,8173962.357274672
1994-02-25,0.8,HOLD,8352691.069610111
1994-02-28,0.8,HOLD,8638321.470108742
1994-03-01,0.8,HOLD,8507664.60265614
1994-03-02,0.8,HOLD,8428219.318113618
1994-03-03,0.8,HOLD,8425379.784947168
1994-03-04,0.8,HOLD,8616382.414238624
1994-03-07,0.8,HOLD,8784776.610282728
1994-03-08,0.8,HOLD,8607987.072338182
1994-03-09,0.8,HOLD,8662707.713412207
1994-03-10,0.8,HOLD,8488880.848144209
1994-03-11,0.8,HOLD,8469535.184218554
1994-03-14,0.8,HOLD,8644701.3652622
1994-03-15,0.8,HOLD,8637206.352677448
1994-03-16,0.8,HOLD,8762607.498243544
1994-03-17,0.8,HOLD,8923983.725652395
1994-03-18,0.8,HOLD,8872048.947804648
1994-03-21,0.8,HOLD,8631174.209017793
1994-03-22,0.8,HOLD,8509405.507303238
1994-03-23,0.8,HOLD,8498101.448267441
1994-03-24,0.4,TRADE,8161328.806591764
1994-03-25,0.30000000000000004,TRADE,8061928.266720582
1994-03-28,0.30000000000000004,HOLD,7954629.726181628
1994-03-29,0.0,TRADE,7762245.07741641
1994-03-30,0.0,HOLD,7762943.8034759015
1994-03-31,0.0,HOLD,7763642.595917586
1994-04-04,0.0,HOLD,7766438.376960517
1994-04-05,0.1,TRADE,7767137.480890561
1994-04-06,0.1,HOLD,7764175.250689572
1994-04-07,0.2,TRADE,7777752.171842846
1994-04-08,0.1,TRADE,7705274.18868093
1994-04-11,0.0,TRADE,7700688.028295631
1994-04-12,0.0,HOLD,7701426.079899825
1994-04-13,0.0,HOLD,7702164.206899439
1994-04-14,0.0,HOLD,7702902.4010198135
1994-04-15,0.0,HOLD,7703640.670651043
1994-04-18,0.0,HOLD,7705855.918381186
1994-04-19,0.0,HOLD,7706594.468541798
1994-04-20,0.0,HOLD,7707333.090558418
1994-04-21,0.0,HOLD,7708071.779695797
1994-04-22,0.0,HOLD,7708810.544344031
1994-04-25,0.0,HOLD,7711027.2772673955
1994-04-26,0.0,HOLD,7711766.322492421
1994-04-28,0.0,HOLD,7713244.627398731
1994-04-29,0.0,HOLD,7713983.888926515
1994-05-02,0.0,HOLD,7716202.081867143
1994-05-03,0.0,HOLD,7716941.624951387
1994-05-04,0.0,HOLD,7717772.923958285
1994-05-05,0.0,HOLD,7718604.30686613
1994-05-06,0.0,HOLD,7719435.7736749295
1994-05-09,0.0,HOLD,7721930.744893395
1994-05-10,0.0,HOLD,7722762.575374383
1994-05-11,0.0,HOLD,7723594.495249557
1994-05-12,0.0,HOLD,7724426.507415776
1994-05-13,0.0,HOLD,7725258.603482947
1994-05-16,0.0,HOLD,7727755.462680541
1994-05-17,0.0,HOLD,7728587.919691216
1994-05-18,0.0,HOLD,7729420.468825397
1994-05-19,0.0,HOLD,7730253.110250623
1994-05-20,0.0,HOLD,7731085.835576799
1994-05-23,0.0,HOLD,7733584.5575795695
1994-05-24,0.0,HOLD,7734417.643915407
1994-05-25,0.8,TRADE,7735250.822306814
1994-05-26,0.0,TRADE,7612888.792943357
1994-05-27,0.8,TRADE,7613708.8798239045
1994-05-31,0.8,HOLD,7710443.476668568
1994-06-01,0.8,HOLD,7726620.640845655
1994-06-02,0.8,HOLD,7794339.854552368
1994-06-03,0.8,HOLD,7896587.243198824
1994-06-06,0.8,HOLD,7895078.140279863
1994-06-07,0.8,HOLD,7752125.642312951
1994-06-08,0.0,TRADE,7307927.500145665
1994-06-09,0.0,HOLD,7308714.735534212
1994-06-10,0.8,TRADE,7309548.214858741
1994-06-13,0.8,HOLD,7178679.506239869
1994-06-14,0.8,HOLD,7429775.657346269
1994-06-15,0.8,HOLD,7446179.055170802
1994-06-16,0.0,TRADE,7444869.809955619
1994-06-17,0.0,HOLD,7445718.816283673
1994-06-20,0.0,HOLD,7448266.408368221
1994-06-21,0.0,HOLD,7449115.797934337
1994-06-22,0.0,HOLD,7449965.280015574
1994-06-23,0.0,HOLD,7450814.863844393
1994-06-24,0.0,HOLD,7451664.540941828
1994-06-27,0.0,HOLD,7454214.168211196
1994-06-28,0.0,HOLD,7455064.2361722635
1994-06-29,0.0,HOLD,7455914.396571086
1994-06-30,0.0,HOLD,7456764.65871749
1994-07-01,0.0,HOLD,7457615.014132512
1994-07-05,0.0,HOLD,7461017.4247376425
1994-07-06,0.0,HOLD,7461870.229827004
1994-07-07,0.0,HOLD,7462723.128259508
1994-07-08,0.0,HOLD,7463576.128439513
1994-07-11,0.0,HOLD,7466135.701324349
1994-07-12,0.0,HOLD,7466989.090143185
1994-07-13,0.8,TRADE,7467842.582102139
1994-07-14,0.0,TRADE,7386533.743434115
1994-07-15,0.0,HOLD,7387378.039184176
1994-07-18,0.0,HOLD,7389911.498057941
1994-07-19,0.0,HOLD,7390756.174248799
1994-07-20,0.0,HOLD,7391600.946625811
1994-07-21,0.0,HOLD,7392445.821030526
1994-07-22,0.0,HOLD,7393290.788960635
1994-07-25,0.0,HOLD,7395826.263112611
1994-07-26,0.0,HOLD,7396671.613896987
1994-07-27,0.0,HOLD,7397517.066458795
1994-07-28,0.0,HOLD,7398362.612545998
1994-07-29,0.8,TRADE,7399208.252158594
1994-08-01,0.8,HOLD,7561177.164837709
1994-08-02,0.8,HOLD,7519387.6476645395
1994-08-03,0.8,HOLD,7405365.412475485
1994-08-04,0.8,HOLD,7262131.427845201
1994-08-05,0.0,TRADE,7241055.7683826415
1994-08-08,0.8,TRADE,7243539.030089443
1994-08-09,0.8,HOLD,7324349.441099935
1994-08-10,0.8,HOLD,7477371.247942745
1994-08-11,0.8,HOLD,7501783.030175131
1994-08-12,0.8,HOLD,7618962.731596788
1994-08-15,0.8,HOLD,7622622.323503403
1994-08-16,0.8,HOLD,7789348.592854993
1994-08-17,0.8,HOLD,8105241.448040808
1994-08-18,0.8,HOLD,8036885.462579441
1994-08-19,0.8,HOLD,7956406.418189857
1994-08-22,0.8,HOLD,7887327.9406778775
1994-08-23,0.8,HOLD,8082517.221157758
1994-08-24,0.8,HOLD,8167544.63903849
1994-08-25,0.8,HOLD,8322675.091414515
1994-08-26,0.8,HOLD,8728700.565722648
1994-08-29,0.8,HOLD,8680706.10005325
1994-08-30,0.8,HOLD,8857447.351296205
1994-08-31,0.8,HOLD,8641506.316442143
1994-09-01,0.8,HOLD,8297482.347365521
1994-09-02,0.8,HOLD,8283944.041934822
1994-09-06,0.8,HOLD,8401095.371294823
1994-09-07,0.8,HOLD,8575728.413008323
1994-09-08,0.8,HOLD,8771445.087406596
1994-09-09,0.8,HOLD,8444288.161160735
1994-09-12,0.8,HOLD,8273482.44296937
1994-09-13,0.8,HOLD,8532450.053434063
1994-09-14,0.8,HOLD,8588487.901087146
1994-09-15,0.8,HOLD,9085700.384313138
1994-09-16,0.8,HOLD,8934591.765424931
1994-09-19,0.8,HOLD,8898721.573985938
1994-09-20,0.5,TRADE,8506732.744682612
1994-09-21,0.5,HOLD,8404199.494082605
1994-09-22,0.5,HOLD,8397743.001570076
1994-09-23,0.5,HOLD,8290492.884774897
1994-09-26,0.5,HOLD,8250138.547058044
1994-09-27,0.5,HOLD,8261806.176847763
1994-09-28,0.8,TRADE,8342153.482021036
1994-09-29,0.8,HOLD,8300803.341652673
1994-09-30,0.8,HOLD,8431413.545803258
1994-10-03,0.8,HOLD,8370744.5098096
1994-10-04,0.2,TRADE,7855594.473614425
1994-10-05,0.5,TRADE,7908246.275996696
1994-10-06,0.2,TRADE,7780157.598160436
1994-10-07,0.8,TRADE,7835210.6955028
1994-10-10,0.8,HOLD,8098952.065470816
1994-10-11,0.8,HOLD,8467147.796508912
1994-10-12,0.8,HOLD,8441388.013693035
1994-10-13,0.8,HOLD,8438532.647817547
1994-10-14,0.8,HOLD,8380706.766759807
1994-10-17,0.8,HOLD,8277978.395812664
1994-10-18,0.8,HOLD,8333147.6149093285
1994-10-19,0.8,HOLD,8622450.642025735
1994-10-20,0.8,HOLD,8580403.49290499
1994-10-21,0.8,HOLD,8448265.761194995
1994-10-24,0.8,HOLD,8356226.63480235
1994-10-25,0.8,HOLD,8337084.00333596
1994-10-26,0.8,HOLD,8606536.73375125
1994-10-27,0.8,HOLD,8696826.246811973
1994-10-28,0.8,HOLD,9020740.581436642
1994-10-31,0.8,HOLD,9083433.87517557
1994-11-01,0.8,HOLD,8916685.339536857
1994-11-02,0.8,HOLD,8851225.139512584
1994-11-03,0.8,HOLD,8808160.37001115
1994-11-04,0.8,HOLD,8447997.045885911
1994-11-07,0.8,HOLD,8379881.342430653
1994-11-08,0.8,HOLD,8746041.8325291
1994-11-09,0.8,HOLD,8788995.930205911
1994-11-10,0.8,HOLD,8669074.378076276
1994-11-11,0.8,HOLD,8595470.621265706
1994-11-14,0.8,HOLD,8976790.513395691
1994-11-15,0.8,HOLD,8952049.560052013
1994-11-16,0.8,HOLD,8999075.726267502
1994-11-17,0.8,HOLD,8901549.756140286
1994-11-18,0.8,HOLD,8975552.256537206
1994-11-21,0.8,HOLD,8802586.397322675
1994-11-22,0.8,HOLD,8198110.014950487
1994-11-23,0.8,HOLD,8156572.709685486
1994-11-25,0.8,HOLD,8352422.768473265
1994-11-28,0.8,HOLD,8483831.357706416
1994-11-29,0.8,HOLD,8751249.000206634
1994-11-30,0.8,HOLD,8522404.845628321
1994-12-01,0.8,HOLD,8150535.51420555
1994-12-02,0.8,HOLD,8364509.651720492
1994-12-05,0.8,HOLD,8395648.434708325
1994-12-06,0.8,HOLD,8253332.13431087
1994-12-07,0.6000000000000001,TRADE,8038230.791946769
1994-12-08,0.2,TRADE,7690504.624467529
1994-12-09,0.30000000000000004,TRADE,7718325.198143572
1994-12-12,0.30000000000000004,HOLD,7723663.354242025
1994-12-13,0.2,TRADE,7699131.615201828
1994-12-14,0.30000000000000004,TRADE,7748296.773872953
1994-12-15,0.30000000000000004,HOLD,7784411.391839042
1994-12-16,0.30000000000000004,HOLD,7753482.68153543
1994-12-19,0.30000000000000004,HOLD,7726411.215983076
1994-12-20,0.30000000000000004,HOLD,7729289.580116031
1994-12-21,0.30000000000000004,HOLD,7855809.064315277
1994-12-22,0.8,TRADE,7891924.485948289
1994-12-23,0.8,HOLD,7953039.064356249
1994-12-27,0.8,HOLD,8087904.561938043
1994-12-28,0.4,TRADE,7902069.409727955
1994-12-29,0.8,TRADE,8044484.647730596
1994-12-30,0.8,HOLD,7944592.56484621
1995-01-03,0.30000000000000004,TRADE,7647048.711480975
1995-01-04,0.4,TRADE,7675236.659943394
1995-01-05,0.30000000000000004,TRADE,7636558.2832053155
1995-01-06,0.8,TRADE,7697723.762711543
1995-01-09,0.8,HOLD,7784319.09152749
1995-01-10,0.8,HOLD,7969137.332760269
1995-01-11,0.8,HOLD,7943395.361343207
1995-01-12,0.8,HOLD,7950700.994610637
1995-01-13,0.8,HOLD,8096334.355172921
1995-01-16,0.8,HOLD,8245248.64672954
1995-01-17,0.8,HOLD,8399380.084738825
1995-01-18,0.8,HOLD,8512910.2524544
1995-01-19,0.8,HOLD,8438069.29169464
1995-01-20,0.8,HOLD,8053053.293799482
1995-01-23,0.8,HOLD,8133984.693012183
1995-01-24,0.8,HOLD,8212579.051583819
1995-01-25,0.8,HOLD,8077308.440360121
1995-01-26,0.8,HOLD,7865084.229550457
1995-01-27,0.8,HOLD,7895523.652361389
1995-01-30,0.30000000000000004,TRADE,7634649.419517998
1995-01-31,0.7000000000000001,TRADE,7696153.270359168
1995-02-01,0.7000000000000001,HOLD,7762401.199413385
1995-02-02,0.8,TRADE,7924267.394340085
1995-02-03,0.8,HOLD,8151433.769684431
1995-02-06,0.8,HOLD,8375392.793879242
1995-02-07,0.8,HOLD,8354035.906537011
1995-02-08,0.8,HOLD,8596361.922343718
1995-02-09,0.8,HOLD,8630589.820203736
1995-02-10,0.8,HOLD,8842137.591070056
1995-02-13,0.8,HOLD,8737642.19840787
1995-02-14,0.8,HOLD,8785651.603422975
1995-02-15,0.8,HOLD,8916808.428377673
1995-02-16,0.8,HOLD,8829760.823382154
1995-02-17,0.8,HOLD,8564015.280958217
1995-02-21,0.8,HOLD,8519474.083586553
1995-02-22,0.8,HOLD,8730562.891042834
1995-02-23,0.8,HOLD,8817619.721676717
1995-02-24,0.8,HOLD,8682337.722021487
1995-02-27,0.8,HOLD,8496993.284122657
1995-02-28,0.8,HOLD,8871161.425145485
1995-03-01,0.8,HOLD,8730826.442409031
1995-03-02,0.8,HOLD,8821099.159896348
1995-03-03,0.8,HOLD,9068019.748598699
1995-03-06,0.8,HOLD,9093530.456724828
1995-03-07,0.8,HOLD,8825948.025553387
1995-03-08,0.8,HOLD,9067356.253533162
1995-03-09,0.8,HOLD,9063916.138112042
1995-03-10,0.8,HOLD,9303027.546274545
1995-03-13,0.8,HOLD,9250444.7524202
1995-03-14,0.8,HOLD,9529981.547365725
1995-03-15,0.8,HOLD,9381837.62659624
1995-03-16,0.8,HOLD,9435819.981284413
1995-03-17,0.8,HOLD,9392414.272820298
1995-03-20,0.8,HOLD,9529555.246774454
1995-03-21,0.8,HOLD,9552759.460974354
1995-03-22,0.8,HOLD,9548860.418501694
1995-03-23,0.8,HOLD,9634540.085631875
1995-03-24,0.8,HOLD,9985280.789595403
1995-03-27,0.8,HOLD,10074647.199189888
1995-03-28,0.8,HOLD,10260471.404700035
1995-03-29,0.8,HOLD,9766416.471407827
1995-03-30,0.8,HOLD,9574632.178396594
1995-03-31,0.8,HOLD,9502745.531146653
1995-04-03,0.8,HOLD,9570062.53505216
1995-04-04,0.8,HOLD,9211983.645022407
1995-04-05,0.8,HOLD,9352789.102248015
1995-04-06,0.8,HOLD,9100367.180368407
1995-04-07,0.8,HOLD,9305485.60195786
1995-04-10,0.8,HOLD,9580442.11090887
1995-04-11,0.8,HOLD,9787857.560798105
1995-04-12,0.8,HOLD,9981032.333081352
1995-04-13,0.8,HOLD,10083709.709650096
1995-04-17,0.8,HOLD,9976241.383290518
1995-04-18,0.8,HOLD,9772054.550291652
1995-04-19,0.8,HOLD,9423163.738853615
1995-04-20,0.8,HOLD,9521247.581092274
1995-04-21,0.8,HOLD,9640462.837908234
1995-04-24,0.8,HOLD,9907152.009209458
1995-04-25,0.8,HOLD,10049795.674331121
1995-04-26,0.8,HOLD,10261805.425151782
1995-04-27,0.8,HOLD,10386992.80288959
1995-04-28,0.8,HOLD,10621052.75885339
1995-05-01,0.8,HOLD,10414124.13046235
1995-05-02,0.8,HOLD,10371638.778440904
1995-05-03,0.8,HOLD,10906591.381032169
1995-05-04,0.8,HOLD,10852621.653358432
1995-05-05,0.8,HOLD,10625466.52249022
1995-05-08,0.8,HOLD,10993679.658136299
1995-05-09,0.8,HOLD,10942466.372089367
1995-05-10,0.8,HOLD,10753899.152830742
1995-05-11,0.8,HOLD,11136797.976566551
1995-05-12,0.8,HOLD,11347430.152783882
1995-05-15,0.8,HOLD,11533271.028107679
1995-05-16,0.8,HOLD,11815566.284159338
1995-05-17,0.8,HOLD,12037683.08078898
1995-05-18,0.8,HOLD,11610239.67499085
1995-05-19,0.8,HOLD,11718430.842271406
1995-05-22,0.8,HOLD,12036573.264705
1995-05-23,0.8,HOLD,12537991.985937616
1995-05-24,0.8,HOLD,12361369.07993581
1995-05-25,0.8,HOLD,12430053.964827854
1995-05-26,0.8,HOLD,12061870.577975726
1995-05-30,0.8,HOLD,11173465.968056364
1995-05-31,0.8,HOLD,11526505.933818929
1995-06-01,0.8,HOLD,11695335.428847296
1995-06-02,0.8,HOLD,11793880.152497154
1995-06-05,0.8,HOLD,12294856.419475162
1995-06-06,0.8,HOLD,11924835.907118313
1995-06-07,0.8,HOLD,12045890.319402078
1995-06-08,0.8,HOLD,12273979.798843611
1995-06-09,0.8,HOLD,12239305.20037889
1995-06-12,0.8,HOLD,12315357.721132677
1995-06-13,0.8,HOLD,12542069.242725419
1995-06-14,0.8,HOLD,12585948.427111149
1995-06-15,0.8,HOLD,12963795.321752008
1995-06-16,0.8,HOLD,13328779.672582062
1995-06-19,0.8,HOLD,14202772.20461122
1995-06-20,0.8,HOLD,14837411.476403162
1995-06-21,0.8,HOLD,14534001.275007274
1995-06-22,0.8,HOLD,15289916.361622402
1995-06-23,0.8,HOLD,15177148.025874304
1995-06-26,0.8,HOLD,14560460.270891635
1995-06-27,0.8,HOLD,13927217.005916478
1995-06-28,0.8,HOLD,14117178.829523146
1995-06-29,0.8,HOLD,14503295.017469052
1995-06-30,0.8,HOLD,14627565.883257525
1995-07-03,0.8,HOLD,14689379.907885388
1995-07-05,0.8,HOLD,15004072.362653596
1995-07-06,0.8,HOLD,15771013.010002248
1995-07-07,0.8,HOLD,16812661.628945164
1995-07-10,0.8,HOLD,17286538.298369534
1995-07-11,0.8,HOLD,16493432.045465816
1995-07-12,0.8,HOLD,17729857.036436226
1995-07-13,0.8,HOLD,18015829.353194144
1995-07-14,0.8,HOLD,18563647.062623806
1995-07-17,0.8,HOLD,19163393.9957731
1995-07-18,0.8,HOLD,17527329.69033091
1995-07-19,0.8,HOLD,14933922.043408034
1995-07-20,0.0,TRADE,15161094.246375065
1995-07-21,0.8,TRADE,15163330.186303856
1995-07-24,0.8,HOLD,16145451.024898253
1995-07-25,0.8,HOLD,16842635.772313826
1995-07-26,0.8,HOLD,17134225.913058996
1995-07-27,0.8,HOLD,17670175.423105452
1995-07-28,0.8,HOLD,16905799.339026354
1995-07-31,0.2,TRADE,16515750.091220513
1995-08-01,0.1,TRADE,16347361.442898888
1995-08-02,0.1,HOLD,16281586.387085019
1995-08-03,0.1,HOLD,16295748.347303404
1995-08-04,0.1,HOLD,16361510.2892819
1995-08-07,0.6000000000000001,TRADE,16394331.029336046
1995-08-08,0.8,TRADE,16498008.403105466
1995-08-09,0.8,HOLD,17175622.456886824
1995-08-10,0.8,HOLD,16753299.656463403
1995-08-11,0.8,HOLD,17163666.830689143
1995-08-14,0.8,HOLD,17814269.782036982
1995-08-15,0.8,HOLD,17756223.058569264
1995-08-16,0.8,HOLD,18667626.529033143
1995-08-17,0.8,HOLD,18648056.84129616
1995-08-18,0.8,HOLD,18581645.81016612
1995-08-21,0.8,HOLD,17294604.831208725
1995-08-22,0.8,HOLD,18038717.97728841
1995-08-23,0.8,HOLD,18186021.314349767
1995-08-24,0.8,HOLD,17562532.422842126
1995-08-25,0.8,HOLD,17330922.279661346
1995-08-28,0.8,HOLD,16305693.007903337
1995-08-29,0.8,HOLD,16351785.882353202
1995-08-30,0.8,HOLD,16760063.39031183
1995-08-31,0.8,HOLD,17030744.30251896
1995-09-01,0.8,HOLD,16769440.586180083
1995-09-05,0.8,HOLD,18324343.56842618
1995-09-06,0.8,HOLD,18222802.94196375
1995-09-07,0.8,HOLD,18593022.4152716
1995-09-08,0.8,HOLD,18977461.683069795
1995-09-11,0.8,HOLD,19396373.392124753
1995-09-12,0.8,HOLD,19090320.242430307
1995-09-13,0.8,HOLD,19215877.403447457
1995-09-14,0.8,HOLD,18926553.48770127
1995-09-15,0.8,HOLD,17747242.65716754
1995-09-18,0.8,HOLD,17896817.826615162
1995-09-19,0.8,HOLD,18620858.24749462
1995-09-20,0.8,HOLD,18778619.428504962
1995-09-21,0.8,HOLD,18129202.634879213
1995-09-22,0.8,HOLD,17956564.664842915
1995-09-25,0.8,HOLD,17601341.512260426
1995-09-26,0.4,TRADE,17072374.474507786
1995-09-27,0.8,TRADE,16909615.702942424
1995-09-28,0.8,HOLD,18256534.87451921
1995-09-29,0.8,HOLD,17472318.617871195
1995-10-02,0.8,HOLD,16656246.853776122
1995-10-03,0.8,HOLD,16600260.241094764
1995-10-04,0.30000000000000004,TRADE,15613219.65134038
1995-10-05,0.6000000000000001,TRADE,15958297.837700766
1995-10-06,0.6000000000000001,HOLD,15686705.20858216
1995-10-09,0.30000000000000004,TRADE,14676586.911236573
1995-10-10,0.30000000000000004,HOLD,14768200.048575481
1995-10-11,0.30000000000000004,HOLD,15099530.115074825
1995-10-12,0.30000000000000004,HOLD,15323175.828154981
1995-10-13,0.30000000000000004,HOLD,15240108.625413854
1995-10-16,0.30000000000000004,HOLD,15202029.094442513
1995-10-17,0.8,TRADE,15744971.448131789
1995-10-18,0.8,HOLD,16286154.84877501
1995-10-19,0.8,HOLD,16496281.988016553
1995-10-20,0.8,HOLD,15864440.184020977
1995-10-23,0.8,HOLD,15948466.198392842
1995-10-24,0.8,HOLD,16004000.20330616
1995-10-25,0.6000000000000001,TRADE,15355191.1904076
1995-10-26,0.6000000000000001,HOLD,15263040.249410199
1995-10-27,0.8,TRADE,15778416.391206374
1995-10-30,0.8,HOLD,16638865.60772514
1995-10-31,0.8,HOLD,16077626.860129325
1995-11-01,0.8,HOLD,16208657.930311872
1995-11-02,0.8,HOLD,17099843.028040104
1995-11-03,0.8,HOLD,17570295.29570332
1995-11-06,0.8,HOLD,17147286.920880914
1995-11-07,0.8,HOLD,15811721.114445131
1995-11-08,0.8,HOLD,15963640.15443687
1995-11-09,0.8,HOLD,17126735.602085672
1995-11-10,0.8,HOLD,16892609.971721973
1995-11-13,0.8,HOLD,16531519.52695907
1995-11-14,0.6000000000000001,TRADE,15427581.133186132
1995-11-15,0.8,TRADE,15508204.510365184
1995-11-16,0.8,HOLD,15390080.85392412
1995-11-17,0.30000000000000004,TRADE,15203865.398228914
1995-11-20,0.30000000000000004,HOLD,14807998.060602484
1995-11-21,0.30000000000000004,HOLD,14862946.901515827
1995-11-22,0.30000000000000004,HOLD,14748394.87185777
1995-11-24,0.30000000000000004,HOLD,14949813.157518916
1995-11-27,0.30000000000000004,HOLD,14854207.096010733
1995-11-28,0.6000000000000001,TRADE,15381843.049934119
1995-11-29,0.8,TRADE,15451159.306046288
1995-11-30,0.6000000000000001,TRADE,15082571.720321454
1995-12-01,0.6000000000000001,HOLD,14772079.934303511
1995-12-04,0.6000000000000001,HOLD,15260542.898887273
1995-12-05,0.6000000000000001,HOLD,14943382.581883285
1995-12-06,0.6000000000000001,HOLD,14882884.261758689
1995-12-07,0.6000000000000001,HOLD,14750753.067464627
1995-12-08,0.8,TRADE,15292359.383233195
1995-12-11,0.8,HOLD,15087100.62102195
1995-12-12,0.6000000000000001,TRADE,14410985.275164973
1995-12-13,0.6000000000000001,HOLD,14517988.568718776
1995-12-14,0.30000000000000004,TRADE,13564400.673282862
1995-12-15,0.2,TRADE,13498800.618533008
1995-12-18,0.1,TRADE,13282997.243147325
1995-12-19,0.0,TRADE,13480183.542475913
1995-12-20,0.0,HOLD,13482196.031787217
1995-12-21,0.0,HOLD,13484208.840842096
1995-12-22,0.2,TRADE,13486221.945077058
1995-12-26,0.30000000000000004,TRADE,13490006.279005922
1995-12-27,0.2,TRADE,13391273.069464806
1995-12-28,0.30000000000000004,TRADE,13275035.756399639
1995-12-29,0.30000000000000004,HOLD,13363427.168603284
1996-01-02,0.30000000000000004,HOLD,13572503.469949197
1996-01-03,0.1,TRADE,13272961.651221536
1996-01-04,0.1,HOLD,13212748.216590451
1996-01-05,0.0,TRADE,13225040.177075839
1996-01-08,0.0,HOLD,13230923.131095925
1996-01-09,0.0,HOLD,13232884.690317556
1996-01-10,0.0,HOLD,13234846.542831002
1996-01-11,0.0,HOLD,13236808.683367426
1996-01-12,0.0,HOLD,13238771.11192683
1996-01-15,0.0,HOLD,13244660.158674935
1996-01-16,0.0,HOLD,13246623.755694874
1996-01-17,0.0,HOLD,13248587.640370635
1996-01-18,0.0,HOLD,13250551.821070014
1996-01-19,0.0,HOLD,13252516.289792368
1996-01-22,0.0,HOLD,13258411.457937816
1996-01-23,0.0,HOLD,13260377.092756718
1996-01-24,0.8,TRADE,13262343.017596403
1996-01-25,0.8,HOLD,12717291.543690594
1996-01-26,0.8,HOLD,12965213.027754242
1996-01-29,0.8,HOLD,12917108.324738532
1996-01-30,0.8,HOLD,13326861.246104725
1996-01-31,0.8,HOLD,13750958.355261352
1996-02-01,0.8,HOLD,14311508.651609503
1996-02-02,0.8,HOLD,14279536.120712621
1996-02-05,0.8,HOLD,15089138.02437165
1996-02-06,0.8,HOLD,15309475.285991028
1996-02-07,0.8,HOLD,15050203.765027557
1996-02-08,0.8,HOLD,15571767.861844953
1996-02-09,0.8,HOLD,15516624.45368838
1996-02-12,0.8,HOLD,15652421.298215792
1996-02-13,0.8,HOLD,15225434.152790936
1996-02-14,0.8,HOLD,15161463.880289868
1996-02-15,0.8,HOLD,15315965.791681416
1996-02-16,0.8,HOLD,15236915.910307668
1996-02-20,0.8,HOLD,15097260.10146068
1996-02-21,0.8,HOLD,15723279.64466248
1996-02-22,0.8,HOLD,16724453.401158504
1996-02-23,0.8,HOLD,16664161.637141593
1996-02-26,0.8,HOLD,16352718.338651618
1996-02-27,0.8,HOLD,15906974.304787291
1996-02-28,0.8,HOLD,15922081.462758545
1996-02-29,0.8,HOLD,15373354.052612234
1996-03-01,0.8,HOLD,14261159.872547988
1996-03-04,0.8,HOLD,14068884.418420097
1996-03-05,0.8,HOLD,14881378.40605253
1996-03-06,0.8,HOLD,14397016.031073984
1996-03-07,0.8,HOLD,14490464.672719803
1996-03-08,0.30000000000000004,TRADE,13447049.164831396
1996-03-11,0.30000000000000004,HOLD,13730713.956024043
1996-03-12,0.30000000000000004,HOLD,13591759.414588114
1996-03-13,0.6000000000000001,TRADE,13919794.246123107
1996-03-14,0.6000000000000001,HOLD,13745553.394765075
1996-03-15,0.6000000000000001,HOLD,14190178.36547449
1996-03-18,0.6000000000000001,HOLD,14668578.171631476
1996-03-19,0.6000000000000001,HOLD,14497915.143327583
1996-03-20,0.6000000000000001,HOLD,13892870.828437366
1996-03-21,0.6000000000000001,HOLD,13737283.619898291
1996-03-22,0.6000000000000001,HOLD,13788921.981275693
1996-03-25,0.6000000000000001,HOLD,13181626.199507784
1996-03-26,0.6000000000000001,HOLD,13341093.807462335
1996-03-27,0.6000000000000001,HOLD,13569295.996878557
1996-03-28,0.6000000000000001,HOLD,13566765.138760228
1996-03-29,0.8,TRADE,13626836.399356533
1996-04-01,0.8,HOLD,13799704.981002592
1996-04-02,0.8,HOLD,13947221.509316036
1996-04-03,0.8,HOLD,14092660.962705178
1996-04-04,0.8,HOLD,14056005.432567671
1996-04-08,0.4,TRADE,13645242.198098198
1996-04-09,0.4,HOLD,13655750.03308155
1996-04-10,0.4,HOLD,13601673.653658576
1996-04-11,0.4,HOLD,13465722.502421347
1996-04-12,0.4,HOLD,13489886.314907826
1996-04-15,0.4,HOLD,13649100.32181097
1996-04-16,0.8,TRADE,14045250.376153463
1996-04-17,0.8,HOLD,13758335.785897704
1996-04-18,0.8,HOLD,14426780.926611168
1996-04-19,0.8,HOLD,14397577.461637154
1996-04-22,0.8,HOLD,15012604.00987461
1996-04-23,0.8,HOLD,15585945.745506382
1996-04-24,0.8,HOLD,16137340.533123408
1996-04-25,0.8,HOLD,16291694.145463675
1996-04-26,0.8,HOLD,16283440.474578328
1996-04-29,0.8,HOLD,16298915.961500037
1996-04-30,0.8,HOLD,16276031.17422419
1996-05-01,0.8,HOLD,16671469.613548117
1996-05-02,0.8,HOLD,15638025.222313829
1996-05-03,0.8,HOLD,15886152.82896404
1996-05-06,0.8,HOLD,15991080.127058147
1996-05-07,0.8,HOLD,15858793.23987484
1996-05-08,0.8,HOLD,16013147.563388346
1996-05-09,0.8,HOLD,15947699.38472363
1996-05-10,0.8,HOLD,16535673.385457527
1996-05-13,0.8,HOLD,17507840.968880814
1996-05-14,0.8,HOLD,17942851.23082865
1996-05-15,0.8,HOLD,17591759.815963075
1996-05-16,0.8,HOLD,17911382.15839479
1996-05-17,0.8,HOLD,17615158.35981034
1996-05-20,0.8,HOLD,17766642.206972174
1996-05-21,0.8,HOLD,17409565.574916396
1996-05-22,0.8,HOLD,17438889.256661646
1996-05-23,0.8,HOLD,17664738.426177476
1996-05-24,0.8,HOLD,17452977.718752395
1996-05-28,0.8,HOLD,17202494.873865232
1996-05-29,0.8,HOLD,16693119.783648133
1996-05-30,0.8,HOLD,17113499.588284917
1996-05-31,0.8,HOLD,17629980.71706961
1996-06-03,0.8,HOLD,17422001.56859561
1996-06-04,0.8,HOLD,17627234.515814446
1996-06-05,0.8,HOLD,18053267.665966045
1996-06-06,0.8,HOLD,17239960.281521767
1996-06-07,0.8,HOLD,17513029.583698325
1996-06-10,0.8,HOLD,17339634.74536727
1996-06-11,0.8,HOLD,17465393.325451348
1996-06-12,0.8,HOLD,17853518.401437376
1996-06-13,0.8,HOLD,17502096.048897382
1996-06-14,0.8,HOLD,16813487.98326125
1996-06-17,0.8,HOLD,16642089.482554473
1996-06-18,0.8,HOLD,15879992.431258611
1996-06-19,0.8,HOLD,15970503.235318767
1996-06-20,0.8,HOLD,15771047.635080863
1996-06-21,0.8,HOLD,16236652.776579518
1996-06-24,0.8,HOLD,16508185.84987304
1996-06-25,0.8,HOLD,15948600.16333327
1996-06-26,0.4,TRADE,15450532.645435154
1996-06-27,0.8,TRADE,15770676.624771029
1996-06-28,0.8,HOLD,16111445.736514844
1996-07-01,0.8,HOLD,16666591.277121723
1996-07-02,0.8,HOLD,16253006.025100425
1996-07-03,0.8,HOLD,15880854.986949814
1996-07-05,0.4,TRADE,14959746.291159559
1996-07-08,0.30000000000000004,TRADE,14914589.300504591
1996-07-09,0.4,TRADE,15011071.992418762
1996-07-10,0.30000000000000004,TRADE,14919071.94828898
1996-07-11,0.30000000000000004,HOLD,14475578.06458472
1996-07-12,0.30000000000000004,HOLD,14461325.264130577
1996-07-15,0.0,TRADE,13929472.170673177
1996-07-16,0.0,HOLD,13931479.399471577
1996-07-17,0.30000000000000004,TRADE,13933486.912107598
1996-07-18,0.30000000000000004,HOLD,14179882.895600474
1996-07-19,0.30000000000000004,HOLD,13958593.344756268
1996-07-22,0.2,TRADE,13781098.445830002
1996-07-23,0.0,TRADE,13440876.303970166
1996-07-24,0.0,HOLD,13442813.126434378
1996-07-25,0.0,HOLD,13444750.22024312
1996-07-26,0.0,HOLD,13446687.599248132
1996-07-29,0.0,HOLD,13452501.429542944
1996-07-30,0.0,HOLD,13454439.924407652
1996-07-31,0.0,HOLD,13456378.696802206
1996-08-01,0.0,HOLD,13458317.75439303
1996-08-02,0.8,TRADE,13460257.089031659
1996-08-05,0.8,HOLD,13126098.847953297
1996-08-06,0.8,HOLD,13626312.204400845
1996-08-07,0.8,HOLD,14142602.707461664
1996-08-08,0.8,HOLD,13892934.731452819
1996-08-09,0.8,HOLD,13926912.625694511
1996-08-12,0.8,HOLD,13976021.917586634
1996-08-13,0.8,HOLD,13458211.315925453
1996-08-14,0.8,HOLD,13842440.39429756
1996-08-15,0.8,HOLD,13833067.897665707
1996-08-16,0.8,HOLD,13590577.642029613
1996-08-19,0.8,HOLD,13487529.92993004
1996-08-20,0.8,HOLD,13125897.172712523
1996-08-21,0.8,HOLD,13335575.3728256
1996-08-22,0.8,HOLD,14010053.804458201
1996-08-23,0.8,HOLD,13802589.031452302
1996-08-26,0.8,HOLD,13569490.316245835
1996-08-27,0.8,HOLD,13861276.851627061
1996-08-28,0.7000000000000001,TRADE,13886355.992195724
1996-08-29,0.30000000000000004,TRADE,13514426.824421931
1996-08-30,0.30000000000000004,HOLD,13377161.088495396
1996-09-03,0.30000000000000004,HOLD,13481783.797625108
1996-09-04,0.8,TRADE,13479424.154452268
1996-09-05,0.30000000000000004,TRADE,12658241.338055743
1996-09-06,0.6000000000000001,TRADE,12865302.933947189
1996-09-09,0.7000000000000001,TRADE,13134106.176283298
1996-09-10,0.8,TRADE,13116438.115507133
1996-09-11,0.8,HOLD,13273897.049313817
1996-09-12,0.8,HOLD,13767220.182462463
1996-09-13,0.8,HOLD,14844716.13092664
1996-09-16,0.8,HOLD,14910002.548096297
1996-09-17,0.8,HOLD,15594202.627477884
1996-09-18,0.8,HOLD,15864273.5355699
1996-09-19,0.8,HOLD,16356189.38062008
1996-09-20,0.8,HOLD,16721698.736387797
1996-09-23,0.8,HOLD,16146226.123383502
1996-09-24,0.8,HOLD,16316636.056572143
1996-09-25,0.8,HOLD,16816435.021205183
1996-09-26,0.8,HOLD,16747826.899016455
1996-09-27,0.8,HOLD,16747911.914425893
1996-09-30,0.8,HOLD,16334601.103060884
1996-10-01,0.8,HOLD,16156759.967716457
1996-10-02,0.8,HOLD,16871084.420914993
1996-10-03,0.8,HOLD,16620327.365690012
1996-10-04,0.8,HOLD,17507792.282644343
1996-10-07,0.8,HOLD,17836593.10264055
1996-10-08,0.8,HOLD,17138486.653811272
1996-10-09,0.8,HOLD,17173763.41329701
1996-10-10,0.8,HOLD,17020134.236086614
1996-10-11,0.8,HOLD,17828771.3792018
1996-10-14,0.8,HOLD,18200084.159638703
1996-10-15,0.8,HOLD,18379504.09639691
1996-10-16,0.8,HOLD,17918445.51145624
1996-10-17,0.8,HOLD,17203729.309968874
1996-10-18,0.8,HOLD,17256179.802026276
1996-10-21,0.8,HOLD,16638482.130233284
1996-10-22,0.8,HOLD,16089305.262352202
1996-10-23,0.8,HOLD,16798000.210080575
1996-10-24,0.8,HOLD,16718132.359525116
1996-10-25,0.8,HOLD,16436971.294486664
1996-10-28,0.8,HOLD,16324619.33200177
1996-10-29,0.8,HOLD,15740533.221896693
1996-10-30,0.8,HOLD,16011169.337809455
1996-10-31,0.8,HOLD,16855843.22383047
1996-11-01,0.8,HOLD,17048495.89750213
1996-11-04,0.8,HOLD,17083384.702622525
1996-11-05,0.8,HOLD,17859928.81702245
1996-11-06,0.8,HOLD,18860007.042981483
1996-11-07,0.8,HOLD,19378670.656719923
1996-11-08,0.8,HOLD,19574983.567565855
1996-11-11,0.8,HOLD,19952775.826260976
1996-11-12,0.8,HOLD,19258331.05056148
1996-11-13,0.8,HOLD,19539384.46044678
1996-11-14,0.8,HOLD,20232314.911746204
1996-11-15,0.8,HOLD,19551946.742513064
1996-11-18,0.8,HOLD,19154127.567815255
1996-11-19,0.8,HOLD,19925604.879422165
1996-11-20,0.8,HOLD,20085038.10292841
1996-11-21,0.8,HOLD,19564015.680881023
1996-11-22,0.8,HOLD,20690501.270233497
1996-11-25,0.8,HOLD,20872069.947377153
1996-11-26,0.8,HOLD,21147211.91661238
1996-11-27,0.8,HOLD,21599154.17641174
1996-11-29,0.8,HOLD,21702370.252210706
1996-12-02,0.8,HOLD,22421378.954837643
1996-12-03,0.8,HOLD,21939771.217235737
1996-12-04,0.8,HOLD,21705064.501966696
1996-12-05,0.8,HOLD,21774409.204776023
1996-12-06,0.8,HOLD,21175404.010990467
1996-12-09,0.8,HOLD,23143839.690020375
1996-12-10,0.8,HOLD,22582559.594458982
1996-12-11,0.8,HOLD,23095312.84974958
1996-12-12,0.8,HOLD,22153687.120304406
1996-12-13,0.8,HOLD,21109303.34179388
1996-12-16,0.6000000000000001,TRADE,19519494.53019012
1996-12-17,0.6000000000000001,HOLD,19995199.23286695
1996-12-18,0.8,TRADE,20920112.128461756
1996-12-19,0.8,HOLD,21343598.901691735
1996-12-20,0.8,HOLD,20744796.269532412
1996-12-23,0.6000000000000001,TRADE,20186619.85436255
1996-12-24,0.6000000000000001,HOLD,20649069.778319977
1996-12-26,0.8,TRADE,20987175.38610965
1996-12-27,0.6000000000000001,TRADE,20529852.811407182
1996-12-30,0.8,TRADE,20130305.67162418
1996-12-31,0.8,HOLD,19822675.88566788
1997-01-02,0.8,HOLD,19483542.295400426
1997-01-03,0.6000000000000001,TRADE,21327789.212373845
1997-01-06,0.8,TRADE,21554749.923262022
1997-01-07,0.8,HOLD,22231648.817897253
1997-01-08,0.8,HOLD,21510554.45157146
1997-01-09,0.8,HOLD,21736020.723645654
1997-01-10,0.8,HOLD,22254096.04918116
1997-01-13,0.8,HOLD,22172216.193048775
1997-01-14,0.8,HOLD,23217331.67243235
1997-01-15,0.8,HOLD,22108874.69481434
1997-01-16,0.8,HOLD,22677273.387674153
1997-01-17,0.8,HOLD,23286912.356681835
1997-01-20,0.8,HOLD,24331775.21502178
1997-01-21,0.8,HOLD,25252925.249784492
1997-01-22,0.8,HOLD,26053300.52844826
1997-01-23,0.8,HOLD,25142698.961193625
1997-01-24,0.8,HOLD,24149371.622724514
1997-01-27,0.8,HOLD,23575067.87703224
1997-01-28,0.8,HOLD,23628947.13772863
1997-01-29,0.8,HOLD,23728239.789187472
1997-01-30,0.8,HOLD,24974648.051112887
1997-01-31,0.8,HOLD,25633383.691216946
1997-02-03,0.8,HOLD,25378938.707218885
1997-02-04,0.8,HOLD,25251165.353893112
1997-02-05,0.8,HOLD,23260710.170010153
1997-02-06,0.8,HOLD,23132200.55740612
1997-02-07,0.8,HOLD,24035432.214177407
1997-02-10,0.6000000000000001,TRADE,22202078.910484165
1997-02-11,0.8,TRADE,22180458.950811785
1997-02-12,0.6000000000000001,TRADE,23930347.878027633
1997-02-13,0.6000000000000001,HOLD,24261002.52452588
1997-02-14,0.8,TRADE,23884288.10606619
1997-02-18,0.8,HOLD,23725555.67947469
1997-02-19,0.8,HOLD,23724056.92396755
1997-02-20,0.6000000000000001,TRADE,22615218.735339873
1997-02-21,0.6000000000000001,HOLD,21869524.721401434
1997-02-24,0.6000000000000001,HOLD,22578028.524323836
1997-02-25,0.6000000000000001,HOLD,22654197.3934628
1997-02-26,0.6000000000000001,HOLD,22588212.413237967
1997-02-27,0.6000000000000001,HOLD,21099956.523580573
1997-02-28,0.6000000000000001,HOLD,21174846.880595755
1997-03-03,0.6000000000000001,HOLD,21412674.686359666
1997-03-04,0.6000000000000001,HOLD,21665349.63938774
1997-03-05,0.8,TRADE,22100058.297287866
1997-03-06,0.30000000000000004,TRADE,20840983.926110562
1997-03-07,0.30000000000000004,HOLD,20609010.44132454
1997-03-10,0.6000000000000001,TRADE,20908628.582553834
1997-03-11,0.30000000000000004,TRADE,20624040.521614734
1997-03-12,0.30000000000000004,HOLD,20422066.11634438
1997-03-13,0.30000000000000004,HOLD,20446194.88560474
1997-03-14,0.30000000000000004,HOLD,20412591.53888619
1997-03-17,0.30000000000000004,HOLD,20271749.166962523
1997-03-18,0.30000000000000004,HOLD,20172748.48210215
1997-03-19,0.30000000000000004,HOLD,19844805.912666887
1997-03-20,0.30000000000000004,HOLD,20041850.116630387
1997-03-21,0.30000000000000004,HOLD,19857482.05427271
1997-03-24,0.2,TRADE,19654370.668909635
1997-03-25,0.30000000000000004,TRADE,19725368.6934177
1997-03-26,0.30000000000000004,HOLD,20322169.99882629
1997-03-27,0.30000000000000004,HOLD,19954584.098784175
1997-03-31,0.2,TRADE,19471218.729566783
1997-04-01,0.2,HOLD,19467467.37639213
1997-04-02,0.1,TRADE,19279208.7090262
1997-04-03,0.2,TRADE,19433792.48184939
1997-04-04,0.30000000000000004,TRADE,19690893.494236045
1997-04-07,0.30000000000000004,HOLD,19907235.844563328
1997-04-08,0.30000000000000004,HOLD,20083507.239215795
1997-04-09,0.30000000000000004,HOLD,19821018.863190193
1997-04-10,0.2,TRADE,19485928.753488123
1997-04-11,0.1,TRADE,19148983.18328826
1997-04-14,0.2,TRADE,19277889.325428247
1997-04-15,0.2,HOLD,19152090.07728109
1997-04-16,0.2,HOLD,19161940.137308795
1997-04-17,0.2,HOLD,19296029.128375106
1997-04-18,0.2,HOLD,19414101.37831092
1997-04-21,0.2,HOLD,19214951.660147592
1997-04-22,0.2,HOLD,19435151.779326275
1997-04-23,0.8,TRADE,19726720.321556732
1997-04-24,0.8,HOLD,19706413.88660351
1997-04-25,0.2,TRADE,18616210.27310097
1997-04-28,0.30000000000000004,TRADE,18768422.83147267
1997-04-29,0.8,TRADE,19314630.411693968
1997-04-30,0.8,HOLD,20307489.459415484
1997-05-01,0.8,HOLD,20715398.62422825
1997-05-02,0.8,HOLD,22275591.73767968
1997-05-05,0.8,HOLD,23688753.037460685
1997-05-06,0.8,HOLD,22531969.722839598
1997-05-07,0.8,HOLD,22179251.379434794
1997-05-08,0.8,HOLD,22775628.91887858
1997-05-09,0.8,HOLD,22751824.440575756
1997-05-12,0.8,HOLD,23086305.006674543
1997-05-13,0.8,HOLD,22199313.55665797
1997-05-14,0.8,HOLD,22150895.264901463
1997-05-15,0.8,HOLD,23462292.675675657
1997-05-16,0.8,HOLD,22409276.073465392
1997-05-19,0.8,HOLD,22296599.860614665
1997-05-20,0.8,HOLD,24013891.189302277
1997-05-21,0.8,HOLD,24543666.6015243
1997-05-22,0.8,HOLD,24244280.34647066
1997-05-23,0.8,HOLD,25072322.493064202
1997-05-27,0.8,HOLD,26755850.281827405
1997-05-28,0.8,HOLD,26604149.916672762
1997-05-29,0.8,HOLD,25755770.364327583
1997-05-30,0.8,HOLD,24954206.198350467
1997-06-02,0.8,HOLD,24934198.843215693
1997-06-03,0.8,HOLD,23020892.234064203
1997-06-04,0.8,HOLD,22526523.74590396
1997-06-05,0.8,HOLD,23041821.45510739
1997-06-06,0.8,HOLD,23920299.817210812
1997-06-09,0.8,HOLD,24532783.439946696
1997-06-10,0.8,HOLD,23641450.64709459
1997-06-11,0.8,HOLD,24123688.56869012
1997-06-12,0.8,HOLD,24177590.6871636
1997-06-13,0.8,HOLD,25089853.875668824
1997-06-16,0.8,HOLD,25844715.696889196
1997-06-17,0.8,HOLD,26736467.361955047
1997-06-18,0.8,HOLD,25490400.731599618
1997-06-19,0.8,HOLD,26173172.915021338
1997-06-20,0.8,HOLD,26124999.040558636
1997-06-23,0.8,HOLD,25275593.906826742
1997-06-24,0.8,HOLD,26413971.10481684
1997-06-25,0.8,HOLD,25909469.108524866
1997-06-26,0.8,HOLD,25097047.98964709
1997-06-27,0.8,HOLD,24801767.1272789
1997-06-30,0.8,HOLD,24420516.785823204
1997-07-01,0.8,HOLD,24161916.290980253
1997-07-02,0.8,HOLD,25585529.66552325
1997-07-03,0.8,HOLD,26280610.142269645
1997-07-07,0.8,HOLD,26578515.274487678
1997-07-08,0.8,HOLD,27581032.747142766
1997-07-09,0.8,HOLD,27871909.441565376
1997-07-10,0.8,HOLD,27855590.961553548
1997-07-11,0.8,HOLD,28240339.745729987
1997-07-14,0.8,HOLD,30116845.370374322
1997-07-15,0.8,HOLD,31396876.824839275
1997-07-16,0.8,HOLD,34841271.502302535
1997-07-17,0.8,HOLD,34103901.42643095
1997-07-18,0.8,HOLD,32114101.43277036
1997-07-21,0.8,HOLD,31110019.824282985
1997-07-22,0.8,HOLD,33600975.52097601
1997-07-23,0.8,HOLD,33677082.163047366
1997-07-24,0.8,HOLD,33344640.91391874
1997-07-25,0.8,HOLD,33103175.878516804
1997-07-28,0.8,HOLD,32265604.078698263
1997-07-29,0.8,HOLD,33258712.000032887
1997-07-30,0.8,HOLD,34300565.83643165
1997-07-31,0.8,HOLD,34785703.762192056
1997-08-01,0.8,HOLD,34929620.95881854
1997-08-04,0.8,HOLD,36185225.85530848
1997-08-05,0.8,HOLD,37230458.62308384
1997-08-06,0.8,HOLD,37688810.981206395
1997-08-07,0.8,HOLD,37120605.19096695
1997-08-08,0.8,HOLD,35297556.32327219
1997-08-11,0.8,HOLD,34114182.25876999
1997-08-12,0.8,HOLD,33243125.321041908
1997-08-13,0.8,HOLD,33899116.069907025
1997-08-14,0.8,HOLD,34244533.220874354
1997-08-15,0.8,HOLD,32016556.710294
1997-08-18,0.8,HOLD,33011543.89118415
1997-08-19,0.8,HOLD,35529529.34834035
1997-08-20,0.8,HOLD,37533511.82581709
1997-08-21,0.8,HOLD,35196219.679211296
1997-08-22,0.8,HOLD,34525214.547105744
1997-08-25,0.6000000000000001,TRADE,34249433.49138376
1997-08-26,0.6000000000000001,HOLD,33431357.66538897
1997-08-27,0.6000000000000001,HOLD,33351438.426861756
1997-08-28,0.6000000000000001,HOLD,32192024.455720767
1997-08-29,0.6000000000000001,HOLD,32364478.683978774
1997-09-02,0.8,TRADE,33858195.24381557
1997-09-03,0.8,HOLD,33674658.0644625
1997-09-04,0.8,HOLD,34055951.249222144
1997-09-05,0.8,HOLD,34436804.68287966
1997-09-08,0.8,HOLD,34923256.628287226
1997-09-09,0.8,HOLD,35582346.721838765
1997-09-10,0.8,HOLD,33744350.730525084
1997-09-11,0.8,HOLD,33885680.088335894
1997-09-12,0.8,HOLD,33946508.0913274
1997-09-15,0.4,TRADE,32035733.966294236
1997-09-16,0.8,TRADE,33320962.956542462
1997-09-17,0.8,HOLD,32742769.099681277
1997-09-18,0.8,HOLD,32776469.771088015
1997-09-19,0.8,HOLD,33426708.529398143
1997-09-22,0.8,HOLD,33772020.82203199
1997-09-23,0.8,HOLD,34582885.07633046
1997-09-24,0.8,HOLD,33155554.224273678
1997-09-25,0.8,HOLD,32473092.53367195
1997-09-26,0.8,HOLD,32484209.78894694
1997-09-29,0.8,HOLD,33309500.243267957
1997-09-30,0.4,TRADE,31753205.9781954
1997-10-01,0.4,HOLD,31919383.93902444
1997-10-02,0.8,TRADE,32292973.827771712
1997-10-03,0.8,HOLD,33087974.75470685
1997-10-06,0.8,HOLD,33182659.548730817
1997-10-07,0.8,HOLD,34223909.44261835
1997-10-08,0.8,HOLD,34545821.981775835
1997-10-09,0.8,HOLD,34743149.66491001
1997-10-10,0.8,HOLD,33957779.41323596
1997-10-13,0.8,HOLD,34142410.4423351
1997-10-14,0.8,HOLD,33469939.387438953
1997-10-15,0.8,HOLD,32571671.209324367
1997-10-16,0.8,HOLD,31181115.05158346
1997-10-17,0.30000000000000004,TRADE,29533250.322489835
1997-10-20,0.30000000000000004,HOLD,29862246.67432953
1997-10-21,0.4,TRADE,30424766.966358814
1997-10-22,0.4,HOLD,30031800.212237604
1997-10-23,0.30000000000000004,TRADE,29254710.837294906
1997-10-24,0.30000000000000004,HOLD,28828963.283282436
1997-10-27,0.0,TRADE,26957421.12479005
1997-10-28,0.0,HOLD,26961375.71454867
1997-10-29,0.0,HOLD,26965330.893252593
1997-10-30,0.0,HOLD,26969286.647230245
1997-10-31,0.0,HOLD,26973242.976481628
1997-11-03,0.0,HOLD,26985115.476384528
1997-11-04,0.0,HOLD,26989074.131993894
1997-11-05,0.0,HOLD,26993047.390730847
1997-11-06,0.0,HOLD,26997021.232212614
1997-11-07,0.0,HOLD,27000995.656439193
1997-11-10,0.0,HOLD,27012922.45542581
1997-11-11,0.0,HOLD,27016899.220692515
1997-11-12,0.0,HOLD,27020876.57358682
1997-11-13,0.0,HOLD,27024854.50922594
1997-11-14,0.0,HOLD,27028833.035080954
1997-11-17,0.0,HOLD,27040772.118346125
1997-11-18,0.0,HOLD,27044752.985843558
1997-11-19,0.0,HOLD,27048734.44036445
1997-11-20,0.0,HOLD,27052716.477630157
1997-11-21,0.2,TRADE,27056699.09764068
1997-11-24,0.2,HOLD,26658181.619084448
1997-11-25,0.2,HOLD,26772940.19489301
1997-11-26,0.30000000000000004,TRADE,26864810.123771124
1997-11-28,0.30000000000000004,HOLD,27011212.39499324
1997-12-01,0.8,TRADE,27687794.941899147
1997-12-02,0.30000000000000004,TRADE,26004554.028240263
1997-12-03,0.8,TRADE,26215532.250851754
1997-12-04,0.30000000000000004,TRADE,25680076.723390497
1997-12-05,0.8,TRADE,26063035.560142633
1997-12-08,0.8,HOLD,26793622.19839282
1997-12-09,0.30000000000000004,TRADE,24855066.17065554
1997-12-10,0.2,TRADE,24481909.58540087
1997-12-11,0.1,TRADE,24036774.346343756
1997-12-12,0.0,TRADE,23870333.13833785
1997-12-15,0.0,HOLD,23880877.05533171
1997-12-16,0.1,TRADE,23884380.32858207
1997-12-17,0.0,TRADE,23787983.225307416
1997-12-18,0.0,HOLD,23791472.871232904
1997-12-19,0.0,HOLD,23794963.026353694
1997-12-22,0.0,HOLD,23805436.57765215
1997-12-23,0.0,HOLD,23808928.781761147
1997-12-24,0.0,HOLD,23812421.504194036
1997-12-26,0.0,HOLD,23819408.46376061
1997-12-29,0.0,HOLD,23829892.765553944
1997-12-30,0.1,TRADE,23833388.56031199
1997-12-31,0.1,HOLD,23780619.721566215
1998-01-02,0.1,HOLD,23908284.72476053
1998-01-05,0.8,TRADE,23983395.019740224
1998-01-06,0.1,TRADE,23344098.944350965
1998-01-07,0.0,TRADE,23240869.80295814
1998-01-08,0.0,HOLD,23244279.18576094
1998-01-09,0.0,HOLD,23247725.281946585
1998-01-12,0.0,HOLD,23258066.640594985
1998-01-13,0.0,HOLD,23261514.782375973
1998-01-14,0.30000000000000004,TRADE,23264963.43259403
1998-01-15,0.0,TRADE,23247094.37316583
1998-01-16,0.0,HOLD,23250540.88547723
1998-01-20,0.8,TRADE,23264332.051969916
1998-01-21,0.8,HOLD,23235635.456615504
1998-01-22,0.8,HOLD,22906495.823923737
1998-01-23,0.8,HOLD,23103460.74016945
1998-01-26,0.8,HOLD,22659691.3343958
1998-01-27,0.8,HOLD,23679695.421200752
1998-01-28,0.8,HOLD,25182163.046229515
1998-01-29,0.8,HOLD,25507639.291686974
1998-01-30,0.8,HOLD,25621928.235563274
1998-02-02,0.8,HOLD,27366132.661308225
1998-02-03,0.8,HOLD,27990078.844418887
1998-02-04,0.8,HOLD,28808326.31371179
1998-02-05,0.8,HOLD,28179183.57789411
1998-02-06,0.8,HOLD,29398753.11017895
1998-02-09,0.8,HOLD,28628886.58405677
1998-02-10,0.8,HOLD,29709857.93944959
1998-02-11,0.8,HOLD,29632697.84977964
1998-02-12,0.8,HOLD,30014097.428329933
1998-02-13,0.8,HOLD,29462588.265771642
1998-02-17,0.8,HOLD,28924998.923714247
1998-02-18,0.8,HOLD,29693466.37461023
1998-02-19,0.8,HOLD,30734306.467901826
1998-02-20,0.8,HOLD,30922721.493355945
1998-02-23,0.8,HOLD,32662546.350894284
1998-02-24,0.8,HOLD,31718707.823990475
1998-02-25,0.8,HOLD,33641798.716713004
1998-02-26,0.8,HOLD,34103464.10469208
1998-02-27,0.8,HOLD,33149538.01435002
1998-03-02,0.8,HOLD,31953575.023474015
1998-03-03,0.8,HOLD,31809749.313676707
1998-03-04,0.8,HOLD,32083473.88035581
1998-03-05,0.6000000000000001,TRADE,28374243.585323706
1998-03-06,0.8,TRADE,30011419.85960742
1998-03-09,0.6000000000000001,TRADE,27850151.101526543
1998-03-10,0.8,TRADE,28742097.572769582
1998-03-11,0.8,HOLD,29046695.333318636
1998-03-12,0.8,HOLD,29604583.350842364
1998-03-13,0.8,HOLD,29963284.136009473
1998-03-16,0.6000000000000001,TRADE,30628854.60618509
1998-03-17,0.6000000000000001,HOLD,30047440.050582804
1998-03-18,0.6000000000000001,HOLD,30456567.903026566
1998-03-19,0.6000000000000001,HOLD,30873330.72931754
1998-03-20,0.6000000000000001,HOLD,30077674.093511656
1998-03-23,0.8,TRADE,30519285.932005126
1998-03-24,0.8,HOLD,31664618.58298157
1998-03-25,0.8,HOLD,32740876.594116252
1998-03-26,0.8,HOLD,32932977.67075981
1998-03-27,0.8,HOLD,32503405.94172297
1998-03-30,0.8,HOLD,32165520.775807977
1998-03-31,0.8,HOLD,33060983.86843183
1998-04-01,0.8,HOLD,33561019.05671791
1998-04-02,0.8,HOLD,33666026.77413896
1998-04-03,0.8,HOLD,33886359.45724327
1998-04-06,0.8,HOLD,31963761.65093939
1998-04-07,0.8,HOLD,30456024.28977142
1998-04-08,0.8,HOLD,30995703.30768444
1998-04-09,0.8,HOLD,31349381.11761158
1998-04-13,0.8,HOLD,31723567.34050291
1998-04-14,0.8,HOLD,32358950.74118281
1998-04-15,0.8,HOLD,33529313.367080167
1998-04-16,0.8,HOLD,33260117.858837858
1998-04-17,0.8,HOLD,33493466.466115195
1998-04-20,0.8,HOLD,34939320.38335328
1998-04-21,0.8,HOLD,36069240.01862341
1998-04-22,0.8,HOLD,37553943.82515531
1998-04-23,0.8,HOLD,35178068.83761543
1998-04-24,0.8,HOLD,34579317.64832872
1998-04-27,0.8,HOLD,32512972.50506713
1998-04-28,0.8,HOLD,32658827.848695986
1998-04-29,0.8,HOLD,33755912.99276035
1998-04-30,0.8,HOLD,34314415.27340612
1998-05-01,0.8,HOLD,34531347.94979128
1998-05-04,0.8,HOLD,34811145.17406388
1998-05-05,0.8,HOLD,34211194.131848134
1998-05-06,0.8,HOLD,33858310.66216321
1998-05-07,0.8,HOLD,32534776.632831395
1998-05-08,0.8,HOLD,34551658.60461943
1998-05-11,0.8,HOLD,33426738.040006697
1998-05-12,0.8,HOLD,34652964.68494033
1998-05-13,0.8,HOLD,35092740.15896851
1998-05-14,0.8,HOLD,35289252.44182946
1998-05-15,0.8,HOLD,34124491.33127545
1998-05-18,0.8,HOLD,33642869.87871392
1998-05-19,0.8,HOLD,34497895.63547476
1998-05-20,0.8,HOLD,33275472.767271608
1998-05-21,0.8,HOLD,32338559.08342814
1998-05-22,0.8,HOLD,31711180.591175728
1998-05-26,0.4,TRADE,30816616.060747974
1998-05-27,0.4,HOLD,31100505.34023851
1998-05-28,0.8,TRADE,31264474.8902102
1998-05-29,0.30000000000000004,TRADE,29846218.727166697
1998-06-01,0.30000000000000004,HOLD,29253016.969363514
1998-06-02,0.30000000000000004,HOLD,29715881.912247937
1998-06-03,0.30000000000000004,HOLD,29198380.731230684
1998-06-04,0.30000000000000004,HOLD,29863913.919502772
1998-06-05,0.8,TRADE,30120914.663805276
1998-06-08,0.8,HOLD,30130021.410660308
1998-06-09,0.8,HOLD,31104116.965165608
1998-06-10,0.6000000000000001,TRADE,29605379.699033022
1998-06-11,0.30000000000000004,TRADE,28966639.654393114
1998-06-12,0.30000000000000004,HOLD,29006359.235622175
1998-06-15,0.30000000000000004,HOLD,28714747.023000166
1998-06-16,0.30000000000000004,HOLD,29517333.68192467
1998-06-17,0.30000000000000004,HOLD,29816656.073681667
1998-06-18,0.8,TRADE,29890410.87947706
1998-06-19,0.8,HOLD,30602277.484645993
1998-06-22,0.8,HOLD,32034880.054233376
1998-06-23,0.8,HOLD,34400194.10673646
1998-06-24,0.8,HOLD,36269307.14313203
1998-06-25,0.8,HOLD,34905223.38343423
1998-06-26,0.8,HOLD,35521860.385517284
1998-06-29,0.8,HOLD,36767902.99545315
1998-06-30,0.8,HOLD,36589096.484358765
1998-07-01,0.8,HOLD,37864179.88709234
1998-07-02,0.8,HOLD,36183218.87446783
1998-07-06,0.8,HOLD,36853942.73730003
1998-07-07,0.8,HOLD,37096156.303419344
1998-07-08,0.8,HOLD,39264885.34345264
1998-07-09,0.8,HOLD,39637785.895084456
1998-07-10,0.8,HOLD,40196506.761342816
1998-07-13,0.8,HOLD,42354391.8038513
1998-07-14,0.8,HOLD,42147741.95484873
1998-07-15,0.8,HOLD,44534221.2428106
1998-07-16,0.8,HOLD,44756944.367794655
1998-07-17,0.8,HOLD,45645724.38397139
1998-07-20,0.8,HOLD,45783165.77286963
1998-07-21,0.8,HOLD,42995082.8189339
1998-07-22,0.8,HOLD,42874754.09051259
1998-07-23,0.8,HOLD,40940219.05368274
1998-07-24,0.8,HOLD,41131199.7268479
1998-07-27,0.8,HOLD,42444267.4829413
1998-07-28,0.8,HOLD,39890270.61896385
1998-07-29,0.8,HOLD,38910269.222106196
1998-07-30,0.8,HOLD,41894679.37073362
1998-07-31,0.6000000000000001,TRADE,38486207.07750692
1998-08-03,0.6000000000000001,HOLD,38037063.702551484
1998-08-04,0.6000000000000001,HOLD,35486500.36176359
1998-08-05,0.6000000000000001,HOLD,36057119.00933048
1998-08-06,0.6000000000000001,HOLD,37724150.308422446
1998-08-07,0.6000000000000001,HOLD,37626228.72947264
1998-08-10,0.6000000000000001,HOLD,37563102.0973123
1998-08-11,0.6000000000000001,HOLD,35957136.35649519
1998-08-12,0.6000000000000001,HOLD,37084742.737726085
1998-08-13,0.6000000000000001,HOLD,36294915.05812373
1998-08-14,0.6000000000000001,HOLD,35895465.9550116
1998-08-17,0.6000000000000001,HOLD,37634396.75122649
1998-08-18,0.8,TRADE,39253641.46770255
1998-08-19,0.8,HOLD,39037751.36657418
1998-08-20,0.4,TRADE,39018200.35633862
1998-08-21,0.6000000000000001,TRADE,38228788.159332395
1998-08-24,0.6000000000000001,HOLD,38030705.424288444
1998-08-25,0.8,TRADE,38887956.62462178
1998-08-26,0.8,HOLD,37911312.65432167
1998-08-27,0.0,TRADE,33783224.62901536
1998-08-28,0.0,HOLD,33788224.422881775
1998-08-31,0.0,HOLD,33803228.234937474
1998-09-01,0.0,HOLD,33808230.981699325
1998-09-02,0.1,TRADE,33813234.4665822
1998-09-03,0.1,HOLD,33712285.160829276
1998-09-04,0.1,HOLD,33686186.62262657
1998-09-08,0.1,HOLD,34357093.23586936
1998-09-09,0.1,HOLD,34134983.19642938
1998-09-10,0.1,HOLD,33907081.01626381
1998-09-11,0.1,HOLD,34367733.40396059
1998-09-14,0.1,HOLD,34542488.43259459
1998-09-15,0.1,HOLD,34693335.13751221
1998-09-16,0.1,HOLD,34764812.12955634
1998-09-17,0.1,HOLD,34385513.37516791
1998-09-18,0.1,HOLD,34468425.623844646
1998-09-21,0.7000000000000001,TRADE,34726780.55553837
1998-09-22,0.7000000000000001,HOLD,35182248.55946006
1998-09-23,0.7000000000000001,HOLD,38421583.481058784
1998-09-24,0.7000000000000001,HOLD,36108771.80464041
1998-09-25,0.7000000000000001,HOLD,38007837.19275496
1998-09-28,0.7000000000000001,HOLD,37591421.016165294
1998-09-29,0.7000000000000001,HOLD,37676140.35742116
1998-09-30,0.7000000000000001,HOLD,35338111.31584829
1998-10-01,0.1,TRADE,31343352.576683085
1998-10-02,0.0,TRADE,31365874.074870616
1998-10-05,0.2,TRADE,31379704.49177426
1998-10-06,0.0,TRADE,31024221.444067232
1998-10-07,0.0,HOLD,31028780.697067972
1998-10-08,0.0,HOLD,31032985.311865967
1998-10-09,0.2,TRADE,31037190.486647565
1998-10-12,0.2,HOLD,31752061.39529319
1998-10-13,0.2,HOLD,31143327.75668265
1998-10-14,0.2,HOLD,31594200.432442907
1998-10-15,0.2,HOLD,32642519.799465552
1998-10-16,0.2,HOLD,32538686.154653825
1998-10-19,0.2,HOLD,32834788.72364865
1998-10-20,0.2,HOLD,32342578.28944313
1998-10-21,0.2,HOLD,33195586.372595787
1998-10-22,0.6000000000000001,TRADE,33628788.680345476
1998-10-23,0.6000000000000001,HOLD,32969282.468740404
1998-10-26,0.6000000000000001,HOLD,34202617.2749382
1998-10-27,0.6000000000000001,HOLD,33485791.933199834
1998-10-28,0.6000000000000001,HOLD,34659641.97514902
1998-10-29,0.6000000000000001,HOLD,35404406.02160287
1998-10-30,0.7000000000000001,TRADE,35594631.52042126
1998-11-02,0.7000000000000001,HOLD,36562254.79466223
1998-11-03,0.7000000000000001,HOLD,35617765.07565813
1998-11-04,0.7000000000000001,HOLD,37329404.55492502
1998-11-05,0.7000000000000001,HOLD,37766230.255379036
1998-11-06,0.7000000000000001,HOLD,38673022.86927981
1998-11-09,0.8,TRADE,39198667.17256977
1998-11-10,0.8,HOLD,39816298.94735463
1998-11-11,0.8,HOLD,40011966.35577203
1998-11-12,0.8,HOLD,39074200.56279616
1998-11-13,0.8,HOLD,38976144.25046674
1998-11-16,0.8,HOLD,39626075.79659473
1998-11-17,0.8,HOLD,41094975.996019326
1998-11-18,0.8,HOLD,42167963.5503337
1998-11-19,0.8,HOLD,43686032.04899158
1998-11-20,0.8,HOLD,44143685.55071012
1998-11-23,0.8,HOLD,47291282.74810973
1998-11-24,0.8,HOLD,46661185.68545322
1998-11-25,0.8,HOLD,47943872.16660797
1998-11-27,0.8,HOLD,50174425.86706714
1998-11-30,0.8,HOLD,44670102.45932038
1998-12-01,0.8,HOLD,49939436.91348386
1998-12-02,0.8,HOLD,48881689.04524339
1998-12-03,0.8,HOLD,45419997.07002776
1998-12-04,0.7000000000000001,TRADE,49429094.89866506
1998-12-07,0.7000000000000001,HOLD,52403954.987654254
1998-12-08,0.7000000000000001,HOLD,51801632.841276646
1998-12-09,0.7000000000000001,HOLD,52931062.68438123
1998-12-10,0.6000000000000001,TRADE,50703438.75689488
1998-12-11,0.6000000000000001,HOLD,51920536.12356068
1998-12-14,0.6000000000000001,HOLD,48461723.52737856
1998-12-15,0.6000000000000001,HOLD,51052857.20630056
1998-12-16,0.6000000000000001,HOLD,50625156.16861412
1998-12-17,0.6000000000000001,HOLD,52445711.52258065
1998-12-18,0.6000000000000001,HOLD,55022984.03056294
1998-12-21,0.6000000000000001,HOLD,58154519.641780965
1998-12-22,0.6000000000000001,HOLD,56902218.12411341
1998-12-23,0.6000000000000001,HOLD,60063256.310394935
1998-12-24,0.6000000000000001,HOLD,59200520.140524566
1998-12-28,0.7000000000000001,TRADE,60352064.85806617
1998-12-29,0.7000000000000001,HOLD,60287603.05108313
1998-12-30,0.7000000000000001,HOLD,59414031.175907075
1998-12-31,0.7000000000000001,HOLD,61110550.70230533
1999-01-04,0.8,TRADE,62391207.94447608
1999-01-05,0.8,HOLD,66294778.10726654
1999-01-06,0.8,HOLD,71442383.78268592
1999-01-07,0.8,HOLD,71632811.87038542
1999-01-08,0.8,HOLD,72266646.47095594
1999-01-11,0.8,HOLD,74653493.27286638
1999-01-12,0.8,HOLD,68929319.93001488
1999-01-13,0.8,HOLD,69745544.13161677
1999-01-14,0.8,HOLD,65966576.47998749
1999-01-15,0.8,HOLD,72297303.88927707
1999-01-19,0.8,HOLD,76991492.00248486
1999-01-20,0.8,HOLD,76962978.24519043
1999-01-21,0.7000000000000001,TRADE,70092810.04955143
1999-01-22,0.7000000000000001,HOLD,70256329.49797216
1999-01-25,0.7000000000000001,HOLD,72718420.63986133
1999-01-26,0.7000000000000001,HOLD,77745812.86187482
1999-01-27,0.7000000000000001,HOLD,75095281.87312855
1999-01-28,0.6000000000000001,TRADE,81000924.84540921
1999-01-29,0.6000000000000001,HOLD,82547841.176541
1999-02-01,0.6000000000000001,HOLD,82800756.16152893
1999-02-02,0.6000000000000001,HOLD,79075519.23357248
1999-02-03,0.6000000000000001,HOLD,81835145.13068236
1999-02-04,0.6000000000000001,HOLD,75363468.68667139
1999-02-05,0.6000000000000001,HOLD,72862972.65997179
1999-02-08,0.6000000000000001,HOLD,75641301.3462106
1999-02-09,0.2,TRADE,69325940.49385667
1999-02-10,0.0,TRADE,69516649.25675178
1999-02-11,0.6000000000000001,TRADE,69525506.39706118
1999-02-12,0.30000000000000004,TRADE,64240750.54833237
1999-02-16,0.30000000000000004,HOLD,64133266.56852144
1999-02-17,0.30000000000000004,HOLD,62275345.358214624
1999-02-18,0.30000000000000004,HOLD,62676327.94518724
1999-02-19,0.30000000000000004,HOLD,63383008.62962034
1999-02-22,0.30000000000000004,HOLD,65230204.37841226
1999-02-23,0.30000000000000004,HOLD,66204454.88482453
1999-02-24,0.30000000000000004,HOLD,64975963.78042098
1999-02-25,0.30000000000000004,HOLD,64528712.112330616
1999-02-26,0.30000000000000004,HOLD,63071167.33270286
1999-03-01,0.30000000000000004,HOLD,63428621.27010249
1999-03-02,0.30000000000000004,HOLD,62031434.4913668
1999-03-03,0.30000000000000004,HOLD,62329587.73803559
1999-03-04,0.30000000000000004,HOLD,63232218.50278632
1999-03-05,0.4,TRADE,64267053.77492149
1999-03-08,0.6000000000000001,TRADE,66782400.61169532
1999-03-09,0.6000000000000001,HOLD,66443035.41219945
1999-03-10,0.6000000000000001,HOLD,67013422.75128394
1999-03-11,0.7000000000000001,TRADE,67308530.40195936
1999-03-12,0.7000000000000001,HOLD,64882035.51248434
1999-03-15,0.7000000000000001,HOLD,68297285.6527788
1999-03-16,0.7000000000000001,HOLD,69185524.69071421
1999-03-17,0.7000000000000001,HOLD,68545480.64024681
1999-03-18,0.7000000000000001,HOLD,71213305.95901316
1999-03-19,0.7000000000000001,HOLD,67620732.68237945
1999-03-22,0.6000000000000001,TRADE,65766952.20437147
1999-03-23,0.5,TRADE,61908156.07421596
1999-03-24,0.7000000000000001,TRADE,64377490.206110746
1999-03-25,0.7000000000000001,HOLD,69045396.64560801
1999-03-26,0.7000000000000001,HOLD,67874555.35906716
1999-03-29,0.6000000000000001,TRADE,73312448.14253578
1999-03-30,0.5,TRADE,72128490.17955172
1999-03-31,0.6000000000000001,TRADE,71133995.49376094
1999-04-01,0.7000000000000001,TRADE,73533517.3187544
1999-04-05,0.5,TRADE,78810026.04034261
1999-04-06,0.5,HOLD,78753486.5353989
1999-04-07,0.6000000000000001,TRADE,77328367.82142712
1999-04-08,0.6000000000000001,HOLD,79371815.85507496
1999-04-09,0.7000000000000001,TRADE,79857198.79015732
1999-04-12,0.6000000000000001,TRADE,78844078.57432716
1999-04-13,0.7000000000000001,TRADE,76009890.875654
1999-04-14,0.5,TRADE,70737286.08602719
1999-04-15,0.6000000000000001,TRADE,72348039.35033637
1999-04-16,0.5,TRADE,69322793.01792338
1999-04-19,0.30000000000000004,TRADE,63394778.08702305
1999-04-20,0.0,TRADE,65209681.182110555
1999-04-21,0.30000000000000004,TRADE,65217955.453293204
1999-04-22,0.5,TRADE,67378625.29898247
1999-04-23,0.5,HOLD,68617134.66851926
1999-04-26,0.5,HOLD,70993558.84262219
1999-04-27,0.30000000000000004,TRADE,68326567.5637393
1999-04-28,0.30000000000000004,HOLD,66746181.35713522
1999-04-29,0.30000000000000004,HOLD,65922496.1742195
1999-04-30,0.30000000000000004,HOLD,66357683.770673394
1999-05-03,0.30000000000000004,HOLD,66407732.367592365
1999-05-04,0.30000000000000004,HOLD,65354112.51491046
1999-05-05,0.5,TRADE,66809519.21380147
1999-05-06,0.4,TRADE,63212777.194864094
1999-05-07,0.4,HOLD,64632330.93552929
1999-05-10,0.4,HOLD,65278215.66736951
1999-05-11,0.5,TRADE,66848823.02936352
1999-05-12,0.5,HOLD,68764726.93798414
1999-05-13,0.4,TRADE,66906152.12134546
1999-05-14,0.4,HOLD,64912401.14381261
1999-05-17,0.4,HOLD,66684535.51294723
1999-05-18,0.4,HOLD,66075731.00986952
1999-05-19,0.5,TRADE,67038473.618690684
1999-05-20,0.5,HOLD,64900542.56408937
1999-05-21,0.7000000000000001,TRADE,63765052.32853155
1999-05-24,0.7000000000000001,HOLD,60343690.27641507
1999-05-25,0.5,TRADE,56634878.61254427
1999-05-26,0.4,TRADE,58921622.41993164
1999-05-27,0.5,TRADE,58813782.503028624
1999-05-28,0.4,TRADE,60508201.452434786
1999-06-01,0.4,HOLD,58294747.986654654
1999-06-02,0.4,HOLD,59875120.01206872
1999-06-03,0.4,HOLD,58365644.40366815
1999-06-04,0.4,HOLD,60931996.503298074
1999-06-07,0.4,HOLD,62448086.90157634
1999-06-08,0.4,HOLD,60042781.136925206
1999-06-09,0.4,HOLD,61696157.640186116
1999-06-10,0.4,HOLD,60347206.30801351
1999-06-11,0.4,HOLD,59122543.83334254
1999-06-14,0.4,HOLD,58020958.371126235
1999-06-15,0.4,HOLD,58951124.314452544
1999-06-16,0.4,HOLD,62540257.566081166
1999-06-17,0.4,HOLD,63376804.11442325
1999-06-18,0.4,HOLD,63908809.4018164
1999-06-21,0.4,HOLD,66274626.7722071
1999-06-22,0.4,HOLD,63944186.91591808
1999-06-23,0.4,HOLD,65035589.43367496
1999-06-24,0.4,HOLD,62938716.95338878
1999-06-25,0.4,HOLD,62962897.83775386
1999-06-28,0.4,HOLD,65082415.571086794
1999-06-29,0.4,HOLD,66456236.156320624
1999-06-30,0.4,HOLD,67105678.63779876
1999-07-01,0.4,HOLD,68118281.55636805
1999-07-02,0.6000000000000001,TRADE,69152818.28557861
1999-07-06,0.6000000000000001,HOLD,68237034.42872314
1999-07-07,0.6000000000000001,HOLD,68742791.82229331
1999-07-08,0.7000000000000001,TRADE,70511062.846538
1999-07-09,0.7000000000000001,HOLD,71639861.87489517
1999-07-12,0.8,TRADE,71067358.70576093
1999-07-13,0.8,HOLD,70284639.60389103
1999-07-14,0.8,HOLD,73333553.00241354
1999-07-15,0.8,HOLD,74204177.46684837
1999-07-16,0.8,HOLD,76415312.72323266
1999-07-19,0.8,HOLD,73745052.78797194
1999-07-20,0.8,HOLD,66700077.55317107
1999-07-21,0.8,HOLD,68994032.19899718
1999-07-22,0.7000000000000001,TRADE,63289675.845692694
1999-07-23,0.7000000000000001,HOLD,64440767.736084
1999-07-26,0.7000000000000001,HOLD,60367840.63543281
1999-07-27,0.7000000000000001,HOLD,64532415.280977055
1999-07-28,0.7000000000000001,HOLD,65993485.31922744
1999-07-29,0.6000000000000001,TRADE,61702218.602288
1999-07-30,0.5,TRADE,62073748.12333103
1999-08-02,0.6000000000000001,TRADE,61819963.18714939
1999-08-03,0.7000000000000001,TRADE,60545501.86125964
1999-08-04,0.7000000000000001,HOLD,58553119.36016329
1999-08-05,0.6000000000000001,TRADE,60069057.84184759
1999-08-06,0.6000000000000001,HOLD,59081633.76904312
1999-08-09,0.7000000000000001,TRADE,57907387.18050527
1999-08-10,0.7000000000000001,HOLD,56564748.59840561
1999-08-11,0.5,TRADE,60786855.22920777
1999-08-12,0.5,HOLD,59658935.53178666
1999-08-13,0.4,TRADE,63324394.95302819
1999-08-16,0.5,TRADE,63525378.96848114
1999-08-17,0.5,HOLD,64514423.866266996
1999-08-18,0.5,HOLD,63664034.75677981
1999-08-19,0.6000000000000001,TRADE,62058834.71129373
1999-08-20,0.7000000000000001,TRADE,63821712.09486466
1999-08-23,0.6000000000000001,TRADE,67905967.70186491
1999-08-24,0.7000000000000001,TRADE,68860038.56983267
1999-08-25,0.7000000000000001,HOLD,72211850.18788968
1999-08-26,0.7000000000000001,HOLD,69447183.98642114
1999-08-27,0.7000000000000001,HOLD,68533226.34654646
1999-08-30,0.7000000000000001,HOLD,66385585.26815364
1999-08-31,0.7000000000000001,HOLD,68102680.54797187
1999-09-01,0.7000000000000001,HOLD,68560854.98057568
1999-09-02,0.8,TRADE,67802009.97597736
1999-09-03,0.7000000000000001,TRADE,75536889.43918297
1999-09-07,0.7000000000000001,HOLD,74582337.05416238
1999-09-08,0.7000000000000001,HOLD,72237147.0377146
1999-09-09,0.7000000000000001,HOLD,75294548.93959197
1999-09-10,0.7000000000000001,HOLD,77104880.0094565
1999-09-13,0.7000000000000001,HOLD,73768821.67262682
1999-09-14,0.7000000000000001,HOLD,76174592.97562546
1999-09-15,0.7000000000000001,HOLD,72374720.22978753
1999-09-16,0.7000000000000001,HOLD,72581992.9307633
1999-09-17,0.7000000000000001,HOLD,76807945.21921046
1999-09-20,0.7000000000000001,HOLD,77333710.99866582
1999-09-21,0.7000000000000001,HOLD,72695447.284928
1999-09-22,0.7000000000000001,HOLD,75110080.34206022
1999-09-23,0.30000000000000004,TRADE,68155577.51799175
1999-09-24,0.5,TRADE,68062561.94966769
1999-09-27,0.4,TRADE,69205755.79297234
1999-09-28,0.4,HOLD,69252613.23745853
1999-09-29,0.4,HOLD,68239785.94972984
1999-09-30,0.6000000000000001,TRADE,68536500.67822796
1999-10-01,0.5,TRADE,68342400.99477796
1999-10-04,0.5,HOLD,71045558.56626347
1999-10-05,0.7000000000000001,TRADE,71191921.0721713
1999-10-06,0.7000000000000001,HOLD,74853755.29357633
1999-10-07,0.7000000000000001,HOLD,74804075.23646551
1999-10-08,0.7000000000000001,HOLD,76259610.59579828
1999-10-11,0.8,TRADE,77755556.40367298
1999-10-12,0.8,HOLD,73958798.05902466
1999-10-13,0.8,HOLD,68916094.85236536
1999-10-14,0.8,HOLD,69966482.36222431
1999-10-15,0.7000000000000001,TRADE,65502878.11547477
1999-10-18,0.7000000000000001,HOLD,63101559.11616126
1999-10-19,0.7000000000000001,HOLD,63089581.91434549
1999-10-20,0.7000000000000001,HOLD,68808312.22615443
1999-10-21,0.7000000000000001,HOLD,69434557.0591196
1999-10-22,0.8,TRADE,69939249.86683407
1999-10-25,0.8,HOLD,69800598.81762443
1999-10-26,0.7000000000000001,TRADE,68575092.9282584
1999-10-27,0.7000000000000001,HOLD,68030656.39836352
1999-10-28,0.8,TRADE,72789082.47392355
1999-10-29,0.6000000000000001,TRADE,79467820.54904614
1999-11-01,0.7000000000000001,TRADE,78312820.83159566
1999-11-02,0.8,TRADE,78955237.92649342
1999-11-03,0.8,HOLD,82228261.45386593
1999-11-04,0.7000000000000001,TRADE,84462457.39660603
1999-11-05,0.8,TRADE,87885789.97356567
1999-11-08,0.8,HOLD,90196326.03917956
1999-11-09,0.8,HOLD,88387095.78492719
1999-11-10,0.8,HOLD,90968620.44667491
1999-11-11,0.8,HOLD,95040164.17431082
1999-11-12,0.8,HOLD,98190346.91682531
1999-11-15,0.8,HOLD,97064424.46085027
1999-11-16,0.8,HOLD,102366528.30685617
1999-11-17,0.8,HOLD,99854661.61293922
1999-11-18,0.8,HOLD,107593558.33777244
1999-11-19,0.8,HOLD,109829501.64475754
1999-11-22,0.8,HOLD,111684810.87401171
1999-11-23,0.8,HOLD,107028146.09949814
1999-11-24,0.8,HOLD,116707065.39806892
1999-11-26,0.8,HOLD,117435271.22719088
1999-11-29,0.8,HOLD,112262810.0463858
1999-11-30,0.8,HOLD,103271655.87258239
1999-12-01,0.8,HOLD,105878699.24407859
1999-12-02,0.7000000000000001,TRADE,115655413.55263957
1999-12-03,0.7000000000000001,HOLD,120612111.3335438
1999-12-06,0.7000000000000001,HOLD,122102677.22289541
1999-12-07,0.8,TRADE,123212116.16137996
1999-12-08,0.8,HOLD,119381871.6815502
1999-12-09,0.8,HOLD,119645199.00158799
1999-12-10,0.8,HOLD,122817169.64863609
1999-12-13,0.8,HOLD,126374324.39404643
1999-12-14,0.8,HOLD,119258144.3962138
1999-12-15,0.8,HOLD,125654007.35108031
1999-12-16,0.8,HOLD,134315555.27072915
1999-12-17,0.8,HOLD,137009700.39952335
1999-12-20,0.8,HOLD,139986046.77598995
1999-12-21,0.8,HOLD,154063113.44998348
1999-12-22,0.8,HOLD,157712464.09262252
1999-12-23,0.8,HOLD,160781269.4065433
1999-12-27,0.8,HOLD,161660474.8865401
1999-12-28,0.8,HOLD,159474346.7661177
1999-12-29,0.8,HOLD,171797224.63326132
1999-12-30,0.8,HOLD,171005189.9084545
1999-12-31,0.8,HOLD,173809610.1875058
2000-01-03,0.8,HOLD,183719774.2070865
2000-01-04,0.6000000000000001,TRADE,152893844.00432327
2000-01-05,0.0,TRADE,149836078.3779448
2000-01-06,0.6000000000000001,TRADE,149857279.9305322
2000-01-07,0.5,TRADE,165061543.75820443
2000-01-10,0.5,HOLD,178228135.81218103
2000-01-11,0.5,HOLD,164828880.66341358
2000-01-12,0.30000000000000004,TRADE,160188151.9471292
2000-01-13,0.5,TRADE,165730310.58260193
2000-01-14,0.5,HOLD,172074933.3749655
2000-01-18,0.5,HOLD,175906916.25071377
2000-01-19,0.5,HOLD,178326037.83712006
2000-01-20,0.5,HOLD,182125229.16108915
2000-01-21,0.5,HOLD,182720759.21584755
2000-01-24,0.30000000000000004,TRADE,168009996.14543596
2000-01-25,0.0,TRADE,172054207.258075
2000-01-26,0.5,TRADE,172079223.73528352
2000-01-27,0.5,HOLD,170044544.02231932
2000-01-28,0.30000000000000004,TRADE,159702954.1495504
2000-01-31,0.5,TRADE,164895114.69341415
2000-02-01,0.30000000000000004,TRADE,173988670.84266642
2000-02-02,0.5,TRADE,174939974.09126663
2000-02-03,0.5,HOLD,183836524.34554932
2000-02-04,0.5,HOLD,185537997.55851853
2000-02-07,0.5,HOLD,190001125.5570425
2000-02-08,0.5,HOLD,200073117.8334834
2000-02-09,0.5,HOLD,192189183.5194522
2000-02-10,0.5,HOLD,201757422.47507882
2000-02-11,0.5,HOLD,191565169.2834804
2000-02-14,0.5,HOLD,192902737.3211677
2000-02-15,0.5,HOLD,193721049.04791385
2000-02-16,0.5,HOLD,193754542.2862606
2000-02-17,0.6000000000000001,TRADE,203852694.29315388
2000-02-18,0.5,TRADE,189600080.55812442
2000-02-22,0.5,HOLD,189847621.68239233
2000-02-23,0.5,HOLD,204236894.85549065
2000-02-24,0.5,HOLD,210718318.8701187
2000-02-25,0.5,HOLD,204583675.49333164
2000-02-28,0.5,HOLD,203271524.02198368
2000-02-29,0.5,HOLD,211409420.55448434
2000-03-01,0.5,HOLD,214803657.85139245
2000-03-02,0.5,HOLD,208514940.79859835
2000-03-03,0.5,HOLD,225246190.28734592
2000-03-06,0.5,HOLD,226476281.87263256
2000-03-07,0.5,HOLD,220547443.40608454
2000-03-08,0.5,HOLD,225194978.9907087
2000-03-09,0.5,HOLD,237480368.0831358
2000-03-10,0.5,HOLD,237498982.18504995
2000-03-13,0.5,HOLD,222530183.08063272
2000-03-14,0.5,HOLD,205224893.3534648
2000-03-15,0.30000000000000004,TRADE,197602669.5765188
2000-03-16,0.5,TRADE,207206955.83015555
2000-03-17,0.5,HOLD,213384902.01938936
2000-03-20,0.5,HOLD,200074358.29517362
2000-03-21,0.5,HOLD,212808256.21583816
2000-03-22,0.5,HOLD,223614190.81503457
2000-03-23,0.5,HOLD,228555949.01073378
2000-03-24,0.5,HOLD,230992342.50055054
2000-03-27,0.5,HOLD,232036185.24285161
2000-03-28,0.5,HOLD,222054892.506683
2000-03-29,0.30000000000000004,TRADE,208886775.5546225
2000-03-30,0.30000000000000004,HOLD,201900488.704214
2000-03-31,0.30000000000000004,HOLD,207691761.5711925
2000-04-03,0.4,TRADE,194286639.84004647
2000-04-04,0.0,TRADE,191809807.17072093
2000-04-05,0.4,TRADE,191839686.0102696
2000-04-06,0.4,HOLD,195039174.884592
2000-04-07,0.4,HOLD,207026598.7242202
2000-04-10,0.4,HOLD,188191085.44585055
2000-04-11,0.0,TRADE,183290061.4351592
2000-04-12,0.4,TRADE,183319419.10304695
2000-04-13,0.0,TRADE,178462426.43970507
2000-04-14,0.4,TRADE,178491010.8626947
2000-04-17,0.0,TRADE,199966374.73970467
2000-04-18,0.4,TRADE,199998403.46167877
2000-04-19,0.4,HOLD,191397490.97756845
2000-04-20,0.4,HOLD,186726759.17738268
2000-04-24,0.4,HOLD,178102922.1320442
2000-04-25,0.4,HOLD,191991666.1279482
2000-04-26,0.4,HOLD,185074355.96026653
2000-04-27,0.4,HOLD,195439047.56036252
2000-04-28,0.4,HOLD,200342866.79837257
2000-05-01,0.4,HOLD,203964137.1657328
2000-05-02,0.4,HOLD,190652823.65521425
2000-05-03,0.0,TRADE,186842416.02718294
2000-05-04,0.4,TRADE,186873548.534863
2000-05-05,0.4,HOLD,194235033.69020477
2000-05-08,0.4,HOLD,183107976.97080356
2000-05-09,0.4,HOLD,178435151.8009696
2000-05-10,0.4,HOLD,166885629.02680027
2000-05-11,0.0,TRADE,173786513.69160062
2000-05-12,0.4,TRADE,173815470.77203405
2000-05-15,0.4,HOLD,180308489.6068965
2000-05-16,0.4,HOLD,189029592.41317248
2000-05-17,0.4,HOLD,182282302.78884602
2000-05-18,0.4,HOLD,174080395.3464291
2000-05-19,0.4,HOLD,163944920.02563673
2000-05-22,0.0,TRADE,164183882.4550196
2000-05-23,0.4,TRADE,164211239.4983086
2000-05-24,0.0,TRADE,174413707.4368262
2000-05-25,0.4,TRADE,174442769.0187135
2000-05-26,0.4,HOLD,174563636.23583072
2000-05-30,0.4,HOLD,195721890.68982172
2000-05-31,0.4,HOLD,188493048.2651578
2000-06-01,0.4,HOLD,203186595.45960993
2000-06-02,0.4,HOLD,222998896.97811115
2000-06-05,0.4,HOLD,220586676.53330332
2000-06-06,0.4,HOLD,212717159.9216979
2000-06-07,0.4,HOLD,220627483.3094521
2000-06-08,0.4,HOLD,217906945.9124348
2000-06-09,0.4,HOLD,222696755.28124815
2000-06-12,0.4,HOLD,211232599.70918024
2000-06-13,0.4,HOLD,222345337.30949157
2000-06-14,0.4,HOLD,214036129.11295348
2000-06-15,0.4,HOLD,220614323.66023535
2000-06-16,0.4,HOLD,223828784.1921015
2000-06-19,0.4,HOLD,237577492.47663456
2000-06-20,0.4,HOLD,237528766.1235867
2000-06-21,0.4,HOLD,241117338.8454843
2000-06-22,0.4,HOLD,224008040.5663936
2000-06-23,0.4,HOLD,212818426.79151872
2000-06-26,0.4,HOLD,220356021.03759348
2000-06-27,0.4,HOLD,213669062.10795483
2000-06-28,0.4,HOLD,219957363.9628175
2000-06-29,0.4,HOLD,210305814.70774883
2000-06-30,0.4,HOLD,218677961.49585906
2000-07-03,0.4,HOLD,222367016.53699443
2000-07-05,0.4,HOLD,208034486.4493331
2000-07-06,0.4,HOLD,220115013.84115684
2000-07-07,0.4,HOLD,224398036.3399455
2000-07-10,0.4,HOLD,217962675.76832604
2000-07-11,0.4,HOLD,215437445.30306417
2000-07-12,0.4,HOLD,229178127.3501563
2000-07-13,0.4,HOLD,234402731.17435145
2000-07-14,0.4,HOLD,242596389.78624296
2000-07-17,0.4,HOLD,244676816.1668798
2000-07-18,0.4,HOLD,234245374.74381077
2000-07-19,0.4,HOLD,222791823.71808362
2000-07-20,0.4,HOLD,236585629.54750264
2000-07-21,0.4,HOLD,228001802.88730568
2000-07-24,0.4,HOLD,216893441.1053536
2000-07-25,0.4,HOLD,223420136.0866481
2000-07-26,0.4,HOLD,219064806.7822673
2000-07-27,0.4,HOLD,206852613.2364034
2000-07-28,0.4,HOLD,189989924.10244304
2000-07-31,0.0,TRADE,199581189.07798606
2000-08-01,0.4,TRADE,199615831.89740276
2000-08-02,0.4,HOLD,197494297.12323576
2000-08-03,0.4,HOLD,206364905.74349782
2000-08-04,0.4,HOLD,205983394.6150131
2000-08-07,0.4,HOLD,212547415.8062391
2000-08-08,0.4,HOLD,210711407.65266544
2000-08-09,0.4,HOLD,211169958.90214202
2000-08-10,0.4,HOLD,203882642.77061027
2000-08-11,0.4,HOLD,207313376.6701476
2000-08-14,0.4,HOLD,212714129.7021261
2000-08-15,0.4,HOLD,212903803.92577797
2000-08-16,0.4,HOLD,212768521.20659676
2000-08-17,0.4,HOLD,220903171.39325106
2000-08-18,0.4,HOLD,219040275.88069394
2000-08-21,0.4,HOLD,220609051.7148887
2000-08-22,0.5,TRADE,220589681.58855253
2000-08-23,0.6000000000000001,TRADE,226508924.2060907
2000-08-24,0.6000000000000001,HOLD,231949848.42354906
2000-08-25,0.6000000000000001,HOLD,229912063.93340868
2000-08-28,0.6000000000000001,HOLD,232317532.2361272
2000-08-29,0.6000000000000001,HOLD,231999865.01360697
2000-08-30,0.6000000000000001,HOLD,233731919.28780884
2000-08-31,0.6000000000000001,HOLD,245429516.53711912
2000-09-01,0.6000000000000001,HOLD,247820800.85500202
2000-09-05,0.6000000000000001,HOLD,234881630.35834622
2000-09-06,0.4,TRADE,218613073.11647144
2000-09-07,0.6000000000000001,TRADE,226493463.69770643
2000-09-08,0.5,TRADE,211997091.5809363
2000-09-11,0.4,TRADE,203090283.46056634
2000-09-12,0.4,HOLD,200440525.1942945
2000-09-13,0.4,HOLD,205226728.0063669
2000-09-14,0.4,HOLD,204907886.74281573
2000-09-15,0.4,HOLD,200808709.69357485
2000-09-18,0.4,HOLD,194978840.09896952
2000-09-19,0.4,HOLD,205389514.38801903
2000-09-20,0.4,HOLD,207626367.4080386
2000-09-21,0.4,HOLD,202698545.94443262
2000-09-22,0.4,HOLD,201565997.58657646
2000-09-25,0.4,HOLD,196486463.13372517
2000-09-26,0.4,HOLD,194029728.93574533
2000-09-27,0.4,HOLD,193363787.06293356
2000-09-28,0.4,HOLD,202503310.5638316
2000-09-29,0.4,HOLD,192483064.66131854
2000-10-02,0.4,HOLD,185854745.49136025
2000-10-03,0.0,TRADE,180068136.89307973
2000-10-04,0.4,TRADE,180099300.04631054
2000-10-05,0.4,HOLD,178256173.85922527
2000-10-06,0.0,TRADE,171323338.06140876
2000-10-09,0.0,HOLD,171412170.45077106
2000-10-10,0.0,HOLD,171441791.47925788
2000-10-11,0.0,HOLD,171471417.62618777
2000-10-12,0.0,HOLD,171501048.89389774
2000-10-13,0.0,HOLD,171530685.28238776
2000-10-16,0.0,HOLD,171619625.17776358
2000-10-17,0.0,HOLD,171649282.05416557
2000-10-18,0.0,HOLD,171678944.05777428
2000-10-19,0.0,HOLD,171708611.18777174
2000-10-20,0.4,TRADE,171738283.44415805
2000-10-23,0.0,TRADE,169686228.0327575
2000-10-24,0.0,HOLD,169715550.809458
2000-10-25,0.0,HOLD,169744878.6499185
2000-10-26,0.0,HOLD,169774211.5615104
2000-10-27,0.0,HOLD,169803549.5386427
2000-10-30,0.0,HOLD,169891593.91304132
2000-10-31,0.0,HOLD,169920952.17568108
2000-11-01,0.0,HOLD,169950315.51406378
2000-11-02,0.0,HOLD,169979683.92357796
2000-11-03,0.0,HOLD,170009057.40981466
2000-11-06,0.0,HOLD,170097208.32993406
2000-11-07,0.0,HOLD,170126602.12458885
2000-11-08,0.0,HOLD,170156001.00002992
2000-11-09,0.0,HOLD,170185404.9577847
2000-11-10,0.0,HOLD,170214813.992262
2000-11-13,0.0,HOLD,170303071.59230834
2000-11-14,0.0,HOLD,170332500.96184978
2000-11-15,0.0,HOLD,170361935.41907722
2000-11-16,0.0,HOLD,170391374.9586183
2000-11-17,0.0,HOLD,170420819.59165525
2000-11-20,0.0,HOLD,170509184.00583634
2000-11-21,0.0,HOLD,170538648.99313664
2000-11-22,0.0,HOLD,170568119.07128784
2000-11-24,0.0,HOLD,170627074.50806466
2000-11-27,0.0,HOLD,170715545.8718908
2000-11-28,0.0,HOLD,170745046.5198231
2000-11-29,0.0,HOLD,170774552.26362756
2000-11-30,0.0,HOLD,170804063.10651895
2000-12-01,0.0,HOLD,170833579.04849738
2000-12-04,0.0,HOLD,170922157.49357957
2000-12-05,0.0,HOLD,170951209.88885456
2000-12-06,0.0,HOLD,170980267.2173027
2000-12-07,0.0,HOLD,171009329.4883149
2000-12-08,0.0,HOLD,171038396.70189118
2000-12-11,0.0,HOLD,171125627.97894344
2000-12-12,0.0,HOLD,171154714.95940605
2000-12-13,0.0,HOLD,171183806.8802104
2000-12-14,0.0,HOLD,171212903.74916995
2000-12-15,0.0,HOLD,171242005.56069356
2000-12-18,0.0,HOLD,171329340.6995633
2000-12-19,0.0,HOLD,171358462.30436045
2000-12-20,0.0,HOLD,171387588.85666177
2000-12-21,0.0,HOLD,171416720.3627094
2000-12-22,0.0,HOLD,171445856.82250336
2000-12-26,0.0,HOLD,171562452.17742914
2000-12-27,0.0,HOLD,171591613.40542713
2000-12-28,0.0,HOLD,171620779.59328923
2000-12-29,0.0,HOLD,171649950.73489764
2001-01-02,0.0,HOLD,171766684.89719796
2001-01-03,0.0,HOLD,171795880.83962217
2001-01-04,0.0,HOLD,171823219.83871344
2001-01-05,0.0,HOLD,171850563.1877084
2001-01-08,0.0,HOLD,171932619.3579277
2001-01-09,0.0,HOLD,171959980.11726195
2001-01-10,0.0,HOLD,171987345.23254964
2001-01-11,0.0,HOLD,172014714.69774097
2001-01-12,0.0,HOLD,172042088.52401823
2001-01-16,0.0,HOLD,172151627.39509368
2001-01-17,0.0,HOLD,172179023.0075265
2001-01-18,0.0,HOLD,172206422.97795522
2001-01-19,0.0,HOLD,172233827.30946988
2001-01-22,0.0,HOLD,172316066.47313792
2001-01-23,0.0,HOLD,172343488.25265506
2001-01-24,0.0,HOLD,172370914.40078175
2001-01-25,0.0,HOLD,172398344.9099943
2001-01-26,0.0,HOLD,172425779.7802928
2001-01-29,0.0,HOLD,172508110.60844657
2001-01-30,0.0,HOLD,172535562.9502481
2001-01-31,0.0,HOLD,172563019.65952387
2001-02-01,0.0,HOLD,172590480.73547673
2001-02-02,0.0,HOLD,172617946.18928894
2001-02-05,0.0,HOLD,172693790.792154
2001-02-06,0.0,HOLD,172719079.73542014
2001-02-07,0.0,HOLD,172744372.37880927
2001-02-08,0.0,HOLD,172769668.7291214
2001-02-09,0.0,HOLD,172794968.78076547
2001-02-12,0.0,HOLD,172870891.1733087
2001-02-13,0.0,HOLD,172896206.05019563
2001-02-14,0.0,HOLD,172921524.63645473
2001-02-15,0.0,HOLD,172946846.92404574
2001-02-16,0.0,HOLD,172972172.9241509
2001-02-20,0.0,HOLD,173073514.00983346
2001-02-21,0.0,HOLD,173098858.55830652
2001-02-22,0.0,HOLD,173124206.81672278
2001-02-23,0.0,HOLD,173149558.78765318
2001-02-26,0.0,HOLD,173225636.9944195
2001-02-27,0.0,HOLD,173251003.81870082
2001-02-28,0.0,HOLD,173276374.35779488
2001-03-01,0.0,HOLD,173301748.6094031
2001-03-02,0.0,HOLD,173327126.58470777
2001-03-05,0.0,HOLD,173400848.81326354
2001-03-06,0.0,HOLD,173425429.86225352
2001-03-07,0.0,HOLD,173450014.39947507
2001-03-08,0.0,HOLD,173474602.41438308
2001-03-09,0.0,HOLD,173499193.923751
2001-03-12,0.0,HOLD,173572989.3450544
2001-03-13,0.0,HOLD,173597594.79721874
2001-03-14,0.0,HOLD,173622203.7341558
2001-03-15,0.0,HOLD,173646816.15996158
2001-03-16,0.0,HOLD,173671432.08022723
2001-03-19,0.0,HOLD,173745300.76138172
2001-03-20,0.0,HOLD,173769930.64095193
2001-03-21,0.0,HOLD,173794564.00556004
2001-03-22,0.0,HOLD,173819200.8702191
2001-03-23,0.0,HOLD,173843841.223747
2001-03-26,0.0,HOLD,173917783.24863264
2001-03-27,0.0,HOLD,173942437.57611385
2001-03-28,0.0,HOLD,173967095.40194178
2001-03-29,0.0,HOLD,173991756.72222957
2001-03-30,0.0,HOLD,174016421.5369772
2001-04-02,0.0,HOLD,174090436.95592406
2001-04-03,0.0,HOLD,174115115.761139
2001-04-04,0.0,HOLD,174137481.96490866
2001-04-05,0.0,HOLD,174159851.04811326
2001-04-06,0.0,HOLD,174182222.99957055
2001-04-09,0.0,HOLD,174249356.09841308
2001-04-10,0.0,HOLD,174271739.54807088
2001-04-11,0.0,HOLD,174294125.87433815
2001-04-12,0.0,HOLD,174316515.07444924
2001-04-16,0.0,HOLD,174406100.65255255
2001-04-17,0.0,HOLD,174428504.23820287
2001-04-18,0.0,HOLD,174450910.6981508
2001-04-19,0.0,HOLD,174473320.0375337
2001-04-20,0.0,HOLD,174495732.26194268
2001-04-23,0.0,HOLD,174562986.19516098
2001-04-24,0.0,HOLD,174585409.93226352
2001-04-25,0.0,HOLD,174607836.55384722
2001-04-26,0.0,HOLD,174630266.04927474
2001-04-27,0.0,HOLD,174652698.43531948
2001-04-30,0.0,HOLD,174720012.86121455
2001-05-01,0.0,HOLD,174742456.76999795
2001-05-02,0.0,HOLD,174764903.56439915
2001-05-03,0.0,HOLD,174784649.71720368
2001-05-04,0.0,HOLD,174804398.10087138
2001-05-07,0.0,HOLD,174863656.63940087
2001-05-08,0.0,HOLD,174883413.95136735
2001-05-09,0.0,HOLD,174903173.49494168
2001-05-10,0.0,HOLD,174922935.2749703
2001-05-11,0.0,HOLD,174942699.280271
2001-05-14,0.0,HOLD,175002004.72254762
2001-05-15,0.0,HOLD,175021777.6653693
2001-05-16,0.0,HOLD,175041552.8417605
2001-05-17,0.0,HOLD,175061330.254606
2001-05-18,0.0,HOLD,175081109.8983147
2001-05-21,0.0,HOLD,175140462.24433914
2001-05-22,0.0,HOLD,175160250.83292598
2001-05-23,0.0,HOLD,175180041.65331462
2001-05-24,0.0,HOLD,175199834.71015754
2001-05-25,0.0,HOLD,175219630.009046
2001-05-29,0.0,HOLD,175298833.55023724
2001-05-30,0.0,HOLD,175318640.0314961
2001-05-31,0.0,HOLD,175338448.74910957
2001-06-01,0.0,HOLD,175358259.7087685
2001-06-04,0.0,HOLD,175417706.0132594
2001-06-05,0.0,HOLD,175436417.6915805
2001-06-06,0.0,HOLD,175455131.3700733
2001-06-07,0.0,HOLD,175473847.04462677
2001-06-08,0.0,HOLD,175492564.70964974
2001-06-11,0.0,HOLD,175548729.70032787
2001-06-12,0.0,HOLD,175567455.35629264
2001-06-13,0.0,HOLD,175586183.0128019
2001-06-14,0.0,HOLD,175604912.65978065
2001-06-15,0.0,HOLD,175623644.3084113
2001-06-18,0.0,HOLD,175679851.25438794
2001-06-19,0.0,HOLD,175698590.8973162
2001-06-20,0.0,HOLD,175717332.5374334
2001-06-21,0.0,HOLD,175736076.1792025
2001-06-22,0.0,HOLD,175754821.81703228
2001-06-25,0.0,HOLD,175811070.75185916
2001-06-26,0.0,HOLD,175829824.39107105
2001-06-27,0.0,HOLD,175848580.03157043
2001-06-28,0.0,HOLD,175867337.6737217
2001-06-29,0.0,HOLD,175886097.3119337
2001-07-02,0.0,HOLD,175942388.25238675
2001-07-03,0.0,HOLD,175961155.8990654
2001-07-05,0.0,HOLD,175996840.31789598
2001-07-06,0.0,HOLD,176014685.24193364
2001-07-09,0.0,HOLD,176068230.8726853
2001-07-10,0.0,HOLD,176086083.03402445
2001-07-11,0.0,HOLD,176103937.0086182
2001-07-12,0.0,HOLD,176121792.78917167
2001-07-13,0.0,HOLD,176139650.381276
2001-07-16,0.0,HOLD,176193234.02490407
2001-07-17,0.0,HOLD,176211098.8609296
2001-07-18,0.0,HOLD,176228965.51078853
2001-07-19,0.0,HOLD,176246833.9666071
2001-07-20,0.0,HOLD,176264704.23956776
2001-07-23,0.0,HOLD,176318325.91284552
2001-07-24,0.0,HOLD,176336203.43287608
2001-07-25,0.0,HOLD,176354082.76918158
2001-07-26,0.0,HOLD,176371963.91144672
2001-07-27,0.0,HOLD,176389846.87085396
2001-07-30,0.0,HOLD,176443506.62410685
2001-07-31,0.0,HOLD,176461396.8355989
2001-08-01,0.0,HOLD,176479288.863943
2001-08-02,0.0,HOLD,176497182.70383802
2001-08-03,0.0,HOLD,176514518.7985258
2001-08-06,0.0,HOLD,176566537.2908498
2001-08-07,0.0,HOLD,176583880.19355893
2001-08-08,0.0,HOLD,176601224.8036543
2001-08-09,0.0,HOLD,176618571.1134765
2001-08-10,0.0,HOLD,176635919.12861666
2001-08-13,0.0,HOLD,176687973.4025863
2001-08-14,0.0,HOLD,176705328.2343745
2001-08-15,0.0,HOLD,176722684.7705136
2001-08-16,0.0,HOLD,176740043.01197064
2001-08-17,0.0,HOLD,176757402.9587456
2001-08-20,0.0,HOLD,176809493.01435864
2001-08-21,0.0,HOLD,176826859.7826801
2001-08-22,0.0,HOLD,176844228.25604388
2001-08-23,0.0,HOLD,176861598.43472558
2001-08-24,0.0,HOLD,176878970.32431647
2001-08-27,0.0,HOLD,176931096.2118971
2001-08-28,0.0,HOLD,176948474.92420796
2001-08-29,0.0,HOLD,176965855.3403881
2001-08-30,0.0,HOLD,176983237.46747738
2001-08-31,0.0,HOLD,177000621.30547583
2001-09-04,0.0,HOLD,177070173.7030091
2001-09-05,0.0,HOLD,177087566.07589132
2001-09-06,0.0,HOLD,177102237.38481435
2001-09-07,0.0,HOLD,177116909.91262046
2001-09-10,0.0,HOLD,177160934.78307503
2001-09-17,0.0,HOLD,177263702.03320906
2001-09-18,0.0,HOLD,177278387.93579555
2001-09-19,0.0,HOLD,177293075.05105877
2001-09-20,0.0,HOLD,177307763.3907962
2001-09-21,0.0,HOLD,177322452.93823424
2001-09-24,0.0,HOLD,177366528.90536547
2001-09-25,0.0,HOLD,177381223.32671845
2001-09-26,0.0,HOLD,177395918.96298066
2001-09-27,0.0,HOLD,177410615.82371703
2001-09-28,0.0,HOLD,177425313.89215407
2001-10-01,0.0,HOLD,177469415.42439982
2001-10-02,0.0,HOLD,177484118.36932147
2001-10-03,0.0,HOLD,177496078.30655006
2001-10-04,0.0,HOLD,177508039.05450356
2001-10-05,0.0,HOLD,177520000.6019996
2001-10-08,0.0,HOLD,177555890.09500238
2001-10-09,0.0,HOLD,177567854.8678128
2001-10-10,0.0,HOLD,177579820.45216042
2001-10-11,0.0,HOLD,177591786.8360506
2001-10-12,0.0,HOLD,177603754.03066564
2001-10-15,0.0,HOLD,177639660.44939196
2001-10-16,0.0,HOLD,177651630.8678377
2001-10-17,0.0,HOLD,177663602.09371272
2001-10-18,0.0,HOLD,177675574.12472147
2001-10-19,0.0,HOLD,177687546.96645516
2001-10-22,0.0,HOLD,177723470.32767916
2001-10-23,0.0,HOLD,177735446.39362413
2001-10-24,0.0,HOLD,177747423.26661786
2001-10-25,0.0,HOLD,177759400.95033658
2001-10-26,0.0,HOLD,177771379.43918902
2001-10-29,0.0,HOLD,177807319.7429103
2001-10-30,0.0,HOLD,177819301.46008193
2001-10-31,0.0,HOLD,177831283.98578522
2001-11-01,0.0,HOLD,177843267.31662226
2001-11-02,0.0,HOLD,177855251.452593
2001-11-05,0.0,HOLD,177885491.25496787
2001-11-06,0.0,HOLD,177895572.33160582
2001-11-07,0.0,HOLD,177905653.98130858
2001-11-08,0.0,HOLD,177915736.20131442
2001-11-09,0.0,HOLD,177925818.99162325
2001-11-12,0.0,HOLD,177956070.78781536
2001-11-13,0.0,HOLD,177966155.86425617
2001-11-14,0.0,HOLD,177976241.5116714
2001-11-15,0.0,HOLD,177986327.72938967
2001-11-16,0.0,HOLD,177996414.5230022
2001-11-19,0.0,HOLD,178026678.32978636
2001-11-20,0.0,HOLD,178036767.4078941
2001-11-21,0.0,HOLD,178046857.053022
2001-11-23,0.0,HOLD,178067038.06689647
2001-11-26,0.0,HOLD,178097313.87822485
2001-11-27,0.0,HOLD,178107406.9598632
2001-11-28,0.0,HOLD,178117500.61388603
2001-11-29,0.0,HOLD,178127594.83821192
2001-11-30,0.0,HOLD,178137689.63284084
2001-12-03,0.0,HOLD,178167977.46080914
2001-12-04,0.0,HOLD,178178074.5459783
2001-12-05,0.0,HOLD,178186879.37659612
2001-12-06,0.0,HOLD,178195684.64891925
2001-12-07,0.0,HOLD,178204490.3461741
2001-12-10,0.0,HOLD,178230910.0685664
2001-12-11,0.0,HOLD,178239717.5112266
2001-12-12,0.0,HOLD,178248525.39464328
2001-12-13,0.0,HOLD,178257333.7029917
2001-12-14,0.0,HOLD,178266142.45304543
2001-12-17,0.0,HOLD,178292571.3175127
2001-12-18,0.0,HOLD,178301381.8075312
2001-12-19,0.0,HOLD,178310192.73256448
2001-12-20,0.0,HOLD,178319004.09371182
2001-12-21,0.0,HOLD,178327815.89097327
2001-12-24,0.0,HOLD,178354253.89751533
2001-12-26,0.0,HOLD,178371881.40779784
2001-12-27,0.0,HOLD,178380695.81587112
2001-12-28,0.0,HOLD,178389510.66593155
2001-12-31,0.0,HOLD,178415957.79777312
2002-01-02,0.0,HOLD,178433591.41037694
2002-01-03,0.0,HOLD,178442408.86852813
2002-01-04,0.0,HOLD,178450794.4201663
2002-01-07,0.0,HOLD,178475953.44827062
2002-01-08,0.0,HOLD,178484340.57749307
2002-01-09,0.0,HOLD,178492728.09723613
2002-01-10,0.0,HOLD,178501116.0139548
2002-01-11,0.0,HOLD,178509504.32764915
2002-01-14,0.0,HOLD,178534671.62553653
2002-01-15,0.0,HOLD,178543061.5132171
2002-01-16,0.0,HOLD,178551451.79501608
2002-01-17,0.0,HOLD,178559842.47379076
2002-01-18,0.0,HOLD,178568233.54394987
2002-01-22,0.0,HOLD,178601801.75623935
2002-01-23,0.0,HOLD,178610194.7990016
2002-01-24,0.0,HOLD,178618588.23983172
2002-01-25,0.0,HOLD,178626982.07204628
2002-01-28,0.0,HOLD,178652165.92627198
2002-01-29,0.0,HOLD,178660561.3364595
2002-01-30,0.0,HOLD,178668957.13677847
2002-01-31,0.0,HOLD,178677353.33966428
2002-02-01,0.0,HOLD,178685749.92834336
2002-02-04,0.0,HOLD,178710942.08590078
2002-02-05,0.0,HOLD,178719388.3855027
2002-02-06,0.0,HOLD,178727835.08920732
2002-02-07,0.0,HOLD,178736282.1842962
2002-02-08,0.0,HOLD,178744729.68754292
2002-02-11,0.0,HOLD,178770074.56925654
2002-02-12,0.0,HOLD,178778523.6645921
2002-02-13,0.0,HOLD,178786973.15830693
2002-02-14,0.0,HOLD,178795423.05458847
2002-02-15,0.0,HOLD,178803873.34784544
2002-02-19,0.0,HOLD,178837678.50524712
2002-02-20,0.0,HOLD,178846130.79686797
2002-02-21,0.0,HOLD,178854583.48315948
2002-02-22,0.0,HOLD,178863036.5720176
2002-02-25,0.0,HOLD,178888398.24490714
2002-02-26,0.0,HOLD,178896852.9335738
2002-02-27,0.0,HOLD,178905308.01849172
2002-02-28,0.0,HOLD,178913763.50597623
2002-03-01,0.0,HOLD,178922219.39043623
2002-03-04,0.0,HOLD,178947589.45052746
2002-03-05,0.0,HOLD,178955998.742469
2002-03-06,0.0,HOLD,178964408.43134466
2002-03-07,0.0,HOLD,178972818.51160476
2002-03-08,0.0,HOLD,178981228.99443176
2002-03-11,0.0,HOLD,179006462.78606734
2002-03-12,0.0,HOLD,179014874.84578568
2002-03-13,0.0,HOLD,179023287.30230802
2002-03-14,0.0,HOLD,179031700.1502148
2002-03-15,0.0,HOLD,179040113.39509726
2002-03-18,0.0,HOLD,179065355.50683832
2002-03-19,0.0,HOLD,179073770.33247024
2002-03-20,0.0,HOLD,179082185.55664
2002-03-21,0.0,HOLD,179090601.17219418
2002-03-22,0.0,HOLD,179099017.18472406
2002-03-25,0.0,HOLD,179124267.59979755
2002-03-26,0.0,HOLD,179132685.19507065
2002-03-27,0.0,HOLD,179141103.1812965
2002-03-28,0.0,HOLD,179149521.5700892
2002-04-01,0.0,HOLD,179183199.06461623
2002-04-02,0.0,HOLD,179191619.42933586
2002-04-03,0.0,HOLD,179200136.70420536
2002-04-04,0.0,HOLD,179208654.38164172
2002-04-05,0.0,HOLD,179217172.4616449
2002-04-08,0.0,HOLD,179242729.14084136
2002-04-09,0.0,HOLD,179251248.8427937
2002-04-10,0.0,HOLD,179259768.94681376
2002-04-11,0.0,HOLD,179268289.4589919
2002-04-12,0.0,HOLD,179276810.37932807
2002-04-15,0.0,HOLD,179302375.54637882
2002-04-16,0.0,HOLD,179310898.08320716
2002-04-17,0.0,HOLD,179319421.02755967
2002-04-18,0.0,HOLD,179327944.374479
2002-04-19,0.0,HOLD,179336468.12955645
2002-04-22,0.0,HOLD,179362041.8180102
2002-04-23,0.0,HOLD,179370567.18971506
2002-04-24,0.0,HOLD,179379092.96880937
2002-04-25,0.0,HOLD,179387619.15047053
2002-04-26,0.0,HOLD,179396145.74028975
2002-04-29,0.0,HOLD,179421727.93337297
2002-04-30,0.0,HOLD,179430256.14368176
2002-05-01,0.0,HOLD,179438784.76310873
2002-05-02,0.0,HOLD,179447313.77951136
2002-05-03,0.0,HOLD,179455843.2096633
2002-05-06,0.0,HOLD,179481433.90737474
2002-05-07,0.0,HOLD,179489964.9562871
2002-05-08,0.0,HOLD,179498496.41045523
2002-05-09,0.0,HOLD,179507028.26719025
2002-05-10,0.0,HOLD,179515560.53208333
2002-05-13,0.0,HOLD,179541159.7679724
2002-05-14,0.0,HOLD,179549693.65362528
2002-05-15,0.0,HOLD,179558227.9481267
2002-05-16,0.0,HOLD,179566762.64519498
2002-05-17,0.0,HOLD,179575297.7504213
2002-05-20,0.0,HOLD,179600905.49094006
2002-05-21,0.0,HOLD,179609442.21706074
2002-05-22,0.0,HOLD,179617979.3518949
2002-05-23,0.0,HOLD,179626516.88929588
2002-05-24,0.0,HOLD,179635054.834855
2002-05-28,0.0,HOLD,179669210.6624858
2002-05-29,0.0,HOLD,179677750.63564354
2002-05-30,0.0,HOLD,179686291.01337722
2002-05-31,0.0,HOLD,179694831.79926893
2002-06-03,0.0,HOLD,179720456.58259386
2002-06-04,0.0,HOLD,179728998.9933774
2002-06-05,0.0,HOLD,179737541.80328548
2002-06-06,0.0,HOLD,179746085.02694282
2002-06-07,0.0,HOLD,179754628.65316698
2002-06-10,0.0,HOLD,179780261.97466928
2002-06-11,0.0,HOLD,179788807.22592074
2002-06-12,0.0,HOLD,179797352.8873442
2002-06-13,0.0,HOLD,179805898.9513346
2002-06-14,0.0,HOLD,179814445.41789177
2002-06-17,0.0,HOLD,179840087.27757302
2002-06-18,0.0,HOLD,179848635.37302038
2002-06-19,0.0,HOLD,179857183.8747771
2002-06-20,0.0,HOLD,179865732.7791007
2002-06-21,0.0,HOLD,179874282.0915823
2002-06-24,0.0,HOLD,179899932.47266757
2002-06-25,0.0,HOLD,179908483.4141742
2002-06-26,0.0,HOLD,179917034.7562636
2002-06-27,0.0,HOLD,179925586.5121023
2002-06-28,0.0,HOLD,179934138.67050788
2002-07-01,0.0,HOLD,179959797.58977085
2002-07-02,0.0,HOLD,179968351.37547296
2002-07-03,0.0,HOLD,179976808.6343317
2002-07-05,0.0,HOLD,179993724.3434514
2002-07-08,0.0,HOLD,180019100.90280774
2002-07-09,0.0,HOLD,180027560.54779184
2002-07-10,0.0,HOLD,180036020.59107146
2002-07-11,0.0,HOLD,180044481.03132674
2002-07-12,0.0,HOLD,180052941.87414888
2002-07-15,0.0,HOLD,180078326.7696444
2002-07-16,0.0,HOLD,180086789.19918
2002-07-17,0.0,HOLD,180095252.02128896
2002-07-18,0.0,HOLD,180103715.24596483
2002-07-19,0.0,HOLD,180112178.8732075
2002-07-22,0.0,HOLD,180137572.12235764
2002-07-23,0.0,HOLD,180146037.33458096
2002-07-24,0.0,HOLD,180154502.9467019
2002-07-25,0.0,HOLD,180162968.95579854
2002-07-26,0.0,HOLD,180171435.3618708
2002-07-29,0.0,HOLD,180196836.9646756
2002-07-30,0.0,HOLD,180205304.96331427
2002-07-31,0.0,HOLD,180213773.35985583
2002-08-01,0.0,HOLD,180222242.15337306
2002-08-02,0.0,HOLD,180230711.34945717
2002-08-05,0.0,HOLD,180256266.9314306
2002-08-06,0.0,HOLD,180264786.26764163
2002-08-07,0.0,HOLD,180273306.00823158
2002-08-08,0.0,HOLD,180281826.1513884
2002-08-09,0.0,HOLD,180290346.69711208
2002-08-12,0.0,HOLD,180315910.7333881
2002-08-13,0.0,HOLD,180324432.88956374
2002-08-14,0.0,HOLD,180332955.44812128
2002-08-15,0.0,HOLD,180341478.40924564
2002-08-16,0.0,HOLD,180350001.77293688
2002-08-19,0.0,HOLD,180375574.28029007
2002-08-20,0.0,HOLD,180384099.25456694
2002-08-21,0.0,HOLD,180392624.63668376
2002-08-22,0.0,HOLD,180401150.41577625
2002-08-23,0.0,HOLD,180409676.59743556
2002-08-26,0.0,HOLD,180435257.57586747
2002-08-27,0.0,HOLD,180443785.3719735
2002-08-28,0.0,HOLD,180452313.57205862
2002-08-29,0.0,HOLD,180460842.16911945
2002-08-30,0.0,HOLD,180469371.17433828
2002-09-03,0.0,HOLD,180503491.2466449
2002-09-04,0.0,HOLD,180512022.26699293
2002-09-05,0.0,HOLD,180520602.29756254
2002-09-06,0.0,HOLD,180529182.74188143
2002-09-09,0.0,HOLD,180554926.50614312
2002-09-10,0.0,HOLD,180563508.57910275
2002-09-11,0.0,HOLD,180572091.05862054
2002-09-12,0.0,HOLD,180580673.94629642
2002-09-13,0.0,HOLD,180589257.24772155
2002-09-16,0.0,HOLD,180615009.5837095
2002-09-17,0.0,HOLD,180623594.5120475
2002-09-18,0.0,HOLD,180632179.84867176
2002-09-19,0.0,HOLD,180640765.5934541
2002-09-20,0.0,HOLD,180649351.74639446
2002-09-23,0.0,HOLD,180675112.65410942
2002-09-24,0.0,HOLD,180683700.43968976
2002-09-25,0.0,HOLD,180692288.63342053
2002-09-26,0.0,HOLD,180700877.2353093
2002-09-27,0.0,HOLD,180709466.24535617
2002-09-30,0.0,HOLD,180735235.724798
2002-10-01,0.0,HOLD,180743826.36762062
2002-10-02,0.0,HOLD,180752417.4184579
2002-10-03,0.0,HOLD,180761008.8774532
2002-10-04,0.0,HOLD,180769600.74460658
2002-10-07,0.0,HOLD,180795378.81255043
2002-10-08,0.0,HOLD,180803972.31447956
2002-10-09,0.0,HOLD,180812566.22242373
2002-10-10,0.0,HOLD,180821160.53852594
2002-10-11,0.0,HOLD,180829755.26837742
2002-10-14,0.0,HOLD,180855541.90804896
2002-10-15,0.0,HOLD,180864138.26908442
2002-10-16,0.0,HOLD,180872735.03972653
2002-10-17,0.0,HOLD,180881332.2185267
2002-10-18,0.0,HOLD,180889929.80548495
2002-10-21,0.0,HOLD,180915725.01688376
2002-10-22,0.0,HOLD,180924324.23888916
2002-10-23,0.0,HOLD,180932923.87222886
2002-10-24,0.0,HOLD,180941523.90813547
2002-10-25,0.0,HOLD,180950124.35779133
2002-10-28,0.0,HOLD,180975928.15769154
2002-10-29,0.0,HOLD,180984530.24066696
2002-10-30,0.0,HOLD,180993132.7367045
2002-10-31,0.0,HOLD,181001735.6353089
2002-11-01,0.0,HOLD,181010338.9476626
2002-11-04,0.0,HOLD,181036151.33606443
2002-11-05,0.0,HOLD,181042753.57903308
2002-11-06,0.0,HOLD,181049356.0620893
2002-11-07,0.0,HOLD,181055958.78557274
2002-11-08,0.0,HOLD,181062561.74948335
2002-11-11,0.0,HOLD,181082372.10172123
2002-11-12,0.0,HOLD,181088976.02960578
2002-11-13,0.0,HOLD,181095580.2012441
2002-11-14,0.0,HOLD,181102184.60771823
2002-11-15,0.0,HOLD,181108789.26021087
2002-11-18,0.0,HOLD,181128604.66160476
2002-11-19,0.0,HOLD,181135210.2762688
2002-11-20,0.0,HOLD,181141816.1308975
2002-11-21,0.0,HOLD,181148422.22595343
2002-11-22,0.0,HOLD,181155028.56702784
2002-11-25,0.0,HOLD,181174849.01757678
2002-11-26,0.0,HOLD,181181456.3190201
2002-11-27,0.0,HOLD,181188063.86223027
2002-11-29,0.0,HOLD,181201279.67048568
2002-12-02,0.0,HOLD,181221105.1878074
2002-12-03,0.0,HOLD,181227714.17603013
2002-12-04,0.0,HOLD,181233833.19354334
2002-12-05,0.0,HOLD,181239952.42352712
2002-12-06,0.0,HOLD,181246071.86039016
2002-12-09,0.0,HOLD,181264431.39472473
2002-12-10,0.0,HOLD,181270551.65513444
2002-12-11,0.0,HOLD,181276672.12639335
2002-12-12,0.0,HOLD,181282792.79894012
2002-12-13,0.0,HOLD,181288913.67836612
2002-12-16,0.0,HOLD,181307277.55731058
2002-12-17,0.0,HOLD,181313399.26592362
2002-12-18,0.0,HOLD,181319521.17974555
2002-12-19,0.0,HOLD,181325643.3004467
2002-12-20,0.0,HOLD,181331765.62802705
2002-12-23,0.0,HOLD,181350133.8515813
2002-12-24,0.0,HOLD,181356257.00653383
2002-12-26,0.0,HOLD,181368503.92605454
2002-12-27,0.0,HOLD,181374627.7017285
2002-12-30,0.0,HOLD,181393000.26989263
2002-12-31,0.0,HOLD,181399124.87118462
2003-01-02,0.0,HOLD,181411374.69824606
2003-01-03,0.0,HOLD,181417499.91930345
2003-01-06,0.1,TRADE,181435876.83207834
2003-01-07,0.1,HOLD,181968777.5665339
2003-01-08,0.0,TRADE,180436078.2752572
2003-01-09,0.0,HOLD,180442170.56984228
2003-01-10,0.0,HOLD,180448263.06735945
2003-01-13,0.1,TRADE,180466541.7976942
2003-01-14,0.1,HOLD,181066211.1850553
2003-01-15,0.2,TRADE,179980052.41942042
2003-01-16,0.2,HOLD,178751979.7187414
2003-01-17,0.0,TRADE,174448657.46517786
2003-01-21,0.1,TRADE,174472219.1757948
2003-01-22,0.1,HOLD,174352481.1951106
2003-01-23,0.0,TRADE,175708213.1887781
2003-01-24,0.0,HOLD,175714145.84726936
2003-01-27,0.0,HOLD,175731945.01221123
2003-01-28,0.0,HOLD,175737878.4725157
2003-01-29,0.0,HOLD,175743812.1340171
2003-01-30,0.0,HOLD,175749745.99438795
2003-01-31,0.0,HOLD,175755680.0593102
2003-02-03,0.0,HOLD,175773483.45179042
2003-02-04,0.0,HOLD,175779418.31369838
2003-02-05,0.0,HOLD,175785448.50642133
2003-02-06,0.0,HOLD,175791478.90937766
2003-02-07,0.0,HOLD,175797509.51688543
2003-02-10,0.0,HOLD,175815602.59078625
2003-02-11,0.0,HOLD,175821634.02642617
2003-02-12,0.0,HOLD,175827665.67373714
2003-02-13,0.0,HOLD,175833697.51991752
2003-02-14,0.1,TRADE,175839729.58201328
2003-02-18,0.2,TRADE,177625414.58821756
2003-02-19,0.0,TRADE,176709773.82624906
2003-02-20,0.0,HOLD,176715835.9425765
2003-02-21,0.0,HOLD,176721898.26036796
2003-02-24,0.0,HOLD,176740086.47001204
2003-02-25,0.0,HOLD,176746149.62052652
2003-02-26,0.0,HOLD,176752212.98080602
2003-02-27,0.2,TRADE,176758276.54616514
2003-02-28,0.2,HOLD,178357666.60495153
2003-03-03,0.2,HOLD,176306567.81761152
2003-03-04,0.2,HOLD,175459790.69750002
2003-03-05,0.2,HOLD,176207514.5145769
2003-03-06,0.2,HOLD,175541897.07251883
2003-03-07,0.2,HOLD,175836627.1761497
2003-03-10,0.0,TRADE,173495500.84352455
2003-03-11,0.0,HOLD,173501405.7375477
2003-03-12,0.0,HOLD,173507310.84037107
2003-03-13,0.0,HOLD,173513216.13876724
2003-03-14,0.2,TRADE,173519121.64424056
2003-03-17,0.0,TRADE,178214654.79486322
2003-03-18,0.0,HOLD,178220720.31334493
2003-03-19,0.0,HOLD,178226786.03671545
2003-03-20,0.0,HOLD,178232851.96139345
2003-03-21,0.0,HOLD,178238918.09888226
2003-03-24,0.0,HOLD,178257117.73467946
2003-03-25,0.0,HOLD,178263184.6940729
2003-03-26,0.0,HOLD,178269251.86110583
2003-03-27,0.0,HOLD,178275319.23519787
2003-03-28,0.0,HOLD,178281386.81059742
2003-03-31,0.0,HOLD,178299590.7947853
2003-04-01,0.0,HOLD,178305659.19980782
2003-04-02,0.0,HOLD,178311727.8105034
2003-04-03,0.0,HOLD,178317844.8787945
2003-04-04,0.0,HOLD,178323962.15414473
2003-04-07,0.0,HOLD,178342315.24822494
2003-04-08,0.2,TRADE,178348433.36421406
2003-04-09,0.0,TRADE,176014600.28799596
2003-04-10,0.2,TRADE,176020638.5506418
2003-04-11,0.30000000000000004,TRADE,175302902.50473946
2003-04-14,0.30000000000000004,HOLD,178724199.56649187
2003-04-15,0.30000000000000004,HOLD,179471652.99430963
2003-04-16,0.30000000000000004,HOLD,179757783.1363592
2003-04-17,0.30000000000000004,HOLD,184400856.909337
2003-04-21,0.30000000000000004,HOLD,183982005.66024435
2003-04-22,0.6000000000000001,TRADE,187599916.980626
2003-04-23,0.8,TRADE,190805778.381249
2003-04-24,0.8,HOLD,188812499.82628295
2003-04-25,0.5,TRADE,178606213.1768347
2003-04-28,0.6000000000000001,TRADE,184509260.0680886
2003-04-29,0.8,TRADE,187418246.58343565
2003-04-30,0.8,HOLD,183068623.96554726
2003-05-01,0.8,HOLD,185875100.91767645
2003-05-02,0.8,HOLD,195150691.8853379
2003-05-05,0.8,HOLD,195040052.5038948
2003-05-06,0.8,HOLD,201911194.20732632
2003-05-07,0.8,HOLD,194641883.291693
2003-05-08,0.8,HOLD,187487070.01259792
2003-05-09,0.8,HOLD,197449646.8435914
2003-05-12,0.8,HOLD,204495107.91465202
2003-05-13,0.8,HOLD,202549935.3110569
2003-05-14,0.8,HOLD,199173542.84641382
2003-05-15,0.8,HOLD,205414948.18872058
2003-05-16,0.8,HOLD,201695063.0351043
2003-05-19,0.6000000000000001,TRADE,183780049.88663226
2003-05-20,0.6000000000000001,HOLD,183868887.23366228
2003-05-21,0.6000000000000001,HOLD,184087197.89265692
2003-05-22,0.6000000000000001,HOLD,189354964.41600078
2003-05-23,0.6000000000000001,HOLD,188925909.11994267
2003-05-27,0.6000000000000001,HOLD,201926478.72191602
2003-05-28,0.6000000000000001,HOLD,202187947.7277849
2003-05-29,0.6000000000000001,HOLD,204952565.84631348
2003-05-30,0.6000000000000001,HOLD,210263490.79048383
2003-06-02,0.6000000000000001,HOLD,205912127.60977936
2003-06-03,0.7000000000000001,TRADE,210359898.07526928
2003-06-04,0.7000000000000001,HOLD,220024019.22480315
2003-06-05,0.7000000000000001,HOLD,222673863.536537
2003-06-06,0.7000000000000001,HOLD,215383041.45286286
2003-06-09,0.8,TRADE,208746737.30920506
2003-06-10,0.8,HOLD,216045936.9171695
2003-06-11,0.8,HOLD,222599374.70267862
2003-06-12,0.8,HOLD,223026911.47128925
2003-06-13,0.7000000000000001,TRADE,211788601.9138719
2003-06-16,0.8,TRADE,225681950.52921683
2003-06-17,0.8,HOLD,224804253.7242476
2003-06-18,0.8,HOLD,228374256.25194293
2003-06-19,0.7000000000000001,TRADE,218652878.4144479
2003-06-20,0.8,TRADE,217560164.00562656
2003-06-23,0.7000000000000001,TRADE,207741310.11296058
2003-06-24,0.8,TRADE,204643454.63953376
2003-06-25,0.8,HOLD,203261009.51733756
2003-06-26,0.7000000000000001,TRADE,214013468.90268734
2003-06-27,0.8,TRADE,210514520.60295644
2003-06-30,0.8,HOLD,208980953.59219956
2003-07-01,0.8,HOLD,215504590.81086272
2003-07-02,0.7000000000000001,TRADE,227595992.47482094
2003-07-03,0.8,TRADE,222041743.530043
2003-07-07,0.7000000000000001,TRADE,243883503.9976262
2003-07-08,0.7000000000000001,HOLD,250415656.64015344
2003-07-09,0.7000000000000001,HOLD,249111726.7693504
2003-07-10,0.7000000000000001,HOLD,238305925.8087979
2003-07-11,0.7000000000000001,HOLD,242901262.02483162
2003-07-14,0.7000000000000001,HOLD,248941669.85197848
2003-07-15,0.7000000000000001,HOLD,248358261.35062242
2003-07-16,0.7000000000000001,HOLD,247324527.26242155
2003-07-17,0.7000000000000001,HOLD,232735991.24520648
2003-07-18,0.7000000000000001,HOLD,234224080.89093417
2003-07-21,0.7000000000000001,HOLD,226844785.6190005
2003-07-22,0.7000000000000001,HOLD,233106327.34199423
2003-07-23,0.7000000000000001,HOLD,237206306.00880903
2003-07-24,0.7000000000000001,HOLD,231489185.6329363
2003-07-25,0.8,TRADE,240767909.35130084
2003-07-28,0.8,HOLD,241703641.2000813
2003-07-29,0.8,HOLD,239272053.00289598
2003-07-30,0.8,HOLD,234148730.08569577
2003-07-31,0.8,HOLD,239895874.49095213
2003-08-01,0.8,HOLD,234203146.21750274
2003-08-04,0.8,HOLD,235501227.7424605
2003-08-05,0.5,TRADE,218834504.06923708
2003-08-06,0.8,TRADE,214921460.8967589
2003-08-07,0.8,HOLD,215733923.8722787
2003-08-08,0.5,TRADE,211516453.97987354
2003-08-11,0.5,HOLD,215665916.136334
2003-08-12,0.8,TRADE,220386598.51768708
2003-08-13,0.8,HOLD,220231209.45525134
2003-08-14,0.8,HOLD,225140078.65822816
2003-08-15,0.8,HOLD,225820031.22910035
2003-08-18,0.8,HOLD,239398044.50047722
2003-08-19,0.8,HOLD,246134223.54804176
2003-08-20,0.8,HOLD,246135461.272041
2003-08-21,0.8,HOLD,253080475.78005874
2003-08-22,0.8,HOLD,248226290.7338432
2003-08-25,0.8,HOLD,249169763.58215162
2003-08-26,0.8,HOLD,250267387.31717795
2003-08-27,0.8,HOLD,254915212.73320243
2003-08-28,0.8,HOLD,261338139.00710455
2003-08-29,0.8,HOLD,265620502.55847034
2003-09-02,0.8,HOLD,275440718.42808366
2003-09-03,0.8,HOLD,274972077.00901324
2003-09-04,0.8,HOLD,281603838.9171917
2003-09-05,0.8,HOLD,275653268.5550674
2003-09-08,0.8,HOLD,288291524.7567861
2003-09-09,0.8,HOLD,279678303.29904556
2003-09-10,0.8,HOLD,259944597.3076955
2003-09-11,0.8,HOLD,268873548.7597526
2003-09-12,0.8,HOLD,272268362.38626075
2003-09-15,0.8,HOLD,267260028.78241026
2003-09-16,0.8,HOLD,284646813.7420277
2003-09-17,0.8,HOLD,281463312.7273077
2003-09-18,0.8,HOLD,293472586.4393743
2003-09-19,0.8,HOLD,289244908.5394314
2003-09-22,0.8,HOLD,275517698.09350127
2003-09-23,0.8,HOLD,286535003.87242764
2003-09-24,0.7000000000000001,TRADE,261110533.96440834
2003-09-25,0.7000000000000001,HOLD,255395442.86069137
2003-09-26,0.7000000000000001,HOLD,248756747.04175973
2003-09-29,0.7000000000000001,HOLD,258966382.04791874
2003-09-30,0.7000000000000001,HOLD,246038667.11325327
2003-10-01,0.8,TRADE,258223050.50756785
2003-10-02,0.7000000000000001,TRADE,259032603.24497795
2003-10-03,0.8,TRADE,274535062.00617874
2003-10-06,0.8,HOLD,277545500.66154945
2003-10-07,0.8,HOLD,282770385.4830711
2003-10-08,0.8,HOLD,277745632.8506323
2003-10-09,0.7000000000000001,TRADE,284744493.4757968
2003-10-10,0.8,TRADE,288080260.7996877
2003-10-13,0.8,HOLD,292896482.73151004
2003-10-14,0.8,HOLD,295814107.26006603
2003-10-15,0.8,HOLD,294649278.5371227
2003-10-16,0.8,HOLD,299170724.090431
2003-10-17,0.8,HOLD,282502293.0600634
2003-10-20,0.8,HOLD,289894349.53590393
2003-10-21,0.8,HOLD,296165418.1484256
2003-10-22,0.8,HOLD,278670776.55055726
2003-10-23,0.8,HOLD,274201105.0333781
2003-10-24,0.8,HOLD,270654845.61475134
2003-10-27,0.8,HOLD,273770047.1750218
2003-10-28,0.8,HOLD,293795095.64738137
2003-10-29,0.8,HOLD,293699481.4943406
2003-10-30,0.8,HOLD,292437452.15780354
2003-10-31,0.8,HOLD,291904432.38196164
2003-11-03,0.8,HOLD,305128566.82889867
2003-11-04,0.8,HOLD,298034461.57489806
2003-11-05,0.8,HOLD,298084649.63116574
2003-11-06,0.8,HOLD,303383706.2535126
2003-11-07,0.8,HOLD,301635670.9219363
2003-11-10,0.8,HOLD,290316485.8811611
2003-11-11,0.8,HOLD,287839441.2074298
2003-11-12,0.8,HOLD,304413845.28824747
2003-11-13,0.8,HOLD,302471407.6810747
2003-11-14,0.8,HOLD,285948779.7776925
2003-11-17,0.4,TRADE,279246655.9292324
2003-11-18,0.4,HOLD,272244070.60444206
2003-11-19,0.8,TRADE,275507230.60839593
2003-11-20,0.4,TRADE,268055155.3914184
2003-11-21,0.8,TRADE,270351578.3988172
2003-11-24,0.6000000000000001,TRADE,292093560.8586862
2003-11-25,0.6000000000000001,HOLD,289130027.73246694
2003-11-26,0.6000000000000001,HOLD,292319688.20517766
2003-11-28,0.6000000000000001,HOLD,293864357.3591625
2003-12-01,0.8,TRADE,302334555.241678
2003-12-02,0.8,HOLD,294694255.97938126
2003-12-03,0.8,HOLD,288677870.64483774
2003-12-04,0.8,HOLD,294745315.1302963
2003-12-05,0.8,HOLD,282185512.1813507
2003-12-08,0.8,HOLD,287444297.15271366
2003-12-09,0.4,TRADE,270872471.8495314
2003-12-10,0.4,HOLD,272106743.4529633
2003-12-11,0.8,TRADE,278727630.4000818
2003-12-12,0.8,HOLD,278823523.8001862
2003-12-15,0.4,TRADE,269151588.6568259
2003-12-16,0.4,HOLD,270632337.8068225
2003-12-17,0.8,TRADE,269898435.6485105
2003-12-18,0.8,HOLD,284319759.2009033
2003-12-19,0.8,HOLD,281807209.0613371
2003-12-22,0.8,HOLD,284420396.34816843
2003-12-23,0.8,HOLD,292343286.7569001
2003-12-24,0.8,HOLD,289878170.63000375
2003-12-26,0.8,HOLD,290165658.68891066
2003-12-29,0.8,HOLD,303119419.53932834
2003-12-30,0.8,HOLD,302883693.18245053
2003-12-31,0.8,HOLD,301794158.1046005
2004-01-02,0.8,HOLD,299567654.24457693
2004-01-05,0.8,HOLD,316126386.2225129
2004-01-06,0.8,HOLD,318546954.0540058
2004-01-07,0.8,HOLD,325378867.18157846
2004-01-08,0.8,HOLD,334155566.9666164
2004-01-09,0.8,HOLD,328512385.5183057
2004-01-12,0.8,HOLD,338904721.709396
2004-01-13,0.8,HOLD,330557812.6768446
2004-01-14,0.8,HOLD,335587240.91534835
2004-01-15,0.8,HOLD,334402838.7759038
2004-01-16,0.8,HOLD,346215303.34772944
2004-01-20,0.8,HOLD,345746739.12748665
2004-01-21,0.8,HOLD,342190646.22077906
2004-01-22,0.8,HOLD,333084796.4157578
2004-01-23,0.8,HOLD,333465710.64398396
2004-01-26,0.8,HOLD,345707967.4338765
2004-01-27,0.8,HOLD,326261545.0675309
2004-01-28,0.8,HOLD,311368769.4572068
2004-01-29,0.8,HOLD,313836771.9957168
2004-01-30,0.8,HOLD,312083164.59517586
2004-02-02,0.8,HOLD,309336335.08362913
2004-02-03,0.8,HOLD,311329999.6153132
2004-02-04,0.8,HOLD,296247488.9951664
2004-02-05,0.8,HOLD,297387344.84449995
2004-02-06,0.8,HOLD,314275228.9635811
2004-02-09,0.8,HOLD,310057951.84315884
2004-02-10,0.8,HOLD,314850212.0233862
2004-02-11,0.8,HOLD,322061597.0608476
2004-02-12,0.8,HOLD,315185137.60480917
2004-02-13,0.8,HOLD,306363891.56845623
2004-02-17,0.8,HOLD,317611485.2028863
2004-02-18,0.8,HOLD,318039834.2543268
2004-02-19,0.8,HOLD,306087956.3313162
2004-02-20,0.8,HOLD,304713820.3009696
2004-02-23,0.8,HOLD,295373692.2444757
2004-02-24,0.8,HOLD,294473894.5682778
2004-02-25,0.8,HOLD,298507214.2079173
2004-02-26,0.8,HOLD,301923894.22651017
2004-02-27,0.8,HOLD,298462670.38757193
2004-03-01,0.8,HOLD,307953769.67126226
2004-03-02,0.8,HOLD,299606862.52951
2004-03-03,0.4,TRADE,296003337.4237089
2004-03-04,0.8,TRADE,299676202.5517364
2004-03-05,0.4,TRADE,295574211.9873082
2004-03-08,0.30000000000000004,TRADE,287901668.0525079
2004-03-09,0.30000000000000004,HOLD,287227814.54650754
2004-03-10,0.30000000000000004,HOLD,283658370.81322014
2004-03-11,0.2,TRADE,280982661.71255463
2004-03-12,0.30000000000000004,TRADE,284491588.8880104
2004-03-15,0.2,TRADE,278849380.1378696
2004-03-16,0.2,HOLD,279715795.4706361
2004-03-17,0.30000000000000004,TRADE,282340834.5567813
2004-03-18,0.2,TRADE,280356633.01011145
2004-03-19,0.2,HOLD,278069867.8491461
2004-03-22,0.0,TRADE,276101867.11309433
2004-03-23,0.1,TRADE,276109394.0775175
2004-03-24,0.0,TRADE,276826719.5321714
2004-03-25,0.30000000000000004,TRADE,276834266.2571939
2004-03-26,0.2,TRADE,274991195.8616745
2004-03-29,0.30000000000000004,TRADE,278169308.2179489
2004-03-30,0.30000000000000004,HOLD,278628058.67871547
2004-03-31,0.30000000000000004,HOLD,277430001.49221164
2004-04-01,0.8,TRADE,279981562.08522636
2004-04-02,0.8,HOLD,297075252.73264307
2004-04-05,0.8,HOLD,305832120.4049391
2004-04-06,0.8,HOLD,298410240.7252758
2004-04-07,0.8,HOLD,292729653.94471884
2004-04-08,0.8,HOLD,294380826.6057241
2004-04-12,0.8,HOLD,299381695.29724765
2004-04-13,0.8,HOLD,288064818.7277337
2004-04-14,0.8,HOLD,289349403.66849583
2004-04-15,0.8,HOLD,281606759.889711
2004-04-16,0.8,HOLD,276750996.4162835
2004-04-19,0.8,HOLD,287890687.6418381
2004-04-20,0.2,TRADE,270570933.35504615
2004-04-21,0.8,TRADE,272171827.4157847
2004-04-22,0.8,HOLD,287713080.44838566
2004-04-23,0.8,HOLD,293090240.38143325
2004-04-26,0.7000000000000001,TRADE,285144113.11832017
2004-04-27,0.7000000000000001,HOLD,284716523.54781073
2004-04-28,0.30000000000000004,TRADE,274009899.145891
2004-04-29,0.2,TRADE,270332871.47848296
2004-04-30,0.0,TRADE,266922924.18431324
2004-05-03,0.0,HOLD,266944755.0079202
2004-05-04,0.1,TRADE,266952032.3360547
2004-05-05,0.0,TRADE,267313965.33469298
2004-05-06,0.0,HOLD,267321252.72807375
2004-05-07,0.0,HOLD,267328540.32213047
2004-05-10,0.0,HOLD,267350404.28483605
2004-05-11,0.30000000000000004,TRADE,267357692.67261064
2004-05-12,0.1,TRADE,266167534.5357358
2004-05-13,0.4,TRADE,266294258.12398052
2004-05-14,0.0,TRADE,262396077.21473768
2004-05-17,0.0,HOLD,262417537.77511796
2004-05-18,0.0,HOLD,262424691.68377903
2004-05-19,0.0,HOLD,262431845.7874028
2004-05-20,0.30000000000000004,TRADE,262439000.08690012
2004-05-21,0.4,TRADE,264351645.28381187
2004-05-24,0.4,HOLD,265651768.45080262
2004-05-25,0.8,TRADE,273306140.3992306
2004-05-26,0.8,HOLD,276085837.8214429
2004-05-27,0.8,HOLD,280300942.3748976
2004-05-28,0.8,HOLD,281691536.24227613
2004-06-01,0.8,HOLD,282762477.0280615
2004-06-02,0.8,HOLD,280680312.008375
2004-06-03,0.8,HOLD,271837842.6670519
2004-06-04,0.8,HOLD,276238161.36368126
2004-06-07,0.8,HOLD,292865573.3330465
2004-06-08,0.8,HOLD,294997022.91994953
2004-06-09,0.8,HOLD,282172456.7323359
2004-06-10,0.8,HOLD,287591451.67257833
2004-06-14,0.8,HOLD,276901317.1192413
2004-06-15,0.8,HOLD,286256105.89826405
2004-06-16,0.8,HOLD,286581721.0833965
2004-06-17,0.8,HOLD,279082052.4925779
2004-06-18,0.8,HOLD,279315060.8499335
2004-06-21,0.8,HOLD,273994637.0762094
2004-06-22,0.8,HOLD,283766157.2306019
2004-06-23,0.8,HOLD,292426394.51678205
2004-06-24,0.8,HOLD,289881195.845885
2004-06-25,0.8,HOLD,294605639.5778088
2004-06-28,0.8,HOLD,292017120.475465
2004-06-29,0.8,HOLD,297991757.64249796
2004-06-30,0.8,HOLD,303271843.03215116
2004-07-01,0.8,HOLD,289891636.28442544
2004-07-02,0.8,HOLD,285911030.8481882
2004-07-06,0.30000000000000004,TRADE,269247754.2373213
2004-07-07,0.4,TRADE,270368704.2912011
2004-07-08,0.30000000000000004,TRADE,265583968.46587455
2004-07-09,0.30000000000000004,HOLD,267062202.32536802
2004-07-12,0.30000000000000004,HOLD,265732413.7455054
2004-07-13,0.30000000000000004,HOLD,265153075.78242427
2004-07-14,0.30000000000000004,HOLD,263047325.38744503
2004-07-15,0.0,TRADE,263018206.37145114
2004-07-16,0.0,HOLD,263027229.3299599
2004-07-19,0.30000000000000004,TRADE,263054300.07795596
2004-07-20,0.30000000000000004,HOLD,267155240.76291507
2004-07-21,0.0,TRADE,261114405.26269084
2004-07-22,0.30000000000000004,TRADE,261123362.91596675
2004-07-23,0.0,TRADE,255602563.24790722
2004-07-26,0.0,HOLD,255628869.85112646
2004-07-27,0.0,HOLD,255637639.31890303
2004-07-28,0.0,HOLD,255646409.08634984
2004-07-29,0.0,HOLD,255655179.15315428
2004-07-30,0.0,HOLD,255663949.52466202
2004-08-02,0.0,HOLD,255690262.43991432
2004-08-03,0.0,HOLD,255699034.0139579
2004-08-04,0.0,HOLD,255708981.05341518
2004-08-05,0.0,HOLD,255718928.47776088
2004-08-06,0.0,HOLD,255728876.29234064
2004-08-09,0.0,HOLD,255758722.05175525
2004-08-10,0.0,HOLD,255768671.41336933
2004-08-11,0.0,HOLD,255778621.16308227
2004-08-12,0.0,HOLD,255788571.29768357
2004-08-13,0.0,HOLD,255798521.82251897
2004-08-16,0.0,HOLD,255828375.71301693
2004-08-17,0.0,HOLD,255838327.78321022
2004-08-18,0.0,HOLD,255848280.2431789
2004-08-19,0.0,HOLD,255858233.088036
2004-08-20,0.0,HOLD,255868186.3231272
2004-08-23,0.0,HOLD,255898048.344709
2004-08-24,0.0,HOLD,255908003.12526354
2004-08-25,0.8,TRADE,255917958.29548806
2004-08-26,0.0,TRADE,253622431.57690275
2004-08-27,0.8,TRADE,253632297.83527792
2004-08-30,0.0,TRADE,244564986.71188936
2004-08-31,0.0,HOLD,244574500.62331042
2004-09-01,0.8,TRADE,244584014.90123525
2004-09-02,0.8,HOLD,253252181.95330444
2004-09-03,0.0,TRADE,241582180.09836552
2004-09-07,0.8,TRADE,241619773.78244498
2004-09-08,0.8,HOLD,239456976.62295213
2004-09-09,0.8,HOLD,245559310.00142974
2004-09-10,0.8,HOLD,254662672.96705922
2004-09-13,0.8,HOLD,260916358.49948376
2004-09-14,0.8,HOLD,264017662.7296312
2004-09-15,0.8,HOLD,255360835.00258565
2004-09-16,0.8,HOLD,256494251.17311418
2004-09-17,0.8,HOLD,260087527.67418808
2004-09-20,0.8,HOLD,259355211.61175084
2004-09-21,0.8,HOLD,264276812.944454
2004-09-22,0.8,HOLD,249913109.93236095
2004-09-23,0.8,HOLD,250554554.5635355
2004-09-24,0.8,HOLD,247604603.29208815
2004-09-27,0.8,HOLD,241804976.63597414
2004-09-28,0.8,HOLD,243528760.1462904
2004-09-29,0.8,HOLD,252386138.47623318
2004-09-30,0.8,HOLD,253125978.02996758
2004-10-01,0.8,HOLD,270592867.40716755
2004-10-04,0.8,HOLD,273304358.77860564
2004-10-05,0.8,HOLD,274536170.749807
2004-10-06,0.8,HOLD,280343322.87296593
2004-10-07,0.8,HOLD,271538905.1404184
2004-10-08,0.8,HOLD,260077838.40309817
2004-10-11,0.8,HOLD,263035317.33766586
2004-10-12,0.5,TRADE,261758072.35882944
2004-10-13,0.8,TRADE,261582099.81076348
2004-10-14,0.8,HOLD,257477096.71087685
2004-10-15,0.8,HOLD,259943354.93685076
2004-10-18,0.8,HOLD,271352532.174207
2004-10-19,0.8,HOLD,265218169.37931794
2004-10-20,0.8,HOLD,268892380.4362472
2004-10-21,0.8,HOLD,278944580.429447
2004-10-22,0.5,TRADE,262035282.15145284
2004-10-25,0.5,HOLD,260480776.4139023
2004-10-26,0.5,HOLD,263053053.6151428
2004-10-27,0.8,TRADE,273413937.42444015
2004-10-28,0.8,HOLD,276524054.92427063
2004-10-29,0.8,HOLD,276294765.67974097
2004-11-01,0.8,HOLD,277183840.82861584
2004-11-02,0.8,HOLD,279830152.4436103
2004-11-03,0.8,HOLD,283960645.0143834
2004-11-04,0.8,HOLD,289528937.8899784
2004-11-05,0.8,HOLD,293659430.7107212
2004-11-08,0.8,HOLD,294502127.8332525
2004-11-09,0.8,HOLD,294411981.91641104
2004-11-10,0.8,HOLD,289683771.02832884
2004-11-11,0.8,HOLD,301096026.80024993
2004-11-12,0.8,HOLD,309029733.8750068
2004-11-15,0.8,HOLD,310429001.43458647
2004-11-16,0.8,HOLD,304262991.11689585
2004-11-17,0.8,HOLD,315165060.47849613
2004-11-18,0.8,HOLD,319898503.38713807
2004-11-19,0.8,HOLD,305383976.27137864
2004-11-22,0.8,HOLD,313183776.2901711
2004-11-23,0.8,HOLD,310310793.06636643
2004-11-24,0.8,HOLD,320006966.37852365
2004-11-26,0.8,HOLD,317785930.02960163
2004-11-29,0.8,HOLD,318860538.2860741
2004-11-30,0.8,HOLD,314317852.50345165
2004-12-01,0.8,HOLD,331945118.00608826
2004-12-02,0.8,HOLD,334962478.58065975
2004-12-03,0.8,HOLD,335568045.430332
2004-12-06,0.8,HOLD,338265979.0986291
2004-12-07,0.8,HOLD,322313654.05533916
2004-12-08,0.8,HOLD,328624041.59927535
2004-12-09,0.8,HOLD,332569016.0693107
2004-12-10,0.8,HOLD,330113460.8317065
2004-12-13,0.8,HOLD,338284313.94260234
2004-12-14,0.8,HOLD,341487198.6232818
2004-12-15,0.8,HOLD,339402689.2194536
2004-12-16,0.8,HOLD,331149553.3628346
2004-12-17,0.8,HOLD,325400972.7834341
2004-12-20,0.8,HOLD,322997040.104754
2004-12-21,0.8,HOLD,331672842.4757334
2004-12-22,0.8,HOLD,333808973.18625736
2004-12-23,0.8,HOLD,333857974.72873986
2004-12-27,0.8,HOLD,330575433.329345
2004-12-28,0.8,HOLD,339065713.9734825
2004-12-29,0.8,HOLD,339393000.17351586
2004-12-30,0.8,HOLD,338653531.5267266
2004-12-31,0.8,HOLD,337218353.2408215
2005-01-03,0.8,HOLD,327950089.4821062
2005-01-04,0.8,HOLD,311673103.38952506
2005-01-05,0.8,HOLD,307686989.9273818
2005-01-06,0.8,HOLD,304582108.95888644
2005-01-07,0.8,HOLD,308016899.9014803
2005-01-10,0.8,HOLD,308024768.9678169
2005-01-11,0.8,HOLD,302368952.82326317
2005-01-12,0.8,HOLD,308215538.24282545
2005-01-13,0.4,TRADE,298107179.856659
2005-01-14,0.8,TRADE,301776695.0945557
2005-01-18,0.8,HOLD,307460856.2826984
2005-01-19,0.4,TRADE,294287183.1229227
2005-01-20,0.30000000000000004,TRADE,287147765.94117916
2005-01-21,0.30000000000000004,HOLD,285283529.13675857
2005-01-24,0.30000000000000004,HOLD,281432988.4233279
2005-01-25,0.30000000000000004,HOLD,283039050.3667801
2005-01-26,0.30000000000000004,HOLD,286063631.21480894
2005-01-27,0.30000000000000004,HOLD,285813362.31322265
2005-01-28,0.30000000000000004,HOLD,284442289.7269201
2005-01-31,0.30000000000000004,HOLD,287824456.35744876
2005-02-01,0.30000000000000004,HOLD,288502357.48362356
2005-02-02,0.30000000000000004,HOLD,288724932.566551
2005-02-03,0.30000000000000004,HOLD,285848967.85989606
2005-02-04,0.30000000000000004,HOLD,290275745.5969063
2005-02-07,0.30000000000000004,HOLD,289353390.3649543
2005-02-08,0.30000000000000004,HOLD,289962431.61100334
2005-02-09,0.30000000000000004,HOLD,285457803.45996463
2005-02-10,0.30000000000000004,HOLD,285471419.1826782
2005-02-11,0.30000000000000004,HOLD,289425363.97678065
2005-02-14,0.30000000000000004,HOLD,290779662.154486
2005-02-15,0.30000000000000004,HOLD,292404438.8848819
2005-02-16,0.30000000000000004,HOLD,291542431.65531296
2005-02-17,0.30000000000000004,HOLD,287475625.11307263
2005-02-18,0.30000000000000004,HOLD,286806257.99122596
2005-02-22,0.30000000000000004,HOLD,283235657.67017585
2005-02-23,0.30000000000000004,HOLD,283739637.3202982
2005-02-24,0.30000000000000004,HOLD,287133191.86877966
2005-02-25,0.30000000000000004,HOLD,288705440.1078045
2005-02-28,0.30000000000000004,HOLD,285996860.8513305
2005-03-01,0.30000000000000004,HOLD,288707429.80103284
2005-03-02,0.30000000000000004,HOLD,288370812.5672849
2005-03-03,0.30000000000000004,HOLD,286055975.81369895
2005-03-04,0.30000000000000004,HOLD,287506342.54547065
2005-03-07,0.8,TRADE,291699835.71178406
2005-03-08,0.30000000000000004,TRADE,284127955.2574405
2005-03-09,0.30000000000000004,HOLD,283011755.19775176
2005-03-10,0.30000000000000004,HOLD,283402684.540824
2005-03-11,0.30000000000000004,HOLD,280265564.33344066
2005-03-14,0.30000000000000004,HOLD,281815143.51672095
2005-03-15,0.30000000000000004,HOLD,279671361.9565106
2005-03-16,0.2,TRADE,277099419.92417157
2005-03-17,0.2,HOLD,277261028.9213101
2005-03-18,0.2,HOLD,276900039.2597751
2005-03-21,0.2,HOLD,276935197.46042866
2005-03-22,0.0,TRADE,274775496.75385326
2005-03-23,0.0,HOLD,274795040.46400774
2005-03-24,0.0,HOLD,274814585.56047136
2005-03-28,0.0,HOLD,274892779.8548542
2005-03-29,0.0,HOLD,274912331.9051294
2005-03-30,0.2,TRADE,274931885.34609234
2005-03-31,0.1,TRADE,273905757.6946976
2005-04-01,0.0,TRADE,273187606.6362394
2005-04-04,0.1,TRADE,273245903.08640456
2005-04-05,0.1,HOLD,273644267.8454891
2005-04-06,0.1,HOLD,273484659.8010489
2005-04-07,0.2,TRADE,274559819.9394611
2005-04-08,0.1,TRADE,273006792.51676875
2005-04-11,0.1,HOLD,272663733.00497
2005-04-12,0.2,TRADE,273250019.5273317
2005-04-13,0.0,TRADE,270226383.9729518
2005-04-14,0.0,HOLD,270246757.5050533
2005-04-15,0.0,HOLD,270267132.572292
2005-04-18,0.0,HOLD,270328267.0040507
2005-04-19,0.0,HOLD,270348648.21632487
2005-04-20,0.0,HOLD,270369030.9692714
2005-04-21,0.0,HOLD,270389415.2572125
2005-04-22,0.0,HOLD,270409801.0801483
2005-04-25,0.0,HOLD,270470967.7653269
2005-04-26,0.0,HOLD,270491359.7376863
2005-04-27,0.0,HOLD,270511753.2463287
2005-04-28,0.0,HOLD,270532148.29533285
2005-04-29,0.0,HOLD,270552544.8793316
2005-05-02,0.0,HOLD,270613743.8662367
2005-05-03,0.0,HOLD,270634146.60226023
2005-05-04,0.0,HOLD,270656064.2585474
2005-05-05,0.0,HOLD,270677983.6913494
2005-05-06,0.0,HOLD,270699904.900666
2005-05-09,0.8,TRADE,270765679.1846887
2005-05-10,0.0,TRADE,264912918.71860516
2005-05-11,0.8,TRADE,264934373.03779206
2005-05-12,0.8,HOLD,262776960.63610882
2005-05-13,0.8,HOLD,269567996.09632444
2005-05-16,0.8,HOLD,274155640.9696647
2005-05-17,0.8,HOLD,278332524.61383414
2005-05-18,0.8,HOLD,286933360.18581146
2005-05-19,0.8,HOLD,292517865.4826659
2005-05-20,0.8,HOLD,295588762.2748958
2005-05-23,0.8,HOLD,298919610.02372426
2005-05-24,0.8,HOLD,301387242.0825773
2005-05-25,0.8,HOLD,297621124.5354671
2005-05-26,0.8,HOLD,305266791.52592576
2005-05-27,0.8,HOLD,305723537.54658425
2005-05-31,0.8,HOLD,302121129.98793966
2005-06-01,0.8,HOLD,310219248.65978575
2005-06-02,0.8,HOLD,314798315.2864332
2005-06-03,0.8,HOLD,302485930.7734031
2005-06-06,0.8,HOLD,302800462.51516134
2005-06-07,0.8,HOLD,295867202.33892775
2005-06-08,0.8,HOLD,294162248.92384607
2005-06-09,0.8,HOLD,299646217.1747783
2005-06-10,0.5,TRADE,290702070.9615342
2005-06-13,0.8,TRADE,293013303.6469002
2005-06-14,0.5,TRADE,290771614.33206284
2005-06-15,0.5,HOLD,292190150.71414495
2005-06-16,0.8,TRADE,294434550.93503726
2005-06-17,0.5,TRADE,294681069.0933096
2005-06-20,0.5,HOLD,294445494.0122809
2005-06-21,0.5,HOLD,294155535.1850242
2005-06-22,0.5,HOLD,293533321.12059927
2005-06-23,0.5,HOLD,288229315.7477563
2005-06-24,0.5,HOLD,283801259.60041296
2005-06-27,0.5,HOLD,282025244.6523801
2005-06-28,0.5,HOLD,286024418.62530863
2005-06-29,0.5,HOLD,284737699.05485296
2005-06-30,0.5,HOLD,281789699.3327098
2005-07-01,0.5,HOLD,280956058.42620176
2005-07-05,0.5,HOLD,285202987.73139346
2005-07-06,0.5,HOLD,282890163.6201126
2005-07-07,0.5,HOLD,284413389.8322538
2005-07-08,0.5,HOLD,292430716.17857325
2005-07-11,0.8,TRADE,296486918.17584705
2005-07-12,0.8,HOLD,300053823.5580252
2005-07-13,0.8,HOLD,300973524.7717266
2005-07-14,0.8,HOLD,308246517.54732996
2005-07-15,0.8,HOLD,310273232.5211775
2005-07-18,0.8,HOLD,306486526.58404166
2005-07-19,0.8,HOLD,316069809.32501495
2005-07-20,0.8,HOLD,321898875.0539552
2005-07-21,0.8,HOLD,321374650.13754284
2005-07-22,1.0,TRADE,320754163.6931657
2005-07-25,1.0,HOLD,316265613.43710226
2005-07-26,1.0,HOLD,319395786.6419886
2005-07-27,1.0,HOLD,327073569.9747287
2005-07-28,1.0,HOLD,331030581.3846794
2005-07-29,1.0,HOLD,322644079.5904556
2005-08-01,1.0,HOLD,325538013.30818075
2005-08-02,1.0,HOLD,335637251.3843235
2005-08-03,1.0,HOLD,335814430.9996944
2005-08-04,1.0,HOLD,324238696.12879395
2005-08-05,1.0,HOLD,319809205.7445208
2005-08-08,1.0,HOLD,312722021.12968373
2005-08-09,1.0,HOLD,319218607.0266177
2005-08-10,1.0,HOLD,309887147.283749
2005-08-11,1.0,HOLD,318568948.4369243
2005-08-12,1.0,HOLD,313135440.23221594
2005-08-15,1.0,HOLD,318568948.4369243
2005-08-16,1.0,HOLD,302563723.18175066
2005-08-17,1.0,HOLD,307229453.05318505
2005-08-18,1.0,HOLD,303331501.51502466
2005-08-19,1.0,HOLD,302032184.33563787
2005-08-22,1.0,HOLD,302977142.28428286
2005-08-23,1.0,HOLD,300378507.9255093
2005-08-24,1.0,HOLD,294944999.7208009
2005-08-25,1.0,HOLD,297189274.8488326
2005-08-26,1.0,HOLD,293055083.823511
2005-08-29,1.0,HOLD,300083208.5665577
2005-08-30,1.0,HOLD,296657736.0027198
2005-08-31,1.0,HOLD,305634836.5148467
2005-09-01,1.0,HOLD,302918082.4124926
2005-09-02,1.0,HOLD,300437567.7972996
2005-09-06,1.0,HOLD,314198517.9244415
2005-09-07,1.0,HOLD,315556894.97561854
2005-09-08,1.0,HOLD,314198517.9244415
2005-09-09,1.0,HOLD,320045445.23168206
2005-09-12,1.0,HOLD,322525959.846875
2005-09-13,1.0,HOLD,319513906.3855693
2005-09-14,1.0,HOLD,308824069.5915234
2005-09-15,1.0,HOLD,308056291.25824934
2005-09-16,1.0,HOLD,314257577.7962318
2005-09-19,1.0,HOLD,306225435.2327498
2005-09-20,1.0,HOLD,301559705.3613155
2005-09-21,1.0,HOLD,292110125.87486607
2005-09-22,1.0,HOLD,295063119.4643815
2005-09-23,1.0,HOLD,297425514.3359939
2005-09-26,1.0,HOLD,297957053.1821066
2005-09-27,1.0,HOLD,295535598.43870395
2005-09-28,1.0,HOLD,295417478.6951233
2005-09-29,1.0,HOLD,307229453.05318505
2005-09-30,1.0,HOLD,313903218.5654899
2005-10-03,1.0,HOLD,316088433.8217313
2005-10-04,1.0,HOLD,310064326.8991199
2005-10-05,1.0,HOLD,295949017.5412361
2005-10-06,1.0,HOLD,285318240.6189806
2005-10-07,1.0,HOLD,286853797.2855286
2005-10-10,1.0,HOLD,281774648.3115621
2005-10-11,1.0,HOLD,277463277.6708695
2005-10-12,1.0,HOLD,267600279.08188802
2005-10-13,1.0,HOLD,274155924.8506123
2005-10-14,1.0,HOLD,279648492.92711097
2005-10-17,1.0,HOLD,282542426.64483607
2005-10-18,1.0,HOLD,276163960.4914828
2005-10-19,1.0,HOLD,292877904.2081401
2005-10-20,1.0,HOLD,284904821.51644844
2005-10-21,1.0,HOLD,290043030.36220527
2005-10-24,1.0,HOLD,304099279.8482987
2005-10-25,1.0,HOLD,301205346.1305736
2005-10-26,1.0,HOLD,295004059.59259117
2005-10-27,1.0,HOLD,277049858.5683374
2005-10-28,1.0,HOLD,284373282.67033565
2005-10-31,1.0,HOLD,296362436.6437683
2005-11-01,1.0,HOLD,294767820.10542995
2005-11-02,1.0,HOLD,306284495.1045401
2005-11-03,1.0,HOLD,319159547.15482736
2005-11-04,1.0,HOLD,323943396.7698424
2005-11-07,1.0,HOLD,324593055.35953575
2005-11-08,1.0,HOLD,323943396.7698424
2005-11-09,1.0,HOLD,324888354.7184873
2005-11-10,1.0,HOLD,337231867.9226618
2005-11-11,1.0,HOLD,338531185.10204864
2005-11-14,1.0,HOLD,337527167.28161335
2005-11-15,1.0,HOLD,333038617.0255499
2005-11-16,1.0,HOLD,337231867.9226618
2005-11-17,1.0,HOLD,352410254.9727711
2005-11-18,1.0,HOLD,354418290.61364156
2005-11-21,1.0,HOLD,358316242.15180194
2005-11-22,1.0,HOLD,363218211.51039755
2005-11-23,1.0,HOLD,364753768.1769456
2005-11-25,1.0,HOLD,367352402.53571916
2005-11-28,1.0,HOLD,356426326.25451213
2005-11-29,1.0,HOLD,351524356.89591646
2005-11-30,1.0,HOLD,348689483.04998165
2005-12-01,1.0,HOLD,368356420.35615444
2005-12-02,1.0,HOLD,371368473.8174602
2005-12-05,1.0,HOLD,361977954.2028011
2005-12-06,1.0,HOLD,366053085.35633236
2005-12-07,1.0,HOLD,363159151.63860726
2005-12-08,1.0,HOLD,355658547.92123806
2005-12-09,1.0,HOLD,359910858.6901403
2005-12-12,1.0,HOLD,363454450.9975588
2005-12-13,1.0,HOLD,368061120.9972029
2005-12-14,1.0,HOLD,363513510.8693491
2005-12-15,1.0,HOLD,365403426.766639
2005-12-16,1.0,HOLD,356839745.3570442
2005-12-19,1.0,HOLD,341306999.0761931
2005-12-20,1.0,HOLD,341543238.5633544
2005-12-21,1.0,HOLD,344850591.3836116
2005-12-22,1.0,HOLD,352587434.58814204
2005-12-23,1.0,HOLD,352174015.4856099
2005-12-27,1.0,HOLD,342842555.7427411
2005-12-28,1.0,HOLD,341956657.66588646
2005-12-29,1.0,HOLD,334574173.6920979
2005-12-30,1.0,HOLD,328254767.41053486
2006-01-03,1.0,HOLD,348925722.5371429
2006-01-04,1.0,HOLD,358670601.3825438
2006-01-05,1.0,HOLD,364517528.68978435
2006-01-06,1.0,HOLD,383416687.66268307
2006-01-09,1.0,HOLD,387787118.1751659
2006-01-10,1.0,HOLD,389027375.4827624
2006-01-11,1.0,HOLD,398417895.09742147
2006-01-12,1.0,HOLD,390858231.508262
2006-01-13,1.0,HOLD,390267632.7903589
2006-01-17,1.0,HOLD,383121388.30373156
2006-01-18,1.0,HOLD,369891977.0227024
2006-01-19,1.0,HOLD,378337538.68871653
2006-01-20,1.0,HOLD,343019735.35811204
2006-01-23,1.0,HOLD,342842555.7427411
2006-01-24,1.0,HOLD,348748542.921772
2006-01-25,1.0,HOLD,342960675.48632175
2006-01-26,1.0,HOLD,351051877.921594
2006-01-27,1.0,HOLD,363749750.35651034
2006-01-30,1.0,HOLD,365108127.4076874
2006-01-31,1.0,HOLD,363277271.38218784
2006-02-01,1.0,HOLD,364517528.68978435
2006-02-02,1.0,HOLD,346976746.7680627
2006-02-03,1.0,HOLD,333924515.10240453
2006-02-06,1.0,HOLD,329554084.5899217
2006-02-07,1.0,HOLD,326010492.2825032
2006-02-08,1.0,HOLD,336936568.5637103
2006-02-09,1.0,HOLD,326896390.3593578
2006-02-10,1.0,HOLD,332507078.1794371
2006-02-13,1.0,HOLD,321581001.89823
2006-02-14,1.0,HOLD,330912461.6410988
2006-02-15,1.0,HOLD,337763406.76877457
2006-02-16,1.0,HOLD,346976746.7680627
2006-02-17,1.0,HOLD,338590244.9738389
2006-02-21,1.0,HOLD,326542031.1286159
2006-02-22,1.0,HOLD,339476143.0506935
2006-02-23,1.0,HOLD,336109730.358646
2006-02-24,1.0,HOLD,338531185.10204864
2006-02-27,1.0,HOLD,349988800.22936845
2006-02-28,1.0,HOLD,334278874.33314633
2006-03-01,1.0,HOLD,348571363.306401
2006-03-02,1.0,HOLD,347921704.71670765
2006-03-03,1.0,HOLD,341897597.7940962
2006-03-06,1.0,HOLD,333038617.0255499
2006-03-07,1.0,HOLD,327546048.9490512
2006-03-08,1.0,HOLD,327014510.1029384
2006-03-09,1.0,HOLD,317860229.9754406
2006-03-10,1.0,HOLD,319513906.3855693
2006-03-13,1.0,HOLD,322585019.7186653
2006-03-14,1.0,HOLD,338472125.2302583
2006-03-15,1.0,HOLD,346327088.17836934
2006-03-16,1.0,HOLD,336700329.07654905
2006-03-17,1.0,HOLD,340539220.7429191
2006-03-20,1.0,HOLD,342429136.64020896
2006-03-21,1.0,HOLD,332211778.8204856
2006-03-22,1.0,HOLD,334337934.2049367
2006-03-23,1.0,HOLD,330853401.7693085
2006-03-24,1.0,HOLD,336109730.358646
2006-03-27,1.0,HOLD,336405029.7175975
2006-03-28,1.0,HOLD,331680239.9743728
2006-03-29,1.0,HOLD,349929740.35757816
2006-03-30,1.0,HOLD,352764614.20351297
2006-03-31,1.0,HOLD,349457261.38325566
2006-04-03,1.0,HOLD,351229057.53696495
2006-04-04,1.0,HOLD,357075984.8442055
2006-04-05,1.0,HOLD,367057103.17676765
2006-04-06,1.0,HOLD,370955054.714928
2006-04-07,1.0,HOLD,360442397.53625304
2006-04-10,1.0,HOLD,357666583.5621086
2006-04-11,1.0,HOLD,348512303.4346107
2006-04-12,1.0,HOLD,348571363.306401
2006-04-13,1.0,HOLD,352882733.9470936
2006-04-17,1.0,HOLD,341720418.17872524
2006-04-18,1.0,HOLD,361092056.12594646
2006-04-19,1.0,HOLD,365580606.3820099
2006-04-20,1.0,HOLD,362155133.818172
2006-04-21,1.0,HOLD,349516321.25504595
2006-04-24,1.0,HOLD,347744525.1013367
2006-04-25,1.0,HOLD,344555292.0246601
2006-04-26,1.0,HOLD,344850591.3836116
2006-04-27,1.0,HOLD,353827691.8957385
2006-04-28,1.0,HOLD,343492214.33243454
2006-05-01,1.0,HOLD,334751353.30746883
2006-05-02,1.0,HOLD,336582209.3329684
2006-05-03,1.0,HOLD,334396994.07672703
2006-05-04,1.0,HOLD,343019735.35811204
2006-05-05,1.0,HOLD,350638458.8190619
2006-05-08,1.0,HOLD,351347177.28054553
2006-05-09,1.0,HOLD,348689483.04998165
2006-05-10,1.0,HOLD,338531185.10204864
2006-05-11,1.0,HOLD,316029373.94994104
2006-05-12,1.0,HOLD,303508681.13039565
2006-05-15,0.0,TRADE,303036202.15607315
2006-05-16,0.0,HOLD,303062837.2219363
2006-05-17,0.0,HOLD,303102876.18616045
2006-05-18,0.0,HOLD,303142920.4391994
2006-05-19,0.0,HOLD,303182969.98622286
2006-05-22,0.0,HOLD,303303150.3854122
2006-05-23,0.0,HOLD,303343221.0987604
2006-05-24,0.0,HOLD,303383297.1105387
2006-05-25,0.0,HOLD,303423378.41113174
2006-05-26,0.0,HOLD,303463465.0108792
2006-05-30,0.0,HOLD,303623864.3689062
2006-05-31,0.0,HOLD,303663977.45546407
2006-06-01,0.0,HOLD,303704095.83979833
2006-06-02,0.0,HOLD,303744219.5232873
2006-06-05,0.0,HOLD,303865812.0865586
2006-06-06,0.0,HOLD,303906353.75566626
2006-06-07,0.0,HOLD,303946900.8286794
2006-06-08,0.0,HOLD,303987453.31975496
2006-06-09,0.0,HOLD,304028011.2185531
2006-06-12,0.0,HOLD,304149717.37466216
2006-06-13,0.0,HOLD,304190296.92183626
2006-06-14,0.0,HOLD,304230881.87992626
2006-06-15,0.0,HOLD,304271472.2560787
2006-06-16,0.0,HOLD,304312068.0502936
2006-06-19,0.0,HOLD,304433887.923334
2006-06-20,0.0,HOLD,304474505.38304603
2006-06-21,0.0,HOLD,304515128.2675731
2006-06-22,0.0,HOLD,304555756.5649927
2006-06-23,0.0,HOLD,304596390.28564465
2006-06-26,0.0,HOLD,304718323.98420185
2006-06-27,0.0,HOLD,304758979.3943702
2006-06-28,0.0,HOLD,304799640.2260143
2006-06-29,0.0,HOLD,304840306.4860607
2006-06-30,0.0,HOLD,304880978.1693393
2006-07-03,0.8,TRADE,305003025.7864835
2006-07-05,0.0,TRADE,290011218.8345926
2006-07-06,0.0,HOLD,290049912.02827126
2006-07-07,0.0,HOLD,290090500.61481005
2006-07-10,0.0,HOLD,290212300.4523789
2006-07-11,0.0,HOLD,290252911.7631417
2006-07-12,0.0,HOLD,290293528.7523118
2006-07-13,0.0,HOLD,290334151.4303897
2006-07-14,0.0,HOLD,290374779.792137
2006-07-17,0.0,HOLD,290496699.00346714
2006-07-18,0.0,HOLD,290537350.11072314
2006-07-19,0.0,HOLD,290578006.9065338
2006-07-20,0.0,HOLD,290618669.3912523
2006-07-21,0.0,HOLD,290659337.570117
2006-07-24,0.0,HOLD,290781376.24951434
2006-07-25,0.0,HOLD,290822067.19342947
2006-07-26,0.0,HOLD,290862763.8325488
2006-07-27,0.0,HOLD,290903466.1658143
2006-07-28,0.0,HOLD,290944174.1984644
2006-07-31,0.0,HOLD,291066332.471667
2006-08-01,0.0,HOLD,291107063.29240793
2006-08-02,0.0,HOLD,291147799.8115044
2006-08-03,0.0,HOLD,291188617.83494383
2006-08-04,0.0,HOLD,291229441.57872146
2006-08-07,0.0,HOLD,291351947.1600834
2006-08-08,0.0,HOLD,291392793.804348
2006-08-09,0.0,HOLD,291433646.17077035
2006-08-10,0.0,HOLD,291474504.2732461
2006-08-11,0.0,HOLD,291515368.0960601
2006-08-14,0.0,HOLD,291637993.94710594
2006-08-15,0.8,TRADE,291678880.693489
2006-08-16,0.8,HOLD,307846069.1796241
2006-08-17,0.8,HOLD,309487650.5538232
2006-08-18,0.8,HOLD,310720882.641812
2006-08-21,0.8,HOLD,303278452.54545873
2006-08-22,0.8,HOLD,304220010.34140444
2006-08-23,0.8,HOLD,298102940.37213236
2006-08-24,0.8,HOLD,300211215.9861423
2006-08-25,0.8,HOLD,301269448.7775422
2006-08-28,0.8,HOLD,307069263.9669114
2006-08-29,0.8,HOLD,308535851.78443754
2006-08-30,0.8,HOLD,312394207.5723417
2006-08-31,0.8,HOLD,311235687.7611702
2006-09-01,0.8,HOLD,315735739.3844659
2006-09-05,0.8,HOLD,322593824.128514
2006-09-06,0.8,HOLD,306909702.9553044
2006-09-07,0.2,TRADE,303301088.5927854
2006-09-08,0.8,TRADE,304448270.2416197
2006-09-11,0.8,HOLD,308577843.28960514
2006-09-12,0.8,HOLD,323463237.8162208
2006-09-13,0.8,HOLD,327347741.2103201
2006-09-14,0.8,HOLD,328211275.3693472
2006-09-15,0.8,HOLD,331240789.52669954
2006-09-18,0.8,HOLD,331038430.1201368
2006-09-19,0.8,HOLD,325404033.86695504
2006-09-20,0.8,HOLD,337154468.6598865
2006-09-21,0.8,HOLD,331748072.5723178
2006-09-22,0.8,HOLD,325372687.167463
2006-09-25,0.8,HOLD,338964217.9262827
2006-09-26,0.8,HOLD,343304732.4375555
2006-09-27,0.8,HOLD,341375309.5149064
2006-09-28,0.8,HOLD,344233840.9304436
2006-09-29,0.8,HOLD,340252440.4911613
2006-10-02,0.8,HOLD,329391235.77527404
2006-10-03,0.8,HOLD,332933766.4979184
2006-10-04,0.8,HOLD,353120135.5214262
2006-10-05,0.8,HOLD,357289662.5092566
2006-10-06,0.8,HOLD,354733256.5276925
2006-10-09,0.8,HOLD,357893939.795132
2006-10-10,0.8,HOLD,358871504.0315706
2006-10-11,0.8,HOLD,357683090.6693291
2006-10-12,1.0,TRADE,371884527.88258374
2006-10-13,1.0,HOLD,377342381.8966374
2006-10-16,1.0,HOLD,377410605.07181305
2006-10-17,0.8,TRADE,365403326.2408949
2006-10-18,0.8,HOLD,360719817.47245604
2006-10-19,1.0,TRADE,363458991.5995434
2006-10-20,1.0,HOLD,365303614.3012703
2006-10-23,1.0,HOLD,375619837.5590769
2006-10-24,1.0,HOLD,367558153.15893674
2006-10-25,1.0,HOLD,375688156.9184002
2006-10-26,1.0,HOLD,386824212.48808545
2006-10-27,1.0,HOLD,368992859.7047244
2006-10-30,1.0,HOLD,375414879.4811073
2006-10-31,1.0,HOLD,378352611.9320058
2006-11-01,1.0,HOLD,361819326.975786
2006-11-02,0.5,TRADE,363254033.52157366
2006-11-03,0.5,HOLD,361298235.64821655
2006-11-06,1.0,TRADE,370222004.74910235
2006-11-07,1.0,HOLD,375992046.86733776
2006-11-08,1.0,HOLD,381158247.3685485
2006-11-09,1.0,HOLD,374650176.607283
2006-11-10,1.0,HOLD,381560808.4465649
2006-11-13,1.0,HOLD,392497051.066011
2006-11-14,1.0,HOLD,405379005.5625365
2006-11-15,1.0,HOLD,409740083.9077144
2006-11-16,1.0,HOLD,415107564.9479334
2006-11-17,1.0,HOLD,414034068.73988956
2006-11-20,1.0,HOLD,416046874.1299717
2006-11-21,1.0,HOLD,419334456.2671058
2006-11-22,1.0,HOLD,426647649.18440413
2006-11-24,1.0,HOLD,423494254.07327545
2006-11-27,1.0,HOLD,395046604.56011504
2006-11-28,1.0,HOLD,398267093.1842464
2006-11-29,1.0,HOLD,406519595.28358305
2006-11-30,1.0,HOLD,405311912.0495337
2006-12-01,1.0,HOLD,394174388.8910794
2006-12-04,1.0,HOLD,410478112.55074453
2006-12-05,1.0,HOLD,413832788.20088136
2006-12-06,1.0,HOLD,409740083.9077144
2006-12-07,1.0,HOLD,394711136.9951014
2006-12-08,1.0,HOLD,400346992.08733124
2006-12-11,1.0,HOLD,403835854.7634736
2006-12-12,1.0,HOLD,397059409.9501971
2006-12-13,1.0,HOLD,397797438.5932272
2006-12-14,1.0,HOLD,411417421.7327828
2006-12-15,1.0,HOLD,414705003.8699169
2006-12-18,1.0,HOLD,402426890.9904161
2006-12-19,1.0,HOLD,398267093.1842464
2006-12-20,1.0,HOLD,393235079.7090411
2006-12-21,1.0,HOLD,385318045.1747182
2006-12-22,1.0,HOLD,373576680.3992392
2006-12-26,1.0,HOLD,376528794.97135967
2006-12-27,1.0,HOLD,382701398.1676114
2006-12-28,1.0,HOLD,379615096.5694855
2006-12-29,1.0,HOLD,378071945.7704226
2007-01-03,1.0,HOLD,379480909.54348004
2007-01-04,1.0,HOLD,401017927.2173586
2007-01-05,1.0,HOLD,395717539.6901424
2007-01-08,1.0,HOLD,396723942.38518345
2007-01-09,1.0,HOLD,402158516.93840516
2007-01-10,1.0,HOLD,415778500.0779607
2007-01-11,1.0,HOLD,428392080.52247524
2007-01-12,1.0,HOLD,435168525.33575165
2007-01-16,1.0,HOLD,433289906.9716751
2007-01-17,1.0,HOLD,422622038.4042399
2007-01-18,1.0,HOLD,398803841.2882683
2007-01-19,1.0,HOLD,400682459.6523449
2007-01-22,1.0,HOLD,388605627.31185234
2007-01-23,1.0,HOLD,384714203.55769354
2007-01-24,1.0,HOLD,403634574.22446537
2007-01-25,1.0,HOLD,386727008.94777566
2007-01-26,1.0,HOLD,383372333.29763883
2007-01-29,1.0,HOLD,384580016.5316881
2007-01-30,1.0,HOLD,386123167.330751
2007-01-31,1.0,HOLD,395449165.63813144
2007-02-01,1.0,HOLD,394644043.4820986
2007-02-02,1.0,HOLD,398938028.3142738
2007-02-05,1.0,HOLD,397126503.46319985
2007-02-06,1.0,HOLD,395382072.12512875
2007-02-07,1.0,HOLD,406989249.8746022
2007-02-08,1.0,HOLD,406519595.28358305
2007-02-09,1.0,HOLD,389477842.9808879
2007-02-12,1.0,HOLD,384647110.04469085
2007-02-13,1.0,HOLD,388270159.74683857
2007-02-14,1.0,HOLD,408532400.67366517
2007-02-15,1.0,HOLD,414034068.73988956
2007-02-16,1.0,HOLD,412558011.45382935
2007-02-20,1.0,HOLD,420609233.0141578
2007-02-21,1.0,HOLD,424165189.20330286
2007-02-22,1.0,HOLD,428928828.62649715
2007-02-23,1.0,HOLD,424165189.20330286
2007-02-26,1.0,HOLD,417590024.9290346
2007-02-27,1.0,HOLD,366531861.5339518
2007-02-28,1.0,HOLD,369886537.1840887
2007-03-01,1.0,HOLD,364519056.1438697
2007-03-02,1.0,HOLD,347276023.3021663
2007-03-05,1.0,HOLD,339157708.2288351
2007-03-06,1.0,HOLD,356937489.1745605
2007-03-07,1.0,HOLD,352442223.8033771
2007-03-08,1.0,HOLD,358547733.48662615
2007-03-09,1.0,HOLD,357340050.2525768
2007-03-12,1.0,HOLD,364317775.60486156
2007-03-13,1.0,HOLD,343049131.9829939
2007-03-14,1.0,HOLD,355193057.83648926
2007-03-15,1.0,HOLD,356065273.5055248
2007-03-16,1.0,HOLD,354253748.654451
2007-03-19,1.0,HOLD,363848121.01384234
2007-03-20,1.0,HOLD,369282695.56706405
2007-03-21,1.0,HOLD,393637640.7870575
2007-03-22,1.0,HOLD,389075281.90287143
2007-03-23,1.0,HOLD,385183858.14871275
2007-03-26,1.0,HOLD,390752619.7279399
2007-03-27,1.0,HOLD,382097556.5505868
2007-03-28,0.30000000000000004,TRADE,369551069.61907494
2007-03-29,0.30000000000000004,HOLD,369748360.9964721
2007-03-30,1.0,TRADE,369865212.59884155
2007-04-02,1.0,HOLD,370267240.00384027
2007-04-03,1.0,HOLD,384472208.31379575
2007-04-04,1.0,HOLD,387755432.1212855
2007-04-05,1.0,HOLD,394790911.7087634
2007-04-09,1.0,HOLD,391507687.9012738
2007-04-10,1.0,HOLD,396935057.8687568
2007-04-11,1.0,HOLD,384405203.746296
2007-04-12,1.0,HOLD,394120866.0337655
2007-04-13,1.0,HOLD,396131003.0587592
2007-04-16,1.0,HOLD,407119752.1287249
2007-04-17,1.0,HOLD,407588784.10122335
2007-04-18,1.0,HOLD,405645651.6437295
2007-04-19,1.0,HOLD,405511642.5087299
2007-04-20,1.0,HOLD,414222236.28370255
2007-04-23,1.0,HOLD,416902418.9836942
2007-04-24,1.0,HOLD,422530802.6536766
2007-04-25,1.0,HOLD,437740839.47612894
2007-04-26,1.0,HOLD,443302218.5786115
2007-04-27,1.0,HOLD,444173277.9561088
2007-04-30,1.0,HOLD,427489140.6486611
2007-05-01,1.0,HOLD,431174391.8611495
2007-05-02,1.0,HOLD,442230145.4986149
2007-05-03,1.0,HOLD,446317424.1161021
2007-05-04,1.0,HOLD,446116410.41360265
2007-05-07,1.0,HOLD,446116410.41360265
2007-05-08,1.0,HOLD,448729588.5460945
2007-05-09,1.0,HOLD,452682858.0285821
2007-05-10,1.0,HOLD,430772364.45615077
2007-05-11,1.0,HOLD,446853460.65610045
2007-05-14,1.0,HOLD,439013926.258625
2007-05-15,1.0,HOLD,427757158.91866016
2007-05-16,1.0,HOLD,441158072.4186182
2007-05-17,1.0,HOLD,436132729.856134
2007-05-18,1.0,HOLD,444374291.65860814
2007-05-21,1.0,HOLD,454156958.51357746
2007-05-22,1.0,HOLD,457708200.5910664
2007-05-23,1.0,HOLD,448863597.6810941
2007-05-24,1.0,HOLD,427556145.21616083
2007-05-25,1.0,HOLD,437338812.07113016
2007-05-29,1.0,HOLD,444441296.22610795
2007-05-30,1.0,HOLD,457306173.18606764
2007-05-31,1.0,HOLD,464341652.77354556
2007-06-01,1.0,HOLD,464140639.07104623
2007-06-04,1.0,HOLD,467892894.8510345
2007-06-05,1.0,HOLD,466619808.0685385
2007-06-06,1.0,HOLD,453754931.1085788
2007-06-07,1.0,HOLD,430303332.48365223
2007-06-08,1.0,HOLD,446585442.38610125
2007-06-11,1.0,HOLD,443369223.14611125
2007-06-12,1.0,HOLD,435261670.4786367
2007-06-13,1.0,HOLD,451074748.40858716
2007-06-14,1.0,HOLD,458378246.26606435
2007-06-15,1.0,HOLD,470908100.388525
2007-06-18,1.0,HOLD,472114182.6035213
2007-06-19,1.0,HOLD,469970036.443528
2007-06-20,1.0,HOLD,455430045.2960735
2007-06-21,1.0,HOLD,468830958.79603153
2007-06-22,1.0,HOLD,454558985.91857624
2007-06-25,1.0,HOLD,447925533.73609704
2007-06-26,1.0,HOLD,444709314.4961071
2007-06-27,1.0,HOLD,461527460.9385544
2007-06-28,1.0,HOLD,460321378.72355825
2007-06-29,1.0,HOLD,461862483.77605337
2007-07-02,1.0,HOLD,475933442.95100933
2007-07-03,1.0,HOLD,483772977.34848475
2007-07-05,1.0,HOLD,495230758.39094883
2007-07-06,1.0,HOLD,500457114.6559325
2007-07-09,1.0,HOLD,500859142.06093127
2007-07-10,1.0,HOLD,487525233.12847304
2007-07-11,1.0,HOLD,496369836.0384453
2007-07-12,1.0,HOLD,523841708.7133593
2007-07-13,1.0,HOLD,532217279.650833
2007-07-16,1.0,HOLD,528733042.1408439
2007-07-17,1.0,HOLD,539185754.6708112
2007-07-18,1.0,HOLD,535902530.8633214
2007-07-19,1.0,HOLD,547494321.0407852
2007-07-20,1.0,HOLD,533557371.0008288
2007-07-23,1.0,HOLD,533624375.5683286
2007-07-24,1.0,HOLD,505214438.9484176
2007-07-25,1.0,HOLD,513053973.3458931
2007-07-26,1.0,HOLD,494024676.1759526
2007-07-27,1.0,HOLD,471042109.5235246
2007-07-30,1.0,HOLD,483772977.34848475
2007-07-31,1.0,HOLD,452749862.5960819
2007-08-01,1.0,HOLD,461661470.073554
2007-08-02,1.0,HOLD,476737497.76100683
2007-08-03,1.0,HOLD,441761113.5261163
2007-08-06,1.0,HOLD,466284785.2310395
2007-08-07,1.0,HOLD,471310127.7935238
2007-08-08,1.0,HOLD,489669379.2884663
2007-08-09,1.0,HOLD,452079816.921084
2007-08-10,1.0,HOLD,443704245.9836103
2007-08-13,1.0,HOLD,450069679.89609027
2007-08-14,1.0,HOLD,427087113.2436623
2007-08-15,1.0,HOLD,402362427.83623976
2007-08-16,1.0,HOLD,390033587.4162783
2007-08-17,1.0,HOLD,416902418.9836942
2007-08-20,1.0,HOLD,419582601.6836858
2007-08-21,1.0,HOLD,431375405.5636489
2007-08-22,1.0,HOLD,448595579.4110949
2007-08-23,1.0,HOLD,444977332.7661063
2007-08-24,1.0,HOLD,465145707.5835431
2007-08-27,1.0,HOLD,455028017.89107484
2007-08-28,1.0,HOLD,420989697.6011814
2007-08-29,1.0,HOLD,457976218.86106557
2007-08-30,1.0,HOLD,464006629.93604666
2007-08-31,1.0,HOLD,481494822.0534919
2007-09-04,1.0,HOLD,504410384.1384201
2007-09-05,1.0,HOLD,484644036.72598207
2007-09-06,1.0,HOLD,487525233.12847304
2007-09-07,1.0,HOLD,457775205.1585662
2007-09-10,1.0,HOLD,458847278.2385628
2007-09-11,1.0,HOLD,478881643.92100006
2007-09-12,1.0,HOLD,478613625.6510009
2007-09-13,1.0,HOLD,485381086.96847975
2007-09-14,1.0,HOLD,486721178.31847554
2007-09-17,1.0,HOLD,473521278.52101684
2007-09-18,1.0,HOLD,510775818.05090016
2007-09-19,1.0,HOLD,515064110.3708868
2007-09-20,1.0,HOLD,508162639.91840833
2007-09-21,1.0,HOLD,520558484.90586954
2007-09-24,1.0,HOLD,526253873.1433517
2007-09-25,1.0,HOLD,541061882.5608053
2007-09-26,1.0,HOLD,549839480.9032779
2007-09-27,1.0,HOLD,555869891.978259
2007-09-28,1.0,HOLD,551447590.5232728
2007-10-01,1.0,HOLD,571615965.3407096
2007-10-02,1.0,HOLD,570476887.6932132
2007-10-03,1.0,HOLD,559823161.4607465
2007-10-04,1.0,HOLD,561565280.215741
2007-10-05,1.0,HOLD,596608669.0181313
2007-10-08,1.0,HOLD,607597418.088097
2007-10-09,1.0,HOLD,614029856.5680767
2007-10-10,1.0,HOLD,618653171.7255623
2007-10-11,1.0,HOLD,587630056.9731594
2007-10-12,1.0,HOLD,617916121.4830647
2007-10-15,1.0,HOLD,601365993.3106164
2007-10-16,1.0,HOLD,594598531.9931376
2007-10-17,1.0,HOLD,617581098.6455656
2007-10-18,1.0,HOLD,624415564.5305442
2007-10-19,1.0,HOLD,575770248.5256965
2007-10-22,1.0,HOLD,596943691.8556303
2007-10-23,1.0,HOLD,636275372.9780071
2007-10-24,1.0,HOLD,621601372.6955531
2007-10-25,1.0,HOLD,598283783.2056261
2007-10-26,1.0,HOLD,625420633.0430411
2007-10-29,1.0,HOLD,632724130.9005182
2007-10-30,1.0,HOLD,636141363.8430076
2007-10-31,1.0,HOLD,663010195.4104234
2007-11-01,0.8,TRADE,625420633.0430411
2007-11-02,1.0,TRADE,636802176.6653473
2007-11-05,0.8,TRADE,625194845.9781727
2007-11-06,0.8,HOLD,641009051.7519139
2007-11-07,0.6000000000000001,TRADE,602869184.9362073
2007-11-08,0.6000000000000001,HOLD,571066068.2058359
2007-11-09,0.6000000000000001,HOLD,537237990.7102278
2007-11-12,0.2,TRADE,514416996.20642436
2007-11-13,0.30000000000000004,TRADE,527570455.77588
2007-11-14,0.6000000000000001,TRADE,521114586.5617514
2007-11-15,0.30000000000000004,TRADE,514593650.116508
2007-11-16,0.6000000000000001,TRADE,520203671.6478452
2007-11-19,0.30000000000000004,TRADE,507563179.89447737
2007-11-20,0.30000000000000004,HOLD,509533119.8096781
2007-11-21,0.30000000000000004,HOLD,504136939.11506736
2007-11-23,0.30000000000000004,HOLD,509168915.6148312
2007-11-26,0.2,TRADE,500239495.26124656
2007-11-27,0.30000000000000004,TRADE,506952576.97966063
2007-11-28,0.2,TRADE,520947910.95403755
2007-11-29,0.0,TRADE,522004725.9738443
2007-11-30,0.2,TRADE,522067543.6376143
2007-12-03,0.2,HOLD,518933633.83935714
2007-12-04,0.30000000000000004,TRADE,517710249.6923877
2007-12-05,0.4,TRADE,526866617.24649036
2007-12-06,0.8,TRADE,535377288.82864755
2007-12-07,0.8,HOLD,536591215.67730033
2007-12-10,0.8,HOLD,539449717.6142797
2007-12-11,0.30000000000000004,TRADE,508183311.85633653
2007-12-12,0.30000000000000004,HOLD,512037494.77798855
2007-12-13,0.4,TRADE,510529601.83706635
2007-12-14,0.30000000000000004,TRADE,504014163.3459891
2007-12-17,0.30000000000000004,HOLD,492830359.2591584
2007-12-18,0.30000000000000004,HOLD,494634296.46664655
2007-12-19,0.30000000000000004,HOLD,494914971.6847478
2007-12-20,0.30000000000000004,HOLD,503012414.08246255
2007-12-21,0.8,TRADE,512132053.0794174
2007-12-24,0.8,HOLD,521822336.80633736
2007-12-26,0.8,HOLD,526595863.69690144
2007-12-27,0.8,HOLD,508071377.05905414
2007-12-28,0.4,TRADE,508496100.41630626
2007-12-31,0.30000000000000004,TRADE,502107434.78220296
2008-01-02,0.30000000000000004,HOLD,494489580.6488619
2008-01-03,0.30000000000000004,HOLD,494905565.97839695
2008-01-04,0.0,TRADE,476400700.9454862
2008-01-07,0.0,HOLD,476552038.8235429
2008-01-08,0.0,HOLD,476602495.4596891
2008-01-09,0.0,HOLD,476652957.44223183
2008-01-10,0.0,HOLD,476703424.7607374
2008-01-11,0.0,HOLD,476753897.4311978
2008-01-14,0.0,HOLD,476905347.48464644
2008-01-15,0.0,HOLD,476955841.52979887
2008-01-16,0.0,HOLD,477006340.92271817
2008-01-17,0.0,HOLD,477056845.6569309
2008-01-18,0.0,HOLD,477107355.7430985
2008-01-22,0.0,HOLD,477309449.56753385
2008-01-23,0.0,HOLD,477359986.39828223
2008-01-24,0.0,HOLD,477410528.5801864
2008-01-25,0.0,HOLD,477461076.1140455
2008-01-28,0.0,HOLD,477612750.8134571
2008-01-29,0.0,HOLD,477663319.758367
2008-01-30,0.0,HOLD,477713894.0519989
2008-01-31,0.0,HOLD,477764473.70824677
2008-02-01,0.0,HOLD,477815058.71644944
2008-02-04,0.0,HOLD,477966845.86678946
2008-02-05,0.0,HOLD,478005300.31620765
2008-02-06,0.0,HOLD,478043757.8630907
2008-02-07,0.0,HOLD,478082218.4965667
2008-02-08,0.0,HOLD,478120682.22729754
2008-02-11,0.0,HOLD,478236091.99596
2008-02-12,0.0,HOLD,478274568.1065812
2008-02-13,0.0,HOLD,478313047.31292474
2008-02-14,0.0,HOLD,478351529.61652315
2008-02-15,0.0,HOLD,478390015.01737636
2008-02-19,0.0,HOLD,478543987.56885
2008-02-20,0.0,HOLD,478582488.451811
2008-02-21,0.0,HOLD,478620992.43086165
2008-02-22,0.0,HOLD,478659499.51249796
2008-02-25,0.0,HOLD,478775039.3283452
2008-02-26,0.0,HOLD,478813558.80046713
2008-02-27,0.0,HOLD,478852081.3683771
2008-02-28,0.0,HOLD,478890607.0388728
2008-02-29,0.0,HOLD,478929135.8119542
2008-03-03,0.0,HOLD,479044740.72336715
2008-03-04,0.0,HOLD,479083281.8922342
2008-03-05,0.0,HOLD,479117101.3879883
2008-03-06,0.0,HOLD,479150923.2719871
2008-03-07,0.0,HOLD,479184747.54423064
2008-03-10,0.0,HOLD,479286234.6895494
2008-03-11,0.0,HOLD,479320068.5111491
2008-03-12,0.0,HOLD,479353904.7246164
2008-03-13,0.0,HOLD,479387743.3263284
2008-03-14,0.0,HOLD,479421584.3109543
2008-03-17,0.0,HOLD,479523121.6129529
2008-03-18,0.0,HOLD,479556972.1587769
2008-03-19,0.0,HOLD,479590825.0952879
2008-03-20,0.0,HOLD,479624680.41471267
2008-03-24,0.8,TRADE,479760125.62923914
2008-03-25,0.8,HOLD,486101995.2778385
2008-03-26,0.8,HOLD,481419152.54983073
2008-03-27,0.8,HOLD,456332364.12105083
2008-03-28,0.8,HOLD,449921768.84236014
2008-03-31,0.8,HOLD,458580863.9189577
2008-04-01,0.8,HOLD,503344683.95393705
2008-04-02,0.8,HOLD,498826392.52699846
2008-04-03,0.8,HOLD,502946869.11392856
2008-04-04,0.8,HOLD,509864661.38126916
2008-04-07,0.8,HOLD,506429491.9551179
2008-04-08,0.8,HOLD,496563394.924898
2008-04-09,0.8,HOLD,483488613.28870916
2008-04-10,0.8,HOLD,500443833.5639206
2008-04-11,0.8,HOLD,464825983.3163959
2008-04-14,0.0,TRADE,459992166.34110904
2008-04-15,0.0,HOLD,460024638.1588418
2008-04-16,0.8,TRADE,460053052.12603235
2008-04-17,0.8,HOLD,456330374.79014826
2008-04-18,0.8,HOLD,491489171.38584054
2008-04-21,0.8,HOLD,499495567.86503494
2008-04-22,0.8,HOLD,479337670.57530296
2008-04-23,0.8,HOLD,494637242.6945068
2008-04-24,0.8,HOLD,505904098.72696257
2008-04-25,0.8,HOLD,501953157.2317114
2008-04-28,0.8,HOLD,504861598.7957611
2008-04-29,0.8,HOLD,511487028.2312637
2008-04-30,0.8,HOLD,501068524.3937018
2008-05-01,0.8,HOLD,541097020.8759508
2008-05-02,0.8,HOLD,541939688.1714015
2008-05-05,0.8,HOLD,538000128.0674236
2008-05-06,0.8,HOLD,547897386.5063471
2008-05-07,0.8,HOLD,520891485.4404135
2008-05-08,0.8,HOLD,531017011.5504185
2008-05-09,0.8,HOLD,526533452.04817593
2008-05-12,0.8,HOLD,550899003.3795846
2008-05-13,0.8,HOLD,553567810.286562
2008-05-14,0.8,HOLD,551290833.2344922
2008-05-15,0.8,HOLD,574731934.9493494
2008-05-16,0.8,HOLD,574585450.3035693
2008-05-19,0.8,HOLD,564026162.8867902
2008-05-20,0.8,HOLD,552694598.2067819
2008-05-21,0.8,HOLD,522340786.5299102
2008-05-22,0.5,TRADE,527596622.24139273
2008-05-23,0.5,HOLD,525123382.88653314
2008-05-27,0.8,TRADE,539702350.6153727
2008-05-28,0.8,HOLD,542955564.0708864
2008-05-29,0.8,HOLD,555229375.3744853
2008-05-30,0.8,HOLD,564111442.3158107
2008-06-02,0.8,HOLD,546664964.2499561
2008-06-03,0.8,HOLD,540031604.6744473
2008-06-04,0.8,HOLD,555913656.8618925
2008-06-05,0.8,HOLD,578218374.8069961
2008-06-06,0.5,TRADE,533698506.5125023
2008-06-09,0.5,HOLD,529353586.26408863
2008-06-10,0.5,HOLD,526472939.9036889
2008-06-11,0.2,TRADE,507397679.53006196
2008-06-12,0.2,HOLD,507381523.8050356
2008-06-13,0.30000000000000004,TRADE,513970320.25998986
2008-06-16,0.8,TRADE,518416434.6723667
2008-06-17,0.5,TRADE,510795930.66295046
2008-06-18,0.5,HOLD,502314406.8405007
2008-06-19,0.30000000000000004,TRADE,514266509.49923885
2008-06-20,0.0,TRADE,501573734.9899074
2008-06-23,0.0,HOLD,501655378.4343416
2008-06-24,0.0,HOLD,501682595.8706476
2008-06-25,0.0,HOLD,501709814.7792819
2008-06-26,0.0,HOLD,501737035.17123234
2008-06-27,0.0,HOLD,501764257.0358658
2008-06-30,0.0,HOLD,501845931.49487233
2008-07-01,0.0,HOLD,501873159.2688748
2008-07-02,0.0,HOLD,501900388.5181893
2008-07-03,0.0,HOLD,501927754.0624542
2008-07-07,0.0,HOLD,502037231.1260356
2008-07-08,0.0,HOLD,502064604.1283364
2008-07-09,0.0,HOLD,502091978.6203458
2008-07-10,0.0,HOLD,502119354.60630435
2008-07-11,0.0,HOLD,502146732.0862121
2008-07-14,0.0,HOLD,502228873.47033435
2008-07-15,0.0,HOLD,502256256.92148745
2008-07-16,0.0,HOLD,502283641.8658241
2008-07-17,0.0,HOLD,502311028.29879344
2008-07-18,0.0,HOLD,502338416.23102844
2008-07-21,0.0,HOLD,502420588.9738423
2008-07-22,0.0,HOLD,502447982.8778927
2008-07-23,0.0,HOLD,502475378.27455676
2008-07-24,0.0,HOLD,502502775.16516995
2008-07-25,0.0,HOLD,502530173.5497323
2008-07-28,0.0,HOLD,502612377.6671888
2008-07-29,0.0,HOLD,502639782.02768123
2008-07-30,0.0,HOLD,502667187.8819894
2008-07-31,0.0,HOLD,502694595.2302469
2008-08-01,0.0,HOLD,502722004.07777005
2008-08-04,0.0,HOLD,502804239.5698694
2008-08-05,0.8,TRADE,502831519.3376612
2008-08-06,0.8,HOLD,519168255.70247394
2008-08-07,0.8,HOLD,509117081.86132336
2008-08-08,0.8,HOLD,539034567.5456228
2008-08-11,0.8,HOLD,549193524.3396302
2008-08-12,0.8,HOLD,549027074.1538854
2008-08-13,0.8,HOLD,549634211.2170941
2008-08-14,0.8,HOLD,565111408.891901
2008-08-15,0.8,HOLD,560217483.771751
2008-08-18,0.8,HOLD,542613270.588845
2008-08-19,0.8,HOLD,526287450.57282233
2008-08-20,0.8,HOLD,529129396.46197855
2008-08-21,0.8,HOLD,524751197.75433636
2008-08-22,0.8,HOLD,541173892.9634292
2008-08-25,0.8,HOLD,512567560.45056045
2008-08-26,0.8,HOLD,510252261.76530725
2008-08-27,0.8,HOLD,519454813.5629436
2008-08-28,0.8,HOLD,529173090.29216564
2008-08-29,0.1,TRADE,500469881.9940219
2008-09-02,0.0,TRADE,498759880.68413377
2008-09-03,0.0,HOLD,498786941.02423865
2008-09-04,0.0,HOLD,498811454.8121724
2008-09-05,0.0,HOLD,498835969.80862767
2008-09-08,0.0,HOLD,498909522.00635165
2008-09-09,0.0,HOLD,498934041.81916565
2008-09-10,0.0,HOLD,498958562.8316085
2008-09-11,0.0,HOLD,498983085.05789673
2008-09-12,0.0,HOLD,499007608.4820586
2008-09-15,0.0,HOLD,499081185.9960906
2008-09-16,0.0,HOLD,499105714.24412465
2008-09-17,0.0,HOLD,499130243.7002462
2008-09-18,0.0,HOLD,499154774.3595654
2008-09-19,0.0,HOLD,499179306.227406
2008-09-22,0.0,HOLD,499252909.0577465
2008-09-23,0.0,HOLD,499277445.7445502
2008-09-24,0.0,HOLD,499301983.63902676
2008-09-25,0.0,HOLD,499326522.7420247
2008-09-26,0.0,HOLD,499351063.0482203
2008-09-29,0.0,HOLD,499424691.1948691
2008-09-30,0.0,HOLD,499449236.3257661
2008-10-01,0.0,HOLD,499473782.6639209
2008-10-02,0.0,HOLD,499498330.2052733
2008-10-03,0.0,HOLD,499511540.7557774
2008-10-06,0.0,HOLD,499551174.4936472
2008-10-07,0.0,HOLD,499564386.43704486
2008-10-08,0.0,HOLD,499577598.7337828
2008-10-09,0.0,HOLD,499590811.37657315
2008-10-10,0.0,HOLD,499604024.36541593
2008-10-13,0.0,HOLD,499643665.4504392
2008-10-14,0.0,HOLD,499656879.83933866
2008-10-15,0.0,HOLD,499670094.5797392
2008-10-16,0.0,HOLD,499683309.67151606
2008-10-17,0.0,HOLD,499696525.1093453
2008-10-20,0.0,HOLD,499736173.52555007
2008-10-21,0.0,HOLD,499749390.3635006
2008-10-22,0.0,HOLD,499762607.54756355
2008-10-23,0.0,HOLD,499775825.08300275
2008-10-24,0.0,HOLD,499789042.9698182
2008-10-27,0.0,HOLD,499828698.7172036
2008-10-28,0.0,HOLD,499841918.00243026
2008-10-29,0.0,HOLD,499855137.6354793
2008-10-30,0.0,HOLD,499868357.6199045
2008-10-31,0.0,HOLD,499881577.9503821
2008-11-03,0.0,HOLD,499921241.04492044
2008-11-04,0.0,HOLD,499934462.7774234
2008-11-05,0.0,HOLD,499939794.1832013
2008-11-06,0.0,HOLD,499945125.642218
2008-11-07,0.0,HOLD,499950457.15979743
2008-11-10,0.0,HOLD,499966452.05879545
2008-11-11,0.0,HOLD,499971783.80359715
2008-11-12,0.0,HOLD,499977115.6086663
2008-11-13,0.0,HOLD,499982447.4669743
2008-11-14,0.0,HOLD,499987779.3838451
2008-11-17,0.0,HOLD,500003775.48072976
2008-11-18,0.0,HOLD,500009107.6230525
2008-11-19,0.0,HOLD,500014439.82741296
2008-11-20,0.0,HOLD,500019772.08501226
2008-11-21,0.0,HOLD,500025104.39585036
2008-11-24,0.0,HOLD,500041101.6746497
2008-11-25,0.0,HOLD,500046434.21804255
2008-11-26,0.0,HOLD,500051766.8163703
2008-11-28,0.0,HOLD,500062432.1763718
2008-12-01,0.0,HOLD,500078430.65850323
2008-12-02,0.0,HOLD,500083763.5976421
2008-12-03,0.0,HOLD,500085953.99755484
2008-12-04,0.0,HOLD,500088144.40811527
2008-12-05,0.0,HOLD,500090334.82932353
2008-12-08,0.0,HOLD,500096906.15367454
2008-12-09,0.0,HOLD,500099096.6110965
2008-12-10,0.0,HOLD,500101287.0802197
2008-12-11,0.0,HOLD,500103477.55999076
2008-12-12,0.0,HOLD,500105668.0450856
2008-12-15,0.0,HOLD,500112239.56109726
2008-12-16,0.0,HOLD,500114430.08773005
2008-12-17,0.0,HOLD,500116620.62073994
2008-12-18,0.0,HOLD,500118811.1697214
2008-12-19,0.0,HOLD,500121001.72402674
2008-12-22,0.0,HOLD,500127573.43169886
2008-12-23,0.0,HOLD,500129764.02576774
2008-12-24,0.0,HOLD,500131954.62798804
2008-12-26,0.0,HOLD,500136335.86331916
2008-12-29,0.0,HOLD,500142907.78503025
2008-12-30,0.0,HOLD,500145098.4447607
2008-12-31,0.0,HOLD,500147289.1108675
2009-01-02,0.0,HOLD,500151670.48461974
2009-01-05,0.0,HOLD,500158242.60597795
2009-01-06,0.0,HOLD,500160296.51463455
2009-01-07,0.0,HOLD,500162350.432603
2009-01-08,0.0,HOLD,500164404.36121917
2009-01-09,0.0,HOLD,500166458.29515934
2009-01-12,0.0,HOLD,500172620.15422666
2009-01-13,0.0,HOLD,500174674.1214462
2009-01-14,0.0,HOLD,500176728.09797734
2009-01-15,0.0,HOLD,500178782.08515644
2009-01-16,0.0,HOLD,500180836.0776593
2009-01-20,0.0,HOLD,500189052.1408708
2009-01-21,0.0,HOLD,500191106.1753074
2009-01-22,0.0,HOLD,500193160.22104913
2009-01-23,0.0,HOLD,500195214.2721148
2009-01-26,0.0,HOLD,500201376.4825603
2009-01-27,0.0,HOLD,500203430.5686804
2009-01-28,0.0,HOLD,500205484.6623371
2009-01-29,0.0,HOLD,500207538.7666416
2009-01-30,0.0,HOLD,500209592.87627006
2009-02-02,0.0,HOLD,500215755.26240456
2009-02-03,0.0,HOLD,500217809.4088624
2009-02-04,0.0,HOLD,500220821.11522573
2009-02-05,0.0,HOLD,500223832.84288454
2009-02-06,0.0,HOLD,500226844.5865151
2009-02-09,0.0,HOLD,500235879.935693
2009-02-10,0.0,HOLD,500238891.75247043
2009-02-11,0.0,HOLD,500241903.5919309
2009-02-12,0.0,HOLD,500244915.44203925
2009-02-13,0.0,HOLD,500247927.318767
2009-02-17,0.0,HOLD,500259974.977073
2009-02-18,0.0,HOLD,500262986.93956476
2009-02-19,0.0,HOLD,500265998.9227702
2009-02-20,0.0,HOLD,500269010.9219472
2009-02-23,0.0,HOLD,500278047.0217973
2009-02-24,0.0,HOLD,500281059.0941227
2009-02-25,0.0,HOLD,500284071.1838058
2009-02-26,0.0,HOLD,500287083.28946054
2009-02-27,0.0,HOLD,500290095.4164108
2009-03-02,0.0,HOLD,500299131.8995831
2009-03-03,0.0,HOLD,500302144.09790796
2009-03-04,0.0,HOLD,500304609.13168055
2009-03-05,0.0,HOLD,500307074.17610097
2009-03-06,0.0,HOLD,500309539.23116916
2009-03-09,0.0,HOLD,500316934.46475357
2009-03-10,0.0,HOLD,500319399.56923467
2009-03-11,0.0,HOLD,500321864.6881895
2009-03-12,0.0,HOLD,500324329.817792
2009-03-13,0.0,HOLD,500326794.9580424
2009-03-16,0.0,HOLD,500334190.4471747
2009-03-17,0.0,HOLD,500336655.6368384
2009-03-18,0.0,HOLD,500339120.8409753
2009-03-19,0.0,HOLD,500341586.05575997
2009-03-20,0.0,HOLD,500344051.2811925
2009-03-23,0.0,HOLD,500351447.02587277
2009-03-24,0.0,HOLD,500353912.30071896
2009-03-25,0.0,HOLD,500356377.5900381
2009-03-26,0.0,HOLD,500358842.8846811
2009-03-27,0.0,HOLD,500361308.1952957
2009-03-30,0.0,HOLD,500368704.2114954
2009-03-31,0.0,HOLD,500371169.5715242
2009-04-01,0.0,HOLD,500373634.94070154
2009-04-02,0.0,HOLD,500376100.32585067
2009-04-03,0.0,HOLD,500378155.1275841
2009-04-06,0.0,HOLD,500384319.5900425
2009-04-07,0.0,HOLD,500386374.4268336
2009-04-08,0.0,HOLD,500388429.2764821
2009-04-09,0.0,HOLD,500390484.1314545
2009-04-13,0.0,HOLD,500398703.6232694
2009-04-14,0.0,HOLD,500400758.5201807
2009-04-15,0.0,HOLD,500402813.42306805
2009-04-16,0.0,HOLD,500404868.3366032
2009-04-17,0.0,HOLD,500406923.26078606
2009-04-20,0.0,HOLD,500413088.07462204
2009-04-21,0.0,HOLD,500415143.03031373
2009-04-22,0.0,HOLD,500417197.99176383
2009-04-23,0.2,TRADE,500419252.9638616
2009-04-24,0.1,TRADE,506835223.07987237
2009-04-27,0.2,TRADE,506453205.8061981
2009-04-28,0.2,HOLD,504698384.50661254
2009-04-29,0.2,HOLD,509188843.5997881
2009-04-30,0.4,TRADE,511825235.08018565
2009-05-01,0.4,HOLD,512950357.6206297
2009-05-04,0.4,HOLD,526627788.55925983
2009-05-05,0.4,HOLD,524943509.4951556
2009-05-06,0.4,HOLD,524945022.612427
2009-05-07,0.2,TRADE,509212475.44443536
2009-05-08,0.4,TRADE,510252728.60200036
2009-05-11,0.4,HOLD,510819000.05282104
2009-05-12,0.4,HOLD,502768814.07721484
2009-05-13,0.4,HOLD,486854182.38578075
2009-05-14,0.4,HOLD,494720136.5841332
2009-05-15,0.4,HOLD,492849157.98612267
2009-05-18,0.2,TRADE,508395326.2083955
2009-05-19,0.4,TRADE,509715392.0889343
2009-05-20,0.4,HOLD,507666855.3096641
2009-05-21,0.2,TRADE,496299938.42751694
2009-05-22,0.4,TRADE,495330661.9203591
2009-05-26,0.30000000000000004,TRADE,516872634.98480165
2009-05-27,0.30000000000000004,HOLD,513557587.9138897
2009-05-28,0.30000000000000004,HOLD,519502023.8845105
2009-05-29,0.30000000000000004,HOLD,524617252.4315696
2009-06-01,0.30000000000000004,HOLD,538719126.9637543
2009-06-02,0.30000000000000004,HOLD,539826519.6043605
2009-06-03,0.5,TRADE,538031983.0396742
2009-06-04,0.5,HOLD,547528211.2379475
2009-06-05,0.5,HOLD,547740750.3259537
2009-06-08,0.5,HOLD,545213473.6181734
2009-06-09,0.5,HOLD,552388779.5824573
2009-06-10,0.5,HOLD,548803445.8943255
2009-06-11,0.5,HOLD,549859956.7722257
2009-06-12,0.5,HOLD,545852637.2279913
2009-06-15,0.5,HOLD,527289897.6905071
2009-06-16,0.5,HOLD,520117684.1696496
2009-06-17,0.5,HOLD,526660011.39700186
2009-06-18,0.5,HOLD,525395600.0598639
2009-06-19,0.5,HOLD,534680835.4554683
2009-06-22,0.5,HOLD,510421286.8800226
2009-06-23,0.5,HOLD,509367868.5208258
2009-06-24,0.5,HOLD,520763033.3070023
2009-06-25,0.5,HOLD,535745077.99305815
2009-06-26,0.5,HOLD,538278539.5485916
2009-06-29,0.5,HOLD,540182115.0290923
2009-06-30,0.5,HOLD,536596781.5181743
2009-07-01,0.5,HOLD,538708257.2435017
2009-07-02,0.5,HOLD,519509446.60118955
2009-07-06,0.5,HOLD,516771252.49632376
2009-07-07,0.4,TRADE,498205052.78364956
2009-07-08,0.5,TRADE,500958876.19081414
2009-07-09,0.5,HOLD,502779987.39037526
2009-07-10,0.5,HOLD,505283603.87434983
2009-07-13,0.5,HOLD,520302011.4504577
2009-07-14,0.5,HOLD,523260631.47518057
2009-07-15,0.8,TRADE,550334438.098342
2009-07-16,0.8,HOLD,566034901.134407
2009-07-17,0.8,HOLD,573384310.4836862
2009-07-20,0.8,HOLD,588751695.5930761
2009-07-21,0.8,HOLD,597103231.3934697
2009-07-22,0.8,HOLD,608127104.3764222
2009-07-23,0.8,HOLD,643202011.985511
2009-07-24,0.8,HOLD,640530156.922895
2009-07-27,0.8,HOLD,640865645.436615
2009-07-28,0.8,HOLD,646878886.2188993
2009-07-29,0.8,HOLD,640866609.691283
2009-07-30,0.8,HOLD,651222398.3960174
2009-07-31,0.8,HOLD,644542037.5775129
2009-08-03,0.8,HOLD,669596645.0547161
2009-08-04,0.8,HOLD,669931169.3433325
2009-08-05,0.8,HOLD,655567839.1416013
2009-08-06,0.8,HOLD,641204508.9419819
2009-08-07,0.8,HOLD,660245393.5000641
2009-08-10,0.8,HOLD,650893659.823358
2009-08-11,0.8,HOLD,635194161.0440744
2009-08-12,0.8,HOLD,659913762.1211661
2009-08-13,0.8,HOLD,668933382.2652426
2009-08-14,0.8,HOLD,651563672.7545149
2009-08-17,0.8,HOLD,604465176.4483421
2009-08-18,0.8,HOLD,625176271.7674346
2009-08-19,0.8,HOLD,635198018.3668503
2009-08-20,0.8,HOLD,652234650.0670518
2009-08-21,0.8,HOLD,675952124.7204831
2009-08-24,0.8,HOLD,672947191.9360398
2009-08-25,0.8,HOLD,678292348.4823447
2009-08-26,0.8,HOLD,675620493.4894202
2009-08-27,0.8,HOLD,679629481.4497255
2009-08-28,0.8,HOLD,681968258.6743635
2009-08-31,0.8,HOLD,662929302.8515894
2009-09-01,0.8,HOLD,632865991.7717533
2009-09-02,0.8,HOLD,631530305.3838366
2009-09-03,0.8,HOLD,642888220.6051562
2009-09-04,0.8,HOLD,674956748.9770535
2009-09-08,0.8,HOLD,691994827.3496494
2009-09-09,0.8,HOLD,707361248.3543124
2009-09-10,0.8,HOLD,725400006.5415348
2009-09-11,0.8,HOLD,724732404.467739
2009-09-14,0.8,HOLD,733752989.1283691
2009-09-15,0.8,HOLD,740100272.1616958
2009-09-16,0.8,HOLD,766824126.1980445
2009-09-17,0.8,HOLD,763818229.1040306
2009-09-18,0.8,HOLD,768495301.4059144
2009-09-21,0.8,HOLD,775511633.2255656
2009-09-22,0.8,HOLD,778518494.7981188
2009-09-23,0.8,HOLD,767161544.0278809
2009-09-24,0.8,HOLD,750459918.8988608
2009-09-25,0.8,HOLD,732756167.3292853
2009-09-28,0.8,HOLD,766495870.997766
2009-09-29,0.8,HOLD,758479341.7157608
2009-09-30,0.8,HOLD,759815992.5674331
2009-10-01,0.8,HOLD,700022930.4184884
2009-10-02,0.8,HOLD,696014906.913491
2009-10-05,0.8,HOLD,709712081.7729769
2009-10-06,0.8,HOLD,741446568.06491
2009-10-07,0.8,HOLD,747459808.9971515
2009-10-08,0.8,HOLD,755477302.8168406
2009-10-09,0.8,HOLD,766835218.1142013
2009-10-12,0.8,HOLD,768840917.8535913
2009-10-13,0.8,HOLD,769509484.4376129
2009-10-14,0.8,HOLD,796901422.8282188
2009-10-15,0.8,HOLD,795565736.53113
2009-10-16,0.8,HOLD,779198153.5961382
2009-10-19,0.8,HOLD,799242129.3479086
2009-10-20,0.8,HOLD,798574527.3564941
2009-10-21,0.8,HOLD,795234588.1867448
2009-10-22,0.8,HOLD,806592503.5115675
2009-10-23,0.8,HOLD,795235552.8047019
2009-10-26,0.8,HOLD,787219988.20614
2009-10-27,0.8,HOLD,758826887.982374
2009-10-28,0.8,HOLD,713063596.0878135
2009-10-29,0.8,HOLD,744464040.2807783
2009-10-30,0.8,HOLD,695360326.9148841
2009-11-02,0.8,HOLD,701374532.5580347
2009-11-03,0.8,HOLD,708055857.842426
2009-11-04,0.8,HOLD,710060593.0631474
2009-11-05,0.8,HOLD,753152512.4353571
2009-11-06,0.8,HOLD,764176385.6443131
2009-11-09,0.8,HOLD,806601185.4154223
2009-11-10,0.8,HOLD,812280384.271935
2009-11-11,0.8,HOLD,823972341.7865663
2009-11-12,0.8,HOLD,811947306.8268416
2009-11-13,0.8,HOLD,830320107.2968163
2009-11-16,0.8,HOLD,853370462.5540509
2009-11-17,0.8,HOLD,859717745.7204643
2009-11-18,0.8,HOLD,846690584.3307486
2009-11-19,0.8,HOLD,811616641.2044562
2009-11-20,0.8,HOLD,800927774.8518573
2009-11-23,0.8,HOLD,835001521.0228051
2009-11-24,0.8,HOLD,826650949.7115488
2009-11-25,0.8,HOLD,835670570.0753121
2009-11-27,0.8,HOLD,801599235.7904569
2009-11-30,0.8,HOLD,803938977.9879645
2009-12-01,0.8,HOLD,827656452.8568645
2009-12-02,0.8,HOLD,831331398.8745235
2009-12-03,0.8,HOLD,821644658.9920596
2009-12-04,0.8,HOLD,832334490.1126183
2009-12-07,0.8,HOLD,822314672.894929
2009-12-08,0.8,HOLD,809287511.5474709
2009-12-09,0.8,HOLD,829330522.8101594
2009-12-10,0.8,HOLD,841022480.3860638
2009-12-11,0.8,HOLD,832003824.8156153
2009-12-14,0.8,HOLD,852381843.0698855
2009-12-15,0.8,HOLD,839020639.5896626
2009-12-16,0.8,HOLD,842027501.3417915
2009-12-17,0.8,HOLD,814636527.6684469
2009-12-18,0.8,HOLD,849043351.2950563
2009-12-21,0.8,HOLD,875434128.2497067
2009-12-22,0.8,HOLD,888796296.5887471
2009-12-23,0.8,HOLD,904496759.9627919
2009-12-24,0.8,HOLD,927546150.5851793
2009-12-28,0.8,HOLD,938571471.2397777
2009-12-29,0.8,HOLD,930220900.0024767
2009-12-30,0.8,HOLD,938906478.2926395
2009-12-31,0.8,HOLD,914521883.9768815
2010-01-04,0.8,HOLD,948930155.0195616
2010-01-05,0.8,HOLD,950934890.3712857
2010-01-06,0.8,HOLD,937573686.937552
2010-01-07,0.8,HOLD,935235874.3752757
2010-01-08,0.8,HOLD,955946969.9964699
2010-01-11,0.8,HOLD,947597363.7384375
2010-01-12,0.8,HOLD,914861715.7591412
2010-01-13,0.8,HOLD,946262160.1126904
2010-01-14,0.8,HOLD,946930726.8932104
2010-01-15,0.8,HOLD,917535500.3958129
2010-01-19,0.8,HOLD,957622488.07374
2010-01-20,0.8,HOLD,920544292.1931237
2010-01-21,0.8,HOLD,897829908.6595243
2010-01-22,0.8,HOLD,826679413.7324331
2010-01-25,0.8,HOLD,835699999.2360678
2010-01-26,0.8,HOLD,837370692.4846159
2010-01-27,0.8,HOLD,855409450.9655164
2010-01-28,0.30000000000000004,TRADE,796618515.510674
2010-01-29,0.30000000000000004,HOLD,784526311.908515
2010-02-01,0.30000000000000004,HOLD,792206799.268823
2010-02-02,0.30000000000000004,HOLD,798604685.9668874
2010-02-03,0.30000000000000004,HOLD,801862921.673039
2010-02-04,0.30000000000000004,HOLD,780582981.207986
2010-02-05,0.30000000000000004,HOLD,785701931.7060782
2010-02-08,0.30000000000000004,HOLD,781288688.692807
2010-02-09,0.30000000000000004,HOLD,788617238.0206172
2010-02-10,0.30000000000000004,HOLD,787107392.1514198
2010-02-11,0.30000000000000004,HOLD,797343308.3357372
2010-02-12,0.30000000000000004,HOLD,798275650.627466
2010-02-16,0.4,TRADE,807587164.201407
2010-02-17,0.8,TRADE,813150680.4313715
2010-02-18,0.8,HOLD,825352239.3043008
2010-02-19,0.8,HOLD,825352818.161839
2010-02-22,0.8,HOLD,820593196.691225
2010-02-23,0.30000000000000004,TRADE,795001476.008204
2010-02-24,0.4,TRADE,802186528.9426785
2010-02-25,0.4,HOLD,802041657.0727675
2010-02-26,0.8,TRADE,806001165.8025022
2010-03-01,0.8,HOLD,833658006.1115212
2010-03-02,0.8,HOLD,837734071.1049888
2010-03-03,0.8,HOLD,841519029.5846331
2010-03-04,0.8,HOLD,849088372.7725708
2010-03-05,0.8,HOLD,879364024.2000569
2010-03-08,0.8,HOLD,883441236.7668605
2010-03-09,0.8,HOLD,896250497.2505879
2010-03-10,0.8,HOLD,914008568.5060704
2010-03-11,0.8,HOLD,920995698.6765732
2010-03-12,0.8,HOLD,922742911.5635399
2010-03-15,0.8,HOLD,917504715.665537
2010-03-16,0.8,HOLD,932060615.2587533
2010-03-17,0.8,HOLD,937301106.3463173
2010-03-18,0.8,HOLD,945161556.0787126
2010-03-19,0.8,HOLD,931189017.1232407
2010-03-22,0.8,HOLD,952150407.6960189
2010-03-23,0.8,HOLD,968744052.9145901
2010-03-24,0.8,HOLD,957100366.0962536
2010-03-25,0.8,HOLD,952152129.1448653
2010-03-26,0.8,HOLD,956228194.1873488
2010-03-29,0.8,HOLD,967291963.2635918
2010-03-30,0.8,HOLD,975734626.0522269
2010-03-31,0.8,HOLD,964673152.2799184
2010-04-01,0.8,HOLD,963218193.5332127
2010-04-05,0.8,HOLD,986217903.6374952
2010-04-06,0.8,HOLD,992622820.8293693
2010-04-07,0.8,HOLD,987965690.4203984
2010-04-08,0.8,HOLD,990877329.4259719
2010-04-09,0.8,HOLD,1005724335.5840722
2010-04-12,0.8,HOLD,1009219335.3335972
2010-04-13,0.8,HOLD,1022028595.8888092
2010-04-14,0.8,HOLD,1052304247.3979914
2010-04-15,0.8,HOLD,1064240188.409692
2010-04-16,0.8,HOLD,1031927939.0118849
2010-04-19,0.8,HOLD,1030765234.5504564
2010-04-20,0.8,HOLD,1043574495.1199663
2010-04-21,0.8,HOLD,1059003714.334308
2010-04-22,0.8,HOLD,1072395187.9396341
2010-04-23,0.8,HOLD,1084331128.9676754
2010-04-26,0.8,HOLD,1077637400.7476978
2010-04-27,0.8,HOLD,1021163310.5555258
2010-04-28,0.8,HOLD,1022910523.5384891
2010-04-29,0.8,HOLD,1067159287.8398527
2010-04-30,0.8,HOLD,1013596262.8124634
2010-05-03,0.8,HOLD,1048530766.4041427
2010-05-04,0.8,HOLD,969932581.0204942
2010-05-05,0.8,HOLD,956833361.7086177
2010-05-06,0.6000000000000001,TRADE,878817389.3607855
2010-05-07,0.30000000000000004,TRADE,840528584.7335551
2010-05-10,0.6000000000000001,TRADE,878038767.4755783
2010-05-11,0.6000000000000001,HOLD,877839399.4188759
2010-05-12,0.5,TRADE,906128481.047714
2010-05-13,0.5,HOLD,885656257.5472761
2010-05-14,0.2,TRADE,859123521.8100822
2010-05-17,0.2,HOLD,861422108.0966623
2010-05-18,0.2,HOLD,854771908.5012287
2010-05-19,0.2,HOLD,850339696.2321063
2010-05-20,0.0,TRADE,833847177.992585
2010-05-21,0.0,HOLD,833851742.4674097
2010-05-24,0.0,HOLD,833865436.0481974
2010-05-25,0.0,HOLD,833870000.6222172
2010-05-26,0.0,HOLD,833874565.22305
2010-05-27,0.0,HOLD,833879129.847428
2010-05-28,0.0,HOLD,833883694.5000603
2010-06-01,0.0,HOLD,833901953.3546927
2010-06-02,0.0,HOLD,833906518.1295686
2010-06-03,0.0,HOLD,833910626.858006
2010-06-04,0.1,TRADE,833914735.6052794
2010-06-07,0.1,HOLD,829092652.8517276
2010-06-08,0.1,HOLD,828636048.277363
2010-06-09,0.0,TRADE,826951970.3321447
2010-06-10,0.1,TRADE,826956044.7990068
2010-06-11,0.2,TRADE,829106653.8172572
2010-06-14,0.2,HOLD,829191388.62587
2010-06-15,0.2,HOLD,841333407.5676105
2010-06-16,0.8,TRADE,844933342.6090353
2010-06-17,0.8,HOLD,851626716.5487378
2010-06-18,0.8,HOLD,853579540.3854951
2010-06-21,0.8,HOLD,835735261.3851448
2010-06-22,0.30000000000000004,TRADE,819841308.3647218
2010-06-23,0.30000000000000004,HOLD,816577416.0994043
2010-06-24,0.1,TRADE,804777900.9716172
2010-06-25,0.0,TRADE,804744738.5843391
2010-06-28,0.0,HOLD,804756633.7857656
2010-06-29,0.0,HOLD,804760598.8915393
2010-06-30,0.0,HOLD,804764564.014133
2010-07-01,0.0,HOLD,804768529.1604372
2010-07-02,0.0,HOLD,804772494.3257098
2010-07-06,0.0,HOLD,804788355.1609268
2010-07-07,0.0,HOLD,804792320.4230801
2010-07-08,0.0,HOLD,804796285.7021633
2010-07-09,0.0,HOLD,804800251.0049572
2010-07-12,0.0,HOLD,804812147.0146298
2010-07-13,0.0,HOLD,804816112.3938667
2010-07-14,0.0,HOLD,804820077.7915027
2010-07-15,0.0,HOLD,804824043.2081072
2010-07-16,0.0,HOLD,804828008.6484224
2010-07-19,0.0,HOLD,804839905.0706612
2010-07-20,0.8,TRADE,804843870.5858393
2010-07-21,0.30000000000000004,TRADE,782352520.1272724
2010-07-22,0.8,TRADE,798100440.4806302
2010-07-23,0.8,HOLD,814850146.1818764
2010-07-26,0.8,HOLD,829291229.0729179
2010-07-27,0.8,HOLD,829003241.0806249
2010-07-28,0.8,HOLD,815431627.4885492
2010-07-29,0.8,HOLD,799838592.6128354
2010-07-30,0.8,HOLD,804170996.1464832
2010-08-02,0.8,HOLD,838826291.9940325
2010-08-03,0.8,HOLD,831896491.2270362
2010-08-04,0.8,HOLD,851245167.2015859
2010-08-05,0.8,HOLD,847203111.1387873
2010-08-06,0.8,HOLD,844027378.4887983
2010-08-09,0.8,HOLD,855869491.3157926
2010-08-10,0.8,HOLD,841142779.8955152
2010-08-11,0.1,TRADE,785121319.3199162
2010-08-12,0.0,TRADE,782913702.0222082
2010-08-13,0.0,HOLD,782917559.505105
2010-08-16,0.0,HOLD,782929774.3762522
2010-08-17,0.1,TRADE,782933846.046042
2010-08-18,0.1,HOLD,783664806.2911298
2010-08-19,0.0,TRADE,780759287.9377699
2010-08-20,0.0,HOLD,780763348.3182656
2010-08-23,0.0,HOLD,780775529.5913672
2010-08-24,0.0,HOLD,780779590.0554545
2010-08-25,0.0,HOLD,780783650.5445002
2010-08-26,0.0,HOLD,780787711.0526117
2010-08-27,0.30000000000000004,TRADE,780791771.5797886
2010-08-30,0.0,TRADE,773182818.0772121
2010-08-31,0.0,HOLD,773186839.0547467
2010-09-01,0.30000000000000004,TRADE,773190860.0550755
2010-09-02,0.5,TRADE,781215577.0199063
2010-09-03,0.8,TRADE,801079021.372098
2010-09-07,0.8,HOLD,785577598.9898492
2010-09-08,0.8,HOLD,807687064.7076917
2010-09-09,0.8,HOLD,815727400.6638341
2010-09-10,0.8,HOLD,822906361.3325119
2010-09-13,0.8,HOLD,851908495.8934608
2010-09-14,0.8,HOLD,860810207.1630677
2010-09-15,0.8,HOLD,872583169.409668
2010-09-16,0.8,HOLD,882633381.0770056
2010-09-17,0.8,HOLD,890386591.970549
2010-09-20,0.8,HOLD,928576729.7350109
2010-09-21,0.8,HOLD,925993437.1443125
2010-09-22,0.8,HOLD,922548769.26615
2010-09-23,0.8,HOLD,920252601.7813847
2010-09-24,0.8,HOLD,963035074.5717129
2010-09-27,0.8,HOLD,953849571.378292
2010-09-28,0.8,HOLD,955860280.374185
2010-09-29,0.8,HOLD,949544361.5536977
2010-09-30,0.8,HOLD,938921566.2785547
2010-10-01,0.8,HOLD,936338273.7311928
2010-10-04,0.8,HOLD,909638139.6955552
2010-10-05,0.8,HOLD,965341241.9105234
2010-10-06,0.8,HOLD,944669068.2570738
2010-10-07,0.8,HOLD,952422279.2372903
2010-10-08,0.8,HOLD,968502118.0425544
2010-10-11,0.8,HOLD,970227368.7272608
2010-10-12,0.8,HOLD,986881457.7443926
2010-10-13,0.8,HOLD,1006981047.9330503
2010-10-14,0.8,HOLD,1002387879.7611674
2010-10-15,0.8,HOLD,1056081106.3386135
2010-10-18,0.8,HOLD,1056083606.5307386
2010-10-19,0.8,HOLD,1020480927.8757998
2010-10-20,0.8,HOLD,1038283517.3166685
2010-10-21,0.8,HOLD,1044313977.7739658
2010-10-22,0.8,HOLD,1061542317.028971
2010-10-25,0.8,HOLD,1075326821.9808815
2010-10-26,0.8,HOLD,1080783032.2653182
2010-10-27,0.8,HOLD,1090258993.9158132
2010-10-28,0.8,HOLD,1095715204.2089186
2010-10-29,0.8,HOLD,1091122036.1020489
2010-11-01,0.8,HOLD,1093134412.1570756
2010-11-02,0.8,HOLD,1121560630.2531319
2010-11-03,0.8,HOLD,1135343468.3929574
2010-11-04,0.8,HOLD,1170086438.6375346
2010-11-05,0.8,HOLD,1171235772.5063257
2010-11-08,0.8,HOLD,1173822398.846909
2010-11-09,0.8,HOLD,1157457101.7998137
2010-11-10,0.8,HOLD,1172675565.4563112
2010-11-11,0.8,HOLD,1155736018.2233531
2010-11-12,0.8,HOLD,1104915709.5173435
2010-11-15,0.8,HOLD,1094868831.6692517
2010-11-16,0.8,HOLD,1048355399.4395709
2010-11-17,0.8,HOLD,1056969985.8892939
2010-11-18,0.8,HOLD,1098603958.52894
2010-11-19,0.8,HOLD,1100901792.847481
2010-11-22,0.8,HOLD,1125597051.8596048
2010-11-23,0.8,HOLD,1079944994.952066
2010-11-24,0.8,HOLD,1133638221.702893
2010-11-26,0.8,HOLD,1127610261.7974877
2010-11-29,0.8,HOLD,1114117882.96427
2010-11-30,0.8,HOLD,1077940954.296854
2010-12-01,0.8,HOLD,1136228182.634282
2010-12-02,0.8,HOLD,1165802901.2494469
2010-12-03,0.8,HOLD,1174130362.671264
2010-12-06,0.8,HOLD,1172410112.9169896
2010-12-07,0.8,HOLD,1173272321.827232
2010-12-08,0.8,HOLD,1187342285.216045
2010-12-09,0.8,HOLD,1188491619.2322237
2010-12-10,0.8,HOLD,1210026835.1586227
2010-12-13,0.8,HOLD,1197682956.8965485
2010-12-14,0.8,HOLD,1201990667.00433
2010-12-15,0.8,HOLD,1191367872.0586157
2010-12-16,0.8,HOLD,1212903088.0110273
2010-12-17,0.8,HOLD,1216062297.7427514
2010-12-20,0.8,HOLD,1218936049.7268188
2010-12-21,0.8,HOLD,1236451514.3391843
2010-12-22,0.8,HOLD,1237600848.4117239
2010-12-23,0.8,HOLD,1229562179.376088
2010-12-27,0.8,HOLD,1229852639.2679565
2010-12-28,0.8,HOLD,1225259471.4211907
2010-12-29,0.8,HOLD,1231577057.274868
2010-12-30,0.8,HOLD,1223538388.2695818
2010-12-31,0.8,HOLD,1213776968.6850357
2011-01-03,0.8,HOLD,1261442236.0246959
2011-01-04,0.8,HOLD,1259720319.1809406
2011-01-05,0.8,HOLD,1286998037.1653857
2011-01-06,0.8,HOLD,1297048249.3182075
2011-01-07,0.8,HOLD,1294464957.1956625
2011-01-10,0.8,HOLD,1307388087.857193
2011-01-11,0.8,HOLD,1312557173.3781734
2011-01-12,0.8,HOLD,1335815140.0312464
2011-01-13,0.8,HOLD,1339548600.074569
2011-01-14,0.8,HOLD,1365103567.5144422
2011-01-18,0.8,HOLD,1374869155.9976504
2011-01-19,0.8,HOLD,1334098225.9907625
2011-01-20,0.8,HOLD,1307683550.8515098
2011-01-21,0.8,HOLD,1281556000.8138592
2011-01-24,0.8,HOLD,1327785642.9403634
2011-01-25,0.8,HOLD,1331806228.1329865
2011-01-26,0.8,HOLD,1350183068.1932454
2011-01-27,0.8,HOLD,1373153909.8140967
2011-01-28,0.8,HOLD,1281561837.630156
2011-01-31,0.8,HOLD,1298217594.829328
2011-02-01,0.8,HOLD,1361385950.0890994
2011-02-02,0.8,HOLD,1355931407.106637
2011-02-03,0.8,HOLD,1360526242.5328205
2011-02-04,0.8,HOLD,1382348583.7992997
2011-02-07,0.8,HOLD,1399865716.3813376
2011-02-08,0.8,HOLD,1426282059.221419
2011-02-09,0.8,HOLD,1418817640.5884514
2011-02-10,0.8,HOLD,1424848101.5313213
2011-02-11,0.8,HOLD,1450690194.189881
2011-02-14,0.8,HOLD,1459019323.7504783
2011-02-15,0.8,HOLD,1455574656.5052547
2011-02-16,0.8,HOLD,1479406873.5046365
2011-02-17,0.8,HOLD,1478259207.0462148
2011-02-18,0.8,HOLD,1470794788.4522781
2011-02-22,0.8,HOLD,1355373835.1346374
2011-02-23,0.8,HOLD,1326087909.1701705
2011-02-24,0.8,HOLD,1342454873.6753325
2011-02-25,0.8,HOLD,1393276849.8567498
2011-02-28,0.8,HOLD,1402180229.7940314
2011-03-01,0.8,HOLD,1342459043.5453928
2011-03-02,0.8,HOLD,1359113133.1738434
2011-03-03,0.8,HOLD,1430608116.3844345
2011-03-04,0.8,HOLD,1411945819.0578434
2011-03-07,0.8,HOLD,1361988554.1466792
2011-03-08,0.8,HOLD,1374622892.4394295
2011-03-09,0.8,HOLD,1349930968.0919392
2011-03-10,0.8,HOLD,1295665158.7303896
2011-03-11,0.8,HOLD,1314616249.176004
2011-03-14,0.8,HOLD,1303420872.4868321
2011-03-15,0.30000000000000004,TRADE,1256620315.6758852
2011-03-16,0.30000000000000004,HOLD,1228977926.7946904
2011-03-17,0.30000000000000004,HOLD,1238065300.679395
2011-03-18,0.30000000000000004,HOLD,1236093889.1925452
2011-03-21,0.30000000000000004,HOLD,1255950574.3186057
2011-03-22,0.30000000000000004,HOLD,1254966554.435969
2011-03-23,0.6000000000000001,TRADE,1260696797.1186523
2011-03-24,0.8,TRADE,1301861672.8324015
2011-03-25,0.8,HOLD,1309285425.9991572
2011-03-28,0.4,TRADE,1291627381.8188896
2011-03-29,0.4,HOLD,1306377152.8424325
2011-03-30,0.8,TRADE,1314202339.2579966
2011-03-31,0.8,HOLD,1318703825.5894337
2011-04-01,0.8,HOLD,1320455019.276582
2011-04-04,0.8,HOLD,1310957030.7029386
2011-04-05,0.8,HOLD,1298956761.1647835
2011-04-06,0.8,HOLD,1306708593.3762944
2011-04-07,0.8,HOLD,1306459574.251594
2011-04-08,0.8,HOLD,1290958932.2637424
2011-04-11,0.4,TRADE,1281460943.7711923
2011-04-12,0.30000000000000004,TRADE,1271398414.5918465
2011-04-13,0.8,TRADE,1280474148.0178404
2011-04-14,0.4,TRADE,1274963673.267291
2011-04-15,0.30000000000000004,TRADE,1271706309.7862692
2011-04-18,0.30000000000000004,HOLD,1264352545.1170528
2011-04-19,0.4,TRADE,1271058111.845851
2011-04-20,0.8,TRADE,1304963485.4991784
2011-04-21,0.8,HOLD,1331409195.7608974
2011-04-25,0.8,HOLD,1339418337.6116958
2011-04-26,0.8,HOLD,1357857764.8208764
2011-04-27,0.8,HOLD,1380664255.5205545
2011-04-28,0.8,HOLD,1378966667.7587147
2011-04-29,0.8,HOLD,1373629860.4250484
2011-05-02,0.8,HOLD,1367566638.6041336
2011-05-03,0.8,HOLD,1350826943.2804413
2011-05-04,0.8,HOLD,1344519677.4035518
2011-05-05,0.8,HOLD,1328265211.3602781
2011-05-06,0.8,HOLD,1337485282.3354456
2011-05-09,0.8,HOLD,1349132929.148044
2011-05-10,0.8,HOLD,1377034327.276462
2011-05-11,0.8,HOLD,1353016192.8208601
2011-05-12,0.8,HOLD,1372426078.6143641
2011-05-13,0.8,HOLD,1332880607.314534
2011-05-16,0.7000000000000001,TRADE,1277323999.372366
2011-05-17,0.7000000000000001,HOLD,1284582224.9245138
2011-05-18,0.7000000000000001,HOLD,1306568144.3921437
2011-05-19,0.7000000000000001,HOLD,1314466604.1388369
2011-05-20,0.7000000000000001,HOLD,1293976698.0972066
2011-05-23,0.6000000000000001,TRADE,1254278508.6000547
2011-05-24,0.30000000000000004,TRADE,1240080365.790007
2011-05-25,0.30000000000000004,HOLD,1244263595.371234
2011-05-26,0.6000000000000001,TRADE,1251327131.518889
2011-05-27,0.7000000000000001,TRADE,1262613060.737864
2011-05-31,0.8,TRADE,1305045660.00336
2011-06-01,0.30000000000000004,TRADE,1238425923.207952
2011-06-02,0.30000000000000004,HOLD,1240598621.3089256
2011-06-03,0.30000000000000004,HOLD,1223598026.1527922
2011-06-06,0.2,TRADE,1215012630.0521665
2011-06-07,0.2,HOLD,1213562945.148271
2011-06-08,0.2,HOLD,1208388357.927212
2011-06-09,0.2,HOLD,1209400896.60575
2011-06-10,0.1,TRADE,1198544255.006304
2011-06-13,0.1,HOLD,1198619039.2706869
2011-06-14,0.1,HOLD,1203097866.5025628
2011-06-15,0.1,HOLD,1196286059.4533536
2011-06-16,0.1,HOLD,1194651910.1478014
2011-06-17,0.0,TRADE,1193786058.4504318
2011-06-20,0.0,HOLD,1193794885.2670832
2011-06-21,0.1,TRADE,1193797827.5519345
2011-06-22,0.1,HOLD,1191107698.560199
2011-06-23,0.1,HOLD,1194348090.4640837
2011-06-24,0.0,TRADE,1188035535.2112062
2011-06-27,0.1,TRADE,1188044319.5086422
2011-06-28,1.0,TRADE,1193354149.5643194
2011-06-29,1.0,HOLD,1208417094.7803555
2011-06-30,1.0,HOLD,1254220744.5189137
2011-07-01,1.0,HOLD,1312320676.066481
2011-07-05,1.0,HOLD,1331379912.870445
2011-07-06,1.0,HOLD,1345520636.9508052
2011-07-07,1.0,HOLD,1399931683.95567
2011-07-08,1.0,HOLD,1388557623.2823367
2011-07-11,1.0,HOLD,1313857711.2926073
2011-07-12,1.0,HOLD,1281887378.5891838
2011-07-13,1.0,HOLD,1299102173.1217964
2011-07-14,1.0,HOLD,1254220744.5189137
2011-07-15,1.0,HOLD,1304328092.8906252
2011-07-18,1.0,HOLD,1282809599.7248597
2011-07-19,1.0,HOLD,1373187271.0210755
2011-07-20,1.0,HOLD,1353820627.1718864
2011-07-21,1.0,HOLD,1381487261.2421565
2011-07-22,1.0,HOLD,1424216840.5284626
2011-07-25,1.0,HOLD,1415916850.3073816
2011-07-26,1.0,HOLD,1423602026.4380124
2011-07-27,1.0,HOLD,1315702153.5639586
2011-07-28,1.0,HOLD,1322772515.6041389
2011-07-29,1.0,HOLD,1309861419.7046793
2011-08-01,1.0,HOLD,1292031811.0816164
2011-08-02,0.0,TRADE,1193968963.65477
2011-08-03,1.0,TRADE,1193971906.3705237
2011-08-04,0.0,TRADE,1031579742.442588
2011-08-05,0.0,HOLD,1031582284.9257276
2011-08-08,0.0,HOLD,1031590759.4777455
2011-08-09,0.0,HOLD,1031593584.3460579
2011-08-10,0.0,HOLD,1031596409.2198644
2011-08-11,0.0,HOLD,1031599234.1024909
2011-08-12,0.0,HOLD,1031602058.9939369
2011-08-15,0.0,HOLD,1031610533.7179425
2011-08-16,0.0,HOLD,1031613358.639174
2011-08-17,0.0,HOLD,1031616183.5703096
2011-08-18,0.0,HOLD,1031619008.5058547
2011-08-19,0.0,HOLD,1031621833.45022
2011-08-22,0.0,HOLD,1031630308.3329824
2011-08-23,0.0,HOLD,1031633133.3086028
2011-08-24,0.0,HOLD,1031635958.292657
2011-08-25,0.0,HOLD,1031638783.2855312
2011-08-26,0.0,HOLD,1031641608.287225
2011-08-29,0.0,HOLD,1031650083.3287439
2011-08-30,0.0,HOLD,1031652908.3587534
2011-08-31,0.0,HOLD,1031655733.3957267
2011-09-01,0.0,HOLD,1031658558.4415199
2011-09-02,0.0,HOLD,1031661383.4961327
2011-09-06,0.0,HOLD,1031670424.6178672
2011-09-07,0.0,HOLD,1031672684.9115306
2011-09-08,0.0,HOLD,1031674945.2109958
2011-09-09,0.0,HOLD,1031677205.5148709
2011-09-12,0.0,HOLD,1031683986.4545821
2011-09-13,0.0,HOLD,1031686246.778109
2011-09-14,0.8,TRADE,1031688507.1084434
2011-09-15,0.8,HOLD,1069237517.9969497
2011-09-16,0.8,HOLD,1091719272.7988584
2011-09-19,0.8,HOLD,1094112256.959355
2011-09-20,0.8,HOLD,1081437080.8941877
2011-09-21,0.8,HOLD,1036953253.0895474
2011-09-22,0.0,TRADE,956116680.4396539
2011-09-23,0.0,HOLD,956118775.2039708
2011-09-26,0.8,TRADE,956125059.5277427
2011-09-27,0.8,HOLD,979463738.9862804
2011-09-28,0.0,TRADE,942168702.4361995
2011-09-29,0.0,HOLD,942170766.6428494
2011-09-30,0.0,HOLD,942172830.8483258
2011-10-03,0.0,HOLD,942179023.5054089
2011-10-04,0.0,HOLD,942181087.7319604
2011-10-05,0.0,HOLD,942182894.0234826
2011-10-06,0.30000000000000004,TRADE,942184700.319519
2011-10-07,0.30000000000000004,HOLD,936357121.2461209
2011-10-10,0.2,TRADE,964809150.5978602
2011-10-11,0.6000000000000001,TRADE,968934921.3784523
2011-10-12,0.8,TRADE,978181639.3878863
2011-10-13,0.8,HOLD,999244755.6006899
2011-10-14,0.8,HOLD,1043519872.2654932
2011-10-17,0.8,HOLD,1004189552.2505515
2011-10-18,0.8,HOLD,1033634779.741024
2011-10-19,0.8,HOLD,985276820.5344038
2011-10-20,0.8,HOLD,975175676.8870952
2011-10-21,0.8,HOLD,1002901496.9388891
2011-10-24,0.8,HOLD,1053410215.7227087
2011-10-25,0.8,HOLD,1004837330.5902984
2011-10-26,0.8,HOLD,1001613816.7106465
2011-10-27,0.8,HOLD,1066521822.674825
2011-10-28,0.8,HOLD,1069531160.7696404
2011-10-31,0.8,HOLD,1026117248.1129148
2011-11-01,0.8,HOLD,961854770.087913
2011-11-02,0.8,HOLD,980768627.0140533
2011-11-03,0.8,HOLD,1028482558.5749091
2011-11-04,0.30000000000000004,TRADE,1015587377.8470285
2011-11-07,0.8,TRADE,1022379796.3936327
2011-11-08,0.8,HOLD,1049643649.6401896
2011-11-09,0.30000000000000004,TRADE,962191246.7588177
2011-11-10,0.8,TRADE,960994126.5572045
2011-11-11,0.8,HOLD,1004156432.4536178
2011-11-14,0.6000000000000001,TRADE,990482468.5921594
2011-11-15,0.8,TRADE,1009571755.3822358
2011-11-16,0.30000000000000004,TRADE,969775745.484268
2011-11-17,0.0,TRADE,949699038.4440298
2011-11-18,0.30000000000000004,TRADE,949700859.1516833
2011-11-21,0.0,TRADE,933116270.286681
2011-11-22,0.0,HOLD,933118059.2028177
2011-11-23,0.0,HOLD,933120103.5787333
2011-11-25,0.0,HOLD,933124192.335044
2011-11-28,0.0,HOLD,933130325.5169045
2011-11-29,0.0,HOLD,933132369.9184285
2011-11-30,0.30000000000000004,TRADE,933134414.3260381
2011-12-01,0.6000000000000001,TRADE,939102315.460018
2011-12-02,0.6000000000000001,HOLD,933859419.9421825
2011-12-05,0.6000000000000001,HOLD,952135144.92048
2011-12-06,0.6000000000000001,HOLD,947686649.3734972
2011-12-07,0.6000000000000001,HOLD,948640772.9018583
2011-12-08,0.6000000000000001,HOLD,919403789.8508621
2011-12-09,0.8,TRADE,945146400.9043204
2011-12-12,0.30000000000000004,TRADE,920463977.1868597
2011-12-13,0.0,TRADE,911066762.8507785
2011-12-14,0.0,HOLD,911068509.5096138
2011-12-15,0.0,HOLD,911070256.1566048
2011-12-16,0.0,HOLD,911072002.8035959
2011-12-19,0.0,HOLD,911077242.768339
2011-12-20,0.30000000000000004,TRADE,911078989.429353
2011-12-21,0.0,TRADE,899654847.081251
2011-12-22,0.1,TRADE,899656571.8439535
2011-12-23,0.4,TRADE,901978078.1117301
2011-12-27,0.4,HOLD,904724283.7865722
2011-12-28,0.0,TRADE,893124317.1042023
2011-12-29,0.1,TRADE,893126029.3465896
2011-12-30,0.1,HOLD,892392487.2159668
2012-01-03,0.8,TRADE,897439221.5246596
2012-01-04,0.8,HOLD,906096859.2963321
2012-01-05,0.8,HOLD,923814455.5585372
2012-01-06,0.8,HOLD,931666763.687985
2012-01-09,0.8,HOLD,925225158.8582612
2012-01-10,0.8,HOLD,940526766.1931322
2012-01-11,0.8,HOLD,945963085.3952453
2012-01-12,0.8,HOLD,955023387.9939674
2012-01-13,0.8,HOLD,945963773.613603
2012-01-17,0.8,HOLD,966702388.3795002
2012-01-18,0.8,HOLD,997909256.1796483
2012-01-19,0.8,HOLD,1014217525.574887
2012-01-20,0.8,HOLD,1010593886.2930644
2012-01-23,0.8,HOLD,1010594918.6394026
2012-01-24,0.8,HOLD,1005964617.3057885
2012-01-25,0.8,HOLD,1037574149.9323269
2012-01-26,0.8,HOLD,1028313203.1496525
2012-01-27,0.8,HOLD,1036769508.5256122
2012-01-30,0.8,HOLD,1038179867.7620072
2012-01-31,0.8,HOLD,1041200198.0466819
2012-02-01,0.8,HOLD,1062340445.3117627
2012-02-02,0.8,HOLD,1071400747.9243389
2012-02-03,0.8,HOLD,1106835596.36365
2012-02-06,0.8,HOLD,1106031299.0941527
2012-02-07,0.8,HOLD,1110058291.4378757
2012-02-08,0.8,HOLD,1125561231.2027647
2012-02-09,0.8,HOLD,1146500146.0622373
2012-02-10,0.8,HOLD,1125763251.8689528
2012-02-13,0.8,HOLD,1151333500.4393852
2012-02-14,0.8,HOLD,1159789805.8272202
2012-02-15,0.8,HOLD,1137844917.1719182
2012-02-16,0.8,HOLD,1177910411.0701857
2012-02-17,0.8,HOLD,1169454793.9455698
2012-02-21,0.8,HOLD,1177912131.739779
2012-02-22,0.8,HOLD,1164624536.7571962
2012-02-23,0.8,HOLD,1183348795.1061585
2012-02-24,0.8,HOLD,1193214427.3767931
2012-02-27,0.8,HOLD,1198047437.65367
2012-02-28,0.8,HOLD,1228448975.8373232
2012-02-29,0.8,HOLD,1214758716.0375867
2012-03-01,0.8,HOLD,1239925611.5395215
2012-03-02,0.8,HOLD,1236704637.10718
2012-03-05,0.8,HOLD,1203687154.1513307
2012-03-06,0.8,HOLD,1174292966.3064392
2012-03-07,0.8,HOLD,1197043872.8816998
2012-03-08,0.8,HOLD,1229257402.7692657
2012-03-09,0.8,HOLD,1241941688.8015423
2012-03-12,0.8,HOLD,1243553380.5319521
2012-03-13,0.8,HOLD,1303550783.1250944
2012-03-14,0.8,HOLD,1316033736.749784
2012-03-15,0.8,HOLD,1324892706.979184
2012-03-16,0.8,HOLD,1322275729.7887378
2012-03-19,0.8,HOLD,1347241981.1957872
2012-03-20,0.8,HOLD,1353684962.4978533
2012-03-21,0.8,HOLD,1353282641.8304524
2012-03-22,0.8,HOLD,1346035019.1935856
2012-03-23,0.8,HOLD,1344424704.0621884
2012-03-26,0.8,HOLD,1405429457.0317001
2012-03-27,0.8,HOLD,1410060446.64041
2012-03-28,0.8,HOLD,1395564857.215603
2012-03-29,0.8,HOLD,1383082591.9003167
2012-03-30,0.8,HOLD,1374828307.2142975
2012-04-02,0.8,HOLD,1411270506.0695648
2012-04-03,0.8,HOLD,1411270850.232514
2012-04-04,0.8,HOLD,1361139424.085491
2012-04-05,0.8,HOLD,1382682336.214569
2012-04-09,0.8,HOLD,1355101172.58685
2012-04-10,0.8,HOLD,1298325776.8845458
2012-04-11,0.8,HOLD,1314432713.923659
2012-04-12,0.8,HOLD,1352484883.7500138
2012-04-13,0.8,HOLD,1299534803.8565245
2012-04-16,0.8,HOLD,1264101332.0531764
2012-04-17,0.8,HOLD,1328125382.8871334
2012-04-18,0.8,HOLD,1319669765.8027647
2012-04-19,0.8,HOLD,1282826278.78412
2012-04-20,0.8,HOLD,1270948010.7160077
2012-04-23,0.8,HOLD,1243567835.361959
2012-04-24,0.8,HOLD,1224642932.9154735
2012-04-25,0.8,HOLD,1307793562.7888858
2012-04-26,0.8,HOLD,1327927148.0556178
2012-04-27,0.8,HOLD,1347658068.5012376
2012-04-30,0.8,HOLD,1323297879.3243365
2012-05-01,0.8,HOLD,1329740860.654115
2012-05-02,0.8,HOLD,1337391836.4498692
2012-05-03,0.8,HOLD,1301555011.4948928
2012-05-04,0.8,HOLD,1219210399.6258936
2012-05-07,0.8,HOLD,1220620759.0562663
2012-05-08,0.4,TRADE,1209145155.821803
2012-05-09,0.30000000000000004,TRADE,1206498438.4028711
2012-05-10,0.30000000000000004,HOLD,1202799433.1341803
2012-05-11,0.30000000000000004,HOLD,1202447303.0549781
2012-05-14,0.30000000000000004,HOLD,1192566347.0623229
2012-05-15,0.30000000000000004,HOLD,1189509914.6105144
2012-05-16,0.30000000000000004,HOLD,1182041199.2499335
2012-05-17,0.30000000000000004,HOLD,1161264469.2772136
2012-05-18,0.2,TRADE,1148529480.778917
2012-05-21,0.30000000000000004,TRADE,1167903325.043964
2012-05-22,0.30000000000000004,HOLD,1166620724.295968
2012-05-23,0.30000000000000004,HOLD,1168591406.419992
2012-05-24,0.30000000000000004,HOLD,1162239737.0744267
2012-05-25,0.30000000000000004,HOLD,1160276216.7088974
2012-05-29,0.30000000000000004,HOLD,1173076698.6326678
2012-05-30,0.30000000000000004,HOLD,1164455297.1575358
2012-05-31,0.30000000000000004,HOLD,1159541124.9936216
2012-06-01,0.1,TRADE,1132610550.2855566
2012-06-04,0.2,TRADE,1135071950.326351
2012-06-05,0.2,HOLD,1138171093.3210206
2012-06-06,0.30000000000000004,TRADE,1153917723.5074375
2012-06-07,0.30000000000000004,HOLD,1150013921.2352018
2012-06-08,0.30000000000000004,HOLD,1160086374.4507854
2012-06-11,0.30000000000000004,HOLD,1143265368.9903536
2012-06-12,0.30000000000000004,HOLD,1153863810.3783545
2012-06-13,0.30000000000000004,HOLD,1147104644.174181
2012-06-14,0.30000000000000004,HOLD,1150865240.175654
2012-06-15,0.30000000000000004,HOLD,1163567634.0447774
2012-06-18,0.8,TRADE,1172745469.7505589
2012-06-19,0.8,HOLD,1203652698.47755
2012-06-20,0.8,HOLD,1207130673.4796474
2012-06-21,0.30000000000000004,TRADE,1134308963.8164535
2012-06-22,0.8,TRADE,1144832438.9243193
2012-06-25,0.30000000000000004,TRADE,1090669281.3996367
2012-06-26,0.30000000000000004,HOLD,1096973304.5617578
2012-06-27,0.8,TRADE,1103060062.942558
2012-06-28,0.30000000000000004,TRADE,1071444208.49718
2012-06-29,0.8,TRADE,1102801634.0076296
2012-07-02,0.8,HOLD,1109916513.748361
2012-07-03,0.8,HOLD,1131075624.8449502
2012-07-05,0.8,HOLD,1134277948.706336
2012-07-06,0.8,HOLD,1098185608.6023254
2012-07-09,0.8,HOLD,1095343714.307868
2012-07-10,0.30000000000000004,TRADE,1068496950.1931171
2012-07-11,0.30000000000000004,HOLD,1064064025.8788729
2012-07-12,0.2,TRADE,1054926040.5680652
2012-07-13,0.8,TRADE,1064123092.9929159
2012-07-16,0.6000000000000001,TRADE,1057695603.1457767
2012-07-17,0.8,TRADE,1067357593.6909769
2012-07-18,0.8,HOLD,1102211021.5665648
2012-07-19,0.8,HOLD,1131196427.6900127
2012-07-20,0.8,HOLD,1095811413.3400662
2012-07-23,0.6000000000000001,TRADE,1063273370.529388
2012-07-24,0.6000000000000001,HOLD,1048590980.9652134
2012-07-25,0.6000000000000001,HOLD,1034709550.62939
2012-07-26,0.6000000000000001,HOLD,1058606697.0575099
2012-07-27,0.8,TRADE,1106532620.2289166
2012-07-30,0.8,HOLD,1101157905.4823449
2012-07-31,0.8,HOLD,1101679289.9376044
2012-08-01,0.8,HOLD,1093180145.8841717
2012-08-02,0.8,HOLD,1083987115.026297
2012-08-03,0.8,HOLD,1133080576.102422
2012-08-06,0.8,HOLD,1153553145.0686235
2012-08-07,0.8,HOLD,1176625850.8359492
2012-08-08,0.8,HOLD,1175065574.899113
2012-08-09,0.8,HOLD,1183219714.2881484
2012-08-10,0.8,HOLD,1187210532.8293045
2012-08-13,0.8,HOLD,1192938007.200061
2012-08-14,0.8,HOLD,1194326750.2256227
2012-08-15,0.8,HOLD,1201266587.724931
2012-08-16,0.8,HOLD,1236308840.980331
2012-08-17,0.8,HOLD,1250361018.2771788
2012-08-20,0.8,HOLD,1254353775.715384
2012-08-21,0.8,HOLD,1242385197.7034335
2012-08-22,0.8,HOLD,1253488356.08459
2012-08-23,0.8,HOLD,1230591060.8443031
2012-08-24,0.8,HOLD,1248459615.6186557
2012-08-27,0.8,HOLD,1253493203.3590627
2012-08-28,0.8,HOLD,1253320701.1245244
2012-08-29,0.8,HOLD,1253668614.0007477
2012-08-30,0.8,HOLD,1222097733.6815906
2012-08-31,0.8,HOLD,1243435722.5291052
2012-09-04,0.8,HOLD,1239102807.9387617
2012-09-05,0.8,HOLD,1234593513.1838973
2012-09-06,0.8,HOLD,1301554559.7280962
2012-09-07,0.8,HOLD,1296871793.2795527
2012-09-10,0.8,HOLD,1257323153.7401345
2012-09-11,0.8,HOLD,1252813859.0107493
2012-09-12,0.8,HOLD,1261661885.3528457
2012-09-13,0.8,HOLD,1303122591.7075033
2012-09-14,0.8,HOLD,1330879033.5948284
2012-09-17,0.8,HOLD,1332963602.6658416
2012-09-18,0.8,HOLD,1335046232.6487143
2012-09-19,0.8,HOLD,1342506485.4031622
2012-09-20,0.8,HOLD,1339905379.4358878
2012-09-21,0.8,HOLD,1339906349.005438
2012-09-24,0.8,HOLD,1319266125.1811154
2012-09-25,0.8,HOLD,1275205282.4159942
2012-09-26,0.8,HOLD,1247450779.659277
2012-09-27,0.8,HOLD,1290993146.4994516
2012-09-28,0.8,HOLD,1265320304.1772907
2012-10-01,0.8,HOLD,1260812948.7441378
2012-10-02,0.8,HOLD,1267579314.7451072
2012-10-03,0.8,HOLD,1287356058.4132152
2012-10-04,0.8,HOLD,1299846990.5943508
2012-10-05,0.8,HOLD,1281113016.388794
2012-10-08,0.8,HOLD,1253186981.2516234
2012-10-09,0.8,HOLD,1200105610.0330215
2012-10-10,0.8,HOLD,1188310503.9355755
2012-10-11,0.4,TRADE,1179637888.4814706
2012-10-12,0.4,HOLD,1179555569.50429
2012-10-15,0.8,TRADE,1188960971.9364288
2012-10-16,0.8,HOLD,1230331860.8999395
2012-10-17,0.4,TRADE,1227293485.0898438
2012-10-18,0.4,HOLD,1210541850.6043599
2012-10-19,0.30000000000000004,TRADE,1176281387.5739655
2012-10-22,0.30000000000000004,HOLD,1181802876.0809722
2012-10-23,0.0,TRADE,1171255567.9114406
2012-10-24,0.0,HOLD,1171260698.0888026
2012-10-25,0.0,HOLD,1171265828.2878988
2012-10-26,0.0,HOLD,1171270958.5130613
2012-10-31,0.0,HOLD,1171296609.9721935
2012-11-01,0.0,HOLD,1171301740.330924
2012-11-02,0.0,HOLD,1171306870.7124848
2012-11-05,0.30000000000000004,TRADE,1171322261.9897473
2012-11-06,0.30000000000000004,HOLD,1173478359.7731216
2012-11-07,0.1,TRADE,1148122734.4584215
2012-11-08,0.0,TRADE,1142761980.9966402
2012-11-09,0.0,HOLD,1142766986.3712761
2012-11-12,0.0,HOLD,1142782002.6309583
2012-11-13,0.0,HOLD,1142787008.0945926
2012-11-14,0.0,HOLD,1142792013.5800428
2012-11-15,0.0,HOLD,1142797019.087363
2012-11-16,0.0,HOLD,1142802024.6165533
2012-11-19,0.0,HOLD,1142817041.3223865
2012-11-20,0.0,HOLD,1142822046.9391117
2012-11-21,0.0,HOLD,1142827052.5776525
2012-11-23,0.1,TRADE,1142837063.9203987
2012-11-26,0.1,HOLD,1144305553.9601924
2012-11-27,0.1,HOLD,1143014222.418524
2012-11-28,0.30000000000000004,TRADE,1146087814.633762
2012-11-29,0.8,TRADE,1152011341.1008627
2012-11-30,0.8,HOLD,1148682077.858369
2012-12-03,1.0,TRADE,1144127890.5269985
2012-12-04,1.0,HOLD,1136885185.6761658
2012-12-05,1.0,HOLD,1101769040.9448557
2012-12-06,1.0,HOLD,1121960824.165359
2012-12-07,1.0,HOLD,1102866420.467709
2012-12-10,1.0,HOLD,1112523360.2688196
2012-12-11,1.0,HOLD,1155540637.5646744
2012-12-12,1.0,HOLD,1147639505.0001297
2012-12-13,1.0,HOLD,1121741348.2607884
2012-12-14,1.0,HOLD,1089917342.0980384
2012-12-17,1.0,HOLD,1132495667.584752
2012-12-18,1.0,HOLD,1184950408.7771468
2012-12-19,1.0,HOLD,1167831288.220633
2012-12-20,1.0,HOLD,1168709191.8389156
2012-12-21,1.0,HOLD,1132495667.584752
2012-12-24,1.0,HOLD,1122838727.7836418
2012-12-26,1.0,HOLD,1096282143.3305886
2012-12-27,1.0,HOLD,1090136818.0026093
2012-12-28,1.0,HOLD,1058532287.7444301
2012-12-31,1.0,HOLD,1127667197.684197
2013-01-02,1.0,HOLD,1232796155.9735568
2013-01-03,1.0,HOLD,1215018607.703331
2013-01-04,1.0,HOLD,1202947432.9519432
2013-01-07,1.0,HOLD,1204264288.379367
2013-01-08,1.0,HOLD,1197241059.4331052
2013-01-09,1.0,HOLD,1209531710.089064
2013-01-10,1.0,HOLD,1230820872.8324203
2013-01-11,1.0,HOLD,1235429866.828405
2013-01-14,1.0,HOLD,1219627601.6993153
2013-01-15,1.0,HOLD,1201411101.6199481
2013-01-16,1.0,HOLD,1215018607.703331
2013-01-17,1.0,HOLD,1233674059.5918396
2013-01-18,1.0,HOLD,1226650830.6455772
2013-01-22,1.0,HOLD,1231698776.4507034
2013-01-23,1.0,HOLD,1251890559.6712067
2013-01-24,1.0,HOLD,1201850053.4290895
2013-01-25,1.0,HOLD,1219847077.603886
2013-01-28,1.0,HOLD,1228406637.8821428
2013-01-29,1.0,HOLD,1228406637.8821428
2013-01-30,1.0,HOLD,1221822360.7450223
2013-01-31,1.0,HOLD,1213921228.1804776
2013-02-01,1.0,HOLD,1253646366.907772
2013-02-04,1.0,HOLD,1189998354.5822725
2013-02-05,1.0,HOLD,1242233619.8700962
2013-02-06,1.0,HOLD,1230601396.9278498
2013-02-07,1.0,HOLD,1233674059.5918396
2013-02-08,1.0,HOLD,1271204439.2734272
2013-02-11,1.0,HOLD,1270765487.4642856
2013-02-12,1.0,HOLD,1255841125.953479
2013-02-13,1.0,HOLD,1270546011.559715
2013-02-14,1.0,HOLD,1267912300.704867
2013-02-15,1.0,HOLD,1256938505.4763324
2013-02-19,1.0,HOLD,1284372993.5476687
2013-02-20,0.8,TRADE,1225772927.0272946
2013-02-21,0.5,TRADE,1193993889.8391871
2013-02-22,0.8,TRADE,1211561736.8214915
2013-02-25,0.5,TRADE,1175324785.50914
2013-02-26,0.5,HOLD,1182460516.4718578
2013-02-27,1.0,TRADE,1200460433.4466023
2013-02-28,0.5,TRADE,1196160790.0603323
2013-03-01,0.8,TRADE,1202290237.9133015
2013-03-04,0.5,TRADE,1214784527.4080691
2013-03-05,1.0,TRADE,1241455104.9074812
2013-03-06,1.0,HOLD,1233518480.7509394
2013-03-07,1.0,HOLD,1244379124.3335755
2013-03-08,1.0,HOLD,1245841134.0466228
2013-03-11,1.0,HOLD,1258581504.4031765
2013-03-12,0.8,TRADE,1243334831.681399
2013-03-13,0.8,HOLD,1240161203.1740005
2013-03-14,1.0,TRADE,1250187433.7943068
2013-03-15,1.0,HOLD,1238507337.649415
2013-03-18,1.0,HOLD,1229955838.6861906
2013-03-19,0.8,TRADE,1224950083.1955228
2013-03-20,0.8,HOLD,1243639243.0831099
2013-03-21,0.8,HOLD,1211770272.5190825
2013-03-22,0.8,HOLD,1238468641.200001
2013-03-25,0.8,HOLD,1228293289.9191675
2013-03-26,0.8,HOLD,1243311562.47172
2013-03-27,0.8,HOLD,1248652041.0797791
2013-03-28,0.8,HOLD,1254493095.241037
2013-04-01,1.0,TRADE,1234974673.2239947
2013-04-02,1.0,HOLD,1262867241.2691684
2013-04-03,0.5,TRADE,1229354528.9163852
2013-04-04,1.0,TRADE,1229669283.338564
2013-04-05,0.5,TRADE,1199494626.6988463
2013-04-08,1.0,TRADE,1208658462.8795304
2013-04-09,1.0,HOLD,1232616832.957115
2013-04-10,1.0,HOLD,1304698480.8629518
2013-04-11,1.0,HOLD,1302426566.4590428
2013-04-12,1.0,HOLD,1300980802.7474644
2013-04-15,1.0,HOLD,1221876873.9568186
2013-04-16,1.0,HOLD,1272891679.2082272
2013-04-17,1.0,HOLD,1198538116.8984816
2013-04-18,1.0,HOLD,1146697160.9547424
2013-04-19,1.0,HOLD,1194200825.7637465
2013-04-22,1.0,HOLD,1230964531.572454
2013-04-23,1.0,HOLD,1267108624.3619137
2013-04-24,1.0,HOLD,1264010559.265674
2013-04-25,1.0,HOLD,1284664326.573937
2013-04-26,1.0,HOLD,1273717829.9005578
2013-04-29,1.0,HOLD,1307590008.2861085
2013-04-30,1.0,HOLD,1336298744.8445935
2013-05-01,1.0,HOLD,1319156117.9787357
2013-05-02,1.0,HOLD,1367072858.133905
2013-05-03,1.0,HOLD,1414783060.6159916
2013-05-06,1.0,HOLD,1432958375.8472626
2013-05-07,1.0,HOLD,1429447235.404858
2013-05-08,1.0,HOLD,1451753304.0977817
2013-05-09,1.0,HOLD,1446796399.9437988
2013-05-10,1.0,HOLD,1471374383.0406313
2013-05-13,1.0,HOLD,1477157437.8869448
2013-05-14,1.0,HOLD,1498843893.5606205
2013-05-15,1.0,HOLD,1509790390.2339997
2013-05-16,1.0,HOLD,1504420410.7338517
2013-05-17,1.0,HOLD,1546760633.71579
2013-05-20,1.0,HOLD,1539738352.8309808
2013-05-21,1.0,HOLD,1545521407.677294
2013-05-22,1.0,HOLD,1507725013.5031736
2013-05-23,1.0,HOLD,1491408537.3296459
2013-05-24,1.0,HOLD,1490582386.6373155
2013-05-28,1.0,HOLD,1521356499.926627
2013-05-29,1.0,HOLD,1498430818.2144554
2013-05-30,1.0,HOLD,1522802263.638205
2013-05-31,1.0,HOLD,1479222814.617771
2013-06-03,1.0,HOLD,1487897396.8872414
2013-06-04,1.0,HOLD,1465591328.1943178
2013-06-05,1.0,HOLD,1409413081.1158433
2013-06-06,1.0,HOLD,1426555707.9817014
2013-06-07,1.0,HOLD,1486245095.5025804
2013-06-10,1.0,HOLD,1486864708.5218282
2013-06-11,1.0,HOLD,1443904872.520642
2013-06-12,1.0,HOLD,1393922755.6346464
2013-06-13,1.0,HOLD,1443904872.520642
2013-06-14,1.0,HOLD,1418500738.7314787
2013-06-17,1.0,HOLD,1457742896.617178
2013-06-18,1.0,HOLD,1492234688.0219767
2013-06-19,1.0,HOLD,1445350636.2322202
2013-06-20,1.0,HOLD,1338777196.921585
2013-06-21,1.0,HOLD,1319775730.9979835
2013-06-24,1.0,HOLD,1279087809.4007058
2013-06-25,1.0,HOLD,1306350782.2476125
2013-06-26,1.0,HOLD,1342081799.6909072
2013-06-27,1.0,HOLD,1356952512.152856
2013-06-28,1.0,HOLD,1360670190.2683434
2013-07-01,1.0,HOLD,1389792002.172994
2013-07-02,1.0,HOLD,1390411615.1922417
2013-07-03,1.0,HOLD,1409206543.4427607
2013-07-05,1.0,HOLD,1440393732.0782373
2013-07-08,1.0,HOLD,1445144098.5591376
2013-07-09,1.0,HOLD,1471580920.713714
2013-07-10,1.0,HOLD,1496365441.4836292
2013-07-11,1.0,HOLD,1589513932.0438936
2013-07-12,1.0,HOLD,1606243483.5635862
2013-07-15,1.0,HOLD,1618635743.9485438
2013-07-16,1.0,HOLD,1612439613.7560651
2013-07-17,1.0,HOLD,1623799185.7756097
2013-07-18,1.0,HOLD,1612026538.4099
2013-07-19,1.0,HOLD,1562870572.216235
2013-07-22,1.0,HOLD,1574230144.2357793
2013-07-23,1.0,HOLD,1539118739.8117328
2013-07-24,1.0,HOLD,1553782914.600599
2013-07-25,1.0,HOLD,1581872038.1398365
2013-07-26,1.0,HOLD,1608102322.62133
2013-07-29,1.0,HOLD,1600666966.3903556
2013-07-30,1.0,HOLD,1624418798.7948575
2013-07-31,1.0,HOLD,1634745682.4489887
2013-08-01,1.0,HOLD,1684521261.6619017
2013-08-02,1.0,HOLD,1712610385.2011392
2013-08-05,1.0,HOLD,1716328063.3166263
2013-08-06,1.0,HOLD,1685760487.7003977
2013-08-07,1.0,HOLD,1676053217.065514
2013-08-08,1.0,HOLD,1698359285.7584379
2013-08-09,1.0,HOLD,1680183970.5271666
2013-08-12,1.0,HOLD,1690717391.8543806
2013-08-13,1.0,HOLD,1718806515.3936179
2013-08-14,1.0,HOLD,1699598511.7969334
2013-08-15,1.0,HOLD,1614298452.8138087
2013-08-16,1.0,HOLD,1608721935.640578
2013-08-19,1.0,HOLD,1602319267.7750165
2013-08-20,1.0,HOLD,1624212261.121775
2013-08-21,1.0,HOLD,1608102322.62133
2013-08-22,1.0,HOLD,1653953686.045673
2013-08-23,1.0,HOLD,1688858552.7966368
2013-08-26,1.0,HOLD,1690304316.5082154
2013-08-27,1.0,HOLD,1583937414.8706627
2013-08-28,1.0,HOLD,1604384644.505843
2013-08-29,1.0,HOLD,1637637209.8721457
2013-08-30,1.0,HOLD,1607069634.2559168
2013-09-03,1.0,HOLD,1633506456.4104931
2013-09-04,1.0,HOLD,1686793176.0658107
2013-09-05,1.0,HOLD,1694228532.2967854
2013-09-06,1.0,HOLD,1700218124.8161814
2013-09-09,1.0,HOLD,1760114050.010143
2013-09-10,1.0,HOLD,1786757409.837802
2013-09-11,1.0,HOLD,1777669752.2221663
2013-09-12,1.0,HOLD,1769821320.6450264
2013-09-13,1.0,HOLD,1775604375.4913402
2013-09-16,1.0,HOLD,1760527125.3563085
2013-09-17,1.0,HOLD,1795845067.4534376
2013-09-18,1.0,HOLD,1861730585.1667953
2013-09-19,1.0,HOLD,1873296694.8594224
2013-09-20,1.0,HOLD,1852849465.2242424
2013-09-23,1.0,HOLD,1842316043.8970284
2013-09-24,1.0,HOLD,1842729119.2431936
2013-09-25,1.0,HOLD,1825379954.7042532
2013-09-26,1.0,HOLD,1867100564.6669438
2013-09-27,1.0,HOLD,1858219444.7243907
2013-09-30,1.0,HOLD,1846653335.0317636
2013-10-01,1.0,HOLD,1902005431.4179077
2013-10-02,1.0,HOLD,1898494290.975503
2013-10-03,1.0,HOLD,1832402235.5890625
2013-10-04,1.0,HOLD,1879699362.724984
2013-10-07,1.0,HOLD,1833021848.6083102
2013-10-08,1.0,HOLD,1729339936.7208319
2013-10-09,1.0,HOLD,1710338470.79723
2013-10-10,1.0,HOLD,1818977286.8386917
2013-10-11,1.0,HOLD,1859871746.1090517
2013-10-14,1.0,HOLD,1898494290.975503
2013-10-15,1.0,HOLD,1878253599.0134056
2013-10-16,1.0,HOLD,1942280277.6690197
2013-10-17,1.0,HOLD,1973674003.9775789
2013-10-18,1.0,HOLD,2071366323.3456612
2013-10-21,1.0,HOLD,2083138970.711371
2013-10-22,1.0,HOLD,2090367789.2692628
2013-10-23,1.0,HOLD,2056702148.556795
2013-10-24,1.0,HOLD,2082312820.0190403
2013-10-25,1.0,HOLD,2124033429.981731
2013-10-28,1.0,HOLD,2128370721.116466
2013-10-29,1.0,HOLD,2138491067.097515
2013-10-30,1.0,HOLD,2131675323.8857882
2013-10-31,1.0,HOLD,2118043837.462335
2013-11-01,1.0,HOLD,2117011149.0969214
2013-11-04,1.0,HOLD,2127338032.751053
2013-11-05,1.0,HOLD,2136219152.693606
2013-11-06,1.0,HOLD,2132501474.5781186
2013-11-07,1.0,HOLD,2014361925.5748563
2013-11-08,1.0,HOLD,2093878929.7116675
2013-11-11,1.0,HOLD,2083758583.7306187
2013-11-12,1.0,HOLD,2094085467.3847501
2013-11-13,1.0,HOLD,2169058642.7137437
2013-11-14,1.0,HOLD,2185788194.2334366
2013-11-15,1.0,HOLD,2201071982.041551
2013-11-18,1.0,HOLD,2140143368.4821758
2013-11-19,1.0,HOLD,2119076525.827748
2013-11-20,1.0,HOLD,2104205813.3657987
2013-11-21,1.0,HOLD,2168645567.3675785
2013-11-22,1.0,HOLD,2202930821.099294
2013-11-25,1.0,HOLD,2217388458.2150784
2013-11-26,1.0,HOLD,2254152164.0237856
2013-11-27,1.0,HOLD,2299177376.7557983
2013-11-29,1.0,HOLD,2336973770.929919
2013-12-02,1.0,HOLD,2322309596.1410527
2013-12-03,1.0,HOLD,2315700390.6024084
2013-12-04,1.0,HOLD,2321483445.4487224
2013-12-05,1.0,HOLD,2314461164.563913
2013-12-06,1.0,HOLD,2362171367.045999
2013-12-09,1.0,HOLD,2390467028.2583194
2013-12-10,1.0,HOLD,2386129737.1235843
2013-12-11,1.0,HOLD,2296905462.3518896
2013-12-12,1.0,HOLD,2278317071.774453
2013-12-13,1.0,HOLD,2267370575.101074
2013-12-16,1.0,HOLD,2306406195.31369
2013-12-17,1.0,HOLD,2291742020.5248237
2013-12-18,1.0,HOLD,2371052486.988552
2013-12-19,1.0,HOLD,2349572568.987959
2013-12-20,1.0,HOLD,2420414990.8553
2013-12-23,1.0,HOLD,2498692768.9536157
2013-12-24,1.0,HOLD,2502203909.3960204
2013-12-26,1.0,HOLD,2526575354.8197703
2013-12-27,1.0,HOLD,2507986964.2423334
2013-12-30,1.0,HOLD,2494975090.838128
2013-12-31,1.0,HOLD,2543924519.358711
2014-01-02,1.0,HOLD,2484441669.5109143
2014-01-03,1.0,HOLD,2430328799.163266
2014-01-06,1.0,HOLD,2404511590.0279374
2014-01-07,1.0,HOLD,2466885967.298891
2014-01-08,1.0,HOLD,2485267820.2032447
2014-01-09,1.0,HOLD,2459657148.740999
2014-01-10,1.0,HOLD,2484235131.837832
2014-01-13,1.0,HOLD,2373737476.7386265
2014-01-14,1.0,HOLD,2509639265.626995
2014-01-15,1.0,HOLD,2568295964.7824607
2014-01-16,1.0,HOLD,2573665944.282609
2014-01-17,1.0,HOLD,2528021118.531348
2014-01-21,1.0,HOLD,2584612440.9559884
2014-01-22,1.0,HOLD,2608570811.0335727
2014-01-23,1.0,HOLD,2577177084.7250137
2014-01-24,1.0,HOLD,2424545744.3169527
2014-01-27,1.0,HOLD,2353909860.122694
2014-01-28,1.0,HOLD,2353083709.4303637
2014-01-29,1.0,HOLD,2278936684.7937007
2014-01-30,1.0,HOLD,2399141610.5277896
2014-01-31,1.0,HOLD,2382205521.3350143
2014-02-03,1.0,HOLD,2224410739.0998874
2014-02-04,1.0,HOLD,2267783650.4472394
2014-02-05,1.0,HOLD,2246923345.4658937
2014-02-06,1.0,HOLD,2333049555.141349
2014-02-07,1.0,HOLD,2456765621.3178425
2014-02-10,1.0,HOLD,2501997371.7229376
2014-02-11,1.0,HOLD,2587710506.0522275
2014-02-12,1.0,HOLD,2599896228.7641025
2014-02-13,1.0,HOLD,2666814434.842873
2014-02-14,1.0,HOLD,2674456328.7469306
2014-02-18,1.0,HOLD,2716383476.382704
2014-02-19,1.0,HOLD,2656900626.5349073
2014-02-20,1.0,HOLD,2695523171.4013586
2014-02-21,1.0,HOLD,2681478609.63174
2014-02-24,1.0,HOLD,2728569199.0945787
2014-02-25,1.0,HOLD,2718861928.4596953
2014-02-26,1.0,HOLD,2709774270.84406
2014-02-27,1.0,HOLD,2763060990.4993777
2014-02-28,1.0,HOLD,2749222966.4028416
2014-03-03,1.0,HOLD,2688913965.862715
2014-03-04,1.0,HOLD,2797139706.558011
2014-03-05,1.0,HOLD,2820065388.270182
2014-03-06,1.0,HOLD,2809325429.269886
2014-03-07,1.0,HOLD,2769257120.6918564
2014-03-10,1.0,HOLD,2775040175.5381694
2014-03-11,1.0,HOLD,2740548384.133371
2014-03-12,1.0,HOLD,2771322497.422683
2014-03-13,1.0,HOLD,2653596023.7655854
2014-03-14,1.0,HOLD,2599070078.071772
2014-03-17,1.0,HOLD,2668466736.227535
2014-03-18,1.0,HOLD,2764300216.5378733
2014-03-19,1.0,HOLD,2718861928.4596953
2014-03-20,1.0,HOLD,2740135308.7872057
2014-03-21,1.0,HOLD,2639757999.6690493
2014-03-24,1.0,HOLD,2573252868.936444
2014-03-25,1.0,HOLD,2597004701.3409457
2014-03-26,1.0,HOLD,2498279693.6074505
2014-03-27,1.0,HOLD,2453874093.8946853
2014-03-28,1.0,HOLD,2469984032.39513
2014-03-31,1.0,HOLD,2519139998.5887957
2014-04-01,1.0,HOLD,2655661400.496412
2014-04-02,1.0,HOLD,2676521705.477757
2014-04-03,1.0,HOLD,2613527715.187556
2014-04-04,1.0,HOLD,2405957353.7395163
2014-04-07,1.0,HOLD,2333875705.833679
2014-04-08,1.0,HOLD,2399141610.5277896
2014-04-09,1.0,HOLD,2522031526.0119524
2014-04-10,1.0,HOLD,2289263568.447832
2014-04-11,1.0,HOLD,2209333488.964856
2014-04-14,1.0,HOLD,2258902530.504686
2014-04-15,1.0,HOLD,2281415136.8706923
2014-04-16,1.0,HOLD,2370019798.623139
2014-04-17,1.0,HOLD,2371259024.661635
2014-04-21,1.0,HOLD,2424958819.663118
2014-04-22,1.0,HOLD,2484235131.837832
2014-04-23,1.0,HOLD,2416697312.739813
2014-04-24,1.0,HOLD,2487952809.9533186
2014-04-25,1.0,HOLD,2367954421.892313
2014-04-28,1.0,HOLD,2393358555.681476
2014-04-29,1.0,HOLD,2446232199.9906282
2014-04-30,1.0,HOLD,2467918655.6643043
2014-05-01,1.0,HOLD,2490018186.684145
2014-05-02,1.0,HOLD,2477832463.97227
2014-05-05,1.0,HOLD,2512943868.3963165
2014-05-06,1.0,HOLD,2415871162.047482
2014-05-07,1.0,HOLD,2394184706.3738065
2014-05-08,1.0,HOLD,2385923199.4505014
2014-05-09,1.0,HOLD,2413805785.316656
2014-05-12,1.0,HOLD,2531532258.973753
2014-05-13,1.0,HOLD,2536695700.800819
2014-05-14,1.0,HOLD,2499105844.299781
2014-05-15,1.0,HOLD,2441275295.836645
2014-05-16,1.0,HOLD,2486713583.914823
2014-05-19,1.0,HOLD,2540000303.570141
2014-05-20,1.0,HOLD,2512117717.703986
2014-05-21,1.0,HOLD,2583166677.2444096
2014-05-22,1.0,HOLD,2615180016.572217
2014-05-23,1.0,HOLD,2673630178.0546002
2014-05-27,1.0,HOLD,2774214024.845839
2014-05-28,1.0,HOLD,2747983740.3643456
2014-05-29,1.0,HOLD,2803748912.096655
2014-05-30,1.0,HOLD,2801270460.0196633
2014-06-02,1.0,HOLD,2794248179.134854
2014-06-03,1.0,HOLD,2790117425.6732016
2014-06-04,1.0,HOLD,2819652312.924017
2014-06-05,1.0,HOLD,2892973186.8683496
2014-06-06,1.0,HOLD,2939857238.658106
2014-06-09,1.0,HOLD,2934487259.1579576
2014-06-10,1.0,HOLD,2951216810.6776505
2014-06-11,1.0,HOLD,2946672981.8698325
2014-06-12,1.0,HOLD,2869634429.810013
2014-06-13,1.0,HOLD,2889255508.7528625
2014-06-16,1.0,HOLD,2899995467.7531586
2014-06-17,1.0,HOLD,2904126221.2148113
2014-06-18,1.0,HOLD,2956999865.5239635
2014-06-19,1.0,HOLD,2945433755.8313365
2014-06-20,1.0,HOLD,2956173714.831633
2014-06-23,1.0,HOLD,2959478317.6009555
2014-06-24,1.0,HOLD,2951216810.6776505
2014-06-25,1.0,HOLD,3005536218.698381
2014-06-26,1.0,HOLD,3013591187.9486036
2014-06-27,1.0,HOLD,3043539150.545584
2014-06-30,1.0,HOLD,3066051756.9115906
2014-07-01,1.0,HOLD,3169114055.779821
2014-07-02,1.0,HOLD,3181299778.4916964
2014-07-03,1.0,HOLD,3242434929.7241535
2014-07-07,1.0,HOLD,3211247741.088677
2014-07-08,1.0,HOLD,3099304322.277893
2014-07-09,1.0,HOLD,3169527131.1259866
2014-07-10,1.0,HOLD,3139579168.5290055
2014-07-11,1.0,HOLD,3194105114.222819
2014-07-14,1.0,HOLD,3255240265.4552765
2014-07-15,1.0,HOLD,3221161549.396643
2014-07-16,1.0,HOLD,3257512179.859185
2014-07-17,1.0,HOLD,3127599983.4902134
2014-07-18,1.0,HOLD,3275687495.0904565
2014-07-21,1.0,HOLD,3263708310.0516644
2014-07-22,1.0,HOLD,3328561139.3996086
2014-07-23,1.0,HOLD,3390935516.670562
2014-07-24,1.0,HOLD,3378956331.6317697
2014-07-25,1.0,HOLD,3337648797.0152445
2014-07-28,1.0,HOLD,3341573012.803814
2014-07-29,1.0,HOLD,3324843461.2841215
2014-07-30,1.0,HOLD,3364705232.1890683
2014-07-31,1.0,HOLD,3159613322.8180203
2014-08-01,1.0,HOLD,3123056154.6823955
2014-08-04,1.0,HOLD,3187082833.3380094
2014-08-05,1.0,HOLD,3112522733.355181
2014-08-06,1.0,HOLD,3107152753.855033
2014-08-07,1.0,HOLD,3077204791.2580523
2014-08-08,1.0,HOLD,3142883771.298328
2014-08-11,1.0,HOLD,3199888169.0691323
2014-08-12,1.0,HOLD,3192452812.838158
2014-08-13,1.0,HOLD,3296134724.7256365
2014-08-14,1.0,HOLD,3346942992.3039627
2014-08-15,1.0,HOLD,3392587818.055223
2014-08-18,1.0,HOLD,3474583274.269026
2014-08-19,1.0,HOLD,3534479199.4629874
2014-08-20,1.0,HOLD,3534479199.4629874
2014-08-21,1.0,HOLD,3554513353.7520022
2014-08-22,1.0,HOLD,3568351377.8485384
2014-08-25,1.0,HOLD,3608213148.753485
2014-08-26,1.0,HOLD,3620398871.4653597
2014-08-27,1.0,HOLD,3620811946.8115253
2014-08-28,1.0,HOLD,3606147772.022659
2014-08-29,1.0,HOLD,3648281457.331515
2014-09-02,1.0,HOLD,3678642495.2746606
2014-09-03,1.0,HOLD,3615648504.9844594
2014-09-04,1.0,HOLD,3604082395.291833
2014-09-05,1.0,HOLD,3659847567.024142
2014-09-08,1.0,HOLD,3678229419.9284954
2014-09-09,1.0,HOLD,3589005145.1568007
2014-09-10,1.0,HOLD,3672239827.4090996
2014-09-11,1.0,HOLD,3669348299.9859424
2014-09-12,1.0,HOLD,3611517751.522807
2014-09-15,1.0,HOLD,3502878935.4813457
2014-09-16,1.0,HOLD,3597473189.7531886
2014-09-17,1.0,HOLD,3615235429.638294
2014-09-18,1.0,HOLD,3693100132.3904448
2014-09-19,1.0,HOLD,3684838625.4671397
2014-09-22,1.0,HOLD,3584874391.6951485
2014-09-23,1.0,HOLD,3553687203.0596714
2014-09-24,1.0,HOLD,3668935224.639777
2014-09-25,1.0,HOLD,3435960729.4025745
2014-09-26,1.0,HOLD,3545838771.482532
2014-09-29,1.0,HOLD,3534066124.1168222
2014-09-30,1.0,HOLD,3547077997.5210276
2014-10-01,1.0,HOLD,3377304030.2471085
2014-10-02,1.0,HOLD,3375651728.8624477
2014-10-03,1.0,HOLD,3477474801.6921825
2014-10-06,1.0,HOLD,3453516431.614598
2014-10-07,1.0,HOLD,3307700834.4182634
2014-10-08,1.0,HOLD,3498748182.019693
2014-10-09,1.0,HOLD,3324430385.9379563
2014-10-10,1.0,HOLD,3075552489.8733916
2014-10-13,1.0,HOLD,2931595731.734801
2014-10-14,1.0,HOLD,2936965711.2349486
2014-10-15,1.0,HOLD,2874178258.6178303
2014-10-16,1.0,HOLD,2829566121.231983
2014-10-17,1.0,HOLD,2940270314.004271
2014-10-20,1.0,HOLD,3066877907.6039214
2014-10-21,1.0,HOLD,3306874683.725933
2014-10-22,1.0,HOLD,3255653340.8014417
2014-10-23,1.0,HOLD,3404360465.420933
2014-10-24,1.0,HOLD,3482638243.519248
2014-10-27,1.0,HOLD,3495856654.5965366
2014-10-28,1.0,HOLD,3651999135.447002
2014-10-29,1.0,HOLD,3608213148.753485
2014-10-30,1.0,HOLD,3630725755.1194916
2014-10-31,1.0,HOLD,3780465568.104396
2014-11-03,1.0,HOLD,3819294650.6439295
2014-11-04,1.0,HOLD,3778813266.719734
2014-11-05,1.0,HOLD,3778400191.373569
2014-11-06,1.0,HOLD,3810826606.0475416
2014-11-07,1.0,HOLD,3801325873.085741
2014-11-10,1.0,HOLD,3840154955.6252747
2014-11-11,1.0,HOLD,3876712123.7608995
2014-11-12,1.0,HOLD,3897985504.08841
2014-11-13,1.0,HOLD,3948174158.647488
2014-11-14,1.0,HOLD,3984524789.1100307
2014-11-17,1.0,HOLD,3947348007.9551578
2014-11-18,1.0,HOLD,4035746132.034522
2014-11-19,1.0,HOLD,3984524789.1100307
2014-11-20,1.0,HOLD,4037398433.4191833
2014-11-21,1.0,HOLD,4066520245.3238335
2014-11-24,1.0,HOLD,4158429509.845602
2014-11-25,1.0,HOLD,4172060996.2690554
2014-11-26,1.0,HOLD,4257154517.5790973
2014-11-28,1.0,HOLD,4320768120.888547
2014-12-01,1.0,HOLD,4161321037.2687593
2014-12-02,1.0,HOLD,4205933174.6546063
2014-12-03,1.0,HOLD,4244142644.174892
2014-12-04,1.0,HOLD,4231337308.4437695
2014-12-05,1.0,HOLD,4234228835.866926
2014-12-08,1.0,HOLD,4142939184.364405
2014-12-09,1.0,HOLD,4183007492.942435
2014-12-10,1.0,HOLD,3980394035.6483784
2014-12-11,1.0,HOLD,4042768412.9193316
2014-12-12,1.0,HOLD,3909138538.434872
2014-12-15,1.0,HOLD,3791825140.1239405
2014-12-16,1.0,HOLD,3603669319.9456673
2014-12-17,1.0,HOLD,3797195119.6240883
2014-12-18,1.0,HOLD,4075607902.939469
2014-12-19,1.0,HOLD,4121046191.017647
2014-12-22,1.0,HOLD,4159049122.86485
2014-12-23,1.0,HOLD,4119393889.6329856
2014-12-24,1.0,HOLD,4128068471.902456
2014-12-26,1.0,HOLD,4211716229.50092
2014-12-29,1.0,HOLD,4212542380.1932507
2014-12-30,1.0,HOLD,4125590019.8254647
2014-12-31,1.0,HOLD,3996297436.4757404
2015-01-02,1.0,HOLD,3963457946.4556026
2015-01-05,1.0,HOLD,3785215934.585296
2015-01-06,1.0,HOLD,3635063046.2542267
2015-01-07,1.0,HOLD,3774889050.9311647
2015-01-08,1.0,HOLD,3990101306.2832613
2015-01-09,1.0,HOLD,3909345076.1079545
2015-01-12,1.0,HOLD,3789140150.373866
2015-01-13,1.0,HOLD,3786042085.2776265
2015-01-14,1.0,HOLD,3727798461.4683256
2015-01-15,1.0,HOLD,3579710949.868083
2015-01-16,1.0,HOLD,3707144694.1600633
2015-01-20,1.0,HOLD,3789140150.373866
2015-01-21,1.0,HOLD,3847383774.1831665
2015-01-22,1.0,HOLD,4061563341.1698503
2015-01-23,1.0,HOLD,4088619776.3436747
2015-01-26,1.0,HOLD,4079532118.728039
2015-01-27,1.0,HOLD,3763736016.584703
2015-01-28,1.0,HOLD,3699089724.9098406
2015-01-29,1.0,HOLD,3806076239.5666413
2015-01-30,1.0,HOLD,3718710803.85269
2015-02-02,1.0,HOLD,3816196585.54769
2015-02-03,1.0,HOLD,3920498110.4544168
2015-02-04,1.0,HOLD,3910171226.800285
2015-02-05,1.0,HOLD,4014059676.360846
2015-02-06,1.0,HOLD,3940945340.0895963
2015-02-09,1.0,HOLD,3897572428.7422447
2015-02-10,1.0,HOLD,4084075947.5358567
2015-02-11,1.0,HOLD,4129927310.9602
2015-02-12,1.0,HOLD,4274297144.444956
2015-02-13,1.0,HOLD,4382316347.467169
2015-02-17,1.0,HOLD,4394088994.832879
2015-02-18,1.0,HOLD,4412883923.083398
2015-02-19,1.0,HOLD,4479389053.816004
2015-02-20,1.0,HOLD,4565515263.491459
2015-02-23,1.0,HOLD,4583484041.049647
2015-02-24,1.0,HOLD,4592984774.011449
2015-02-25,1.0,HOLD,4556014530.529658
2015-02-26,1.0,HOLD,4625411188.685421
2015-02-27,1.0,HOLD,4564276037.452964
2015-03-02,1.0,HOLD,4687372490.6102085
2015-03-03,1.0,HOLD,4620041209.185272
2015-03-04,1.0,HOLD,4568819866.260781
2015-03-05,1.0,HOLD,4588854020.549796
2015-03-06,1.0,HOLD,4431059238.314669
2015-03-09,1.0,HOLD,4473605998.96969
2015-03-10,1.0,HOLD,4225967328.943621
2015-03-11,1.0,HOLD,4151820304.3069587
2015-03-12,1.0,HOLD,4231337308.4437695
2015-03-13,1.0,HOLD,4176811362.7499557
2015-03-16,1.0,HOLD,4336671521.715909
2015-03-17,1.0,HOLD,4360836429.466577
2015-03-18,1.0,HOLD,4486411334.700813
2015-03-19,1.0,HOLD,4508097790.374489
2015-03-20,1.0,HOLD,4601659356.280919
2015-03-23,1.0,HOLD,4563036811.414467
2015-03-24,1.0,HOLD,4516772372.643959
2015-03-25,1.0,HOLD,4201802421.192954
2015-03-26,1.0,HOLD,4167310629.788155
2015-03-27,1.0,HOLD,4207585476.039267
2015-03-30,1.0,HOLD,4358771052.735749
2015-03-31,1.0,HOLD,4223901952.2127953
2015-04-01,1.0,HOLD,4152646454.999289
2015-04-02,1.0,HOLD,4159462198.211015
2015-04-06,1.0,HOLD,4259632969.656089
2015-04-07,1.0,HOLD,4240011890.71324
2015-04-08,1.0,HOLD,4340802275.177562
2015-04-09,1.0,HOLD,4421558505.352868
2015-04-10,1.0,HOLD,4474432149.662021
2015-04-13,1.0,HOLD,4441386121.968801
2015-04-14,1.0,HOLD,4403176652.448514
2015-04-15,1.0,HOLD,4481041355.2006645
2015-04-16,1.0,HOLD,4465551029.719468
2015-04-17,1.0,HOLD,4256741442.232932
2015-04-20,1.0,HOLD,4446962639.142031
2015-04-21,1.0,HOLD,4503967036.912836
2015-04-22,1.0,HOLD,4577081373.184086
2015-04-23,1.0,HOLD,4632020394.224065
2015-04-24,1.0,HOLD,4813360471.19061
2015-04-27,1.0,HOLD,4782586357.901299
2015-04-28,1.0,HOLD,4751399169.265822
2015-04-29,1.0,HOLD,4660729130.78255
2015-04-30,1.0,HOLD,4441799197.314965
2015-05-01,1.0,HOLD,4621280435.223768
2015-05-04,1.0,HOLD,4637803449.070378
2015-05-05,1.0,HOLD,4417840827.237381
2015-05-06,1.0,HOLD,4323659648.311703
2015-05-07,1.0,HOLD,4397806672.948367
2015-05-08,1.0,HOLD,4559112595.625897
2015-05-11,1.0,HOLD,4508923941.066819
2015-05-12,1.0,HOLD,4450680317.257519
2015-05-13,1.0,HOLD,4473812536.642773
2015-05-14,1.0,HOLD,4671882165.129012
2015-05-15,1.0,HOLD,4671469089.782846
2015-05-18,1.0,HOLD,4728886562.8998165
2015-05-19,1.0,HOLD,4715255076.476363
2015-05-20,1.0,HOLD,4723103508.053503
2015-05-21,1.0,HOLD,4797250532.690166
2015-05-22,1.0,HOLD,4784238659.28596
2015-05-26,1.0,HOLD,4618388907.8006115
2015-05-27,1.0,HOLD,4840829981.7106
2015-05-28,1.0,HOLD,4805098964.267305
2015-05-29,1.0,HOLD,4723929658.745833
2015-06-01,1.0,HOLD,4765237193.362359
2015-06-02,1.0,HOLD,4721864282.015007
2015-06-03,1.0,HOLD,4763171816.631533
2015-06-04,1.0,HOLD,4659489904.744054
2015-06-05,1.0,HOLD,4624171962.646925
2015-06-08,1.0,HOLD,4482693656.585325
2015-06-09,1.0,HOLD,4460594125.565485
2015-06-10,1.0,HOLD,4637390373.724213
2015-06-11,1.0,HOLD,4662794507.513376
2015-06-12,1.0,HOLD,4544241883.163949
2015-06-15,1.0,HOLD,4481454430.54683
2015-06-16,1.0,HOLD,4550024938.010262
2015-06-17,1.0,HOLD,4588234407.530547
2015-06-18,1.0,HOLD,4782173282.555134
2015-06-19,1.0,HOLD,4709058946.283884
2015-06-22,1.0,HOLD,4822654666.479329
2015-06-23,1.0,HOLD,4834633851.518122
2015-06-24,1.0,HOLD,4760486826.881458
2015-06-25,1.0,HOLD,4729299638.245982
2015-06-26,1.0,HOLD,4641521127.185865
2015-06-29,1.0,HOLD,4313332764.657572
2015-06-30,1.0,HOLD,4362488730.851237
2015-07-01,1.0,HOLD,4451919543.296015
2015-07-02,1.0,HOLD,4468855632.48879
2015-07-06,1.0,HOLD,4431059238.314669
2015-07-07,1.0,HOLD,4453571844.6806755
2015-07-08,1.0,HOLD,4230511157.751438
2015-07-09,1.0,HOLD,4218118897.3664813
2015-07-10,1.0,HOLD,4414329686.794977
2015-07-13,1.0,HOLD,4639868825.801205
2015-07-14,1.0,HOLD,4732810778.688387
2015-07-15,1.0,HOLD,4755529922.727476
2015-07-16,1.0,HOLD,4941207290.828756
2015-07-17,1.0,HOLD,5167159505.1811495
2015-07-20,1.0,HOLD,5224990053.644285
2015-07-21,1.0,HOLD,5210738954.201584
2015-07-22,1.0,HOLD,5039725760.88917
2015-07-23,1.0,HOLD,4979416760.349042
2015-07-24,1.0,HOLD,4837938454.287443
2015-07-27,1.0,HOLD,4713602775.091702
2015-07-28,1.0,HOLD,4837938454.287443
2015-07-29,1.0,HOLD,4892051324.635091
2015-07-30,1.0,HOLD,4960208756.752358
2015-07-31,1.0,HOLD,4944924968.944244
2015-08-03,1.0,HOLD,4899486680.866066
2015-08-04,1.0,HOLD,4867886416.884424
2015-08-05,1.0,HOLD,4981895212.426034
2015-08-06,1.0,HOLD,4742724586.996352
2015-08-07,1.0,HOLD,4723929658.745833
2015-08-10,1.0,HOLD,4883376742.365621
2015-08-11,1.0,HOLD,4697286298.918175
2015-08-12,1.0,HOLD,4738593833.534699
2015-08-13,1.0,HOLD,4717320453.20719
2015-08-14,1.0,HOLD,4742724586.996352
2015-08-17,1.0,HOLD,4859211834.614954
2015-08-18,1.0,HOLD,4781760207.208969
2015-08-19,1.0,HOLD,4691916319.418027
2015-08-20,0.0,TRADE,4305484333.080432
2015-08-21,0.0,HOLD,4305502013.6266575
2015-08-24,0.0,HOLD,4305551522.027979
2015-08-25,0.0,HOLD,4305568024.95458
2015-08-26,0.0,HOLD,4305584527.944085
2015-08-27,0.0,HOLD,4305601030.994495
2015-08-28,0.0,HOLD,4305617534.110161
2015-08-31,0.0,HOLD,4305667043.842689
2015-09-01,0.0,HOLD,4305683547.211575
2015-09-02,0.0,HOLD,4305700050.644813
2015-09-03,0.0,HOLD,4305716554.143307
2015-09-04,0.0,HOLD,4305733057.698355
2015-09-08,0.0,HOLD,4305799072.576513
2015-09-09,0.0,HOLD,4305815576.451577
2015-09-10,0.0,HOLD,4305832080.389453
2015-09-11,0.0,HOLD,4305848584.392584
2015-09-14,0.0,HOLD,4305898096.774467
2015-09-15,0.0,HOLD,4305914601.029372
2015-09-16,0.0,HOLD,4305931105.350076
2015-09-17,0.0,HOLD,4305947609.731685
2015-09-18,0.0,HOLD,4305964114.174197
2015-09-21,0.0,HOLD,4306013627.887285
2015-09-22,0.0,HOLD,4306030132.585924
2015-09-23,0.0,HOLD,4306046637.346011
2015-09-24,0.0,HOLD,4306063142.171353
2015-09-25,0.0,HOLD,4306079647.057599
2015-09-28,0.0,HOLD,4306129162.10189
2015-09-29,0.0,HOLD,4306145667.241362
2015-09-30,0.0,HOLD,4306162172.445182
2015-10-01,0.0,HOLD,4306178677.714256
2015-10-02,0.0,HOLD,4306195183.044234
2015-10-05,0.8,TRADE,4306237629.858962
2015-10-06,0.0,TRADE,4256998278.8856287
2015-10-07,0.0,HOLD,4257012266.130814
2015-10-08,0.0,HOLD,4257026253.420572
2015-10-09,0.8,TRADE,4257040240.7539597
2015-10-12,0.8,HOLD,4285752608.992161
2015-10-13,0.8,HOLD,4218378409.448041
2015-10-14,0.8,HOLD,4204115159.1164217
2015-10-15,0.8,HOLD,4367919686.705416
2015-10-16,0.8,HOLD,4411580028.241745
2015-10-19,0.8,HOLD,4475527816.047338
2015-10-20,0.8,HOLD,4415372580.5369425
2015-10-21,0.8,HOLD,4358139306.642394
2015-10-22,0.8,HOLD,4565945138.490059
2015-10-23,0.8,HOLD,4874816465.9182625
2015-10-26,0.8,HOLD,4886684585.280633
2015-10-27,0.8,HOLD,4912985037.372656
2015-10-28,0.8,HOLD,5007178126.804963
2015-10-29,0.8,HOLD,4991883596.044169
2015-10-30,0.8,HOLD,4935165962.515879
2015-11-02,0.8,HOLD,5074569112.197032
2015-11-03,0.8,HOLD,5114791852.008637
2015-11-04,0.8,HOLD,5116513450.659398
2015-11-05,0.8,HOLD,5078874507.67677
2015-11-06,0.8,HOLD,5092971473.15057
2015-11-09,0.8,HOLD,4956507071.337671
2015-11-10,0.8,HOLD,4927462133.12646
2015-11-11,0.8,HOLD,4909417520.973023
2015-11-12,0.8,HOLD,4791510573.918997
2015-11-13,0.7000000000000001,TRADE,4559819004.309143
2015-11-16,0.8,TRADE,4692981316.75174
2015-11-17,0.8,HOLD,4705847032.475994
2015-11-18,0.8,HOLD,4921842101.933901
2015-11-19,0.8,HOLD,4927858883.876887
2015-11-20,0.8,HOLD,5007042324.490289
2015-11-23,0.8,HOLD,4974310331.979567
2015-11-24,0.8,HOLD,4961617831.393421
2015-11-25,0.8,HOLD,4970641462.383245
2015-11-27,0.8,HOLD,4985180733.909582
2015-11-30,0.8,HOLD,4959631769.744973
2015-12-01,0.8,HOLD,5079073577.449583
2015-12-02,0.8,HOLD,5003738389.735359
2015-12-03,0.8,HOLD,4796435940.977339
2015-12-04,0.8,HOLD,5061542877.369347
2015-12-07,0.8,HOLD,5011103885.699773
2015-12-08,0.8,HOLD,5011441064.194997
2015-12-09,0.8,HOLD,4821678567.916338
2015-12-10,0.8,HOLD,4876807216.844094
2015-12-11,0.8,HOLD,4606695033.792108
2015-12-14,0.8,HOLD,4689058539.218727
2015-12-15,0.8,HOLD,4752706593.657597
2015-12-16,0.8,HOLD,4921260268.2861805
2015-12-17,0.8,HOLD,4755385516.811012
2015-12-18,0.5,TRADE,4545744407.882523
2015-12-21,0.8,TRADE,4613238264.832224
2015-12-22,0.8,HOLD,4683122498.485116
2015-12-23,0.8,HOLD,4769273615.298228
2015-12-24,0.8,HOLD,4761309193.894806
2015-12-28,0.4,TRADE,4760325388.645498
2015-12-29,0.8,TRADE,4847140706.818743
2015-12-30,0.4,TRADE,4748171911.727785
2015-12-31,0.4,HOLD,4677715555.1727085
2016-01-04,0.30000000000000004,TRADE,4566044991.591582
2016-01-05,0.30000000000000004,HOLD,4553780948.380067
2016-01-06,0.0,TRADE,4517470124.488234
2016-01-07,0.0,HOLD,4517512133.85261
2016-01-08,0.0,HOLD,4517554143.607315
2016-01-11,0.0,HOLD,4517680175.219639
2016-01-12,0.0,HOLD,4517722186.536916
2016-01-13,0.0,HOLD,4517764198.243351
2016-01-14,0.0,HOLD,4517806210.341856
2016-01-15,0.0,HOLD,4517848222.832431
2016-01-19,0.0,HOLD,4518016276.68993
2016-01-20,0.0,HOLD,4518058291.132333
2016-01-21,0.0,HOLD,4518100305.966706
2016-01-22,0.0,HOLD,4518142321.188841
2016-01-25,0.0,HOLD,4518268369.21653
2016-01-26,0.0,HOLD,4518310386.002723
2016-01-27,0.0,HOLD,4518352403.180897
2016-01-28,0.0,HOLD,4518394420.74683
2016-01-29,0.0,HOLD,4518436438.709142
2016-02-01,0.0,HOLD,4518562494.931591
2016-02-02,0.0,HOLD,4518604514.453678
2016-02-03,0.0,HOLD,4518651468.54781
2016-02-04,0.0,HOLD,4518698423.128797
2016-02-05,0.0,HOLD,4518745378.196639
2016-02-08,0.0,HOLD,4518886246.33745
2016-02-09,0.0,HOLD,4518933203.358105
2016-02-10,0.0,HOLD,4518980160.868841
2016-02-11,0.0,HOLD,4519027118.866433
2016-02-12,0.0,HOLD,4519074077.350881
2016-02-16,0.0,HOLD,4519261916.181129
2016-02-17,0.0,HOLD,4519308877.105843
2016-02-18,0.0,HOLD,4519355838.520039
2016-02-19,0.0,HOLD,4519402800.42109
2016-02-22,0.0,HOLD,4519543689.048818
2016-02-23,0.0,HOLD,4519590652.902752
2016-02-24,0.0,HOLD,4519637617.242389
2016-02-25,0.8,TRADE,4519684582.07319
2016-02-26,0.8,HOLD,4511336763.382284
2016-02-29,0.8,HOLD,4415883798.862099
2016-03-01,0.8,HOLD,4752062035.147948
2016-03-02,0.8,HOLD,4756250034.577089
2016-03-03,0.8,HOLD,4734530677.66436
2016-03-04,0.8,HOLD,4741225840.815125
2016-03-07,0.8,HOLD,4670008792.433319
2016-03-08,0.8,HOLD,4570358436.396351
2016-03-09,0.8,HOLD,4640568409.370693
2016-03-10,0.8,HOLD,4626370543.720474
2016-03-11,0.8,HOLD,4819222599.389856
2016-03-14,0.8,HOLD,4842233115.591951
2016-03-15,0.8,HOLD,4839735346.886377
2016-03-16,0.8,HOLD,4940031282.860886
2016-03-17,0.8,HOLD,4928549511.71429
2016-03-18,0.8,HOLD,4951750169.4472065
2016-03-21,0.8,HOLD,4999832322.963446
2016-03-22,0.8,HOLD,5036404519.894352
2016-03-23,0.8,HOLD,4938007747.084948
2016-03-24,0.8,HOLD,4936763561.021229
2016-03-28,0.8,HOLD,4922384954.518695
2016-03-29,0.8,HOLD,5114401290.769928
2016-03-30,0.8,HOLD,5177507635.802995
2016-03-31,0.8,HOLD,5152654327.215785
2016-04-01,0.8,HOLD,5294109532.644176
2016-04-04,0.8,HOLD,5239815846.266398
2016-04-05,0.8,HOLD,5123242139.159883
2016-04-06,0.8,HOLD,5325287130.297857
2016-04-07,0.8,HOLD,5134543169.063927
2016-04-08,0.8,HOLD,5124523912.12241
2016-04-11,0.8,HOLD,5079423160.725349
2016-04-12,0.8,HOLD,5176794075.221961
2016-04-13,0.8,HOLD,5343529847.379996
2016-04-14,0.8,HOLD,5346464269.244128
2016-04-15,0.8,HOLD,5312626959.48536
2016-04-18,0.8,HOLD,5377632475.006821
2016-04-19,0.8,HOLD,5300546594.808257
2016-04-20,0.8,HOLD,5311420368.42527
2016-04-21,0.8,HOLD,5312683348.62207
2016-04-22,0.8,HOLD,5112955386.216688
2016-04-25,0.8,HOLD,5109849627.988454
2016-04-26,0.5,TRADE,5051985335.5092745
2016-04-27,0.5,HOLD,4991441712.780664
2016-04-28,0.2,TRADE,4904048151.291754
2016-04-29,0.2,HOLD,4888447797.094785
2016-05-02,0.2,HOLD,4914073817.904337
2016-05-03,0.2,HOLD,4887766853.334007
2016-05-04,0.1,TRADE,4868755080.658132
2016-05-05,0.2,TRADE,4868529096.765327
2016-05-06,0.2,HOLD,4882632364.160618
2016-05-09,0.2,HOLD,4891459367.6605015
2016-05-10,0.5,TRADE,4933257619.12466
2016-05-11,0.2,TRADE,4865943122.448841
2016-05-12,0.1,TRADE,4852325551.887449
2016-05-13,0.1,HOLD,4846491487.739888
2016-05-16,0.1,HOLD,4865102324.962155
2016-05-17,0.1,HOLD,4846061965.875658
2016-05-18,0.1,HOLD,4851536289.784192
2016-05-19,0.0,TRADE,4843936116.783292
2016-05-20,0.1,TRADE,4843985129.330962
2016-05-23,0.1,HOLD,4841757961.3016205
2016-05-24,0.8,TRADE,4871282917.392503
2016-05-25,0.8,HOLD,4955246353.502324
2016-05-26,0.8,HOLD,4988640104.924685
2016-05-27,0.8,HOLD,5049096539.321195
2016-05-31,0.8,HOLD,5073433125.753491
2016-06-01,0.8,HOLD,5075023286.951139
2016-06-02,0.8,HOLD,5098145071.849343
2016-06-03,0.8,HOLD,5041659110.873692
2016-06-06,0.8,HOLD,5085344548.410086
2016-06-07,0.8,HOLD,5056316346.370258
2016-06-08,0.8,HOLD,5074302148.255795
2016-06-09,0.8,HOLD,5056336064.962686
2016-06-10,0.8,HOLD,4919057131.724525
2016-06-13,0.1,TRADE,4817749803.255046
2016-06-14,0.8,TRADE,4818041298.911221
2016-06-15,0.1,TRADE,4783597573.78874
2016-06-16,0.1,HOLD,4787087745.925641
2016-06-17,0.0,TRADE,4770618508.69622
2016-06-20,0.0,HOLD,4770767228.768434
2016-06-21,0.0,HOLD,4770816803.156751
2016-06-22,0.0,HOLD,4770866378.058335
2016-06-23,0.5,TRADE,4770915953.479086
2016-06-24,0.0,TRADE,4478743931.661701
2016-06-27,0.0,HOLD,4478883552.794107
2016-06-28,0.0,HOLD,4478930094.135734
2016-06-29,0.0,HOLD,4478976635.963863
2016-06-30,0.30000000000000004,TRADE,4479023178.274899
2016-07-01,0.30000000000000004,HOLD,4497461740.44544
2016-07-05,0.30000000000000004,HOLD,4473425430.527695
2016-07-06,0.8,TRADE,4505001944.315401
2016-07-07,0.8,HOLD,4539213886.193356
2016-07-08,0.8,HOLD,4707277122.220533
2016-07-11,0.8,HOLD,4772382820.749682
2016-07-12,0.8,HOLD,4833217119.96696
2016-07-13,0.8,HOLD,4805679984.819375
2016-07-14,0.8,HOLD,4885002032.03811
2016-07-15,0.8,HOLD,4862641466.478496
2016-07-18,0.8,HOLD,4941612978.006967
2016-07-19,0.8,HOLD,4899840277.670921
2016-07-20,0.8,HOLD,5036659221.151674
2016-07-21,0.8,HOLD,5012080126.471347
2016-07-22,0.8,HOLD,5059973003.255835
2016-07-25,0.8,HOLD,5063514505.926625
2016-07-26,0.8,HOLD,5077574804.653431
2016-07-27,0.8,HOLD,5159115382.939999
2016-07-28,0.8,HOLD,5205344363.037713
2016-07-29,0.8,HOLD,5233640227.875299
2016-08-01,0.8,HOLD,5301519095.030213
2016-08-02,0.8,HOLD,5202434377.959791
2016-08-03,0.8,HOLD,5243117034.333506
2016-08-04,0.8,HOLD,5282135793.508029
2016-08-05,0.8,HOLD,5408786477.340524
2016-08-08,0.8,HOLD,5394579746.431335
2016-08-09,0.8,HOLD,5424169754.742134
2016-08-10,0.8,HOLD,5389422400.823569
2016-08-11,0.8,HOLD,5447298663.4680395
2016-08-12,0.8,HOLD,5455812639.598324
2016-08-15,0.8,HOLD,5513153494.81422
2016-08-16,0.8,HOLD,5440506258.527842
2016-08-17,0.8,HOLD,5461776781.150261
2016-08-18,0.8,HOLD,5466223453.380364
2016-08-19,0.8,HOLD,5459947231.991002
2016-08-22,0.8,HOLD,5464413130.661609
2016-08-23,0.8,HOLD,5491599733.193996
2016-08-24,0.8,HOLD,5403053034.622728
2016-08-25,0.8,HOLD,5381801738.133288
2016-08-26,0.8,HOLD,5403442016.634279
2016-08-29,0.8,HOLD,5416042526.488251
2016-08-30,0.8,HOLD,5375194217.847118
2016-08-31,0.8,HOLD,5363556550.827002
2016-09-01,0.8,HOLD,5383348055.163485
2016-09-02,0.8,HOLD,5435862873.202326
2016-09-06,0.8,HOLD,5520020583.888727
2016-09-07,0.8,HOLD,5528349685.206555
2016-09-08,0.8,HOLD,5449046862.0714445
2016-09-09,0.8,HOLD,5104444858.1589
2016-09-12,0.8,HOLD,5319855965.646906
2016-09-13,0.8,HOLD,5215594683.499188
2016-09-14,0.8,HOLD,5271067542.415888
2016-09-15,0.8,HOLD,5473702873.895377
2016-09-16,0.8,HOLD,5468720797.722564
2016-09-19,0.8,HOLD,5408849342.673865
2016-09-20,0.8,HOLD,5433817418.341587
2016-09-21,0.8,HOLD,5565644676.375703
2016-09-22,0.8,HOLD,5674732004.722659
2016-09-23,0.8,HOLD,5588773593.918949
2016-09-26,0.8,HOLD,5472514510.244426
2016-09-27,0.8,HOLD,5601938361.68031
2016-09-28,0.8,HOLD,5627645948.080312
2016-09-29,0.8,HOLD,5527451972.088613
2016-09-30,0.8,HOLD,5622673490.40862
2016-10-03,0.8,HOLD,5611979448.805891
2016-10-04,0.8,HOLD,5585181832.079154
2016-10-05,0.8,HOLD,5633999103.94272
2016-10-06,0.8,HOLD,5626798500.085417
2016-10-07,0.8,HOLD,5595933579.151141
2016-10-10,0.8,HOLD,5679896808.420424
2016-10-11,0.8,HOLD,5482457280.249838
2016-10-12,0.8,HOLD,5473038147.272366
2016-10-13,0.4,TRADE,5419433297.163797
2016-10-14,0.8,TRADE,5424347348.718584
2016-10-17,0.4,TRADE,5394436292.857137
2016-10-18,0.8,TRADE,5449832484.3294325
2016-10-19,0.8,HOLD,5451591899.493841
2016-10-20,0.8,HOLD,5433251712.114005
2016-10-21,0.8,HOLD,5480453707.47183
2016-10-24,0.8,HOLD,5640411505.420904
2016-10-25,0.8,HOLD,5594980549.847208
2016-10-26,0.8,HOLD,5508651272.446524
2016-10-27,0.8,HOLD,5446791076.678924
2016-10-28,0.8,HOLD,5371472886.2052765
2016-10-31,0.8,HOLD,5347213458.82472
2016-11-01,0.30000000000000004,TRADE,5259835507.246035
2016-11-02,0.30000000000000004,HOLD,5218734422.64574
2016-11-03,0.30000000000000004,HOLD,5174526672.055626
2016-11-04,0.30000000000000004,HOLD,5157635584.51424
2016-11-07,0.30000000000000004,HOLD,5263454391.688305
2016-11-08,0.8,TRADE,5294516285.115155
2016-11-09,0.8,HOLD,5353952188.523949
2016-11-10,0.6000000000000001,TRADE,5149628787.120825
2016-11-11,0.6000000000000001,HOLD,5147027083.142133
2016-11-14,0.30000000000000004,TRADE,5042892001.315678
2016-11-15,0.30000000000000004,HOLD,5112953866.596966
2016-11-16,0.7000000000000001,TRADE,5138752590.326625
2016-11-17,0.8,TRADE,5222119384.300261
2016-11-18,0.4,TRADE,5175164117.537088
2016-11-21,0.8,TRADE,5237497510.230812
2016-11-22,0.8,HOLD,5275274968.291829
2016-11-23,0.8,HOLD,5224377860.736518
2016-11-25,0.8,HOLD,5264662593.767063
2016-11-28,0.8,HOLD,5241239823.499087
2016-11-29,0.8,HOLD,5281512814.350642
2016-11-30,0.8,HOLD,5144436673.837917
2016-12-01,0.30000000000000004,TRADE,4919517811.665234
2016-12-02,0.30000000000000004,HOLD,4925454002.233996
2016-12-05,0.30000000000000004,HOLD,4959850492.844392
2016-12-06,0.30000000000000004,HOLD,4970872086.801258
2016-12-07,0.8,TRADE,5027615836.053749
2016-12-08,0.8,HOLD,5052272492.674599
2016-12-09,0.8,HOLD,5146828169.186716
2016-12-12,0.8,HOLD,5089375099.423504
2016-12-13,0.8,HOLD,5248998067.013205
2016-12-14,0.8,HOLD,5217928778.388476
2016-12-15,0.8,HOLD,5243551782.435833
2016-12-16,0.8,HOLD,5192028172.8241
2016-12-19,0.8,HOLD,5243289020.743241
2016-12-20,0.8,HOLD,5294520192.078611
2016-12-21,0.8,HOLD,5279556669.887903
2016-12-22,0.8,HOLD,5242367192.352121
2016-12-23,0.8,HOLD,5255588759.176881
2016-12-27,0.8,HOLD,5317655314.659342
2016-12-28,0.8,HOLD,5217814412.970624
2016-12-29,0.8,HOLD,5197374932.465102
2016-12-30,0.8,HOLD,5074985960.35228
2017-01-03,0.8,HOLD,5173451550.643313
2017-01-04,0.8,HOLD,5244492816.092016
2017-01-05,0.8,HOLD,5319721580.634096
2017-01-06,1.0,TRADE,5429094566.9862795
2017-01-09,1.0,HOLD,5484051719.869145
2017-01-10,1.0,HOLD,5515484048.316542
2017-01-11,1.0,HOLD,5557789194.780332
2017-01-12,1.0,HOLD,5529519867.937705
2017-01-13,1.0,HOLD,5593175275.233688
2017-01-17,1.0,HOLD,5540590373.554399
2017-01-18,1.0,HOLD,5578151017.611033
2017-01-19,1.0,HOLD,5563324447.588678
2017-01-20,1.0,HOLD,5599501278.443227
2017-01-23,1.0,HOLD,5611955597.262007
2017-01-24,1.0,HOLD,5728986656.638473
2017-01-25,1.0,HOLD,5896230366.490651
2017-01-26,1.0,HOLD,5920545941.327315
2017-01-27,1.0,HOLD,5948815268.169941
2017-01-30,1.0,HOLD,5813794637.16635
2017-01-31,1.0,HOLD,5781571558.317762
2017-02-01,1.0,HOLD,5891485864.083497
2017-02-02,1.0,HOLD,5876659294.061141
2017-02-03,1.0,HOLD,5927662694.938046
2017-02-06,1.0,HOLD,5949606018.571134
2017-02-07,1.0,HOLD,6010889174.66354
2017-02-08,1.0,HOLD,6044496066.714214
2017-02-09,1.0,HOLD,6107360723.609005
2017-02-10,1.0,HOLD,6167853129.300219
2017-02-13,1.0,HOLD,6276185934.263568
2017-02-14,1.0,HOLD,6335096839.152398
2017-02-15,1.0,HOLD,6444220394.516939
2017-02-16,1.0,HOLD,6438685141.708593
2017-02-17,1.0,HOLD,6519539370.23051
2017-02-21,1.0,HOLD,6623127672.786705
2017-02-22,1.0,HOLD,6623918423.187898
2017-02-23,1.0,HOLD,6552553199.480289
2017-02-24,1.0,HOLD,6587939279.933647
2017-02-27,1.0,HOLD,6607510352.363157
2017-02-28,1.0,HOLD,6555716201.085059
2017-03-01,1.0,HOLD,6767637308.604605
2017-03-02,1.0,HOLD,6660886004.44364
2017-03-03,1.0,HOLD,6695481334.495804
2017-03-06,1.0,HOLD,6649222436.026053
2017-03-07,1.0,HOLD,6616208606.776273
2017-03-08,1.0,HOLD,6650013186.427245
2017-03-09,1.0,HOLD,6670375009.257948
2017-03-10,1.0,HOLD,6743321733.7679405
2017-03-13,1.0,HOLD,6782661566.22726
2017-03-14,1.0,HOLD,6732448915.751547
2017-03-15,1.0,HOLD,6850073037.928906
2017-03-16,1.0,HOLD,6846119285.922944
2017-03-17,1.0,HOLD,6829711215.098204
2017-03-20,1.0,HOLD,6850073037.928906
2017-03-21,1.0,HOLD,6544645695.468367
2017-03-22,1.0,HOLD,6673538010.862717
2017-03-23,1.0,HOLD,6620162358.782235
2017-03-24,1.0,HOLD,6656141502.036486
2017-03-27,1.0,HOLD,6691527582.489842
2017-03-28,1.0,HOLD,6817059208.679126
2017-03-29,1.0,HOLD,6907402442.01535
2017-03-30,1.0,HOLD,6941997772.067515
2017-03-31,1.0,HOLD,6925589701.242774
2017-04-03,1.0,HOLD,6910565443.620119
2017-04-04,1.0,HOLD,6941997772.067515
2017-04-05,1.0,HOLD,6862725044.347983
2017-04-06,1.0,HOLD,6868260297.15633
2017-04-07,1.0,HOLD,6860352793.144406
2017-04-10,1.0,HOLD,6868260297.15633
2017-04-11,1.0,HOLD,6781870815.826067
2017-04-12,1.0,HOLD,6692318332.891035
2017-04-13,1.0,HOLD,6613045605.171504
2017-04-17,1.0,HOLD,6770009559.808182
2017-04-18,1.0,HOLD,6750438487.378672
2017-04-19,1.0,HOLD,6773963311.814144
2017-04-20,1.0,HOLD,6938044020.061553
2017-04-21,1.0,HOLD,6934881018.456784
2017-04-24,1.0,HOLD,7186932708.836841
2017-04-25,1.0,HOLD,7346268914.677096
2017-04-26,1.0,HOLD,7314045835.828509
2017-04-27,1.0,HOLD,7442147400.821668
2017-04-28,1.0,HOLD,7484452547.285458
2017-05-01,1.0,HOLD,7672848830.369532
2017-05-02,1.0,HOLD,7718514666.038388
2017-05-03,1.0,HOLD,7642207252.323329
2017-05-04,1.0,HOLD,7650114756.335252
2017-05-05,1.0,HOLD,7733341236.060745
2017-05-08,1.0,HOLD,7779600134.530497
2017-05-09,1.0,HOLD,7865198865.459567
2017-05-10,1.0,HOLD,7877850871.878644
2017-05-11,1.0,HOLD,7859070549.850327
2017-05-12,1.0,HOLD,7910073950.727231
2017-05-15,1.0,HOLD,7983811425.638417
2017-05-16,1.0,HOLD,8084236726.589845
2017-05-17,1.0,HOLD,7472788978.86787
2017-05-18,1.0,HOLD,7661976012.353137
2017-05-19,1.0,HOLD,7754493809.292641
2017-05-22,1.0,HOLD,7955542098.795792
2017-05-23,1.0,HOLD,7975113171.225302
2017-05-24,1.0,HOLD,8085027476.991037
2017-05-25,1.0,HOLD,8297937022.512073
2017-05-26,1.0,HOLD,8333125415.365131
2017-05-30,1.0,HOLD,8350521924.191363
2017-05-31,1.0,HOLD,8340242168.9758625
2017-06-01,1.0,HOLD,8440074407.126395
2017-06-02,1.0,HOLD,8728105240.760702
2017-06-05,1.0,HOLD,8720988487.149973
2017-06-06,1.0,HOLD,8622144687.00093
2017-06-07,1.0,HOLD,8716243984.742817
2017-06-08,1.0,HOLD,8739966496.77859
2017-06-09,1.0,HOLD,8107959238.625614
2017-06-12,1.0,HOLD,7961077351.604137
2017-06-13,1.0,HOLD,8147101383.484634
2017-06-14,1.0,HOLD,8037977828.120092
2017-06-15,1.0,HOLD,7929645023.156742
2017-06-16,1.0,HOLD,7834557287.413363
2017-06-19,1.0,HOLD,8213919792.385387
2017-06-20,1.0,HOLD,8027698072.9045925
2017-06-21,1.0,HOLD,8260969441.2563305
2017-06-22,1.0,HOLD,8251480436.442024
2017-06-23,1.0,HOLD,8344195920.981825
2017-06-26,1.0,HOLD,8233490864.814898
2017-06-27,1.0,HOLD,7780390884.931689
2017-06-28,1.0,HOLD,8107168488.2244215
2017-06-29,1.0,HOLD,7694199091.201725
2017-06-30,1.0,HOLD,7667511265.161483
2017-07-03,1.0,HOLD,7458555471.646408
2017-07-05,1.0,HOLD,7671267329.567147
2017-07-06,1.0,HOLD,7468835226.861908
2017-07-07,1.0,HOLD,7692617590.399341
2017-07-10,1.0,HOLD,7853535297.041981
2017-07-11,1.0,HOLD,7917783767.138858
2017-07-12,1.0,HOLD,8199686285.163925
2017-07-13,1.0,HOLD,8253852687.6456
2017-07-14,1.0,HOLD,8447784223.53802
2017-07-17,1.0,HOLD,8452528725.945173
2017-07-18,1.0,HOLD,8620563186.198545
2017-07-19,1.0,HOLD,8778317891.236418
2017-07-20,1.0,HOLD,8811331720.486197
2017-07-21,1.0,HOLD,8798086651.266226
2017-07-24,1.0,HOLD,8912547771.838816
2017-07-25,1.0,HOLD,8853043804.149092
2017-07-26,1.0,HOLD,8932316531.868624
2017-07-27,1.0,HOLD,8772782638.428072
2017-07-28,1.0,HOLD,8744513311.585443
2017-07-31,1.0,HOLD,8630842941.414045
2017-08-01,1.0,HOLD,8687381595.099298
2017-08-02,1.0,HOLD,8750839314.794983
2017-08-03,1.0,HOLD,8659903018.657866
2017-08-04,1.0,HOLD,8693509910.708538
2017-08-07,1.0,HOLD,8847508551.340746
2017-08-08,1.0,HOLD,8814494722.090967
2017-08-09,1.0,HOLD,8779899392.038801
2017-08-10,1.0,HOLD,8209966040.379425
2017-08-11,1.0,HOLD,8397571573.062306
2017-08-14,1.0,HOLD,8724151488.754742
2017-08-15,1.0,HOLD,8739966496.77859
2017-08-16,1.0,HOLD,8785434644.847147
2017-08-17,1.0,HOLD,8245352120.832782
2017-08-18,1.0,HOLD,8216292043.588964
2017-08-21,1.0,HOLD,8201267785.96631
2017-08-22,1.0,HOLD,8566396783.716871
2017-08-23,1.0,HOLD,8470518297.572299
2017-08-24,1.0,HOLD,8399943824.265884
2017-08-25,1.0,HOLD,8343405170.580633
2017-08-28,1.0,HOLD,8416351895.090624
2017-08-29,1.0,HOLD,8520137885.247119
2017-08-30,1.0,HOLD,8815285472.492159
2017-08-31,1.0,HOLD,9065755662.06983
2017-09-01,1.0,HOLD,9059429658.860292
2017-09-05,1.0,HOLD,8816866973.294542
2017-09-06,1.0,HOLD,8892976699.409306
2017-09-07,1.0,HOLD,8947933852.292173
2017-09-08,1.0,HOLD,8727314490.35951
2017-09-11,1.0,HOLD,9005263256.378616
2017-09-12,1.0,HOLD,9081372982.49338
2017-09-13,1.0,HOLD,9119131314.150312
2017-09-14,1.0,HOLD,8965132673.518106
2017-09-15,1.0,HOLD,9037486335.227205
2017-09-18,1.0,HOLD,9015543011.594118
2017-09-19,1.0,HOLD,9053894406.051947
2017-09-20,1.0,HOLD,8978575430.338377
2017-09-21,1.0,HOLD,8805796467.677849
2017-09-22,1.0,HOLD,8783853144.044764
2017-09-25,1.0,HOLD,8508276629.229234
2017-09-26,1.0,HOLD,8566396783.716871
2017-09-27,1.0,HOLD,8798679714.06712
2017-09-28,1.0,HOLD,8783853144.044764
2017-09-29,1.0,HOLD,8969877175.92526
2017-10-02,1.0,HOLD,8994983501.163116
2017-10-03,1.0,HOLD,9051522154.84837
2017-10-04,1.0,HOLD,9075046979.283842
2017-10-05,1.0,HOLD,9336587674.478207
2017-10-06,1.0,HOLD,9370392254.129179
2017-10-09,1.0,HOLD,9346867429.693707
2017-10-10,1.0,HOLD,9366438502.123217
2017-10-11,1.0,HOLD,9448083481.046326
2017-10-12,1.0,HOLD,9397080080.169418
2017-10-13,1.0,HOLD,9502249883.528
2017-10-16,1.0,HOLD,9600302933.27585
2017-10-17,1.0,HOLD,9634107512.926823
2017-10-18,1.0,HOLD,9597139931.671082
2017-10-19,1.0,HOLD,9491179377.911306
2017-10-20,1.0,HOLD,9560370038.015636
2017-10-23,1.0,HOLD,9382055822.546764
2017-10-24,1.0,HOLD,9430093909.419199
2017-10-25,1.0,HOLD,9315435101.246311
2017-10-26,1.0,HOLD,9229045619.916048
2017-10-27,1.0,HOLD,10024342835.91524
2017-10-30,1.0,HOLD,10095708059.622849
2017-10-31,1.0,HOLD,10202657051.384111
2017-11-01,1.0,HOLD,10189214294.563843
2017-11-02,1.0,HOLD,10137420143.285744
2017-11-03,1.0,HOLD,10420113411.712004
2017-11-06,1.0,HOLD,10526073965.471777
2017-11-07,1.0,HOLD,10543272786.69771
2017-11-08,1.0,HOLD,10675130416.096533
2017-11-09,1.0,HOLD,10504130641.83869
2017-11-10,1.0,HOLD,10500967640.23392
2017-11-13,1.0,HOLD,10532399968.681314
2017-11-14,1.0,HOLD,10426241727.321243
2017-11-15,1.0,HOLD,10273231524.690527
2017-11-16,1.0,HOLD,10657931594.8706
2017-11-17,1.0,HOLD,10538528284.290556
2017-11-20,1.0,HOLD,10512631208.651506
2017-11-21,1.0,HOLD,10843955626.751097
2017-11-22,1.0,HOLD,10887249211.216375
2017-11-24,1.0,HOLD,11009617835.80089
2017-11-27,1.0,HOLD,10991628264.173765
2017-11-28,1.0,HOLD,11072482492.69568
2017-11-29,1.0,HOLD,10503339891.437498
2017-11-30,1.0,HOLD,10763892148.630371
2017-12-01,1.0,HOLD,10620173263.213665
2017-12-04,1.0,HOLD,10253660452.261017
2017-12-05,1.0,HOLD,10268487022.283373
2017-12-06,1.0,HOLD,10404298403.688156
2017-12-07,1.0,HOLD,10507095955.84316
2017-12-08,1.0,HOLD,10646070338.852713
2017-12-11,1.0,HOLD,10890412212.821144
2017-12-12,1.0,HOLD,10849490879.559443
2017-12-13,1.0,HOLD,10903657282.041117
2017-12-14,1.0,HOLD,10888039961.617567
2017-12-15,1.0,HOLD,11242098453.751436
2017-12-18,1.0,HOLD,11530920037.786938
2017-12-19,1.0,HOLD,11343314505.104057
2017-12-20,1.0,HOLD,11296264856.233112
2017-12-21,1.0,HOLD,11290729603.424767
2017-12-22,1.0,HOLD,11252971271.767832
2017-12-26,1.0,HOLD,11070900991.893295
2017-12-27,1.0,HOLD,11070900991.893295
2017-12-28,1.0,HOLD,11100751819.538307
2017-12-29,1.0,HOLD,10891202963.222338
2018-01-02,1.0,HOLD,11450065809.26502
2018-01-03,1.0,HOLD,11785343979.370571
2018-01-04,1.0,HOLD,11854534639.474901
2018-01-05,1.0,HOLD,12212546883.61473
2018-01-08,1.0,HOLD,12348358265.019516
2018-01-09,1.0,HOLD,12357649582.233524
2018-01-10,1.0,HOLD,12269678600.100876
2018-01-11,1.0,HOLD,12515404287.271395
2018-01-12,1.0,HOLD,12780898734.471722
2018-01-16,1.0,HOLD,12681857246.722382
2018-01-17,1.0,HOLD,13081581574.525108
2018-01-18,1.0,HOLD,13094035893.343885
2018-01-19,1.0,HOLD,13219765207.133469
2018-01-22,1.0,HOLD,13632734604.156164
2018-01-23,1.0,HOLD,13978094841.876919
2018-01-24,1.0,HOLD,13694808510.649765
2018-01-25,1.0,HOLD,13677412001.823534
2018-01-26,1.0,HOLD,14288266686.744612
2018-01-29,1.0,HOLD,14099079653.259344
2018-01-30,1.0,HOLD,13738695157.91594
2018-01-31,1.0,HOLD,13908311118.971695
2018-02-01,1.0,HOLD,13560578630.047365
2018-02-02,1.0,HOLD,12732267584.798393
2018-02-05,1.0,HOLD,11262460276.582138
2018-02-06,1.0,HOLD,12130704217.091324
2018-02-07,1.0,HOLD,11651114098.768171
2018-02-08,1.0,HOLD,10207203866.190966
2018-02-09,1.0,HOLD,10687782422.515608
2018-02-12,1.0,HOLD,11285985101.01761
2018-02-13,1.0,HOLD,11423377983.22478
2018-02-14,1.0,HOLD,12092352822.633495
2018-02-15,1.0,HOLD,12724360080.78647
2018-02-16,1.0,HOLD,12582222696.172148
2018-02-20,1.0,HOLD,12645087353.066938
2018-02-21,1.0,HOLD,12531219295.295242
2018-02-22,1.0,HOLD,12533591546.498817
2018-02-23,1.0,HOLD,13280257612.824682
2018-02-26,1.0,HOLD,13813223383.228315
2018-02-27,1.0,HOLD,13318609007.282509
2018-02-28,1.0,HOLD,13050939996.478905
2018-03-01,1.0,HOLD,12422886490.331892
2018-03-02,1.0,HOLD,12764292976.046684
2018-03-05,1.0,HOLD,13164808054.2506
2018-03-06,1.0,HOLD,13331261013.701588
2018-03-07,1.0,HOLD,13430895564.251822
2018-03-08,1.0,HOLD,13631153103.35378
2018-03-09,1.0,HOLD,14424868818.550589
2018-03-12,1.0,HOLD,14640743678.076096
2018-03-13,1.0,HOLD,14109359408.474846
2018-03-14,1.0,HOLD,14061321321.602411
2018-03-15,1.0,HOLD,13998654352.307919
2018-03-16,1.0,HOLD,13905938867.768118
2018-03-19,1.0,HOLD,13032950424.851778
2018-03-20,1.0,HOLD,13128631223.396051
2018-03-21,1.0,HOLD,12938653439.509592
2018-03-22,1.0,HOLD,11993311334.884155
2018-03-23,1.0,HOLD,11024642093.423546
2018-03-26,1.0,HOLD,12265131785.294022
2018-03-27,1.0,HOLD,11088890563.520422
2018-03-28,1.0,HOLD,10706562744.543926
2018-03-29,1.0,HOLD,11299427857.837881
2018-04-02,1.0,HOLD,10295965598.724806
2018-04-03,1.0,HOLD,10641523524.045858
2018-04-04,1.0,HOLD,11144638466.804482
2018-04-05,1.0,HOLD,11319789680.668583
2018-04-06,1.0,HOLD,10475070564.594872
2018-04-09,1.0,HOLD,10684619420.91084
2018-04-10,0.6000000000000001,TRADE,11390364153.975002
2018-04-11,0.6000000000000001,HOLD,11275495808.308294
2018-04-12,0.30000000000000004,TRADE,11511269553.749397
2018-04-13,0.6000000000000001,TRADE,11460399809.639954
2018-04-16,0.6000000000000001,HOLD,11612804957.676422
2018-04-17,0.8,TRADE,12062622638.616802
2018-04-18,0.8,HOLD,12129866398.43906
2018-04-19,0.8,HOLD,11865746653.06847
2018-04-20,0.30000000000000004,TRADE,11412517742.105808
2018-04-23,0.30000000000000004,HOLD,11386734523.37732
2018-04-24,0.30000000000000004,HOLD,11170512316.64359
2018-04-25,0.30000000000000004,HOLD,11183444397.107193
2018-04-26,0.30000000000000004,HOLD,11381757097.718842
2018-04-27,0.30000000000000004,HOLD,11390072229.63566
2018-04-30,0.30000000000000004,HOLD,11318703970.407337
2018-05-01,0.30000000000000004,HOLD,11427248594.263193
2018-05-02,0.30000000000000004,HOLD,11367711704.357254
2018-05-03,0.30000000000000004,HOLD,11368314639.537243
2018-05-04,0.8,TRADE,11558564520.431643
2018-05-07,0.8,HOLD,11778708666.820683
2018-05-08,0.8,HOLD,11747433700.82447
2018-05-09,0.8,HOLD,12063631997.861774
2018-05-10,0.8,HOLD,12367247280.449465
2018-05-11,0.8,HOLD,12337185150.394188
2018-05-14,0.8,HOLD,12382076744.87089
2018-05-15,0.8,HOLD,12056541083.045353
2018-05-16,0.8,HOLD,12235993830.488705
2018-05-17,0.8,HOLD,12124066302.72955
2018-05-18,0.8,HOLD,11967112794.888313
2018-05-21,0.8,HOLD,12136015455.066023
2018-05-22,0.8,HOLD,12084880611.881313
2018-05-23,0.8,HOLD,12330735351.564064
2018-05-24,0.8,HOLD,12322352463.617874
2018-05-25,0.8,HOLD,12347776970.02966
2018-05-29,0.8,HOLD,12219948643.30418
2018-05-30,0.8,HOLD,12431389617.54216
2018-05-31,0.8,HOLD,12409817334.193918
2018-06-01,0.8,HOLD,12879589222.234629
2018-06-04,0.8,HOLD,13150823873.846855
2018-06-05,0.8,HOLD,13262965146.444592
2018-06-06,0.8,HOLD,13443630818.684591
2018-06-07,0.8,HOLD,13185406843.94106
2018-06-08,0.8,HOLD,13178388453.837069
2018-06-11,0.8,HOLD,13263606766.007265
2018-06-12,0.8,HOLD,13436995541.00919
2018-06-13,0.8,HOLD,13424519480.447783
2018-06-14,0.8,HOLD,13762397133.147968
2018-06-15,0.8,HOLD,13648650516.841772
2018-06-18,0.8,HOLD,13623805413.822063
2018-06-19,0.8,HOLD,13522641836.660137
2018-06-20,0.8,HOLD,13757581324.304983
2018-06-21,0.8,HOLD,13461456757.933756
2018-06-22,0.8,HOLD,13349681010.57572
2018-06-25,0.8,HOLD,12645504567.368063
2018-06-26,0.8,HOLD,12759465175.430836
2018-06-27,0.8,HOLD,12340390895.117937
2018-06-28,0.8,HOLD,12586245812.60792
2018-06-29,0.8,HOLD,12633349669.870401
2018-07-02,0.8,HOLD,12864864843.994766
2018-07-03,0.8,HOLD,12501883571.309616
2018-07-05,0.8,HOLD,12875949819.475758
2018-07-06,0.8,HOLD,13351179575.605915
2018-07-09,0.8,HOLD,13658496175.144026
2018-07-10,0.8,HOLD,13685740140.545229
2018-07-11,0.8,HOLD,13519690740.875103
2018-07-12,0.8,HOLD,14072389477.329618
2018-07-13,0.8,HOLD,14106910384.440905
2018-07-16,0.8,HOLD,14027791950.459274
2018-07-17,0.8,HOLD,14244539254.426247
2018-07-18,0.8,HOLD,14168845064.702805
2018-07-19,0.8,HOLD,13993699546.02026
2018-07-20,0.8,HOLD,13977585204.951103
2018-07-23,0.8,HOLD,14079025622.867645
2018-07-24,0.8,HOLD,14229067798.486576
2018-07-25,0.8,HOLD,14725976826.583996
2018-07-26,0.8,HOLD,14184104548.761002
2018-07-27,0.8,HOLD,13689380697.907642
2018-07-30,0.8,HOLD,13200177322.04738
2018-07-31,0.8,HOLD,13417076297.945408
2018-08-01,0.8,HOLD,13568786142.239407
2018-08-02,0.8,HOLD,14016879158.844471
2018-08-03,0.8,HOLD,14121743796.30723
2018-08-06,0.8,HOLD,14338857238.859627
2018-08-07,0.8,HOLD,14456304915.511427
2018-08-08,0.8,HOLD,14489006719.594337
2018-08-09,0.8,HOLD,14478198570.045618
2018-08-10,0.8,HOLD,14194808873.064512
2018-08-13,0.8,HOLD,14160716839.922167
2018-08-14,0.8,HOLD,14379435116.870728
2018-08-15,0.8,HOLD,13940652735.427937
2018-08-16,0.8,HOLD,14047336668.996325
2018-08-17,0.8,HOLD,14045624717.666338
2018-08-20,0.8,HOLD,14022448178.870771
2018-08-21,0.8,HOLD,14143534388.313334
2018-08-22,0.8,HOLD,14280993688.171848
2018-08-23,0.8,HOLD,14221521159.53324
2018-08-24,0.8,HOLD,14552122236.677982
2018-08-27,0.8,HOLD,14920838634.501019
2018-08-28,0.8,HOLD,14977038947.36939
2018-08-29,0.8,HOLD,15419674402.586636
2018-08-30,0.8,HOLD,15345648054.903133
2018-08-31,0.8,HOLD,15383807668.109009
2018-09-04,0.8,HOLD,15228844407.561077
2018-09-05,0.8,HOLD,14715928437.70548
2018-09-06,0.8,HOLD,14378265128.291399
2018-09-07,0.8,HOLD,14259212835.260216
2018-09-10,0.8,HOLD,14364292444.89193
2018-09-11,0.8,HOLD,14631675309.091927
2018-09-12,0.8,HOLD,14525206060.242294
2018-09-13,0.8,HOLD,14886582573.116995
2018-09-14,0.8,HOLD,14791028724.495842
2018-09-17,0.8,HOLD,14265744648.080698
2018-09-18,0.8,HOLD,14549349029.825893
2018-09-19,0.8,HOLD,14522319600.716986
2018-09-20,0.8,HOLD,14905375326.293528
2018-09-21,0.8,HOLD,14705064085.987972
2018-09-24,0.8,HOLD,14811963135.72026
2018-09-25,0.8,HOLD,14862554289.681824
2018-09-26,0.8,HOLD,14850078749.05629
2018-09-27,0.8,HOLD,15197053080.305412
2018-09-28,0.8,HOLD,15177300622.736664
2018-10-01,0.8,HOLD,15251605208.433428
2018-10-02,0.8,HOLD,15177730627.118626
2018-10-03,0.8,HOLD,15215738801.414457
2018-10-04,0.8,HOLD,14480725103.24941
2018-10-05,0.4,TRADE,14023750657.58883
2018-10-08,0.30000000000000004,TRADE,13924427482.190155
2018-10-09,0.30000000000000004,HOLD,13957077108.928768
2018-10-10,0.1,TRADE,13411753563.667395
2018-10-11,0.1,HOLD,13358114122.016598
2018-10-12,0.30000000000000004,TRADE,13467542366.336845
2018-10-15,0.2,TRADE,13316703239.827032
2018-10-16,0.30000000000000004,TRADE,13546759960.448452
2018-10-17,0.30000000000000004,HOLD,13560764389.77322
2018-10-18,0.2,TRADE,13278547717.817156
2018-10-19,0.2,HOLD,13268393540.661068
2018-10-22,0.30000000000000004,TRADE,13310117789.70301
2018-10-23,0.2,TRADE,13266765556.462708
2018-10-24,0.0,TRADE,12906561509.977348
2018-10-25,0.0,HOLD,12907327568.59764
2018-10-26,0.0,HOLD,12908093672.686022
2018-10-29,0.0,HOLD,12910392257.78345
2018-10-30,0.0,HOLD,12911158543.771055
2018-10-31,0.0,HOLD,12911924875.240976
2018-11-01,0.0,HOLD,12912691252.19613
2018-11-02,0.0,HOLD,12913457674.640577
2018-11-05,0.0,HOLD,12915767602.608381
2018-11-06,0.0,HOLD,12916537670.414541
2018-11-07,0.0,HOLD,12917307784.135197
2018-11-08,0.0,HOLD,12918077943.771265
2018-11-09,0.0,HOLD,12918848149.322746
2018-11-12,0.0,HOLD,12921159041.523024
2018-11-13,0.0,HOLD,12921929430.78059
2018-11-14,0.0,HOLD,12922699865.965956
2018-11-15,0.0,HOLD,12923470347.091087
2018-11-16,0.0,HOLD,12924240874.151922
2018-11-19,0.0,HOLD,12926552730.998638
2018-11-20,0.0,HOLD,12927323441.838839
2018-11-21,0.0,HOLD,12928094198.630957
2018-11-23,0.0,HOLD,12929635850.084217
2018-11-26,0.0,HOLD,12931948671.966578
2018-11-27,0.0,HOLD,12932719704.524696
2018-11-28,0.0,HOLD,12933490783.057487
2018-11-29,0.0,HOLD,12934261907.55845
2018-11-30,0.0,HOLD,12935033078.039759
2018-12-03,0.8,TRADE,12937346865.360395
2018-12-04,0.0,TRADE,11799360194.845915
2018-12-06,0.0,HOLD,11800767246.84088
2018-12-07,0.0,HOLD,11801492973.950747
2018-12-10,0.0,HOLD,11803670423.077477
2018-12-11,0.0,HOLD,11804396328.726662
2018-12-12,0.0,HOLD,11805122279.017197
2018-12-13,0.0,HOLD,11805848273.954489
2018-12-14,0.0,HOLD,11806574313.538536
2018-12-17,0.0,HOLD,11808752700.192532
2018-12-18,0.0,HOLD,11809478918.393778
2018-12-19,0.0,HOLD,11810205181.257355
2018-12-20,0.0,HOLD,11810931488.780163
2018-12-21,0.0,HOLD,11811657840.974678
2018-12-24,0.0,HOLD,11813837165.58014
2018-12-26,0.0,HOLD,11815290272.033339
2018-12-27,0.0,HOLD,11816016892.284624
2018-12-28,0.0,HOLD,11816743557.218527
2018-12-31,0.0,HOLD,11818923820.174706
2019-01-02,0.0,HOLD,11820377552.289148
2019-01-03,0.0,HOLD,11821104485.397566
2019-01-04,0.0,HOLD,11821872607.718801
2019-01-07,0.0,HOLD,11824177274.177828
2019-01-08,0.0,HOLD,11824945596.166574
2019-01-09,0.8,TRADE,11825713968.07882
2019-01-10,0.8,HOLD,11916814516.555748
2019-01-11,0.8,HOLD,11803332296.845255
2019-01-14,0.0,TRADE,11558027176.024158
2019-01-15,0.8,TRADE,11558778203.872093
2019-01-16,0.8,HOLD,11571831072.334093
2019-01-17,0.8,HOLD,11788963943.056696
2019-01-18,0.8,HOLD,12049166243.151133
2019-01-22,0.8,HOLD,11512035581.33821
2019-01-23,0.8,HOLD,11520908785.43451
2019-01-24,0.8,HOLD,11683705199.338207
2019-01-25,0.8,HOLD,12017688936.395864
2019-01-28,0.8,HOLD,11660500167.073677
2019-01-29,0.8,HOLD,11396055256.378698
2019-01-30,0.8,HOLD,12076956856.774115
2019-01-31,0.8,HOLD,12506529322.124289
2019-02-01,0.8,HOLD,12376562797.327782
2019-02-04,0.8,HOLD,12745557358.751966
2019-02-05,0.8,HOLD,13021024945.409176
2019-02-06,0.8,HOLD,12936672074.208952
2019-02-07,0.8,HOLD,12503220668.177296
2019-02-08,0.8,HOLD,12555345175.713312
2019-02-11,0.8,HOLD,12531990250.66987
2019-02-12,0.8,HOLD,12974465486.438309
2019-02-13,0.8,HOLD,12996241548.870743
2019-02-14,0.8,HOLD,13035463461.936611
2019-02-15,0.8,HOLD,13163550136.636028
2019-02-19,0.8,HOLD,13229210716.351454
2019-02-20,0.8,HOLD,13220638353.260384
2019-02-21,0.8,HOLD,13097214214.324705
2019-02-22,0.8,HOLD,13331429822.696812
2019-02-25,0.8,HOLD,13453275588.062748
2019-02-26,0.8,HOLD,13488136158.307692
2019-02-27,0.8,HOLD,13453576829.937973
2019-02-28,0.8,HOLD,13384489284.663897
2019-03-01,0.8,HOLD,13605802308.40738
2019-03-04,0.8,HOLD,13608253305.960552
2019-03-05,0.8,HOLD,13636753481.915243
2019-03-06,0.8,HOLD,13441728831.70869
2019-03-07,0.8,HOLD,13036445463.49156
2019-03-08,0.8,HOLD,12975899189.458897
2019-03-11,0.8,HOLD,13641837527.65349
2019-03-12,0.8,HOLD,13826259974.800842
2019-03-13,0.8,HOLD,14075922607.440685
2019-03-14,0.8,HOLD,14023917585.095434
2019-03-15,0.8,HOLD,14314650654.341152
2019-03-18,0.8,HOLD,14423412655.95905
2019-03-19,0.8,HOLD,14545139181.118109
2019-03-20,0.8,HOLD,14686128832.021275
2019-03-21,0.8,HOLD,15258903053.882446
2019-03-22,0.8,HOLD,14413112351.036427
2019-03-25,0.8,HOLD,14337784591.9522
2019-03-26,0.8,HOLD,14502762332.8455
2019-03-27,0.8,HOLD,14264305013.775452
2019-03-28,0.8,HOLD,14340418022.424454
2019-03-29,0.8,HOLD,14611706385.442871
2019-04-01,0.8,HOLD,15095736104.678555
2019-04-02,0.8,HOLD,15236907610.551548
2019-04-03,0.8,HOLD,15460401687.767437
2019-04-04,0.8,HOLD,15441107822.896671
2019-04-05,0.8,HOLD,15638614885.95942
2019-04-08,0.8,HOLD,15743197772.60793
2019-04-09,0.8,HOLD,15595786063.017958
2019-04-10,0.8,HOLD,15810739015.997211
2019-04-11,0.8,HOLD,15708940930.770132
2019-04-12,0.8,HOLD,15873918838.429775
2019-04-15,0.8,HOLD,15885093991.60055
2019-04-16,0.8,HOLD,16017542714.432198
2019-04-17,0.8,HOLD,16154352907.295631
2019-04-18,0.8,HOLD,16197936897.909756
2019-04-22,0.8,HOLD,16315573975.787926
2019-04-23,0.8,HOLD,16847096376.913822
2019-04-24,0.8,HOLD,16706408732.42443
2019-04-25,0.8,HOLD,16867025307.52192
2019-04-26,0.8,HOLD,16919150569.627226
2019-04-29,0.8,HOLD,16997747041.081287
2019-04-30,0.8,HOLD,16661702383.46819
2019-05-01,0.8,HOLD,16497026776.579062
2019-05-02,0.8,HOLD,16323628259.090166
2019-05-03,0.8,HOLD,16983086924.738977
2019-05-06,0.8,HOLD,16721126250.886578
2019-05-07,0.8,HOLD,15884058920.026186
2019-05-08,0.8,HOLD,15764996986.679039
2019-05-09,0.8,HOLD,15552527123.58709
2019-05-10,0.8,HOLD,15589569140.053804
2019-05-13,0.8,HOLD,14219434323.37613
2019-05-14,0.8,HOLD,14592490543.144724
2019-05-15,0.8,HOLD,15102387586.954378
2019-05-16,0.8,HOLD,15501612587.677769
2019-05-17,0.8,HOLD,15091786728.595463
2019-05-20,0.8,HOLD,14452560159.300201
2019-05-21,0.4,TRADE,14817075255.01538
2019-05-22,0.8,TRADE,14740450340.6399
2019-05-23,0.6000000000000001,TRADE,14184359123.263157
2019-05-24,0.30000000000000004,TRADE,14172215091.298578
2019-05-28,0.30000000000000004,HOLD,14129127333.802687
2019-05-29,0.30000000000000004,HOLD,14024400415.209518
2019-05-30,0.30000000000000004,HOLD,14073806261.813042
2019-05-31,0.2,TRADE,13874715142.33517
2019-06-03,0.0,TRADE,13699457479.612867
2019-06-04,0.30000000000000004,TRADE,13700343989.51209
2019-06-05,0.30000000000000004,HOLD,13791497583.663815
2019-06-06,0.30000000000000004,HOLD,13889221780.666574
2019-06-07,0.4,TRADE,14134875308.358662
2019-06-10,0.4,HOLD,14342809411.163143
2019-06-11,0.8,TRADE,14365537342.57472
2019-06-12,0.4,TRADE,14170960684.131924
2019-06-13,0.8,TRADE,14264266255.376526
2019-06-14,0.4,TRADE,14115926683.450232
2019-06-17,0.8,TRADE,14220427004.194817
2019-06-18,0.8,HOLD,14713136207.399992
2019-06-19,0.8,HOLD,14852857683.720697
2019-06-20,0.8,HOLD,15182636997.106384
2019-06-21,0.8,HOLD,15126615181.300526
2019-06-24,0.8,HOLD,15123266586.654192
2019-06-25,0.8,HOLD,14495284473.907066
2019-06-26,0.8,HOLD,14642803277.042253
2019-06-27,0.8,HOLD,14770991424.298347
2019-06-28,0.8,HOLD,14821532027.414791
2019-07-01,0.8,HOLD,15299013734.567974
2019-07-02,0.8,HOLD,15450431230.676369
2019-07-03,0.8,HOLD,15729853496.127548
2019-07-05,0.8,HOLD,15646887406.453474
2019-07-08,0.8,HOLD,15377945680.659529
2019-07-09,0.8,HOLD,15566075283.903849
2019-07-10,0.8,HOLD,15942475855.785835
2019-07-11,0.8,HOLD,15907734255.124477
2019-07-12,0.8,HOLD,16126890427.719501
2019-07-15,0.8,HOLD,16240013911.85191
2019-07-16,0.8,HOLD,16050139701.012842
2019-07-17,0.8,HOLD,15854580011.507551
2019-07-18,0.8,HOLD,15910968784.234985
2019-07-19,0.8,HOLD,15595039162.404156
2019-07-22,0.8,HOLD,15896108966.68008
2019-07-23,0.8,HOLD,16148403556.92419
2019-07-24,0.8,HOLD,16431562250.286797
2019-07-25,0.8,HOLD,16043995519.19032
2019-07-26,0.8,HOLD,16435828326.05549
2019-07-29,0.8,HOLD,16310324148.936468
2019-07-30,0.8,HOLD,16130196658.967083
2019-07-31,0.8,HOLD,15570115972.921343
2019-08-01,0.8,HOLD,15391937817.667902
2019-08-02,0.7000000000000001,TRADE,14818374420.699451
2019-08-05,0.6000000000000001,TRADE,13730155228.712364
2019-08-06,0.6000000000000001,HOLD,14069014713.743801
2019-08-07,0.6000000000000001,HOLD,14194662649.690466
2019-08-08,0.8,TRADE,14770526742.373562
2019-08-09,0.8,HOLD,14421198884.504364
2019-08-12,0.6000000000000001,TRADE,14038153664.101093
2019-08-13,0.6000000000000001,HOLD,14591336048.46484
2019-08-14,0.6000000000000001,HOLD,13787591002.173496
2019-08-15,0.30000000000000004,TRADE,13753202914.213427
2019-08-16,0.30000000000000004,HOLD,13944062314.66901
2019-08-19,0.6000000000000001,TRADE,14147808900.927471
2019-08-20,0.30000000000000004,TRADE,13973462844.957891
2019-08-21,0.6000000000000001,TRADE,14080806788.980906
2019-08-22,0.30000000000000004,TRADE,13999382816.874958
2019-08-23,0.30000000000000004,HOLD,13615500576.623047
2019-08-26,0.30000000000000004,HOLD,13771825864.080412
2019-08-27,0.30000000000000004,HOLD,13748435503.666151
2019-08-28,0.30000000000000004,HOLD,13788661366.956251
2019-08-29,0.30000000000000004,HOLD,13970504927.810028
2019-08-30,0.30000000000000004,HOLD,13941670036.492233
2019-09-03,0.4,TRADE,13823522515.820837
2019-09-04,0.4,HOLD,14056559600.233215
2019-09-05,0.8,TRADE,14375247687.574474
2019-09-06,0.8,HOLD,14343327066.187748
2019-09-09,0.8,HOLD,14270841685.736065
2019-09-10,0.8,HOLD,14176552201.3849
2019-09-11,0.8,HOLD,14481244624.679377
2019-09-12,0.8,HOLD,14625687782.523354
2019-09-13,0.8,HOLD,14501109122.839558
2019-09-16,0.8,HOLD,14341337311.406527
2019-09-17,0.8,HOLD,14492942492.015326
2019-09-18,0.8,HOLD,14485939693.970589
2019-09-19,0.8,HOLD,14537724813.537952
2019-09-20,0.8,HOLD,14170981809.43292
2019-09-23,0.8,HOLD,14182202425.315952
2019-09-24,0.4,TRADE,13735334819.320053
2019-09-25,0.8,TRADE,13911564428.382736
2019-09-26,0.4,TRADE,13800268760.398209
2019-09-27,0.30000000000000004,TRADE,13600466883.84522
2019-09-30,0.4,TRADE,13710763648.590487
2019-10-01,0.30000000000000004,TRADE,13578648252.51933
2019-10-02,0.2,TRADE,13370545466.233074
2019-10-03,0.6000000000000001,TRADE,13459253312.366089
2019-10-04,0.7000000000000001,TRADE,13799361747.71704
2019-10-07,0.6000000000000001,TRADE,13710310927.292168
2019-10-08,0.30000000000000004,TRADE,13336135576.78681
2019-10-09,0.6000000000000001,TRADE,13457917674.601917
2019-10-10,0.6000000000000001,HOLD,13634933369.49818
2019-10-11,0.8,TRADE,13944202686.80688
2019-10-14,0.8,HOLD,13956994582.330402
2019-10-15,0.8,HOLD,14380870144.35886
2019-10-16,0.8,HOLD,14294817451.666948
2019-10-17,0.8,HOLD,14374075228.016909
2019-10-18,0.8,HOLD,14041972217.724146
2019-10-21,0.8,HOLD,14339563833.027496
2019-10-22,0.8,HOLD,14072435818.028902
2019-10-23,0.8,HOLD,14125320576.230902
2019-10-24,0.8,HOLD,14450776067.69246
2019-10-25,0.8,HOLD,14716413341.76874
2019-10-28,0.8,HOLD,15080748095.805202
2019-10-29,0.8,HOLD,14797855227.55823
2019-10-30,0.8,HOLD,14966840429.866833
2019-10-31,0.8,HOLD,14975671920.382029
2019-11-01,0.8,HOLD,15306431545.961887
2019-11-04,0.8,HOLD,15530208351.211851
2019-11-05,0.8,HOLD,15546111981.51849
2019-11-06,0.8,HOLD,15465363512.5019
2019-11-07,0.8,HOLD,15593831499.809307
2019-11-08,0.8,HOLD,15745283836.341991
2019-11-11,0.8,HOLD,15691185980.975779
2019-11-12,0.8,HOLD,15796816995.94966
2019-11-13,0.8,HOLD,15777654825.798971
2019-11-14,0.8,HOLD,15774257564.014967
2019-11-15,0.8,HOLD,16018826002.360758
2019-11-18,0.8,HOLD,16087753457.486135
2019-11-19,0.8,HOLD,16142406428.125366
2019-11-20,0.8,HOLD,15908723777.819664
2019-11-21,0.8,HOLD,15806759096.236656
2019-11-22,0.8,HOLD,15842111133.431887
2019-11-25,0.8,HOLD,16294405776.66573
2019-11-26,0.8,HOLD,16375431855.065432
2019-11-27,0.8,HOLD,16649909488.324787
2019-11-29,0.8,HOLD,16465575853.842085
2019-12-02,0.8,HOLD,16026343363.456083
2019-12-03,0.8,HOLD,15729306525.909203
2019-12-04,0.8,HOLD,15921128976.39972
2019-12-05,0.8,HOLD,15989926268.106428
2019-12-06,0.8,HOLD,16398037287.166443
2019-12-09,0.8,HOLD,16231375668.107973
2019-12-10,0.8,HOLD,16201605526.256258
2019-12-11,0.8,HOLD,16403888847.544277
2019-12-12,0.8,HOLD,16715347801.813656
2019-12-13,0.8,HOLD,16840279984.833847
2019-12-16,0.8,HOLD,17243364996.661896
2019-12-17,0.8,HOLD,17262952304.95291
2019-12-18,0.8,HOLD,17296389159.76128
2019-12-19,0.8,HOLD,17591935925.376854
2019-12-20,0.8,HOLD,17767993584.880203
2019-12-23,0.8,HOLD,17879207061.25647
2019-12-24,0.8,HOLD,17898794417.904663
2019-12-26,0.8,HOLD,18291427083.04606
2019-12-27,0.8,HOLD,18245744821.622574
2019-12-30,0.8,HOLD,17938378208.716816
2019-12-31,0.8,HOLD,18024708607.818027
2020-01-02,0.8,HOLD,18779639432.496773
2020-01-03,0.8,HOLD,18345286097.201847
2020-01-06,1.0,TRADE,18641258615.665146
2020-01-07,1.0,HOLD,18618371439.003304
2020-01-08,1.0,HOLD,19046985838.306866
2020-01-09,1.0,HOLD,19527269772.801548
2020-01-10,1.0,HOLD,19367753086.976597
2020-01-13,1.0,HOLD,20044658675.520733
2020-01-14,1.0,HOLD,19810758665.5448
2020-01-15,1.0,HOLD,19823242580.08762
2020-01-16,1.0,HOLD,20376002574.011467
2020-01-17,1.0,HOLD,20680297990.992756
2020-01-21,1.0,HOLD,20669894728.873737
2020-01-22,1.0,HOLD,20810685542.884453
2020-01-23,1.0,HOLD,21003145892.086296
2020-01-24,1.0,HOLD,20458708507.857666
2020-01-27,1.0,HOLD,19193845221.88701
2020-01-28,1.0,HOLD,20086098336.29482
2020-01-29,1.0,HOLD,20158574395.723984
2020-01-30,1.0,HOLD,20386232448.4285
2020-01-31,1.0,HOLD,19384398306.367027
2020-02-03,1.0,HOLD,20274570768.351036
2020-02-04,1.0,HOLD,21659418344.09437
2020-02-05,1.0,HOLD,21909963573.460735
2020-02-06,1.0,HOLD,22443997695.570347
2020-02-07,1.0,HOLD,22154093457.8537
2020-02-10,1.0,HOLD,22953237376.296295
2020-02-11,1.0,HOLD,22969709207.984745
2020-02-12,1.0,HOLD,23642626879.38325
2020-02-13,1.0,HOLD,23551424948.13986
2020-02-14,1.0,HOLD,23710941633.964806
2020-02-18,1.0,HOLD,23752207907.03691
2020-02-19,1.0,HOLD,24439516757.70006
2020-02-20,1.0,HOLD,23744058685.043682
2020-02-21,1.0,HOLD,22386086203.10781
2020-02-24,1.0,HOLD,19806597360.69719
2020-02-25,0.8,TRADE,18204494994.368355
2020-02-26,0.8,HOLD,18404973365.727787
2020-02-27,0.30000000000000004,TRADE,16197582051.087921
2020-02-28,0.0,TRADE,16273781349.931957
2020-03-02,0.0,HOLD,16276207158.412668
2020-03-03,0.0,HOLD,16276906224.455086
2020-03-04,0.0,HOLD,16277195151.739576
2020-03-05,0.0,HOLD,16277484084.155874
2020-03-06,0.0,HOLD,16277773021.700047
2020-03-09,0.0,HOLD,16278639865.103146
2020-03-10,0.0,HOLD,16278928823.162674
2020-03-11,0.0,HOLD,16279217786.354095
2020-03-12,0.0,HOLD,16279506754.669466
2020-03-13,0.0,HOLD,16279795728.120565
2020-03-16,0.0,HOLD,16280662679.23459
2020-03-17,0.0,HOLD,16280951673.201681
2020-03-18,0.0,HOLD,16281240672.296104
2020-03-19,0.0,HOLD,16281529676.52233
2020-03-20,0.0,HOLD,16281818685.88036
2020-03-23,0.0,HOLD,16282685744.728844
2020-03-24,0.0,HOLD,16282974774.60612
2020-03-25,0.0,HOLD,16283263809.615318
2020-03-26,0.1,TRADE,16283552849.752401
2020-03-27,0.0,TRADE,16114651477.435528
2020-03-30,0.1,TRADE,16115509634.093704
2020-03-31,0.0,TRADE,16071030863.015198
2020-04-01,0.0,HOLD,16071316135.858408
2020-04-02,0.0,HOLD,16071601413.764954
2020-04-03,0.0,HOLD,16071623424.169476
2020-04-06,0.2,TRADE,16071689455.567703
2020-04-07,0.2,HOLD,16065409380.032852
2020-04-08,0.2,HOLD,16270311639.842522
2020-04-09,0.6000000000000001,TRADE,16282872135.521872
2020-04-13,0.6000000000000001,HOLD,16622530344.718945
2020-04-14,0.6000000000000001,HOLD,17934179734.616207
2020-04-15,0.6000000000000001,HOLD,17555350125.595577
2020-04-16,0.6000000000000001,HOLD,18146891983.74169
2020-04-17,0.6000000000000001,HOLD,18438176991.19941
2020-04-20,0.6000000000000001,HOLD,18052180611.658108
2020-04-21,0.6000000000000001,HOLD,16776172755.89111
2020-04-22,0.6000000000000001,HOLD,17683987159.249832
2020-04-23,0.6000000000000001,HOLD,17610802858.96708
2020-04-24,0.6000000000000001,HOLD,18146963343.95278
2020-04-27,0.6000000000000001,HOLD,18373904055.214592
2020-04-28,0.6000000000000001,HOLD,17732387121.834106
2020-04-29,0.6000000000000001,HOLD,18899296544.50183
2020-04-30,0.6000000000000001,HOLD,18981479448.210403
2020-05-01,0.6000000000000001,HOLD,17862784628.503597
2020-05-04,0.6000000000000001,HOLD,18263203749.777218
2020-05-05,0.6000000000000001,HOLD,18638458893.668198
2020-05-06,0.7000000000000001,TRADE,18877954833.389587
2020-05-07,0.7000000000000001,HOLD,19393543035.482754
2020-05-08,0.7000000000000001,HOLD,19947523824.317345
2020-05-11,0.8,TRADE,20302678520.06069
2020-05-12,0.7000000000000001,TRADE,19336458238.925343
2020-05-13,0.8,TRADE,18823944111.83587
2020-05-14,0.8,HOLD,19323314566.973164
2020-05-15,0.8,HOLD,19590278302.40431
2020-05-18,0.8,HOLD,20506645461.005035
2020-05-19,0.8,HOLD,20378445032.17887
2020-05-20,0.8,HOLD,21351175965.785122
2020-05-21,0.8,HOLD,20810535442.823643
2020-05-22,0.8,HOLD,20964751004.412876
2020-05-26,0.8,HOLD,20893121982.564514
2020-05-27,0.8,HOLD,21134080897.323658
2020-05-28,0.8,HOLD,21023338250.32399
2020-05-29,0.8,HOLD,21735475420.80325
2020-06-01,0.8,HOLD,21956986495.16101
2020-06-02,0.8,HOLD,22319604326.62301
2020-06-03,0.8,HOLD,22571474355.03342
2020-06-04,0.8,HOLD,22189226831.290802
2020-06-05,0.8,HOLD,23281434458.950153
2020-06-08,0.8,HOLD,23715712248.692024
2020-06-09,0.8,HOLD,24160708987.89732
2020-06-10,0.8,HOLD,24896668756.491997
2020-06-11,0.8,HOLD,21785551720.97937
2020-06-12,0.0,TRADE,22176356595.98339
2020-06-15,0.8,TRADE,22176447709.11518
2020-06-16,0.8,HOLD,23114181128.67752
2020-06-17,0.8,HOLD,23296150574.561
2020-06-18,0.8,HOLD,23441558809.88327
2020-06-19,0.8,HOLD,23415332473.36361
2020-06-22,0.8,HOLD,24090389902.3227
2020-06-23,0.8,HOLD,24603610686.749138
2020-06-24,0.8,HOLD,23415381060.490807
2020-06-25,0.8,HOLD,23918615218.00094
2020-06-26,0.8,HOLD,22518127452.601215
2020-06-29,0.8,HOLD,23096196115.067905
2020-06-30,0.8,HOLD,24169175804.160763
2020-07-01,0.8,HOLD,24874512209.144127
2020-07-02,0.8,HOLD,25309024832.102013
2020-07-06,0.8,HOLD,26842941898.428722
2020-07-07,0.8,HOLD,26402355175.75446
2020-07-08,0.8,HOLD,27247165828.640938
2020-07-09,0.8,HOLD,27817090342.77124
2020-07-10,0.8,HOLD,28312199787.132416
2020-07-13,0.8,HOLD,26836916387.981228
2020-07-14,0.8,HOLD,27311883313.63784
2020-07-15,0.8,HOLD,27424963174.750977
2020-07-16,0.8,HOLD,26931905558.697647
2020-07-17,0.8,HOLD,27037029971.26705
2020-07-20,0.8,HOLD,28960927209.63092
2020-07-21,0.8,HOLD,28176903292.875816
2020-07-22,0.8,HOLD,28451631099.086727
2020-07-23,0.7000000000000001,TRADE,26570263070.504784
2020-07-24,0.8,TRADE,26020139759.81521
2020-07-27,0.8,HOLD,27138399798.25309
2020-07-28,0.8,HOLD,26313976426.566895
2020-07-29,0.8,HOLD,27032623352.045242
2020-07-30,0.8,HOLD,27387114217.213425
2020-07-31,0.8,HOLD,28583756980.518932
2020-08-03,0.8,HOLD,29455309490.45218
2020-08-04,0.8,HOLD,29770596167.300186
2020-08-05,0.8,HOLD,29966465901.86953
2020-08-06,0.8,HOLD,30914432725.059242
2020-08-07,0.8,HOLD,30074262064.593315
2020-08-10,0.8,HOLD,29739342582.481525
2020-08-11,0.8,HOLD,28346868563.95702
2020-08-12,0.8,HOLD,30078263019.855476
2020-08-13,0.8,HOLD,30252480232.170914
2020-08-14,0.8,HOLD,30179989915.349483
2020-08-17,0.8,HOLD,31004628627.845726
2020-08-18,0.8,HOLD,31762479742.434563
2020-08-19,0.8,HOLD,31243488166.198982
2020-08-20,0.8,HOLD,32314808754.415527
2020-08-21,0.8,HOLD,32880903817.504814
2020-08-24,0.8,HOLD,33394041468.23745
2020-08-25,0.8,HOLD,34051995717.84573
2020-08-26,0.8,HOLD,35898870294.22308
2020-08-27,0.8,HOLD,35620681013.997955
2020-08-28,0.8,HOLD,36090816034.380646
2020-08-31,0.8,HOLD,36805551793.05648
2020-09-01,0.8,HOLD,38446727405.80885
2020-09-02,0.8,HOLD,39384852174.16722
2020-09-03,0.7000000000000001,TRADE,34136424773.28238
2020-09-04,0.0,TRADE,33151377350.06225
2020-09-08,0.6000000000000001,TRADE,33151704177.04048
2020-09-09,0.0,TRADE,34860932178.28821
2020-09-10,0.30000000000000004,TRADE,34861018098.17986
2020-09-11,0.4,TRADE,34632493327.74454
2020-09-14,0.30000000000000004,TRADE,35346313093.63706
2020-09-15,0.30000000000000004,HOLD,35797117813.80223
2020-09-16,0.30000000000000004,HOLD,35266071507.64157
2020-09-17,0.30000000000000004,HOLD,34781383449.13331
2020-09-18,0.30000000000000004,HOLD,34393714597.38286
2020-09-21,0.30000000000000004,HOLD,34508196995.21916
2020-09-22,0.30000000000000004,HOLD,35041863613.93582
2020-09-23,0.30000000000000004,HOLD,34088249391.079647
2020-09-24,0.30000000000000004,HOLD,34225025564.767555
2020-09-25,0.30000000000000004,HOLD,34889577894.70263
2020-09-28,0.4,TRADE,35491307684.52251
2020-09-29,0.4,HOLD,35342496231.06301
2020-09-30,0.6000000000000001,TRADE,35620568618.49718
2020-10-01,0.6000000000000001,HOLD,36621507000.78686
2020-10-02,0.5,TRADE,34776455786.64982
2020-10-05,0.7000000000000001,TRADE,35873325022.66754
2020-10-06,0.5,TRADE,34524454459.467735
2020-10-07,0.7000000000000001,TRADE,35432042545.858734
2020-10-08,0.7000000000000001,HOLD,35797211942.63719
2020-10-09,0.7000000000000001,HOLD,36917010616.43713
2020-10-12,0.7000000000000001,HOLD,39368854141.38823
2020-10-13,0.7000000000000001,HOLD,39372625398.404495
2020-10-14,0.7000000000000001,HOLD,38662806977.33813
2020-10-15,0.7000000000000001,HOLD,38083441425.56067
2020-10-16,0.7000000000000001,HOLD,37662460637.29824
2020-10-19,0.7000000000000001,HOLD,36319155560.421104
2020-10-20,0.7000000000000001,HOLD,36485056639.804726
2020-10-21,0.7000000000000001,HOLD,36417983875.05618
2020-10-22,0.8,TRADE,36431117778.773415
2020-10-23,0.6000000000000001,TRADE,36601586084.285484
2020-10-26,0.6000000000000001,HOLD,35600516217.04418
2020-10-27,0.6000000000000001,HOLD,36095595399.457794
2020-10-28,0.5,TRADE,33578029000.71675
2020-10-29,0.5,HOLD,34431961392.15269
2020-10-30,0.5,HOLD,33204900277.11705
2020-11-02,0.5,HOLD,33210643659.436356
2020-11-03,0.5,HOLD,34036713964.600708
2020-11-04,0.7000000000000001,TRADE,36368039361.42726
2020-11-05,0.7000000000000001,HOLD,38332609707.67122
2020-11-06,0.7000000000000001,HOLD,38425338206.97304
2020-11-09,0.7000000000000001,HOLD,36746134560.71767
2020-11-10,0.7000000000000001,HOLD,35352288491.048584
2020-11-11,0.6000000000000001,TRADE,36995219265.21031
2020-11-12,0.7000000000000001,TRADE,36670515078.21057
2020-11-13,0.6000000000000001,TRADE,37343839387.38403
2020-11-16,0.6000000000000001,HOLD,37859613940.588776
2020-11-17,0.6000000000000001,HOLD,37648109513.67662
2020-11-18,0.6000000000000001,HOLD,37121749997.26259
2020-11-19,0.7000000000000001,TRADE,37671328550.96082
2020-11-20,0.7000000000000001,HOLD,37136053500.63
2020-11-23,0.7000000000000001,HOLD,37141386601.08237
2020-11-24,0.8,TRADE,38197921504.31497
2020-11-25,0.8,HOLD,38773747506.82264
2020-11-27,0.8,HOLD,39624289338.613205
2020-11-30,0.8,HOLD,39789129944.45886
2020-12-01,0.8,HOLD,41052550485.74172
2020-12-02,0.8,HOLD,41186850478.848076
2020-12-03,0.8,HOLD,41323195362.821655
2020-12-04,0.8,HOLD,41736282137.92434
2020-12-07,0.8,HOLD,42314020282.9794
2020-12-08,0.8,HOLD,42631508412.394936
2020-12-09,0.8,HOLD,40287741546.143456
2020-12-10,0.8,HOLD,40688558976.59974
2020-12-11,0.8,HOLD,40456653105.63071
2020-12-14,0.8,HOLD,41156573478.20363
2020-12-15,0.8,HOLD,42198293773.64692
2020-12-16,0.8,HOLD,42778039151.20236
2020-12-17,0.8,HOLD,43498370772.73479
2020-12-18,0.8,HOLD,43107815455.90958
2020-12-21,0.8,HOLD,42975635672.956566
2020-12-22,0.8,HOLD,43254270877.42647
2020-12-23,0.8,HOLD,42717165052.00872
2020-12-24,0.8,HOLD,43173024127.70815
2020-12-28,0.8,HOLD,44239169196.99735
2020-12-29,0.8,HOLD,44346885610.68625
2020-12-30,0.8,HOLD,44340940176.298294
2020-12-31,0.8,HOLD,44627754944.46912
2021-01-04,0.8,HOLD,43010321627.88389
2021-01-05,0.8,HOLD,43897482259.762375
2021-01-06,0.8,HOLD,42398084896.23573
2021-01-07,0.8,HOLD,44908718432.36031
2021-01-08,0.8,HOLD,46353111813.04825
2021-01-11,0.8,HOLD,44642276319.3552
2021-01-12,0.8,HOLD,44481430405.89437
2021-01-13,0.8,HOLD,45197672247.03826
2021-01-14,0.8,HOLD,44625973686.256226
2021-01-15,0.8,HOLD,43726751779.05449
2021-01-19,0.8,HOLD,45291338989.99988
2021-01-20,0.8,HOLD,47915975189.98786
2021-01-21,0.8,HOLD,48916968078.30059
2021-01-22,0.8,HOLD,48542601482.09785
2021-01-25,0.8,HOLD,49677913197.78229
2021-01-26,0.8,HOLD,49722749220.03085
2021-01-27,0.8,HOLD,46329101327.13692
2021-01-28,0.8,HOLD,46898792660.15242
2021-01-29,0.8,HOLD,44453292477.93269
2021-02-01,0.8,HOLD,47159250752.54089
2021-02-02,0.8,HOLD,49071753724.78581
2021-02-03,0.8,HOLD,48595653810.804825
2021-02-04,0.8,HOLD,50044307381.95593
2021-02-05,0.8,HOLD,50487897114.72624
2021-02-08,0.8,HOLD,51326188440.637695
2021-02-09,0.8,HOLD,51305758364.83861
2021-02-10,0.8,HOLD,50996487460.64679
2021-02-11,0.8,HOLD,51696540584.13861
2021-02-12,0.8,HOLD,52445159864.67104
2021-02-16,0.8,HOLD,52070849767.55188
2021-02-17,0.8,HOLD,51452459534.60613
2021-02-18,0.8,HOLD,50862356958.06131
2021-02-19,0.8,HOLD,50292873697.3394
2021-02-22,0.8,HOLD,46988727444.94817
2021-02-23,0.8,HOLD,46638899540.0804
2021-02-24,0.8,HOLD,47578886520.483795
2021-02-25,0.8,HOLD,43408180117.02879
2021-02-26,0.8,HOLD,43945323605.82581
2021-03-01,0.8,HOLD,47111041503.877975
2021-03-02,0.7000000000000001,TRADE,45218854697.74056
2021-03-03,0.5,TRADE,42473500877.627365
2021-03-04,0.5,HOLD,41423573705.85025
2021-03-05,0.5,HOLD,42327543754.3327
2021-03-08,0.5,HOLD,40524763442.7997
2021-03-09,0.6000000000000001,TRADE,42796016243.83057
2021-03-10,0.5,TRADE,42577134078.76539
2021-03-11,0.4,TRADE,44054336910.08939
2021-03-12,0.4,HOLD,43615646897.961296
2021-03-15,0.4,HOLD,44165179980.24692
2021-03-16,0.30000000000000004,TRADE,44456342458.56125
2021-03-17,0.30000000000000004,HOLD,44624475161.668755
2021-03-18,0.1,TRADE,43384920937.60379
2021-03-19,0.0,TRADE,43440382339.74988
2021-03-22,0.0,HOLD,43440632183.99964
2021-03-23,0.2,TRADE,43440715465.73645
2021-03-24,0.0,TRADE,43002054440.58995
2021-03-25,0.2,TRADE,43002136881.512184
2021-03-26,0.30000000000000004,TRADE,43382066427.24271
2021-03-29,0.30000000000000004,HOLD,43374924663.50637
2021-03-30,0.30000000000000004,HOLD,43189981978.43772
2021-03-31,0.8,TRADE,43765578071.405266
2021-04-01,0.8,HOLD,45545677140.05875
2021-04-05,0.8,HOLD,47755623475.73134
2021-04-06,0.8,HOLD,47663575345.661674
2021-04-07,0.8,HOLD,47951355226.10837
2021-04-08,0.8,HOLD,49175208706.02924
2021-04-09,0.8,HOLD,49908049326.405426
2021-04-12,0.8,HOLD,49746945907.705505
2021-04-13,0.8,HOLD,51151073088.19471
2021-04-14,0.8,HOLD,49662626803.08711
2021-04-15,0.8,HOLD,51469558053.9807
2021-04-16,0.8,HOLD,51649848535.81088
2021-04-19,0.8,HOLD,50479887216.84317
2021-04-20,0.8,HOLD,49566806458.80842
2021-04-21,0.8,HOLD,50598817872.93851
2021-04-22,0.8,HOLD,49075666490.68363
2021-04-23,0.8,HOLD,50594995314.26832
2021-04-26,0.8,HOLD,51423790531.68831
2021-04-27,0.8,HOLD,50863544930.826004
2021-04-28,0.8,HOLD,50430069338.57119
2021-04-29,0.8,HOLD,50848314678.48759
2021-04-30,0.8,HOLD,50057987135.668785
2021-05-03,0.8,HOLD,49382734127.81578
2021-05-04,0.8,HOLD,47241960549.54207
2021-05-05,0.8,HOLD,46793221141.524315
2021-05-06,0.8,HOLD,47625678246.06028
2021-05-07,0.8,HOLD,48577193115.33602
2021-05-10,0.7000000000000001,TRADE,45584732169.40952
2021-05-11,0.6000000000000001,TRADE,45425233400.73983
2021-05-12,0.6000000000000001,HOLD,43350825676.19325
2021-05-13,0.6000000000000001,HOLD,43881654720.74296
2021-05-14,0.7000000000000001,TRADE,45553666163.944725
2021-05-17,0.6000000000000001,TRADE,45015499794.51816
2021-05-18,0.6000000000000001,HOLD,44448707053.70314
2021-05-19,0.6000000000000001,HOLD,44546084303.382645
2021-05-20,0.7000000000000001,TRADE,46080538389.83037
2021-05-21,0.8,TRADE,45547624393.43848
2021-05-24,0.8,HOLD,47372540842.8179
2021-05-25,0.8,HOLD,47557669364.274185
2021-05-26,0.8,HOLD,47946739225.60662
2021-05-27,0.8,HOLD,47493463320.1912
2021-05-28,0.8,HOLD,47867502594.07408
2021-06-01,0.8,HOLD,47489740970.53287
2021-06-02,0.8,HOLD,47689900079.68471
2021-06-03,0.4,TRADE,46477342180.68848
2021-06-04,0.8,TRADE,47430313241.68291
2021-06-07,0.8,HOLD,47766116025.81895
2021-06-08,0.8,HOLD,47809839498.68984
2021-06-09,0.8,HOLD,47853715796.355354
2021-06-10,0.8,HOLD,49028648209.33835
2021-06-11,0.8,HOLD,49342565873.85967
2021-06-14,0.8,HOLD,50459303228.07044
2021-06-15,0.8,HOLD,49700238189.618416
2021-06-16,0.8,HOLD,49269593579.75062
2021-06-17,0.8,HOLD,50754913098.730774
2021-06-18,0.8,HOLD,49769667402.25102
2021-06-21,0.8,HOLD,50506788030.829666
2021-06-22,0.8,HOLD,51652683738.012054
2021-06-23,0.8,HOLD,51725596742.14424
2021-06-24,0.8,HOLD,52503031931.343994
2021-06-25,0.8,HOLD,52367950424.9326
2021-06-28,0.8,HOLD,53886005623.585976
2021-06-29,0.8,HOLD,54386063857.19774
2021-06-30,0.8,HOLD,54188935494.70468
2021-07-01,0.8,HOLD,54210957850.968285
2021-07-02,0.8,HOLD,55728981870.896484
2021-07-06,0.8,HOLD,56349359966.70027
2021-07-07,0.8,HOLD,56648606454.06469
2021-07-08,0.8,HOLD,55831162354.447876
2021-07-09,0.8,HOLD,56615780308.17442
2021-07-12,0.8,HOLD,57207106108.751
2021-07-13,0.8,HOLD,57181447137.39729
2021-07-14,0.8,HOLD,57440653535.46577
2021-07-15,0.8,HOLD,56448072250.766235
2021-07-16,0.8,HOLD,55294872133.88427
2021-07-19,0.8,HOLD,54196567289.05009
2021-07-20,0.8,HOLD,55670883425.50842
2021-07-21,0.8,HOLD,56725542746.346985
2021-07-22,0.8,HOLD,57718002386.232414
2021-07-23,0.8,HOLD,59320080029.6429
2021-07-26,0.8,HOLD,59528121310.66963
2021-07-27,0.8,HOLD,57893370346.98333
2021-07-28,0.8,HOLD,58422465287.44608
2021-07-29,0.8,HOLD,58663332713.62011
2021-07-30,0.8,HOLD,57926274443.05545
2021-08-02,0.8,HOLD,57911650036.20239
2021-08-03,0.8,HOLD,58754647052.32346
2021-08-04,0.8,HOLD,58999182273.106964
2021-08-05,0.8,HOLD,59929747881.9103
2021-08-06,0.8,HOLD,59272922615.244514
2021-08-09,0.8,HOLD,59539342959.1013
2021-08-10,0.8,HOLD,58791281305.451225
2021-08-11,0.8,HOLD,58524923323.681915
2021-08-12,0.8,HOLD,59035679292.25021
2021-08-13,0.8,HOLD,59532069732.55913
2021-08-16,0.8,HOLD,59619685097.23616
2021-08-17,0.8,HOLD,58302351179.27924
2021-08-18,0.8,HOLD,56882777490.89392
2021-08-19,0.8,HOLD,57557972911.074356
2021-08-20,0.8,HOLD,59043139606.92518
2021-08-23,0.8,HOLD,61251045817.101654
2021-08-24,0.8,HOLD,61761954610.7464
2021-08-25,0.8,HOLD,61820349263.438644
2021-08-26,0.8,HOLD,60933522719.95595
2021-08-27,0.8,HOLD,62437028388.26488
2021-08-30,0.8,HOLD,64192267633.23227
2021-08-31,0.8,HOLD,64039152805.796646
2021-09-01,0.8,HOLD,64338399294.595795
2021-09-02,0.8,HOLD,64261696851.70622
2021-09-03,0.8,HOLD,64754419498.09743
2021-09-07,0.8,HOLD,64980662521.13343
2021-09-08,0.8,HOLD,64411405847.94417
2021-09-09,0.8,HOLD,63823963027.27077
2021-09-10,0.8,HOLD,62601533291.4713
2021-09-13,0.8,HOLD,62481154147.7057
2021-09-14,0.8,HOLD,62024987803.72246
2021-09-15,0.8,HOLD,63189069660.592354
2021-09-16,0.8,HOLD,63294839992.235016
2021-09-17,0.8,HOLD,61393715457.53218
2021-09-20,0.8,HOLD,58200641509.00022
2021-09-21,0.8,HOLD,58262703956.83999
2021-09-22,0.8,HOLD,59689644416.55129
2021-09-23,0.8,HOLD,61083574726.18649
2021-09-24,0.8,HOLD,61229537972.278404
2021-09-27,0.8,HOLD,59981617683.98386
2021-09-28,0.30000000000000004,TRADE,55770546766.28539
2021-09-29,0.30000000000000004,HOLD,55659787290.27468
2021-09-30,0.30000000000000004,HOLD,55472533373.817474
2021-10-01,0.30000000000000004,HOLD,55772052644.97513
2021-10-04,0.30000000000000004,HOLD,54743351051.61896
2021-10-05,0.30000000000000004,HOLD,55347662932.20686
2021-10-06,0.30000000000000004,HOLD,55669612111.70129
2021-10-07,0.30000000000000004,HOLD,56119511206.50258
2021-10-08,0.30000000000000004,HOLD,55857122626.36211
2021-10-11,0.30000000000000004,HOLD,55484026236.716995
2021-10-12,0.30000000000000004,HOLD,55316605664.271805
2021-10-13,0.30000000000000004,HOLD,55697889132.138756
2021-10-14,0.4,TRADE,56617435131.711044
2021-10-15,0.8,TRADE,57037344835.08359
2021-10-18,0.8,HOLD,58405959838.11544
2021-10-19,0.8,HOLD,59438127889.061104
2021-10-20,0.8,HOLD,59286922098.30442
2021-10-21,0.8,HOLD,60144343964.4928
2021-10-22,0.8,HOLD,58910444043.75634
2021-10-25,0.8,HOLD,60336087416.08559
2021-10-26,0.8,HOLD,60793325030.01639
2021-10-27,0.8,HOLD,61183395899.294876
2021-10-28,0.8,HOLD,62817530058.95702
2021-10-29,0.8,HOLD,63577510861.98329
2021-11-01,0.8,HOLD,64091967642.17233
2021-11-02,0.8,HOLD,64794638455.69903
2021-11-03,0.8,HOLD,66489321253.47597
2021-11-04,0.8,HOLD,68543775608.38637
2021-11-05,0.8,HOLD,68755580023.65216
2021-11-08,0.8,HOLD,68520219371.9406
2021-11-09,0.8,HOLD,67343488631.12283
2021-11-10,0.8,HOLD,64892420281.13782
2021-11-11,0.8,HOLD,65326142494.758
2021-11-12,0.8,HOLD,67037581776.50816
2021-11-15,0.8,HOLD,67020900275.90476
2021-11-16,0.8,HOLD,68170786145.10297
2021-11-17,0.8,HOLD,68238118695.0522
2021-11-18,0.8,HOLD,69976452837.17084
2021-11-19,0.8,HOLD,70968349005.14691
2021-11-22,0.8,HOLD,68903997062.23419
2021-11-23,0.8,HOLD,68120550846.222534
2021-11-24,0.8,HOLD,68645096017.23396
2021-11-26,0.8,HOLD,65487886573.48961
2021-11-29,0.8,HOLD,68847002847.94737
2021-11-30,0.8,HOLD,66379037204.791626
2021-12-01,0.8,HOLD,63558058922.31833
2021-12-02,0.8,HOLD,64539957525.232285
2021-12-03,0.8,HOLD,61870350837.33411
2021-12-06,0.8,HOLD,63050561017.35054
2021-12-07,0.8,HOLD,67707339501.806404
2021-12-08,0.8,HOLD,68490835708.20985
2021-12-09,0.6000000000000001,TRADE,66026249524.40016
2021-12-10,0.6000000000000001,HOLD,67253045613.86151
2021-12-13,0.6000000000000001,HOLD,65497219675.67113
2021-12-14,0.6000000000000001,HOLD,64333964875.7381
2021-12-15,0.6000000000000001,HOLD,66843571066.98886
2021-12-16,0.6000000000000001,HOLD,63758552345.06932
2021-12-17,0.6000000000000001,HOLD,63187984409.92522
2021-12-20,0.6000000000000001,HOLD,62088270901.92928
2021-12-21,0.6000000000000001,HOLD,64473375062.623215
2021-12-22,0.8,TRADE,65831924738.835846
2021-12-23,0.8,HOLD,67083068533.406784
2021-12-27,0.8,HOLD,69660325159.11781
2021-12-28,0.8,HOLD,68995703453.58347
2021-12-29,0.8,HOLD,68907858156.25197
2021-12-30,0.8,HOLD,68386509511.772964
2021-12-31,0.8,HOLD,67360293890.75041
2022-01-03,0.8,HOLD,68924240004.29655
2022-01-04,0.8,HOLD,66757570818.532425
2022-01-05,0.4,TRADE,61827914765.45038
2022-01-06,0.4,HOLD,61760103764.80335
2022-01-07,0.30000000000000004,TRADE,60953799558.00093
2022-01-10,0.30000000000000004,HOLD,61021321354.58942
2022-01-11,0.4,TRADE,61828683162.848526
2022-01-12,0.4,HOLD,62110544581.47746
2022-01-13,0.30000000000000004,TRADE,60295418354.08409
2022-01-14,0.30000000000000004,HOLD,60568887052.14842
2022-01-18,0.2,TRADE,59245816410.197845
2022-01-19,0.1,TRADE,58833695209.89484
2022-01-20,0.0,TRADE,58606233709.851654
2022-01-21,0.0,HOLD,58606362110.66152
2022-01-24,0.0,HOLD,58606747314.76457
2022-01-25,0.0,HOLD,58606875716.69601
2022-01-26,0.0,HOLD,58607004118.90886
2022-01-27,0.0,HOLD,58607132521.40256
2022-01-28,0.0,HOLD,58607260924.18017
2022-01-31,0.1,TRADE,58607646134.1904
2022-02-01,0.1,HOLD,58719606835.49073
2022-02-02,0.1,HOLD,58860962860.74957
2022-02-03,0.0,TRADE,58125520490.181526
2022-02-04,0.0,HOLD,58125647837.79088
2022-02-07,0.0,HOLD,58126029882.28627
2022-02-08,0.0,HOLD,58126157231.011086
2022-02-09,0.0,HOLD,58126284580.014534
2022-02-10,0.0,HOLD,58126411929.29578
2022-02-11,0.0,HOLD,58126539278.85787
2022-02-14,0.0,HOLD,58126921329.21464
2022-02-15,0.0,HOLD,58127048679.89222
2022-02-16,0.0,HOLD,58127176030.849434
2022-02-17,0.0,HOLD,58127303382.08446
2022-02-18,0.0,HOLD,58127430733.5973
2022-02-22,0.0,HOLD,58127940142.44615
2022-02-23,0.0,HOLD,58128067495.355934
2022-02-24,0.0,HOLD,58128194848.54475
2022-02-25,0.0,HOLD,58128322202.01137
2022-02-28,0.0,HOLD,58128704264.09084
2022-03-01,0.0,HOLD,58128831618.67498
2022-03-02,0.0,HOLD,58128958973.53671
2022-03-03,0.0,HOLD,58129277171.1605
2022-03-04,0.0,HOLD,58129595370.527435
2022-03-07,0.0,HOLD,58130549979.073975
2022-03-08,0.0,HOLD,58130868185.407074
2022-03-09,0.0,HOLD,58131186393.48054
2022-03-10,0.0,HOLD,58131504603.29715
2022-03-11,0.0,HOLD,58131822814.856895
2022-03-14,0.0,HOLD,58132777459.98211
2022-03-15,0.0,HOLD,58133095678.50811
2022-03-16,0.0,HOLD,58133413898.77744
2022-03-17,0.0,HOLD,58133732120.786865
2022-03-18,0.8,TRADE,58134050344.53944
2022-03-21,0.8,HOLD,57801812529.02437
2022-03-22,0.8,HOLD,60530905598.12643
2022-03-23,0.8,HOLD,58466797325.37486
2022-03-24,0.8,HOLD,61501944634.48666
2022-03-25,0.8,HOLD,61423251056.7181
2022-03-28,0.8,HOLD,63688902734.10575
2022-03-29,0.8,HOLD,66356821589.05147
2022-03-30,0.8,HOLD,64712507643.3978
2022-03-31,0.8,HOLD,62517076279.72472
2022-04-01,0.8,HOLD,62298451262.84201
2022-04-04,0.8,HOLD,65465048969.7967
2022-04-05,0.8,HOLD,61905102896.386734
2022-04-06,0.8,HOLD,58598828350.224304
2022-04-07,0.8,HOLD,58905129397.59305
2022-04-08,0.0,TRADE,56971977911.45069
2022-04-11,0.0,HOLD,56972913509.52002
2022-04-12,0.0,HOLD,56973427761.36936
2022-04-13,0.0,HOLD,56973942017.8602
2022-04-14,0.0,HOLD,56974456278.99368
2022-04-18,0.0,HOLD,56976513369.949684
2022-04-19,0.0,HOLD,56977027654.2923
2022-04-20,0.0,HOLD,56977541943.27544
2022-04-21,0.0,HOLD,56978056236.90121
2022-04-22,0.0,HOLD,56978570535.1696
2022-04-25,0.0,HOLD,56980113457.82941
2022-04-26,0.0,HOLD,56980627774.668
2022-04-27,0.0,HOLD,56981142096.14649
2022-04-28,0.0,HOLD,56981656422.27067
2022-04-29,0.0,HOLD,56982170753.034424
2022-05-02,0.0,HOLD,56983713773.18119
2022-05-03,0.0,HOLD,56984228122.51644
2022-05-04,0.0,HOLD,56985425663.541916
2022-05-05,0.0,HOLD,56986623229.732124
2022-05-06,0.0,HOLD,56987820821.09012
2022-05-09,0.0,HOLD,56991413746.17283
2022-05-10,0.0,HOLD,56992611438.20539
2022-05-11,0.0,HOLD,56993809155.40846
2022-05-12,0.0,HOLD,56995006897.782394
2022-05-13,0.0,HOLD,56996204665.32411
2022-05-16,0.0,HOLD,56999798118.98753
2022-05-17,0.0,HOLD,57000995987.220825
2022-05-18,0.0,HOLD,57002193880.626045
2022-05-19,0.0,HOLD,57003391799.205185
2022-05-20,0.0,HOLD,57004589742.96131
2022-05-23,0.0,HOLD,57008183725.27907
2022-05-24,0.0,HOLD,57009381769.737625
2022-05-25,0.0,HOLD,57010579839.37258
2022-05-26,0.0,HOLD,57011777934.18761
2022-05-27,0.0,HOLD,57012976054.179634
2022-05-31,0.0,HOLD,57017768785.94643
2022-06-01,0.0,HOLD,57018967031.83806
2022-06-02,0.0,HOLD,57020165302.91045
2022-06-03,0.0,HOLD,57022044246.76566
2022-06-06,0.0,HOLD,57027681449.83406
2022-06-07,0.0,HOLD,57029560641.36351
2022-06-08,0.0,HOLD,57031439894.817505
2022-06-09,0.0,HOLD,57033319210.19676
2022-06-10,0.0,HOLD,57035198587.50131
2022-06-13,0.0,HOLD,57040837091.006615
2022-06-14,0.0,HOLD,57042716716.044685
2022-06-15,0.0,HOLD,57044596403.02166
2022-06-16,0.0,HOLD,57046476151.93618
2022-06-17,0.0,HOLD,57048355962.7944
2022-06-21,0.0,HOLD,57055875825.686615
2022-06-22,0.0,HOLD,57057755946.284744
2022-06-23,0.0,HOLD,57059636128.835785
2022-06-24,0.0,HOLD,57061516373.345856
2022-06-27,0.0,HOLD,57067157478.62712
2022-06-28,0.0,HOLD,57069037970.98113
2022-06-29,0.0,HOLD,57070918525.30171
2022-06-30,0.0,HOLD,57072799141.59053
2022-07-01,0.0,HOLD,57074679819.85066
2022-07-05,0.0,HOLD,57082203152.64476
2022-07-06,0.0,HOLD,57084808731.758316
2022-07-07,0.8,TRADE,57087414429.80641
2022-07-08,0.8,HOLD,57301864835.34209
2022-07-11,0.0,TRADE,54374905944.25479
2022-07-12,0.0,HOLD,54377387945.84912
2022-07-13,0.0,HOLD,54379870060.7378
2022-07-14,0.0,HOLD,54382352288.92702
2022-07-15,0.8,TRADE,54384834630.41677
2022-07-18,0.0,TRADE,53379392826.33867
2022-07-19,0.8,TRADE,53381829386.65527
2022-07-20,0.8,HOLD,55528037283.85234
2022-07-21,0.8,HOLD,57434190947.905846
2022-07-22,0.8,HOLD,54988889944.57842
2022-07-25,0.8,HOLD,54330203012.1399
2022-07-26,0.8,HOLD,51689465256.37749
2022-07-27,0.8,HOLD,56806816030.45334
2022-07-28,0.8,HOLD,58127916154.525345
2022-07-29,0.8,HOLD,60739150819.99312
2022-08-01,0.8,HOLD,60665832257.711655
2022-08-02,0.8,HOLD,60200979106.11124
2022-08-03,0.8,HOLD,64162990380.130356
2022-08-04,0.8,HOLD,64928886642.623924
2022-08-05,0.8,HOLD,63638925606.68816
2022-08-08,0.8,HOLD,63099952529.53714
2022-08-09,0.8,HOLD,61300033393.52188
2022-08-10,0.8,HOLD,65456853250.52392
2022-08-11,0.8,HOLD,64631918916.20034
2022-08-12,0.8,HOLD,67678644990.13448
2022-08-15,0.8,HOLD,69045652895.21638
2022-08-16,0.8,HOLD,68670977504.6629
2022-08-17,0.8,HOLD,66660853969.762665
2022-08-18,0.8,HOLD,67036191068.27356
2022-08-19,0.8,HOLD,63735618851.63775
2022-08-22,0.0,TRADE,59565668993.49721
2022-08-23,0.2,TRADE,59568387933.10324
2022-08-24,0.2,HOLD,59662326868.306145
2022-08-25,0.2,HOLD,60296613081.86235
2022-08-26,0.0,TRADE,58761848848.64465
2022-08-29,0.0,HOLD,58772974098.79837
2022-08-30,0.0,HOLD,58776682983.567604
2022-08-31,0.0,HOLD,58780392102.38795
2022-09-01,0.0,HOLD,58784101455.27193
2022-09-02,0.0,HOLD,58787811042.23477
2022-09-06,0.0,HOLD,58804098524.962036
2022-09-07,0.0,HOLD,58808171100.67808
2022-09-08,0.0,HOLD,58812243958.44625
2022-09-09,0.0,HOLD,58816317098.28957
2022-09-12,0.0,HOLD,58828538210.44495
2022-09-13,0.0,HOLD,58832612478.7725
2022-09-14,0.0,HOLD,58836687029.26851
2022-09-15,0.0,HOLD,58840761861.95836
2022-09-16,0.0,HOLD,58844836976.85425
2022-09-19,0.0,HOLD,58857064014.99789
2022-09-20,0.0,HOLD,58861140258.926796
2022-09-21,0.0,HOLD,58865216785.16335
2022-09-22,0.0,HOLD,58869293593.72769
2022-09-23,0.0,HOLD,58873370684.63809
2022-09-26,0.0,HOLD,58885603651.63766
2022-09-27,0.0,HOLD,58889681872.12689
2022-09-28,0.0,HOLD,58893760375.05982
2022-09-29,0.0,HOLD,58897839160.457535
2022-09-30,0.0,HOLD,58901918228.33829
2022-10-03,0.0,HOLD,58914157127.0707
2022-10-04,0.0,HOLD,58918237325.07818
2022-10-05,0.0,HOLD,58923134231.31056
2022-10-06,0.0,HOLD,58928031544.53866
2022-10-07,0.0,HOLD,58932929264.80207
2022-10-10,0.0,HOLD,58947624868.135345
2022-10-11,0.0,HOLD,58952524216.870026
2022-10-12,0.0,HOLD,58957423972.80616
2022-10-13,0.0,HOLD,58962324135.981544
2022-10-14,0.0,HOLD,58967224706.42359
2022-10-17,0.0,HOLD,58981928861.71584
2022-10-18,0.0,HOLD,58986831061.57843
2022-10-19,0.0,HOLD,58991733668.883446
2022-10-20,0.0,HOLD,58996636683.65906
2022-10-21,0.0,HOLD,59001540105.94182
2022-10-24,0.0,HOLD,59016252818.170555
2022-10-25,0.6000000000000001,TRADE,59021157870.820206
2022-10-26,0.0,TRADE,56683121952.553505
2022-10-27,0.0,HOLD,56687833090.320595
2022-10-28,0.6000000000000001,TRADE,56692544619.64697
2022-10-31,0.0,TRADE,55522465867.45625
2022-11-01,0.0,HOLD,55527080538.92889
2022-11-02,0.0,HOLD,55531695593.94348
2022-11-03,0.0,HOLD,55537340805.20766
2022-11-04,0.0,HOLD,55542986590.349754
2022-11-07,0.0,HOLD,55559927389.61793
2022-11-08,0.0,HOLD,55565575470.85475
2022-11-09,0.0,HOLD,55571224126.26321
2022-11-10,0.5,TRADE,55576873355.897194
2022-11-11,0.5,HOLD,57160121851.5016
2022-11-14,0.5,HOLD,56391136210.607765
2022-11-15,0.5,HOLD,57547134368.63804
2022-11-16,0.5,HOLD,56344975879.60519
2022-11-17,0.5,HOLD,56127801898.36835
2022-11-18,0.5,HOLD,56104586815.78488
2022-11-21,0.5,HOLD,55258023764.05618
2022-11-22,0.5,HOLD,56413752662.94047
2022-11-23,0.5,HOLD,57271626527.34256
2022-11-25,0.5,HOLD,56668552448.22049
2022-11-28,0.5,HOLD,55407493674.930145
2022-11-29,0.5,HOLD,54749508118.10396
2022-11-30,0.4,TRADE,58366750421.20888
2022-12-01,0.4,HOLD,58499168219.95647
2022-12-02,0.4,HOLD,58225300594.5708
2022-12-05,0.0,TRADE,57067605861.27533
2022-12-06,0.0,HOLD,57073888614.03712
2022-12-07,0.0,HOLD,57080172058.48299
2022-12-08,0.0,HOLD,57086456194.69684
2022-12-09,0.0,HOLD,57092741022.7497
2022-12-12,0.5,TRADE,57111599658.71126
2022-12-13,0.5,HOLD,58011522562.211685
2022-12-14,0.5,HOLD,57315637474.56398
2022-12-15,0.0,TRADE,54469913325.45386
2022-12-16,0.0,HOLD,54475910090.05457
2022-12-19,0.0,HOLD,54493904345.34257
2022-12-20,0.0,HOLD,54499903751.18361
2022-12-21,0.0,HOLD,54505903817.5184
2022-12-22,0.0,HOLD,54511904544.4179
2022-12-23,0.0,HOLD,54517905931.956955
2022-12-27,0.0,HOLD,54541918089.96834
2022-12-28,0.0,HOLD,54547922781.7938
2022-12-29,0.0,HOLD,54553928134.69516
2022-12-30,0.0,HOLD,54559934148.7444
2023-01-03,0.0,HOLD,54583964817.87398
2023-01-04,0.0,HOLD,54589974138.756195
2023-01-05,0.0,HOLD,54596314237.49131
2023-01-06,0.0,HOLD,54602655072.56946
2023-01-09,0.0,HOLD,54621681996.69882
2023-01-10,0.0,HOLD,54628025777.99633
2023-01-11,0.0,HOLD,54634370296.06201
2023-01-12,0.4,TRADE,54640715550.982185
2023-01-13,0.5,TRADE,55077185952.50316
2023-01-17,0.5,HOLD,55240676209.23633
2023-01-18,0.5,HOLD,54216127036.68306
2023-01-19,0.0,TRADE,53383656846.511795
2023-01-20,0.5,TRADE,53389856843.13283
2023-01-23,0.5,HOLD,55153348060.74638
2023-01-24,0.5,HOLD,54986266978.4787
2023-01-25,0.5,HOLD,54779913366.95859
2023-01-26,0.5,HOLD,56406567685.297035
2023-01-27,0.5,HOLD,57260582809.57817
2023-01-30,0.5,HOLD,55436884960.39176
2023-01-31,0.5,HOLD,56723176038.63667
2023-02-01,0.5,HOLD,58664015634.95404
2023-02-02,0.5,HOLD,61966315759.56971
2023-02-03,0.5,HOLD,60149504195.71692
2023-02-06,0.5,HOLD,59308414034.09003
2023-02-07,0.5,HOLD,61327697308.94844
2023-02-08,0.5,HOLD,59472055891.923065
2023-02-09,0.5,HOLD,58597964383.88934
2023-02-10,0.5,HOLD,57946692378.90148
2023-02-13,0.5,HOLD,59436074808.104095
2023-02-14,0.5,HOLD,60146264575.6497
2023-02-15,0.5,HOLD,60895727633.96505
2023-02-16,0.5,HOLD,58948452684.43208
2023-02-17,0.5,HOLD,58257637870.459885
2023-02-21,0.5,HOLD,56058384958.827774
2023-02-22,0.0,TRADE,56087847854.40188
2023-02-23,0.2,TRADE,56094715043.53584
2023-02-24,0.2,HOLD,55532606821.843895
2023-02-27,0.2,HOLD,55779131690.22221
2023-02-28,0.2,HOLD,55730814081.71694
2023-03-01,0.2,HOLD,55472028576.8129
2023-03-02,0.2,HOLD,55732025836.308426
2023-03-03,0.5,TRADE,56398072515.18623
2023-03-06,0.7000000000000001,TRADE,56528798676.41496
2023-03-07,0.5,TRADE,55053038702.986595
2023-03-08,0.5,HOLD,55432676383.276146
2023-03-09,0.2,TRADE,53967420285.149734
2023-03-10,0.2,HOLD,53526823466.60115
2023-03-13,0.2,HOLD,53765943735.63371
2023-03-14,0.6000000000000001,TRADE,54489938786.4047
2023-03-15,0.7000000000000001,TRADE,54966227321.11676
2023-03-16,0.8,TRADE,58015161207.27168
2023-03-17,0.8,HOLD,57328117383.04207
2023-03-20,0.8,HOLD,57816256220.56004
2023-03-21,0.8,HOLD,59771521369.708466
2023-03-22,0.8,HOLD,57807517854.60254
2023-03-23,0.8,HOLD,59456142250.49973
2023-03-24,0.8,HOLD,59944492677.02236
2023-03-27,0.8,HOLD,58956803793.17699
2023-03-28,0.8,HOLD,58172070975.3785
2023-03-29,0.8,HOLD,60718910686.70908
2023-03-30,0.8,HOLD,62049653014.99385
2023-03-31,0.8,HOLD,64521674205.76473
2023-04-03,0.8,HOLD,64151535621.57271
2023-04-04,0.8,HOLD,63628863980.37459
2023-04-05,0.8,HOLD,61964526174.67313
2023-04-06,0.8,HOLD,62976611111.253365
2023-04-10,0.8,HOLD,62870372621.72154
2023-04-11,0.8,HOLD,61879793490.19347
2023-04-12,0.8,HOLD,60552335743.35366
2023-04-13,0.8,HOLD,63361238075.01415
2023-04-14,0.8,HOLD,63063412543.88845
2023-04-17,0.8,HOLD,63123587019.87225
2023-04-18,0.8,HOLD,63162641006.97663
2023-04-19,0.8,HOLD,63051669750.13792
2023-04-20,0.8,HOLD,61855243405.53476
2023-04-21,0.8,HOLD,61950509011.08875
2023-04-24,0.8,HOLD,61655200680.9915
2023-04-25,0.8,HOLD,58830204674.87259
2023-04-26,0.8,HOLD,59617836580.52073
2023-04-27,0.8,HOLD,63493976568.33684
2023-04-28,0.8,HOLD,64543668750.49868
2023-05-01,0.8,HOLD,64398001980.05299
2023-05-02,0.8,HOLD,62995728966.98818
2023-05-03,0.8,HOLD,61986546007.11493
2023-05-04,0.8,HOLD,61426276514.26161
2023-05-05,0.8,HOLD,64479022595.973976
2023-05-08,0.8,HOLD,64913690532.50753
2023-05-09,0.8,HOLD,63885900854.35786
2023-05-10,0.8,HOLD,65571749528.45903
2023-05-11,0.8,HOLD,66022505353.26152
2023-05-12,0.8,HOLD,65462237309.20304
2023-05-15,0.8,HOLD,66290386584.819214
2023-05-16,0.8,HOLD,66497691205.52999
2023-05-17,0.8,HOLD,68464596530.20378
2023-05-18,0.8,HOLD,71516957304.63834
2023-05-19,0.8,HOLD,71106715954.06303
2023-05-22,0.8,HOLD,71728632536.26233
2023-05-23,0.8,HOLD,69409153626.57883
2023-05-24,0.8,HOLD,68474793353.40218
2023-05-25,0.8,HOLD,72575395056.90826
2023-05-26,0.8,HOLD,77181508966.9284
2023-05-30,0.8,HOLD,78104550869.0798
2023-05-31,0.8,HOLD,76758106527.2666
2023-06-01,0.8,HOLD,79118104446.23434
2023-06-02,0.8,HOLD,80635711726.02068
2023-06-05,0.8,HOLD,80790114842.7362
2023-06-06,0.8,HOLD,80716367893.297
2023-06-07,0.8,HOLD,77199014286.47528
2023-06-08,0.8,HOLD,79446591324.6836
2023-06-09,0.8,HOLD,80271834480.44147
2023-06-12,0.8,HOLD,83776421568.25766
2023-06-13,0.8,HOLD,85387457533.3229
2023-06-14,0.8,HOLD,86961278071.10861
2023-06-15,0.8,HOLD,89601946254.68643
2023-06-16,0.8,HOLD,88105867059.66292
2023-06-20,0.8,HOLD,87737620126.14471
2023-06-21,0.8,HOLD,84693217433.38889
2023-06-22,0.8,HOLD,87117183500.1367
2023-06-23,0.8,HOLD,84884158984.77907
2023-06-26,0.8,HOLD,81996585174.33574
2023-06-27,0.8,HOLD,85471893111.96227
2023-06-28,0.8,HOLD,85924208309.20547
2023-06-29,0.8,HOLD,85418609414.3086
2023-06-30,0.8,HOLD,88743504811.52943
2023-07-03,0.8,HOLD,89273568273.86482
2023-07-05,0.8,HOLD,89220286764.20203
2023-07-06,0.8,HOLD,87400512945.77942
2023-07-07,0.8,HOLD,86632080269.81311
2023-07-10,0.8,HOLD,86692688159.43689
2023-07-11,0.8,HOLD,87764490556.09598
2023-07-12,0.8,HOLD,90582713129.72699
2023-07-13,0.8,HOLD,94508487922.35236
2023-07-14,0.8,HOLD,94434747895.9514
2023-07-17,0.8,HOLD,96729846822.42513
2023-07-18,0.8,HOLD,98759564771.88458
2023-07-19,0.8,HOLD,98761032202.45047
2023-07-20,0.8,HOLD,92659915231.51028
2023-07-21,0.8,HOLD,91947696188.57843
2023-07-24,0.8,HOLD,92271146990.01334
2023-07-25,0.8,HOLD,93887617891.7818
2023-07-26,0.8,HOLD,93043982143.01245
2023-07-27,0.8,HOLD,92350759664.34328
2023-07-28,0.8,HOLD,96708780992.83557
2023-07-31,0.8,HOLD,96881822547.99405
2023-08-01,0.8,HOLD,96226204255.97173
2023-08-02,0.8,HOLD,90707358881.74844
2023-08-03,0.8,HOLD,90145555304.02596
2023-08-04,0.8,HOLD,89057693766.78589
2023-08-07,0.8,HOLD,90977546823.22455
2023-08-08,0.8,HOLD,88951154873.93512
2023-08-09,0.8,HOLD,86380097160.64021
2023-08-10,0.8,HOLD,86719610400.38713
2023-08-11,0.8,HOLD,85218889480.76344
2023-08-14,0.8,HOLD,87664416864.8317
2023-08-15,0.8,HOLD,85337200024.00505
2023-08-16,0.4,TRADE,82897948876.32799
2023-08-17,0.4,HOLD,81782763847.64218
2023-08-18,0.4,HOLD,81640806606.9531
2023-08-21,0.8,TRADE,83203941863.00833
2023-08-22,0.4,TRADE,82909929073.42427
2023-08-23,0.8,TRADE,84479576889.26633
2023-08-24,0.8,HOLD,80030582930.98224
2023-08-25,0.8,HOLD,81528244411.02277
2023-08-28,0.8,HOLD,82979506650.23007
2023-08-29,0.8,HOLD,87195149346.7662
2023-08-30,0.8,HOLD,88369769636.67232
2023-08-31,0.8,HOLD,89017911013.29343
2023-09-01,0.8,HOLD,88765671487.02086
2023-09-05,0.8,HOLD,88961901831.42403
2023-09-06,0.8,HOLD,87061478793.1517
2023-09-07,0.8,HOLD,85534958087.19858
2023-09-08,0.8,HOLD,85741154261.3928
2023-09-11,0.8,HOLD,88093162882.83441
2023-09-12,0.8,HOLD,85818839911.60722
2023-09-13,0.8,HOLD,86501008719.37782
2023-09-14,0.8,HOLD,88134067451.72879
2023-09-15,0.4,TRADE,84484094849.62744
2023-09-18,0.4,HOLD,84582084639.79318
2023-09-19,0.4,HOLD,84385348413.35773
2023-09-20,0.30000000000000004,TRADE,82932784570.38666
2023-09-21,0.30000000000000004,HOLD,81524127667.7017
2023-09-22,0.30000000000000004,HOLD,81552049116.20288
2023-09-25,0.30000000000000004,HOLD,81886662211.08513
2023-09-26,0.30000000000000004,HOLD,80833799624.85258
2023-09-27,0.30000000000000004,HOLD,80980503884.86903
2023-09-28,0.30000000000000004,HOLD,81542386226.4944
2023-09-29,0.30000000000000004,HOLD,81603399891.88654
2023-10-02,0.30000000000000004,HOLD,82188472612.95804
2023-10-03,0.30000000000000004,HOLD,80924640056.99898
2023-10-04,0.30000000000000004,HOLD,81855605728.53714
2023-10-05,0.30000000000000004,HOLD,81613446977.92456
2023-10-06,0.30000000000000004,HOLD,82801493845.84918
2023-10-09,0.30000000000000004,HOLD,83188765326.37274
2023-10-10,0.6000000000000001,TRADE,83605715971.67232
2023-10-11,0.8,TRADE,84678385349.72885
2023-10-12,0.8,HOLD,83888664871.47685
2023-10-13,0.30000000000000004,TRADE,81359872061.65146
2023-10-16,0.8,TRADE,82206190482.08511
2023-10-17,0.8,HOLD,81579447795.93549
2023-10-18,0.6000000000000001,TRADE,78826492500.58548
2023-10-19,0.30000000000000004,TRADE,77567487565.90947
2023-10-20,0.30000000000000004,HOLD,76525745983.57892
2023-10-23,0.30000000000000004,HOLD,76744446491.17123
2023-10-24,0.30000000000000004,HOLD,77384457939.0118
2023-10-25,0.2,TRADE,75704003351.73201
2023-10-26,0.1,TRADE,74830142716.41385
2023-10-27,0.2,TRADE,74946380553.26497
2023-10-30,0.2,HOLD,75455720408.83557
2023-10-31,0.2,HOLD,75689279535.63312
2023-11-01,0.30000000000000004,TRADE,76507175437.84952
2023-11-02,0.30000000000000004,HOLD,77733293530.59183
2023-11-03,0.8,TRADE,78593246763.0669
2023-11-06,0.30000000000000004,TRADE,79319342060.7598
2023-11-07,0.8,TRADE,79997105380.33577
2023-11-08,0.8,HOLD,80113929252.79674
2023-11-09,0.8,HOLD,78593398108.91191
2023-11-10,0.8,HOLD,82771605062.60226
2023-11-13,0.8,HOLD,82172347089.21968
2023-11-14,0.8,HOLD,86334383928.31046
2023-11-15,0.8,HOLD,86533077835.91562
2023-11-16,0.8,HOLD,86649904300.71286
2023-11-17,0.8,HOLD,86701371637.90695
2023-11-20,0.8,HOLD,89229940838.77629
2023-11-21,0.8,HOLD,87905828845.0051
2023-11-22,0.8,HOLD,88743295748.32596
2023-11-24,0.8,HOLD,88387707764.07768
2023-11-27,0.8,HOLD,88181630838.31152
2023-11-28,0.8,HOLD,88756988073.2911
2023-11-29,0.8,HOLD,88497496552.19333
2023-11-30,0.8,HOLD,87893689068.35039
2023-12-01,0.8,HOLD,88502063908.19667
2023-12-04,0.8,HOLD,86445377984.55127
2023-12-05,0.8,HOLD,86955378042.27391
2023-12-06,0.8,HOLD,85696630372.40994
2023-12-07,0.8,HOLD,88613812954.07901
2023-12-08,0.8,HOLD,89483964781.29367
2023-12-11,0.8,HOLD,91357949216.00786
2023-12-12,0.8,HOLD,93177835822.7738
2023-12-13,0.8,HOLD,95898605096.50645
2023-12-14,0.8,HOLD,95769837356.71687
2023-12-15,0.8,HOLD,96721859228.77695
2023-12-18,0.8,HOLD,98415606649.75676
2023-12-19,0.8,HOLD,99645912851.41547
2023-12-20,0.8,HOLD,95936190293.71767
2023-12-21,0.8,HOLD,98586549155.0095
2023-12-22,0.8,HOLD,98917658514.57294
2023-12-26,0.8,HOLD,100440198994.33934
2023-12-27,0.8,HOLD,100886531285.65866
2023-12-28,0.8,HOLD,100674889627.5149
2023-12-29,0.8,HOLD,99509471964.66245
2024-01-02,0.8,HOLD,95291507659.04709
2024-01-03,0.8,HOLD,92760618131.15996
2024-01-04,0.8,HOLD,91479981124.71965
2024-01-05,0.8,HOLD,91761907010.2232
2024-01-08,0.8,HOLD,96325089676.52338
2024-01-09,0.8,HOLD,96853630882.76984
2024-01-10,0.8,HOLD,98451506952.77861
2024-01-11,0.8,HOLD,98848319195.6936
2024-01-12,0.8,HOLD,98949329710.15984
2024-01-16,0.8,HOLD,98909335050.05768
2024-01-17,0.8,HOLD,97480464359.93771
2024-01-18,0.8,HOLD,100969724296.65741
2024-01-19,0.8,HOLD,105873646098.32599
2024-01-22,0.8,HOLD,106242382829.06068
2024-01-23,0.8,HOLD,107313681587.93256
2024-01-24,0.8,HOLD,108812849250.76729
2024-01-25,0.8,HOLD,109078273361.23352
2024-01-26,0.8,HOLD,107370111876.7569
2024-01-29,0.8,HOLD,110058105311.50113
2024-01-30,0.8,HOLD,108185198890.27414
2024-01-31,0.8,HOLD,102776144308.91139
2024-02-01,0.8,HOLD,105837877158.06279
2024-02-02,0.8,HOLD,110346951598.7417
2024-02-05,0.8,HOLD,109876810155.581
2024-02-06,0.8,HOLD,109336362895.80618
2024-02-07,0.8,HOLD,112118467068.05978
2024-02-08,0.8,HOLD,112515288480.18326
2024-02-09,0.8,HOLD,115346581349.77066
2024-02-12,0.8,HOLD,114185792795.19688
2024-02-13,0.8,HOLD,109549938055.87103
2024-02-14,0.8,HOLD,112512625279.385
2024-02-15,0.8,HOLD,113321146155.31699
2024-02-16,0.8,HOLD,110658878323.7127
2024-02-20,0.8,HOLD,108480260481.32623
2024-02-21,0.8,HOLD,107331368817.13771
2024-02-22,0.8,HOLD,115212188969.10167
2024-02-23,0.8,HOLD,114309911976.6773
2024-02-26,0.8,HOLD,114185118225.25525
2024-02-27,0.8,HOLD,114796217072.8478
2024-02-28,0.8,HOLD,113202950819.2084
2024-02-29,0.8,HOLD,115541022233.15038
2024-03-01,0.8,HOLD,120099293912.86652
2024-03-04,0.8,HOLD,118872829713.6358
2024-03-05,0.8,HOLD,113381244727.01434
2024-03-06,0.8,HOLD,115176565142.54663
2024-03-07,0.8,HOLD,119586937770.37807
2024-03-08,0.8,HOLD,115065975322.43977
2024-03-11,0.8,HOLD,113921722712.2359
2024-03-12,0.8,HOLD,118068974658.45825
2024-03-13,0.8,HOLD,115702517438.91187
2024-03-14,0.8,HOLD,114898960018.92139
2024-03-15,0.8,HOLD,111299096483.47392
2024-03-18,0.8,HOLD,113987138245.33372
2024-03-19,0.8,HOLD,114663940368.76529
2024-03-20,0.8,HOLD,118157600435.31068
2024-03-21,0.8,HOLD,119480248936.36395
2024-03-22,0.8,HOLD,119697177556.29225
2024-03-25,0.8,HOLD,118647945840.282
2024-03-26,0.8,HOLD,117692785404.8726
2024-03-27,0.8,HOLD,118586556597.5827
2024-03-28,0.8,HOLD,117945054810.93352
2024-04-01,0.8,HOLD,118581664110.02058
2024-04-02,0.8,HOLD,115843607950.9081
2024-04-03,0.8,HOLD,116506265045.1585
2024-04-04,0.8,HOLD,111787548632.8015
2024-04-05,0.8,HOLD,115157233170.17958
2024-04-08,0.8,HOLD,115230243864.12619
2024-04-09,0.8,HOLD,116256085876.92615
2024-04-10,0.8,HOLD,113633927475.0607
2024-04-11,0.8,HOLD,118208721004.64505
2024-04-12,0.8,HOLD,113291907457.88272
2024-04-15,0.8,HOLD,108428938871.54541
2024-04-16,0.4,TRADE,108447775977.71179
2024-04-17,0.30000000000000004,TRADE,106847290409.23221
2024-04-18,0.30000000000000004,HOLD,106284967997.16306
2024-04-19,0.30000000000000004,HOLD,104344074542.00745
2024-04-22,0.30000000000000004,HOLD,105235458440.18533
2024-04-23,0.30000000000000004,HOLD,106600806552.43417
2024-04-24,0.30000000000000004,HOLD,106921812558.6012
2024-04-25,0.30000000000000004,HOLD,106419184488.01863
2024-04-26,0.4,TRADE,107880152931.55986
2024-04-29,0.4,HOLD,108422858186.32397
2024-04-30,0.30000000000000004,TRADE,105934134767.6944
2024-05-01,0.30000000000000004,HOLD,105257820848.77776
2024-05-02,0.30000000000000004,HOLD,106419255161.94745
2024-05-03,0.8,TRADE,108352045289.28455
2024-05-06,0.8,HOLD,111204994905.64258
2024-05-07,0.8,HOLD,111208079463.14583
2024-05-08,0.8,HOLD,111042988737.25455
2024-05-09,0.8,HOLD,111535312637.31676
2024-05-10,0.8,HOLD,112149634578.23466
2024-05-13,0.8,HOLD,112755154214.61913
2024-05-14,0.8,HOLD,114455287770.14801
2024-05-15,0.8,HOLD,118738900392.67792
2024-05-16,0.8,HOLD,118145729523.30748
2024-05-17,0.8,HOLD,117934776643.96185
2024-05-20,0.8,HOLD,119931577391.22298
2024-05-21,0.8,HOLD,120439195265.3402
2024-05-22,0.8,HOLD,120381131604.31888
2024-05-23,0.8,HOLD,118916507796.9122
2024-05-24,0.8,HOLD,121640988783.89616
2024-05-28,0.8,HOLD,122738547120.17133
2024-05-29,1.0,TRADE,120632112482.23557
2024-05-30,0.8,TRADE,116752554084.76073
2024-05-31,1.0,TRADE,116651426719.85056
2024-06-03,1.0,HOLD,117789468989.41832
2024-06-04,1.0,HOLD,118666321229.90498
2024-06-05,0.8,TRADE,125830009855.50468
2024-06-06,0.8,HOLD,125714189289.6327
2024-06-07,1.0,TRADE,125344641776.3814
2024-06-10,1.0,HOLD,126670626696.59262
2024-06-11,1.0,HOLD,129284863709.44946
2024-06-12,1.0,HOLD,134383369106.88141
2024-06-13,1.0,HOLD,136530710021.07233
2024-06-14,1.0,HOLD,138510349479.41586
2024-06-17,1.0,HOLD,143533770361.38892
2024-06-18,1.0,HOLD,143608473737.17545
2024-06-20,1.0,HOLD,140228527122.50647
2024-06-21,1.0,HOLD,138939893890.18854
2024-06-24,1.0,HOLD,134233962355.30832
2024-06-25,1.0,HOLD,138715783762.8289
2024-06-26,1.0,HOLD,139583638796.83893
2024-06-27,1.0,HOLD,140595945766.68115
2024-06-28,1.0,HOLD,138383811108.18558
2024-07-01,1.0,HOLD,140652354438.19345
2024-07-02,1.0,HOLD,144963806412.15997
2024-07-03,1.0,HOLD,148525556650.55435
2024-07-05,1.0,HOLD,153024529343.33203
2024-07-08,1.0,HOLD,154036836313.17422
2024-07-09,1.0,HOLD,154374526062.90323
2024-07-10,1.0,HOLD,159210807365.73752
2024-07-11,1.0,HOLD,148750429057.25876
2024-07-12,1.0,HOLD,151168760278.51212
2024-07-15,1.0,HOLD,152293503451.7065
2024-07-16,1.0,HOLD,152405939655.05872
2024-07-17,0.8,TRADE,139002400796.4589
2024-07-18,0.8,HOLD,137341843040.09393
2024-07-19,0.8,HOLD,134376568520.00932
2024-07-22,1.0,TRADE,139037429116.15536
2024-07-23,1.0,HOLD,137537472204.1382
2024-07-24,0.6000000000000001,TRADE,122707529723.31833
2024-07-25,0.8,TRADE,120262283768.86942
2024-07-26,0.6000000000000001,TRADE,123017914801.08606
2024-07-29,0.6000000000000001,HOLD,123469898208.49847
2024-07-30,0.6000000000000001,HOLD,120448764319.63312
2024-07-31,0.6000000000000001,HOLD,126682222593.52513
2024-08-01,0.6000000000000001,HOLD,121109356361.7688
2024-08-02,0.30000000000000004,TRADE,115876384169.62396
2024-08-05,0.1,TRADE,112880992388.46606
2024-08-06,0.2,TRADE,113177556296.48715
2024-08-07,0.1,TRADE,112461427643.72073
2024-08-08,0.30000000000000004,TRADE,113505516900.81444
2024-08-09,0.30000000000000004,HOLD,113980080939.228
2024-08-12,0.30000000000000004,HOLD,114248674822.6114
2024-08-13,0.30000000000000004,HOLD,116787701038.95528
2024-08-14,0.30000000000000004,HOLD,116863524204.43518
2024-08-15,0.8,TRADE,119684205835.38806
2024-08-16,0.8,HOLD,119939266248.32901
2024-08-19,0.8,HOLD,123669710594.78148
2024-08-20,0.8,HOLD,123057772721.04282
2024-08-21,0.8,HOLD,124417841420.26372
2024-08-22,0.8,HOLD,119596019853.73224
2024-08-23,0.8,HOLD,122606489427.00926
2024-08-26,0.8,HOLD,119721695270.9412
2024-08-27,0.8,HOLD,120536088483.63893
2024-08-28,0.4,TRADE,117266851405.65802
2024-08-29,0.4,HOLD,117030789796.2377
2024-08-30,0.8,TRADE,118630049131.52219
2024-09-03,0.30000000000000004,TRADE,109984595509.74669
2024-09-04,0.30000000000000004,HOLD,109715051340.84961
2024-09-05,0.30000000000000004,HOLD,109831478536.19763
2024-09-06,0.2,TRADE,107180153699.81233
2024-09-09,0.30000000000000004,TRADE,108012820053.96954
2024-09-10,0.30000000000000004,HOLD,108894779310.92291
2024-09-11,0.30000000000000004,HOLD,111026732707.004
2024-09-12,0.30000000000000004,HOLD,112084128469.05928
2024-09-13,0.8,TRADE,112571421973.49211
2024-09-16,0.30000000000000004,TRADE,111377135679.79622
2024-09-17,0.30000000000000004,HOLD,111407962383.58435
2024-09-18,0.30000000000000004,HOLD,110981191134.17697
2024-09-19,0.8,TRADE,113485981517.72696
2024-09-20,0.8,HOLD,112910063855.02539
2024-09-23,0.8,HOLD,113588395120.94652
2024-09-24,0.8,HOLD,114877715539.33302
2024-09-25,0.8,HOLD,115203557583.87503
2024-09-26,0.8,HOLD,117168150914.02628
2024-09-27,0.8,HOLD,115545329169.67487
2024-09-30,0.8,HOLD,116277283173.99255
2024-10-01,0.8,HOLD,112318733178.81256
2024-10-02,0.8,HOLD,112657393212.0806
2024-10-03,0.8,HOLD,112453900699.23714
2024-10-04,0.8,HOLD,115618661456.14754
2024-10-07,0.8,HOLD,112569676271.1771
2024-10-08,0.8,HOLD,116470124368.8417
2024-10-09,0.8,HOLD,118731560504.51472
2024-10-10,0.8,HOLD,118399136388.15903
2024-10-11,0.8,HOLD,118647310673.67644
2024-10-14,0.8,HOLD,121108523079.8549
2024-10-15,0.8,HOLD,117188685600.86674
2024-10-16,0.8,HOLD,117140286303.35843
2024-10-17,0.8,HOLD,117427169687.42047
2024-10-18,0.8,HOLD,119108011698.96399
2024-10-21,0.8,HOLD,119646459981.32474
2024-10-22,0.8,HOLD,119933345506.10619
2024-10-23,0.8,HOLD,115445728478.11008
2024-10-24,0.8,HOLD,117655649501.35226
2024-10-25,0.8,HOLD,119258819916.87129
2024-10-28,0.8,HOLD,119358690347.06319
2024-10-29,0.8,HOLD,122033091892.48523
2024-10-30,0.8,HOLD,119829424760.40317
2024-10-31,0.8,HOLD,112451113228.8904
2024-11-01,0.8,HOLD,114364200428.672
2024-11-04,0.8,HOLD,113521785043.0693
2024-11-05,0.8,HOLD,116970581753.8051
2024-11-06,0.8,HOLD,124613022369.90495
2024-11-07,0.8,HOLD,129378103544.58649
2024-11-08,0.8,HOLD,129639366358.13174
2024-11-11,0.8,HOLD,129455232553.8702
2024-11-12,0.8,HOLD,128877506859.18175
2024-11-13,0.8,HOLD,128416162719.5183
2024-11-14,0.8,HOLD,126186872024.7937
2024-11-15,0.8,HOLD,118718077338.00027
2024-11-18,0.8,HOLD,120663334855.80183
2024-11-19,0.8,HOLD,122627951316.86835
2024-11-20,0.8,HOLD,122514968970.2901
2024-11-21,0.8,HOLD,123498846469.9692
2024-11-22,0.8,HOLD,123876234894.19157
2024-11-25,0.8,HOLD,124350130179.84656
2024-11-26,0.8,HOLD,125927684335.74782
2024-11-27,0.8,HOLD,123440268510.37238
2024-11-29,0.8,HOLD,126014519469.43289
2024-12-02,0.8,HOLD,129366306726.15663
2024-12-03,0.8,HOLD,130311482859.12837
2024-12-04,0.8,HOLD,134237585418.65034
2024-12-05,0.8,HOLD,133324325834.406
2024-12-06,0.8,HOLD,136166646370.41077
2024-12-09,0.8,HOLD,133530699152.22272
2024-12-10,0.8,HOLD,132333681001.47061
2024-12-11,0.8,HOLD,138182559689.3386
2024-12-12,0.8,HOLD,135901497985.15924
2024-12-13,0.8,HOLD,138330864691.7383
2024-12-16,0.8,HOLD,143360127443.41086
2024-12-17,0.8,HOLD,141750155464.88815
2024-12-18,0.8,HOLD,128913197504.06401
2024-12-19,0.8,HOLD,127419345983.69218
2024-12-20,0.8,HOLD,130132476432.85095
2024-12-23,0.8,HOLD,133126516972.46144
2024-12-24,0.8,HOLD,137505860723.0361
2024-12-26,0.8,HOLD,137266065511.22115
2024-12-27,0.8,HOLD,132621035017.66551
2024-12-30,0.8,HOLD,128228413827.22755
2024-12-31,0.8,HOLD,125473728377.25879
2025-01-02,0.8,HOLD,124832751248.05896
2025-01-03,0.8,HOLD,129717114947.00006
2025-01-06,0.8,HOLD,133364738660.2235
2025-01-07,0.8,HOLD,127425136360.0394
2025-01-08,0.8,HOLD,127505969342.89838
2025-01-10,0.4,TRADE,122527513820.93842
2025-01-13,0.4,HOLD,122047358539.5668
2025-01-14,0.4,HOLD,121883622594.27275
2025-01-15,0.8,TRADE,125158354472.59473
2025-01-16,0.8,HOLD,123118523377.83978
2025-01-17,0.8,HOLD,127961837919.35747
2025-01-21,0.8,HOLD,129681879761.1785
2025-01-22,0.8,HOLD,133745509620.74794
2025-01-23,0.8,HOLD,134416828944.06717
2025-01-24,0.8,HOLD,132451268303.98534
2025-01-27,0.8,HOLD,123039248129.41861
2025-01-28,0.8,HOLD,127387448037.97711
2025-01-29,0.8,HOLD,126758958691.77773
2025-01-30,0.8,HOLD,128036925389.49063
2025-01-31,0.8,HOLD,127482704472.0753
2025-02-03,0.8,HOLD,125015601461.1434
2025-02-04,0.8,HOLD,128645632070.61176
2025-02-05,0.8,HOLD,129997868550.50179
2025-02-06,0.8,HOLD,131573158685.9145
2025-02-07,0.8,HOLD,127515602723.80699
2025-02-10,0.8,HOLD,131126709710.6998
2025-02-11,0.8,HOLD,130374445176.13733
2025-02-12,0.8,HOLD,130587911821.74428
2025-02-13,0.8,HOLD,135035140814.74042
2025-02-14,0.8,HOLD,136325365518.30042
2025-02-18,0.8,HOLD,137030452634.04889
2025-02-19,0.8,HOLD,137045624251.78134
2025-02-20,0.8,HOLD,135686967818.21745
2025-02-21,0.8,HOLD,128769482980.35269
2025-02-24,0.8,HOLD,125052102445.01353
2025-02-25,0.30000000000000004,TRADE,121242111756.82706
2025-02-26,0.30000000000000004,HOLD,121486235578.1529
2025-02-27,0.30000000000000004,HOLD,118459613907.67862
2025-02-28,0.30000000000000004,HOLD,120006454125.43495
2025-03-03,0.2,TRADE,117768049170.4267
2025-03-04,0.2,HOLD,117520199184.74298
2025-03-05,0.30000000000000004,TRADE,118438544177.59332
2025-03-06,0.1,TRADE,115502475286.12863
2025-03-07,0.1,HOLD,115754142938.68347
2025-03-10,0.0,TRADE,114461153895.62038
2025-03-11,0.0,HOLD,114474447454.16382
2025-03-12,0.0,HOLD,114487742556.62556
2025-03-13,0.0,HOLD,114501039203.18575
2025-03-14,0.0,HOLD,114514337394.02162
2025-03-17,0.0,HOLD,114554241233.9914
2025-03-18,0.0,HOLD,114567545603.72968
2025-03-19,0.0,HOLD,114580851518.64279
2025-03-20,0.0,HOLD,114594158978.9111
2025-03-21,0.0,HOLD,114607467984.71185
2025-03-24,0.1,TRADE,114647404277.09897
2025-03-25,0.1,HOLD,114863967876.18971
2025-03-26,0.0,TRADE,114227054261.54825
2025-03-27,0.0,HOLD,114240320631.67612
2025-03-28,0.0,HOLD,114253588542.56621
2025-03-31,0.0,HOLD,114293401521.59435
2025-04-01,0.0,HOLD,114306675597.31749
2025-04-02,0.0,HOLD,114319951214.69746
2025-04-03,0.0,HOLD,114333228373.91252
2025-04-04,0.0,HOLD,114346507075.13983
2025-04-07,0.0,HOLD,114386352432.6939
2025-04-08,0.0,HOLD,114399637303.76909
2025-04-09,0.0,HOLD,114412923717.75383
2025-04-10,0.0,HOLD,114426211674.82764
2025-04-11,0.0,HOLD,114439501175.16779
2025-04-14,0.0,HOLD,114479378937.59369
2025-04-15,0.0,HOLD,114492674612.79932
2025-04-16,0.0,HOLD,114505971832.16978
2025-04-17,0.0,HOLD,114519270595.88338
2025-04-21,0.0,HOLD,114572481097.7623
2025-04-22,0.0,HOLD,114585787585.88576
2025-04-23,0.0,HOLD,114599095619.42828
2025-04-24,0.0,HOLD,114612405198.57065
2025-04-25,0.8,TRADE,114625716323.49281
2025-04-28,0.8,HOLD,114565811522.90356
2025-04-29,0.8,HOLD,116355989801.29155
2025-04-30,0.8,HOLD,116375798353.10815
2025-05-01,0.8,HOLD,119596194840.70592
2025-05-02,0.8,HOLD,124127824451.44473
2025-05-05,0.8,HOLD,122382251327.48756
2025-05-06,0.8,HOLD,119558428439.96909
2025-05-07,0.8,HOLD,120684763292.53275
2025-05-08,0.8,HOLD,123598956166.7507
2025-05-09,0.8,HOLD,123363310274.54004
2025-05-12,0.8,HOLD,135527646979.52794
2025-05-13,0.8,HOLD,140689179232.21472
2025-05-14,0.8,HOLD,142768766049.48938
2025-05-15,0.8,HOLD,143146219367.1789
2025-05-16,0.8,HOLD,144630197129.17218
2025-05-19,0.8,HOLD,144961555726.16907
2025-05-20,0.8,HOLD,143687282439.02438
2025-05-21,0.8,HOLD,138667217815.20575
2025-05-22,0.8,HOLD,139265840971.66086
2025-05-23,0.8,HOLD,135914649903.39392
2025-05-27,0.8,HOLD,143791018993.8565
2025-05-28,0.8,HOLD,142244489073.8792
2025-05-29,0.8,HOLD,142825969621.716
2025-05-30,0.8,HOLD,142198743453.70956
2025-06-02,0.8,HOLD,144947872029.4537
2025-06-03,0.8,HOLD,147793836740.0551
2025-06-04,0.8,HOLD,148801195498.89813
2025-06-05,0.8,HOLD,145875199022.78143
2025-06-06,0.8,HOLD,149385353462.40106
2025-06-09,0.8,HOLD,149955044062.4265
2025-06-10,0.8,HOLD,152409424161.0061
2025-06-11,0.8,HOLD,151084066258.2507
2025-06-12,0.8,HOLD,151921008384.84302
2025-06-13,0.8,HOLD,147054568136.46783
2025-06-16,0.8,HOLD,152119283820.29736
2025-06-17,0.8,HOLD,148307934608.81393
2025-06-18,0.8,HOLD,148140537358.94095
2025-06-20,0.8,HOLD,146426274752.46082
2025-06-23,0.8,HOLD,150265145163.39172
2025-06-24,0.8,HOLD,156056589696.4326
2025-06-25,0.8,HOLD,157080071079.79984
2025-06-26,0.8,HOLD,160753792946.45776
2025-06-27,0.8,HOLD,162105083156.0744
2025-06-30,0.8,HOLD,164810690114.19766
2025-07-01,0.8,HOLD,161210911852.96017
2025-07-02,0.8,HOLD,163962589292.6578
2025-07-03,0.8,HOLD,167909258245.84543
2025-07-07,0.8,HOLD,164693005349.3093
2025-07-08,0.8,HOLD,164883597346.18234
2025-07-09,0.8,HOLD,167822840866.96854
2025-07-10,0.8,HOLD,167159623417.98624
2025-07-11,0.8,HOLD,166069501246.1306
2025-07-14,0.8,HOLD,167597274877.25537
2025-07-15,0.8,HOLD,167975432956.73804
2025-07-16,0.8,HOLD,168387880909.36334
2025-07-17,0.8,HOLD,171771176741.657
2025-07-18,0.8,HOLD,171261579022.55984
2025-07-21,0.8,HOLD,173523498710.46198
2025-07-22,0.8,HOLD,171186954428.86932
2025-07-23,0.8,HOLD,173135919796.99936
2025-07-24,0.8,HOLD,174128892516.05603
2025-07-25,0.8,HOLD,174985393094.65927
2025-07-28,0.8,HOLD,176478890280.3964
2025-07-29,0.8,HOLD,175781389203.30765
2025-07-30,0.8,HOLD,176313512097.3265
2025-07-31,0.8,HOLD,173789406729.5241
2025-08-01,0.8,HOLD,164760229051.67975
2025-08-04,0.8,HOLD,172519464289.99512
2025-08-05,0.8,HOLD,169414838217.81396
2025-08-06,0.8,HOLD,174881231133.21866
2025-08-07,0.8,HOLD,176420440936.9298
2025-08-08,0.8,HOLD,180554685032.23447
2025-08-11,0.8,HOLD,179179873574.9116
2025-08-12,0.8,HOLD,184936358054.63806
2025-08-13,0.8,HOLD,185178052747.26477
2025-08-14,0.8,HOLD,184737042592.97888
2025-08-15,0.8,HOLD,182451940159.77798
2025-08-18,0.8,HOLD,182254981700.293
2025-08-19,0.8,HOLD,175769752189.8754
2025-08-20,0.8,HOLD,172989510061.9836
2025-08-21,0.8,HOLD,170909461083.71744
2025-08-22,0.8,HOLD,177553705431.41693
2025-08-25,0.8,HOLD,176212853797.8715
2025-08-26,0.8,HOLD,177991067794.19794
2025-08-27,0.8,HOLD,178693961470.30743
2025-08-28,0.8,HOLD,181530694842.90338
2025-08-29,0.8,HOLD,175831042311.14148
2025-09-02,0.8,HOLD,171948957454.60144
2025-09-03,0.8,HOLD,175417649319.77875
2025-09-04,0.8,HOLD,179535099993.5488
2025-09-05,0.8,HOLD,180050089699.62183
2025-09-08,0.8,HOLD,182294567746.9975
2025-09-09,0.8,HOLD,183594789656.86246
2025-09-10,0.8,HOLD,183768256905.47797
2025-09-11,0.8,HOLD,186468865116.08844
2025-09-12,0.8,HOLD,188503227470.13654
2025-09-15,0.8,HOLD,192728277160.44952
2025-09-16,0.8,HOLD,192270132580.587
2025-09-17,0.8,HOLD,191197176485.8875
2025-09-18,0.8,HOLD,195724391812.82196
2025-09-19,0.8,HOLD,199141654363.7395
2025-09-22,0.8,HOLD,202120628009.56415
2025-09-23,0.8,HOLD,198520876049.86926
2025-09-24,0.8,HOLD,196640402994.8102
2025-09-25,0.8,HOLD,194318623604.01117
2025-09-26,0.8,HOLD,196372192515.19666
2025-09-29,0.8,HOLD,198687669763.7791
2025-09-30,0.8,HOLD,200057506087.35858
2025-10-01,0.8,HOLD,202555126388.08633
2025-10-02,0.8,HOLD,204745512536.95184
2025-10-03,0.8,HOLD,202287263212.16028
2025-10-06,0.8,HOLD,206294251120.31973
2025-10-07,0.8,HOLD,203340518898.99335
2025-10-08,0.8,HOLD,209444374538.54614
2025-10-09,0.8,HOLD,208712263606.64682
2025-10-10,0.8,HOLD,189266625058.63403
2025-10-13,0.8,HOLD,199802009110.44412
2025-10-14,0.8,HOLD,196215979590.73447
2025-10-15,0.8,HOLD,199756349855.02942
2025-10-16,0.8,HOLD,197793588785.31036
2025-10-17,0.8,HOLD,201111763325.10974
2025-10-20,0.8,HOLD,207785120743.06647
2025-10-21,0.8,HOLD,207582444418.8282
2025-10-22,0.8,HOLD,202167755133.9286
2025-10-23,0.8,HOLD,206648004790.77628
2025-10-24,0.8,HOLD,212358907108.70026
2025-10-27,0.8,HOLD,222398477363.021
2025-10-28,0.8,HOLD,226947307721.0916
2025-10-29,0.8,HOLD,229547462641.8499
2025-10-30,0.8,HOLD,220116782496.0923
2025-10-31,0.8,HOLD,222905187738.8941
2025-11-03,0.8,HOLD,225647603146.29578
2025-11-04,0.8,HOLD,213277280514.006
2025-11-05,0.8,HOLD,216971617539.81714
2025-11-06,0.8,HOLD,206122380467.19327
2025-11-07,0.8,HOLD,204227862573.46277
2025-11-10,0.8,HOLD,216079306509.08752
2025-11-11,0.8,HOLD,214492710138.85568
2025-11-12,0.8,HOLD,214102476869.36908
2025-11-13,0.8,HOLD,202330167028.54193
2025-11-14,0.8,HOLD,202469708109.97214
2025-11-17,0.8,HOLD,197880685761.1981
2025-11-18,0.4,TRADE,191577562487.45493
2025-11-19,0.4,HOLD,192907433931.38092
2025-11-20,0.30000000000000004,TRADE,187348984020.48035
2025-11-21,0.30000000000000004,HOLD,188608976444.4279
2025-11-24,0.8,TRADE,193006110728.09854
2025-11-25,0.8,HOLD,195821302768.4707
2025-11-26,0.8,HOLD,199936242562.51114
2025-11-28,0.8,HOLD,203480846623.9788
2025-12-01,0.8,HOLD,202011837507.2021
2025-12-02,0.8,HOLD,205794413261.13998
2025-12-03,0.8,HOLD,206977494767.72998
2025-12-04,0.8,HOLD,206437183297.9618
2025-12-05,0.8,HOLD,208375975014.1386
2025-12-08,0.8,HOLD,207330014277.00308
2025-12-09,0.8,HOLD,207968757086.83636
2025-12-10,0.8,HOLD,209907550905.11243
2025-12-11,0.8,HOLD,208279166448.84268
2025-12-12,0.8,HOLD,198338282607.73505
2025-12-15,0.8,HOLD,195931932536.21756
2025-12-16,0.8,HOLD,196873022688.97864
2025-12-17,0.30000000000000004,TRADE,188020520135.10684
2025-12-18,0.4,TRADE,190443468291.94968
2025-12-19,0.8,TRADE,193427877496.74786
2025-12-22,0.8,HOLD,195550760633.22403
2025-12-23,0.8,HOLD,197752012565.93488
2025-12-24,0.8,HOLD,199018686748.97815
2025-12-26,0.8,HOLD,198882020220.25754
2025-12-29,0.4,TRADE,196519691138.44705
2025-12-30,0.4,HOLD,195969307834.87213
2025-12-31,0.4,HOLD,193990339129.07306
2026-01-02,0.4,HOLD,193480163503.9815
2026-01-05,0.4,HOLD,195318790046.65637
2026-01-06,0.8,TRADE,197364468239.5755
2026-01-07,0.8,HOLD,197827469179.83496
2026-01-08,0.8,HOLD,195018743818.85333
2026-01-09,0.8,HOLD,199528854170.0128
2026-01-12,0.8,HOLD,199913343696.76434
2026-01-13,0.8,HOLD,199084906115.289
2026-01-14,0.8,HOLD,194008399191.90378
2026-01-15,0.8,HOLD,195590920183.81345
2026-01-16,0.8,HOLD,194905945216.89734
2026-01-20,0.6000000000000001,TRADE,185134136762.29132
2026-01-21,0.8,TRADE,189520672340.4618
2026-01-22,0.8,HOLD,192888329612.28082
2026-01-23,0.8,HOLD,194272181779.16772
2026-01-26,0.8,HOLD,196296218540.78842
2026-01-27,0.8,HOLD,200497951475.55084
2026-01-28,0.8,HOLD,201996721022.27887
2026-01-29,0.8,HOLD,199067641735.04654
2026-01-30,0.8,HOLD,193205767938.4824
2026-02-02,0.8,HOLD,196379543967.49902
2026-02-03,0.30000000000000004,TRADE,188965015517.79004
2026-02-04,0.30000000000000004,HOLD,185998907056.441
2026-02-05,0.30000000000000004,HOLD,183723561737.56003
2026-02-06,0.30000000000000004,HOLD,186920686458.21088
2026-02-09,0.30000000000000004,HOLD,188200869816.6147
2026-02-10,0.30000000000000004,HOLD,187436687318.37164
2026-02-11,0.30000000000000004,HOLD,187859851041.04834
2026-02-12,0.30000000000000004,HOLD,184483447320.69205
2026-02-13,0.30000000000000004,HOLD,184723138407.95148
2026-02-17,0.30000000000000004,HOLD,184645502359.28064
2026-02-18,0.30000000000000004,HOLD,185781060322.83655
2026-02-19,0.6000000000000001,TRADE,185189552698.46704
2026-02-20,0.6000000000000001,HOLD,187995769926.18964
2026-02-23,0.30000000000000004,TRADE,183876084117.83902
2026-02-24,0.30000000000000004,HOLD,185649627565.63766
2026-02-25,0.8,TRADE,188052224823.26483
2026-02-26,0.30000000000000004,TRADE,182777239957.14117
2026-02-27,0.30000000000000004,HOLD,182209149997.78925
2026-03-02,0.30000000000000004,HOLD,182443956057.39124
2026-03-03,0.2,TRADE,180703541097.93872
2026-03-04,0.30000000000000004,TRADE,182340627094.8048
2026-03-05,0.30000000000000004,HOLD,181852517662.00854
2026-03-06,0.2,TRADE,179405238872.166
2026-03-09,0.30000000000000004,TRADE,180843759312.32465
2026-03-10,0.30000000000000004,HOLD,180867162758.608
2026-03-11,0.30000000000000004,HOLD,180824550654.42804
2026-03-12,0.1,TRADE,178068870770.64993
2026-03-13,0.1,HOLD,177742354550.22913
2026-03-16,0.2,TRADE,178371245948.025
2026-03-17,0.2,HOLD,178911359244.622
2026-03-18,0.1,TRADE,177376900262.5335
2026-03-19,0.1,HOLD,177234793387.73734
2026-03-20,0.0,TRADE,176246191716.3151
2026-03-23,0.0,HOLD,176297991326.92175
2026-03-24,0.0,HOLD,176315261246.71634
2026-03-25,0.0,HOLD,176332532858.24802
2026-03-26,0.0,HOLD,176349806161.68625
2026-03-27,0.0,HOLD,176367081157.19342
2026-03-30,0.0,HOLD,176418916297.7949
2026-03-31,0.0,HOLD,176436198063.23996
2026-04-01,0.0,HOLD,176453481521.58624
2026-04-02,0.0,HOLD,176470766672.9937
2026-04-06,0.0,HOLD,176539924212.60114
2026-04-07,0.0,HOLD,176557217831.82285
2026-04-08,0.8,TRADE,176574513145.10635
2026-04-09,0.8,HOLD,179403164756.93
2026-04-10,0.8,HOLD,180024635293.31824
2026-04-13,0.8,HOLD,184419950291.16537
2026-04-14,0.8,HOLD,192516409906.54214
2026-04-15,0.8,HOLD,199111986499.23
2026-04-16,0.8,HOLD,201410916944.46457
2026-04-17,0.8,HOLD,207771061531.14746
2026-04-20,0.8,HOLD,206280566544.78864
2026-04-21,0.8,HOLD,204282852199.37885
2026-04-22,0.8,HOLD,212555889041.1864
2026-04-23,0.8,HOLD,209645873723.11414
2026-04-24,0.8,HOLD,219478652776.3572
2026-04-27,0.8,HOLD,219724480961.4403
2026-04-28,0.8,HOLD,214136420557.71707
