date,tqqq_alloc,bond_alloc,equity
1985-02-04,1.0,0.0,999500.0
1985-02-05,1.0,0.0,1011624.1041428987
1985-02-06,1.0,0.0,1020426.5008955947
1985-02-07,1.0,0.0,1053311.2759581292
1985-02-08,1.0,0.0,1054639.8310909998
1985-02-11,1.0,0.0,1033048.3496403222
1985-02-12,1.0,0.0,1012121.4653467609
1985-02-13,1.0,0.0,1033048.093726051
1985-02-14,1.0,0.0,1011124.6971598484
1985-02-15,1.0,0.0,986710.0200427637
1985-02-19,1.0,0.0,964121.8975286467
1985-02-20,1.0,0.0,972426.0377201377
1985-02-21,1.0,0.0,966280.7508734016
1985-02-22,1.0,0.0,958640.6956829997
1985-02-25,1.0,0.0,926585.8346818332
1985-02-26,1.0,0.0,950501.9992573566
1985-02-27,1.0,0.0,923928.2119648407
1985-02-28,1.0,0.0,922267.2298213834
1985-03-01,1.0,0.0,951165.9553348656
1985-03-04,1.0,0.0,956646.3867854759
1985-03-05,1.0,0.0,944189.8555657287
1985-03-06,1.0,0.0,895692.7994833642
1985-03-07,1.0,0.0,853506.9873475418
1985-03-08,1.0,0.0,835403.5535213158
1985-03-11,1.0,0.0,822946.7645508536
1985-03-12,1.0,0.0,832579.5870288647
1985-03-13,1.0,0.0,769633.1037107995
1985-03-14,1.0,0.0,754187.035573232
1985-03-15,1.0,0.0,765812.8823670255
1985-03-18,1.0,0.0,765314.2391924924
1985-03-19,1.0,0.0,788898.2323417742
1985-03-20,1.0,0.0,784081.6275507587
1985-03-21,1.0,0.0,784247.583763135
1985-03-22,1.0,0.0,776441.4422843255
1985-03-25,1.0,0.0,730435.4076183195
1985-03-26,1.0,0.0,734255.2417590041
1985-03-27,1.0,0.0,755347.9541260822
1985-03-28,1.0,0.0,755015.6540037178
1985-03-29,1.0,0.0,773284.9150507629
1985-04-01,1.0,0.0,799526.0147183193
1985-04-02,1.0,0.0,783581.6898499934
1985-04-03,1.0,0.0,747707.120803086
1985-04-04,0.5,0.0,742704.5390920348
1985-04-08,0.5,0.0,734812.3537294025
1985-04-09,0.5,0.0,736387.0021564354
1985-04-10,0.5,0.0,753065.1079562794
1985-04-11,0.5,0.0,754224.864995043
1985-04-12,0.5,0.0,756546.435779118
1985-04-15,0.5,0.0,758864.0459387004
1985-04-16,0.5,0.0,763509.2984780616
1985-04-17,0.5,0.0,769316.3804277214
1985-04-18,0.5,0.0,764003.3407197397
1985-04-19,0.5,0.0,760681.9945623368
1985-04-22,0.5,0.0,750552.0970425545
1985-04-23,0.5,0.0,756774.2064893062
1985-04-24,0.5,0.0,756357.4496427048
1985-04-25,0.5,0.0,761251.8156574359
1985-04-26,0.5,0.0,757930.5893827865
1985-04-29,0.5,0.0,742075.0187932389
1985-04-30,0.5,0.0,733857.690519612
1985-05-01,0.5,0.0,728461.9045931913
1985-05-02,0.5,0.0,723978.9844545588
1985-05-03,0.5,0.0,732356.0644263999
1985-05-06,0.4,0.0,724428.5766370932
1985-05-07,0.4,0.0,728292.2342266771
1985-05-08,0.4,0.0,729000.8700468296
1985-05-09,0.4,0.0,740066.2887289131
1985-05-10,1.0,0.0,764906.1402542716
1985-05-13,1.0,0.0,772536.5487631102
1985-05-14,1.0,0.0,760136.8180164108
1985-05-15,1.0,0.0,764746.9002760126
1985-05-16,1.0,0.0,778736.2252153262
1985-05-17,1.0,0.0,798925.3885316047
1985-05-20,1.0,0.0,831991.0311813515
1985-05-21,1.0,0.0,820227.1812014731
1985-05-22,1.0,0.0,808781.271638466
1985-05-23,1.0,0.0,788909.9406597808
1985-05-24,1.0,0.0,783504.8992451715
1985-05-28,1.0,0.0,754095.1929108485
1985-05-29,1.0,0.0,754095.1387438063
1985-05-30,1.0,0.0,737085.2715436534
1985-05-31,1.0,0.0,753777.089939155
1985-06-03,1.0,0.0,755843.5400735935
1985-06-04,0.9,0.0,761369.2635548746
1985-06-05,1.0,0.0,754910.7513306603
1985-06-06,1.0,0.0,756819.5884448667
1985-06-07,0.8,0.0,742588.0151566765
1985-06-10,0.8,0.0,740645.6184238812
1985-06-11,0.8,0.0,729604.4252340798
1985-06-12,0.4,0.0,705700.8088786155
1985-06-13,0.4,0.0,690053.1863228381
1985-06-14,0.4,0.0,695811.2016882037
1985-06-17,0.4,0.0,690970.5195722156
1985-06-18,0.4,0.0,692021.94201062
1985-06-19,0.4,0.0,693460.2333039163
1985-06-20,0.4,0.0,689289.2239467399
1985-06-21,0.4,0.0,697755.3021963047
1985-06-24,0.4,0.0,708453.3848520726
1985-06-25,1.0,0.0,725153.5056706506
1985-06-26,1.0,0.0,748467.1173790785
1985-06-27,1.0,0.0,769915.636116921
1985-06-28,1.0,0.0,769449.3125784093
1985-07-01,1.0,0.0,774111.8940070684
1985-07-02,1.0,0.0,761677.8906027087
1985-07-03,1.0,0.0,751575.2533847672
1985-07-05,1.0,0.0,759968.0709461238
1985-07-08,1.0,0.0,742560.3854466021
1985-07-09,1.0,0.0,731836.0505041503
1985-07-10,1.0,0.0,741316.8892687411
1985-07-11,1.0,0.0,759967.7684015393
1985-07-12,1.0,0.0,777064.4033901555
1985-07-15,1.0,0.0,785768.0190611649
1985-07-16,1.0,0.0,811879.2699688784
1985-07-17,1.0,0.0,848093.1077241203
1985-07-18,1.0,0.0,821360.0581120818
1985-07-19,1.0,0.0,831773.4432483665
1985-07-22,1.0,0.0,823224.9488002756
1985-07-23,1.0,0.0,830996.1188638539
1985-07-24,1.0,0.0,814831.9292791054
1985-07-25,1.0,0.0,827421.2561286215
1985-07-26,1.0,0.0,821204.2289661642
1985-07-29,1.0,0.0,773333.3577208912
1985-07-30,1.0,0.0,773177.8826261355
1985-07-31,1.0,0.0,775664.6225441647
1985-08-01,1.0,0.0,799289.082648512
1985-08-02,1.0,0.0,796802.2413193852
1985-08-05,0.6000000000000001,0.0,773489.0156031236
1985-08-06,0.6000000000000001,0.0,761803.712285279
1985-08-07,0.6000000000000001,0.0,749375.5035863181
1985-08-08,0.6000000000000001,0.0,752236.831876145
1985-08-09,0.6000000000000001,0.0,754818.49365093
1985-08-12,0.6000000000000001,0.0,748579.2257339455
1985-08-13,0.4,0.0,734687.1433616005
1985-08-14,0.4,0.0,735681.6957853525
1985-08-15,0.4,0.0,733129.8533574515
1985-08-16,0.4,0.0,726257.8628673118
1985-08-19,0.4,0.0,722600.2894253419
1985-08-20,0.4,0.0,731461.5502067283
1985-08-21,0.5,0.0,737320.3212743218
1985-08-22,0.4,0.0,729246.6329727543
1985-08-23,0.0,0.0,726397.7810624867
1985-08-26,0.0,0.0,726851.8935273362
1985-08-27,0.0,0.0,727003.3226747572
1985-08-28,0.0,0.0,727154.7901202996
1985-08-29,0.0,0.0,727306.277519398
1985-08-30,0.0,0.0,727457.8048256091
1985-09-03,0.0,0.0,728064.2232490598
1985-09-04,0.0,0.0,728215.9051914023
1985-09-05,0.0,0.0,728367.9812214343
1985-09-06,0.0,0.0,728520.0971585793
1985-09-09,0.0,0.0,728976.630091166
1985-09-10,0.0,0.0,729128.874256065
1985-09-11,0.0,0.0,729281.1498204271
1985-09-12,0.0,0.0,729433.4553151234
1985-09-13,0.0,0.0,729585.790740154
1985-09-16,0.0,0.0,730042.9822719966
1985-09-17,0.0,0.0,730195.4492955854
1985-09-18,0.0,0.0,730347.9443464809
1985-09-19,0.0,0.0,730500.4693277102
1985-09-20,0.0,0.0,730653.0342160512
1985-09-23,0.30000000000000004,0.0,731001.2476485773
1985-09-24,0.0,0.0,717932.1336791666
1985-09-25,0.0,0.0,718082.0717737606
1985-09-26,0.0,0.0,718232.0401737016
1985-09-27,0.0,0.0,718382.0384955101
1985-09-30,0.0,0.0,718832.2172296157
1985-10-01,0.0,0.0,718982.3399847633
1985-10-02,0.0,0.0,719132.4978896584
1985-10-03,0.0,0.0,719283.9623827661
1985-10-04,0.0,0.0,719435.4567977411
1985-10-07,0.0,0.0,719890.1255551616
1985-10-08,0.0,0.0,720041.7516342888
1985-10-09,0.0,0.0,720193.4056300372
1985-10-10,0.0,0.0,720345.0895476525
1985-10-11,0.0,0.0,720496.8133610905
1985-10-14,0.0,0.0,720952.1405280844
1985-10-15,0.0,0.0,721103.9894017323
1985-10-16,1.0,0.0,720895.2448581813
1985-10-17,1.0,0.0,728537.6016022805
1985-10-18,1.0,0.0,719939.7598638475
1985-10-21,1.0,0.0,707329.4544415295
1985-10-22,1.0,0.0,721085.7681416873
1985-10-23,1.0,0.0,732358.2867609306
1985-10-24,1.0,0.0,739809.5821907602
1985-10-25,1.0,0.0,709048.6459270585
1985-10-28,1.0,0.0,706755.6425878858
1985-10-29,1.0,0.0,735796.8488004311
1985-10-30,1.0,0.0,742292.8383046241
1985-10-31,1.0,0.0,736178.7913349805
1985-11-01,1.0,0.0,750890.4106038262
1985-11-04,1.0,0.0,745731.489420408
1985-11-05,1.0,0.0,752800.662265614
1985-11-06,1.0,0.0,770569.2599564042
1985-11-07,1.0,0.0,774772.515381538
1985-11-08,1.0,0.0,806488.5775875885
1985-11-11,1.0,0.0,829033.5238960973
1985-11-12,1.0,0.0,857883.6686372571
1985-11-13,1.0,0.0,843362.930409163
1985-11-14,1.0,0.0,856737.1212786649
1985-11-15,1.0,0.0,863233.1104249322
1985-11-18,1.0,0.0,857883.1271429025
1985-11-19,1.0,0.0,870302.0121085073
1985-11-20,1.0,0.0,861704.1696324926
1985-11-21,1.0,0.0,890936.4364885559
1985-11-22,1.0,0.0,898196.6701112074
1985-11-25,1.0,0.0,879281.3441145337
1985-11-26,1.0,0.0,896094.6355651343
1985-11-27,1.0,0.0,934879.9602042165
1985-11-29,1.0,0.0,940611.6138729982
1985-12-02,1.0,0.0,920358.8592956557
1985-12-03,1.0,0.0,920740.8909701548
1985-12-04,1.0,0.0,979778.6982374829
1985-12-05,1.0,0.0,991051.2158932424
1985-12-06,1.0,0.0,955513.7497292085
1985-12-09,1.0,0.0,966595.0246492825
1985-12-10,1.0,0.0,977103.297558915
1985-12-11,1.0,0.0,1004042.8300646214
1985-12-12,1.0,0.0,1016843.836829408
1985-12-13,1.0,0.0,1071678.2984099856
1985-12-16,1.0,0.0,1082568.5116978826
1985-12-17,1.0,0.0,1055437.736253329
1985-12-18,1.0,0.0,1045120.3427215229
1985-12-19,1.0,0.0,1063271.0617621853
1985-12-20,1.0,0.0,1070531.2947539375
1985-12-23,1.0,0.0,1032509.8510280077
1985-12-24,1.0,0.0,1015123.1945013256
1985-12-26,1.0,0.0,1021810.1527433395
1985-12-27,1.0,0.0,1047794.3790955858
1985-12-30,1.0,0.0,1058111.4079582985
1985-12-31,1.0,0.0,1065753.763017707
1986-01-02,1.0,0.0,1039769.2628635574
1986-01-03,1.0,0.0,1022191.5449519076
1986-01-06,1.0,0.0,1017032.6195114711
1986-01-07,1.0,0.0,1073204.508634504
1986-01-08,1.0,0.0,1032890.5127649516
1986-01-09,1.0,0.0,976336.3184124037
1986-01-10,1.0,0.0,992958.5476875466
1986-01-13,1.0,0.0,981494.6035442287
1986-01-14,1.0,0.0,982640.8789015603
1986-01-15,1.0,0.0,1035755.7893090189
1986-01-16,1.0,0.0,1071102.0119665926
1986-01-17,1.0,0.0,1063268.4128129045
1986-01-20,1.0,0.0,1034417.9027812164
1986-01-21,1.0,0.0,1021616.7134191489
1986-01-22,1.0,0.0,986270.307348258
1986-01-23,1.0,0.0,977672.463424433
1986-01-24,1.0,0.0,998115.9155479419
1986-01-27,1.0,0.0,1011107.7987174679
1986-01-28,1.0,0.0,1038047.3301338098
1986-01-29,1.0,0.0,1062694.127627044
1986-01-30,1.0,0.0,1041104.1247752436
1986-01-31,1.0,0.0,1057726.353571834
1986-02-03,1.0,0.0,1088295.8628305057
1986-02-04,1.0,0.0,1096320.3394096321
1986-02-05,1.0,0.0,1122686.6871680785
1986-02-06,1.0,0.0,1144849.6894198102
1986-02-07,1.0,0.0,1163764.651956602
1986-02-10,1.0,0.0,1180768.8184915273
1986-02-11,1.0,0.0,1183443.5824764487
1986-02-12,1.0,0.0,1192996.5481392797
1986-02-13,1.0,0.0,1205033.308837822
1986-02-14,1.0,0.0,1230062.2282816598
1986-02-18,1.0,0.0,1244391.4457257292
1986-02-19,1.0,0.0,1214394.7514482802
1986-02-20,1.0,0.0,1221463.9218689709
1986-02-21,1.0,0.0,1252224.6759028637
1986-02-24,1.0,0.0,1226049.019685868
1986-02-25,1.0,0.0,1204267.955079897
1986-02-26,1.0,0.0,1189747.2144684682
1986-02-27,1.0,0.0,1231398.4543907575
1986-02-28,1.0,0.0,1227959.2609179842
1986-03-03,1.0,0.0,1209234.9893939092
1986-03-04,1.0,0.0,1229296.3183068715
1986-03-05,1.0,0.0,1220507.412285018
1986-03-06,1.0,0.0,1234072.6617677987
1986-03-07,1.0,0.0,1231015.5904505476
1986-03-10,1.0,0.0,1275341.5007002014
1986-03-11,1.0,0.0,1352721.1769586673
1986-03-12,1.0,0.0,1387494.2148806322
1986-03-13,1.0,0.0,1397620.3633515711
1986-03-14,1.0,0.0,1396282.842298055
1986-03-17,1.0,0.0,1377367.5086471606
1986-03-18,1.0,0.0,1411949.485272211
1986-03-19,1.0,0.0,1406790.7409360632
1986-03-20,1.0,0.0,1415197.3388200852
1986-03-21,1.0,0.0,1420164.8358305714
1986-03-24,1.0,0.0,1392842.8107265085
1986-03-25,1.0,0.0,1403160.0200784118
1986-03-26,1.0,0.0,1395708.541680037
1986-03-27,1.0,0.0,1426469.2949297389
1986-03-31,1.0,0.0,1439652.1416420378
1986-04-01,1.0,0.0,1426850.950670649
1986-04-02,1.0,0.0,1439460.8937374386
1986-04-03,1.0,0.0,1432391.5374703421
1986-04-04,1.0,0.0,1383097.6651833248
1986-04-07,1.0,0.0,1354438.2109972406
1986-04-08,1.0,0.0,1433728.498191054
1986-04-09,1.0,0.0,1436403.2608608054
1986-04-10,1.0,0.0,1513782.9364245832
1986-04-11,1.0,0.0,1539767.1603673033
1986-04-14,1.0,0.0,1576832.7441677095
1986-04-15,1.0,0.0,1606447.1300261568
1986-04-16,1.0,0.0,1729108.2999807894
1986-04-17,1.0,0.0,1733120.490572954
1986-04-18,1.0,0.0,1686501.474177445
1986-04-21,1.0,0.0,1713249.754937733
1986-04-22,1.0,0.0,1690513.3832435447
1986-04-23,1.0,0.0,1676565.8248104258
1986-04-24,1.0,0.0,1752034.888464678
1986-04-25,1.0,0.0,1770758.7880638186
1986-04-28,1.0,0.0,1751079.2068538193
1986-04-29,1.0,0.0,1695862.4380757543
1986-04-30,1.0,0.0,1587339.6060929594
1986-05-01,1.0,0.0,1564603.2341887283
1986-05-02,1.0,0.0,1588103.662583325
1986-05-05,1.0,0.0,1652682.0517178136
1986-05-06,1.0,0.0,1651153.4682742243
1986-05-07,1.0,0.0,1622494.2003206615
1986-05-08,1.0,0.0,1649815.8517420576
1986-05-09,1.0,0.0,1672552.0353394975
1986-05-12,1.0,0.0,1666246.7342324017
1986-05-13,1.0,0.0,1642937.1785723127
1986-05-14,1.0,0.0,1640453.2891496108
1986-05-15,1.0,0.0,1600521.4126656547
1986-05-16,1.0,0.0,1575683.3676683884
1986-05-19,1.0,0.0,1584280.8364207782
1986-05-20,1.0,0.0,1635294.0711970627
1986-05-21,1.0,0.0,1647712.9519619215
1986-05-22,1.0,0.0,1715539.568626589
1986-05-23,1.0,0.0,1731588.611353242
1986-05-27,1.0,0.0,1763304.3851042949
1986-05-28,1.0,0.0,1766361.2689451936
1986-05-29,1.0,0.0,1775723.170988322
1986-05-30,1.0,0.0,1825207.916262718
1986-06-02,1.0,0.0,1786231.155597254
1986-06-03,1.0,0.0,1787759.5500300694
1986-06-04,1.0,0.0,1777060.0303045302
1986-06-05,1.0,0.0,1793682.2562003587
1986-06-06,1.0,0.0,1776677.7182019292
1986-06-09,1.0,0.0,1667772.573083232
1986-06-10,1.0,0.0,1650768.034990459
1986-06-11,1.0,0.0,1710187.9602165574
1986-06-12,1.0,0.0,1719740.9230880868
1986-06-13,1.0,0.0,1782599.9491173779
1986-06-16,1.0,0.0,1730248.9063763772
1986-06-17,0.5,0.5,1656434.6254149682
1986-06-18,1.0,0.0,1653600.5238545118
1986-06-19,1.0,0.0,1677685.589202419
1986-06-20,1.0,0.0,1686287.2659346585
1986-06-23,1.0,0.0,1684183.9658193183
1986-06-24,1.0,0.0,1722605.5018046296
1986-06-25,1.0,0.0,1760262.4259577969
1986-06-26,1.0,0.0,1749939.9608041835
1986-06-27,1.0,0.0,1745543.2369018493
1986-06-30,1.0,0.0,1776891.7011287431
1986-07-01,1.0,0.0,1799065.2364100209
1986-07-02,1.0,0.0,1818944.9362971345
1986-07-03,1.0,0.0,1836339.64784483
1986-07-07,1.0,0.0,1604279.1459316374
1986-07-08,0.4,0.6,1469207.101732335
1986-07-09,0.4,0.6,1493584.19625658
1986-07-10,0.4,0.6,1479981.6205357576
1986-07-11,0.4,0.6,1462863.820854836
1986-07-14,0.4,0.6,1421750.4216989526
1986-07-15,0.30000000000000004,0.7,1388418.0984612226
1986-07-16,0.4,0.6,1397821.9177756838
1986-07-17,0.4,0.6,1409596.7428583498
1986-07-18,0.4,0.6,1401197.8681209607
1986-07-21,0.30000000000000004,0.7,1392827.2519003951
1986-07-22,0.30000000000000004,0.7,1395434.3740957964
1986-07-23,0.30000000000000004,0.7,1393199.6441315578
1986-07-24,0.30000000000000004,0.7,1393820.3654307877
1986-07-25,0.4,0.6,1401818.330075585
1986-07-28,0.30000000000000004,0.7,1370151.6510520584
1986-07-29,0.1,0.9,1358616.5982098347
1986-07-30,0.1,0.9,1359434.3669619495
1986-07-31,0.1,0.9,1359864.7450090633
1986-08-01,0.1,0.9,1376530.2669214422
1986-08-04,0.1,0.9,1371752.2801165835
1986-08-05,0.1,0.9,1369836.794864189
1986-08-06,0.1,0.9,1366178.0514860032
1986-08-07,0.1,0.9,1366500.823543649
1986-08-08,0.1,0.9,1370719.0242166715
1986-08-11,0.1,0.9,1379241.4587845993
1986-08-12,0.30000000000000004,0.7,1383510.079010234
1986-08-13,0.30000000000000004,0.7,1398331.797681552
1986-08-14,0.4,0.6,1408026.7646821102
1986-08-15,0.4,0.6,1402980.4669349603
1986-08-18,0.30000000000000004,0.7,1396839.871613002
1986-08-19,0.30000000000000004,0.7,1392584.487633735
1986-08-20,0.4,0.6,1401931.2539987424
1986-08-21,1.0,0.0,1403661.1811959087
1986-08-22,1.0,0.0,1429099.0882876797
1986-08-25,1.0,0.0,1398853.3039209226
1986-08-26,1.0,0.0,1432904.1032312808
1986-08-27,1.0,0.0,1456739.611572552
1986-08-28,1.0,0.0,1456739.4410319733
1986-08-29,1.0,0.0,1445923.0800555549
1986-09-02,1.0,0.0,1377620.1580236014
1986-09-03,1.0,0.0,1390038.5762549932
1986-09-04,1.0,0.0,1433102.867255511
1986-09-05,0.30000000000000004,0.7,1382459.5188174797
1986-09-08,0.1,0.9,1356022.949170019
1986-09-09,0.1,0.9,1353739.746651377
1986-09-10,0.0,1.0,1350739.699985238
1986-09-11,0.0,1.0,1350739.6745217284
1986-09-12,0.0,1.0,1350739.6490533967
1986-09-15,0.0,1.0,1350739.5726166083
1986-09-16,0.0,1.0,1350739.5471277032
1986-09-17,0.0,1.0,1350739.5216341172
1986-09-18,0.0,1.0,1350739.496134908
1986-09-19,0.0,1.0,1350739.4706310267
1986-09-22,0.0,1.0,1350739.394090415
1986-09-23,0.0,1.0,1350739.3685668954
1986-09-24,0.0,1.0,1350739.3430377431
1986-09-25,0.0,1.0,1350739.317503916
1986-09-26,0.0,1.0,1350739.2919654136
1986-09-29,0.0,1.0,1350739.2153180514
1986-09-30,0.0,1.0,1350739.1897595762
1986-10-01,0.0,1.0,1360939.6546283397
1986-10-02,0.0,1.0,1360939.6290598714
1986-10-03,0.0,1.0,1360939.60362006
1986-10-06,0.0,1.0,1360939.527268927
1986-10-07,0.0,1.0,1360939.5018092094
1986-10-08,0.0,1.0,1360939.4763450972
1986-10-09,0.0,1.0,1360939.4508753617
1986-10-10,0.0,1.0,1360939.425400955
1986-10-13,0.0,1.0,1360939.3489460042
1986-10-14,0.0,1.0,1360939.3234516738
1986-10-15,0.0,1.0,1360939.297951997
1986-10-16,0.0,1.0,1360939.2724476457
1986-10-17,0.0,1.0,1360939.24693862
1986-10-20,0.0,1.0,1360939.1703826417
1986-10-21,0.0,1.0,1360939.1448533586
1986-10-22,0.0,1.0,1360939.1193190466
1986-10-23,1.0,0.0,1359578.0889637826
1986-10-24,1.0,0.0,1353633.8207482018
1986-10-27,1.0,0.0,1346975.7428034537
1986-10-28,1.0,0.0,1367185.0907895935
1986-10-29,1.0,0.0,1384779.0770835578
1986-10-30,1.0,0.0,1431855.3218216593
1986-10-31,1.0,0.0,1422106.8908595543
1986-11-03,1.0,0.0,1430903.221529661
1986-11-04,1.0,0.0,1464427.1375083688
1986-11-05,1.0,0.0,1470133.115984089
1986-11-06,1.0,0.0,1445881.3156143907
1986-11-07,1.0,0.0,1430188.8805628498
1986-11-10,1.0,0.0,1411167.2726995954
1986-11-11,1.0,0.0,1441362.5462293248
1986-11-12,1.0,0.0,1447306.2844933653
1986-11-13,1.0,0.0,1381684.2178092776
1986-11-14,1.0,0.0,1383586.033434447
1986-11-17,1.0,0.0,1373599.3101558404
1986-11-18,0.4,0.6,1299112.7781543052
1986-11-19,0.0,1.0,1285875.2425887391
1986-11-20,0.4,0.6,1285360.5405691632
1986-11-21,0.4,0.6,1302449.7165864776
1986-11-24,0.5,0.5,1319798.8785008327
1986-11-25,0.5,0.5,1336883.9882430546
1986-11-26,1.0,0.0,1351075.8479870788
1986-11-28,1.0,0.0,1379873.0542007994
1986-12-01,1.0,0.0,1348457.238791048
1986-12-02,1.0,0.0,1402997.7684298784
1986-12-03,1.0,0.0,1436594.6841382422
1986-12-04,1.0,0.0,1432667.624908594
1986-12-05,1.0,0.0,1404960.8373655996
1986-12-08,1.0,0.0,1370272.581732867
1986-12-09,1.0,0.0,1342129.4687952818
1986-12-10,1.0,0.0,1343656.4755291562
1986-12-11,1.0,0.0,1318785.8022116208
1986-12-12,1.0,0.0,1288242.900102095
1986-12-15,0.6000000000000001,0.3999999999999999,1262648.2075702017
1986-12-16,0.6000000000000001,0.3999999999999999,1268797.0689180559
1986-12-17,0.4,0.6,1245136.35111444
1986-12-18,0.4,0.6,1242848.3736344697
1986-12-19,0.6000000000000001,0.3999999999999999,1251841.741875355
1986-12-22,0.6000000000000001,0.3999999999999999,1256291.507889876
1986-12-23,0.4,0.6,1235502.5154048444
1986-12-24,0.6000000000000001,0.3999999999999999,1234815.1604120776
1986-12-26,0.6000000000000001,0.3999999999999999,1236531.6381354097
1986-12-29,0.0,1.0,1213231.6997899944
1986-12-30,0.0,1.0,1213231.5404794915
1986-12-31,0.0,1.0,1213231.3811264338
1987-01-02,0.1,0.9,1222787.8150373332
1987-01-05,1.0,0.0,1233285.0583476336
1987-01-06,1.0,0.0,1274162.5114351835
1987-01-07,1.0,0.0,1373839.4098178104
1987-01-08,1.0,0.0,1446331.6330708317
1987-01-09,1.0,0.0,1481570.7830180447
1987-01-12,1.0,0.0,1546410.5359408169
1987-01-13,1.0,0.0,1554666.3785601107
1987-01-14,1.0,0.0,1642663.9346808752
1987-01-15,1.0,0.0,1686561.9067359495
1987-01-16,1.0,0.0,1635414.199953796
1987-01-19,1.0,0.0,1753415.0941134107
1987-01-20,1.0,0.0,1754421.689667865
1987-01-21,1.0,0.0,1681928.9784820797
1987-01-22,1.0,0.0,1794292.0577571027
1987-01-23,1.0,0.0,1755427.796371669
1987-01-26,1.0,0.0,1671456.6219816913
1987-01-27,1.0,0.0,1747170.7316249136
1987-01-28,1.0,0.0,1776771.5775670526
1987-01-29,1.0,0.0,1715756.8398693323
1987-01-30,1.0,0.0,1743746.7419949865
1987-02-02,1.0,0.0,1856914.802757865
1987-02-03,1.0,0.0,1896584.0465511691
1987-02-04,1.0,0.0,1960216.0779495942
1987-02-05,1.0,0.0,1997468.9060721747
1987-02-06,1.0,0.0,1996059.085143945
1987-02-09,1.0,0.0,1960416.2197239976
1987-02-10,1.0,0.0,1915309.5504940313
1987-02-11,1.0,0.0,2036130.0831533945
1987-02-12,1.0,0.0,2044788.660075682
1987-02-13,1.0,0.0,2141243.669040033
1987-02-17,1.0,0.0,2304552.104660168
1987-02-18,1.0,0.0,2211318.4917132966
1987-02-19,1.0,0.0,2160976.254942606
1987-02-20,1.0,0.0,2116876.424986748
1987-02-23,1.0,0.0,2080830.8213570083
1987-02-24,1.0,0.0,2123117.8475351273
1987-02-25,1.0,0.0,2194200.492442687
1987-02-26,1.0,0.0,2237091.6224024347
1987-02-27,1.0,0.0,2256624.0685389303
1987-03-02,1.0,0.0,2192789.684798877
1987-03-03,1.0,0.0,2173458.113757197
1987-03-04,1.0,0.0,2270114.4896506863
1987-03-05,1.0,0.0,2320657.6018426595
1987-03-06,1.0,0.0,2304749.286017198
1987-03-09,1.0,0.0,2235477.9661162025
1987-03-10,1.0,0.0,2307164.714205186
1987-03-11,1.0,0.0,2337571.029717152
1987-03-12,1.0,0.0,2315823.042621803
1987-03-13,1.0,0.0,2254002.8307305556
1987-03-16,1.0,0.0,2236684.444271129
1987-03-17,1.0,0.0,2351866.672098563
1987-03-18,1.0,0.0,2355893.7840061304
1987-03-19,1.0,0.0,2427379.1636394453
1987-03-20,1.0,0.0,2498260.4393274453
1987-03-23,1.0,0.0,2479935.211901046
1987-03-24,1.0,0.0,2509133.318920522
1987-03-25,1.0,0.0,2508126.2313566213
1987-03-26,1.0,0.0,2526853.2041632384
1987-03-27,1.0,0.0,2459596.056490357
1987-03-30,1.0,0.0,2254401.3577627186
1987-03-31,1.0,0.0,2334344.1912063155
1987-04-01,1.0,0.0,2334142.575112543
1987-04-02,1.0,0.0,2392539.0363493017
1987-04-03,1.0,0.0,2532690.890721817
1987-04-06,1.0,0.0,2513358.8211737433
1987-04-07,1.0,0.0,2374414.677882473
1987-04-08,1.0,0.0,2443080.904929285
1987-04-09,1.0,0.0,2420326.076481297
1987-04-10,1.0,0.0,2401598.6072487887
1987-04-13,1.0,0.0,2234059.7153924787
1987-04-14,1.0,0.0,2078804.7666707058
1987-04-15,1.0,0.0,2172440.620809314
1987-04-16,1.0,0.0,2217144.0597565626
1987-04-20,1.0,0.0,2156934.0422918303
1987-04-21,1.0,0.0,2244931.593121161
1987-04-22,1.0,0.0,2218753.508577343
1987-04-23,1.0,0.0,2210497.172731988
1987-04-24,1.0,0.0,2086655.625768792
1987-04-27,0.5,0.5,2055622.1610748412
1987-04-28,0.5,0.5,2084401.7651346375
1987-04-29,0.5,0.5,2100502.1566680195
1987-04-30,1.0,0.0,2144857.713024785
1987-05-01,1.0,0.0,2178447.287471908
1987-05-04,1.0,0.0,2198716.3466922385
1987-05-05,1.0,0.0,2313770.8086046823
1987-05-06,1.0,0.0,2296010.477349453
1987-05-07,1.0,0.0,2320913.0374456197
1987-05-08,1.0,0.0,2332109.4197187265
1987-05-11,1.0,0.0,2289445.8870804515
1987-05-12,1.0,0.0,2278249.0773122814
1987-05-13,1.0,0.0,2324579.6052188496
1987-05-14,1.0,0.0,2339443.837617204
1987-05-15,1.0,0.0,2233848.141324393
1987-05-18,0.5,0.0,2144317.1366711794
1987-05-19,0.4,0.0,2074467.092562
1987-05-20,0.4,0.0,2077392.918358636
1987-05-21,0.4,0.0,2090316.5867391876
1987-05-22,0.4,0.0,2075848.4534949323
1987-05-26,0.5,0.0,2124576.807132343
1987-05-27,0.5,0.0,2137517.654448104
1987-05-28,0.5,0.0,2174505.9269827744
1987-05-29,1.0,0.0,2185080.5005761078
1987-06-01,0.5,0.0,2082102.795237233
1987-06-02,0.5,0.0,2058798.5603315546
1987-06-03,0.5,0.0,2079188.4784637257
1987-06-04,0.5,0.0,2087080.0430173771
1987-06-05,0.5,0.0,2077022.8554170798
1987-06-08,1.0,0.0,2107318.7384050805
1987-06-09,1.0,0.0,2171440.3719124054
1987-06-10,1.0,0.0,2188911.1116236136
1987-06-11,1.0,0.0,2175157.3487062166
1987-06-12,1.0,0.0,2197832.1721358276
1987-06-15,1.0,0.0,2170138.672985307
1987-06-16,1.0,0.0,2221621.817171952
1987-06-17,1.0,0.0,2226454.067562443
1987-06-18,1.0,0.0,2261767.3799943617
1987-06-19,1.0,0.0,2249128.7776882756
1987-06-22,1.0,0.0,2277565.0386566496
1987-06-23,1.0,0.0,2238534.2971465737
1987-06-24,1.0,0.0,2239463.4845398623
1987-06-25,1.0,0.0,2218461.176031891
1987-06-26,1.0,0.0,2207123.594495883
1987-06-29,1.0,0.0,2193369.6044062646
1987-06-30,1.0,0.0,2141700.373574988
1987-07-01,1.0,0.0,2148205.3648327817
1987-07-02,1.0,0.0,2177942.8728845404
1987-07-06,0.4,0.0,2129351.2447607927
1987-07-07,0.4,0.0,2111815.3415658134
1987-07-08,0.4,0.0,2106612.632140721
1987-07-09,0.4,0.0,2114193.993560235
1987-07-10,0.5,0.0,2123897.0528222127
1987-07-13,1.0,0.0,2151734.5409226753
1987-07-14,1.0,0.0,2305085.8980247425
1987-07-15,1.0,0.0,2299556.2847695574
1987-07-16,1.0,0.0,2339552.8892075643
1987-07-17,1.0,0.0,2331995.79252408
1987-07-20,1.0,0.0,2258821.734496907
1987-07-21,1.0,0.0,2234123.1873214324
1987-07-22,1.0,0.0,2248131.1410150733
1987-07-23,1.0,0.0,2172376.875946478
1987-07-24,1.0,0.0,2222879.53043406
1987-07-27,1.0,0.0,2227302.79035771
1987-07-28,1.0,0.0,2245365.7106667846
1987-07-29,1.0,0.0,2277621.014612559
1987-07-30,1.0,0.0,2340841.5192487612
1987-07-31,1.0,0.0,2331625.57218918
1987-08-03,1.0,0.0,2290522.6138882353
1987-08-04,1.0,0.0,2311718.9174337755
1987-08-05,1.0,0.0,2393924.0390296974
1987-08-06,1.0,0.0,2523682.861698825
1987-08-07,1.0,0.0,2591879.9162564217
1987-08-10,1.0,0.0,2678139.7770532295
1987-08-11,1.0,0.0,2768454.8320243964
1987-08-12,1.0,0.0,2713712.6669571786
1987-08-13,1.0,0.0,2688645.485883876
1987-08-14,1.0,0.0,2686802.2053222763
1987-08-17,1.0,0.0,2699335.3972421917
1987-08-18,1.0,0.0,2582847.147271265
1987-08-19,1.0,0.0,2637773.4012318193
1987-08-20,1.0,0.0,2772508.7736765337
1987-08-21,1.0,0.0,2836097.9111217977
1987-08-24,1.0,0.0,2790018.401179514
1987-08-25,1.0,0.0,2837571.9881575876
1987-08-26,1.0,0.0,2853607.424384018
1987-08-27,1.0,0.0,2830567.7263510735
1987-08-28,1.0,0.0,2756472.310448939
1987-08-31,1.0,0.0,2783566.5183516056
1987-09-01,1.0,0.0,2674635.251548281
1987-09-02,1.0,0.0,2627818.702820713
1987-09-03,1.0,0.0,2598696.554477142
1987-09-04,1.0,0.0,2560727.20590506
1987-09-08,1.0,0.0,2402398.727890984
1987-09-09,1.0,0.0,2461932.898113866
1987-09-10,1.0,0.0,2590954.45324927
1987-09-11,1.0,0.0,2634821.7063951837
1987-09-14,1.0,0.0,2586899.028210364
1987-09-15,1.0,0.0,2475203.0110020963
1987-09-16,1.0,0.0,2438523.8788339244
1987-09-17,1.0,0.0,2464328.098083274
1987-09-18,1.0,0.0,2448661.066351172
1987-09-21,1.0,0.0,2286277.7350123003
1987-09-22,1.0,0.0,2429675.9901865725
1987-09-23,1.0,0.0,2523861.694200721
1987-09-24,1.0,0.0,2543030.51312592
1987-09-25,1.0,0.0,2559065.948621024
1987-09-28,1.0,0.0,2538975.0867191087
1987-09-29,1.0,0.0,2519621.721299679
1987-09-30,1.0,0.0,2568096.8907543872
1987-10-01,1.0,0.0,2723844.3626601403
1987-10-02,1.0,0.0,2817108.4830994713
1987-10-05,1.0,0.0,2881618.97263574
1987-10-06,1.0,0.0,2647536.685422871
1987-10-07,1.0,0.0,2600720.135840361
1987-10-08,0.5,0.0,2475318.379447473
1987-10-09,0.5,0.0,2453513.40805154
1987-10-12,0.4,0.0,2402161.872119356
1987-10-13,0.5,0.0,2424915.982544104
1987-10-14,0.4,0.0,2356686.7857590117
1987-10-15,0.30000000000000004,0.0,2292810.9974558214
1987-10-16,0.0,0.0,2187881.923697645
1987-10-19,0.0,0.0,2189147.6377920746
1987-10-20,0.0,0.0,2189569.7035331847
1987-10-21,0.0,0.0,2189991.8540765145
1987-10-22,0.0,0.0,2190414.084374346
1987-10-23,0.0,0.0,2190836.404395991
1987-10-26,0.0,0.0,2192103.8181404583
1987-10-27,0.0,0.0,2192526.4555647615
1987-10-28,0.0,0.0,2192949.174357654
1987-10-29,0.0,0.0,2193371.972905047
1987-10-30,0.0,0.0,2193794.8611762533
1987-11-02,0.0,0.0,2195063.9799968633
1987-11-03,0.0,0.0,2195487.189103012
1987-11-04,0.0,0.0,2195876.7399906227
1987-11-05,0.0,0.0,2196266.3606634215
1987-11-06,0.0,0.0,2196656.051121407
1987-11-09,0.0,0.0,2197825.5393327046
1987-11-10,0.0,0.0,2198215.5050001037
1987-11-11,0.0,0.0,2198605.5443847678
1987-11-12,0.0,0.0,2198995.6535546198
1987-11-13,0.0,0.0,2199385.822540347
1987-11-16,0.0,0.0,2200556.776505053
1987-11-17,0.0,0.0,2200947.2274338393
1987-11-18,0.0,0.0,2201337.7453474863
1987-11-19,0.0,0.0,2201728.3330463218
1987-11-20,0.0,0.0,2202118.990530345
1987-11-23,0.0,0.0,2203291.38033332
1987-11-24,0.0,0.0,2203682.3165210905
1987-11-25,0.0,0.0,2204073.3229307365
1987-11-27,0.0,0.0,2204855.544710379
1987-11-30,0.0,0.0,2206029.3996883994
1987-12-01,0.0,0.0,2206420.821136116
1987-12-02,0.0,0.0,2206812.3160428302
1987-12-03,0.0,0.0,2207208.4068026636
1987-12-04,0.0,0.0,2207604.567347685
1987-12-07,0.0,0.0,2208793.501621108
1987-12-08,0.0,0.0,2209189.949309877
1987-12-09,0.0,0.0,2209586.468752311
1987-12-10,0.0,0.0,2209983.067949246
1987-12-11,0.0,0.0,2210379.7269620574
1987-12-14,0.4,0.0,2211127.842876087
1987-12-15,0.4,0.0,2225463.593318135
1987-12-16,0.4,0.0,2301728.3882834683
1987-12-17,0.4,0.0,2279057.8606522195
1987-12-18,0.4,0.0,2370679.113213581
1987-12-21,0.4,0.0,2396568.4321130943
1987-12-22,0.4,0.0,2386485.321623278
1987-12-23,0.4,0.0,2437324.2717571994
1987-12-24,0.4,0.0,2439324.9552224865
1987-12-28,0.4,0.0,2325735.801984663
1987-12-29,0.4,0.0,2355932.0134321353
1987-12-30,0.4,0.0,2414323.589496008
1987-12-31,0.4,0.0,2392408.9014906036
1988-01-04,0.4,0.0,2506145.6857203906
1988-01-05,0.4,0.0,2559250.8935717307
1988-01-06,0.4,0.0,2601281.4581758473
1988-01-07,0.4,0.0,2658668.450478024
1988-01-08,0.30000000000000004,0.0,2410009.31495921
1988-01-11,0.0,0.0,2419511.258721547
1988-01-12,0.30000000000000004,0.0,2419586.258499857
1988-01-13,0.0,0.0,2416501.230161421
1988-01-14,0.30000000000000004,0.0,2416576.1366351536
1988-01-15,0.30000000000000004,0.0,2469332.0351705607
1988-01-18,0.30000000000000004,0.0,2458024.5281725633
1988-01-19,0.30000000000000004,0.0,2443269.387164996
1988-01-20,0.0,0.0,2363680.0055107144
1988-01-21,0.0,0.0,2364107.887506525
1988-01-22,0.0,0.0,2364535.8499788092
1988-01-25,0.0,0.0,2365820.2088770717
1988-01-26,0.0,0.0,2366248.4845471797
1988-01-27,0.0,0.0,2366676.845364577
1988-01-28,0.2,0.0,2366868.565364846
1988-01-29,0.30000000000000004,0.0,2380067.937332145
1988-02-01,0.2,0.0,2373507.5539585524
1988-02-02,0.5,0.0,2376413.1522523565
1988-02-03,0.5,0.0,2322192.010122843
1988-02-04,0.5,0.0,2339149.0860322863
1988-02-05,0.2,0.0,2352130.4599463446
1988-02-08,0.2,0.0,2351649.156364262
1988-02-09,0.5,0.0,2360655.1062565427
1988-02-10,0.5,0.0,2434154.9195884634
1988-02-11,0.5,0.0,2449967.2886455497
1988-02-12,0.5,0.0,2472468.1007042737
1988-02-16,0.5,0.0,2510357.8760870253
1988-02-17,0.5,0.0,2516137.861032767
1988-02-18,0.5,0.0,2514114.736983271
1988-02-19,0.5,0.0,2545533.6786843417
1988-02-22,0.5,0.0,2621676.246283277
1988-02-23,0.5,0.0,2648636.391389897
1988-02-24,0.5,0.0,2678383.4014459187
1988-02-25,0.5,0.0,2633721.96570836
1988-02-26,0.5,0.0,2629469.6724371165
1988-02-29,0.5,0.0,2679974.137371313
1988-03-01,0.5,0.0,2679066.184618106
1988-03-02,0.5,0.0,2742812.836318382
1988-03-03,0.5,0.0,2778969.854671808
1988-03-04,0.7000000000000001,0.0,2802135.2658241647
1988-03-07,0.7000000000000001,0.0,2837055.1597921136
1988-03-08,0.7000000000000001,0.0,2875061.8821376865
1988-03-09,0.7000000000000001,0.0,2928618.220433385
1988-03-10,0.7000000000000001,0.0,2830735.053228823
1988-03-11,0.7000000000000001,0.0,2811275.9609686
1988-03-14,0.7000000000000001,0.0,2854309.2240017247
1988-03-15,0.7000000000000001,0.0,2823019.0133594037
1988-03-16,0.7000000000000001,0.0,2892125.1358627183
1988-03-17,0.7000000000000001,0.0,2918976.943626465
1988-03-18,0.7000000000000001,0.0,2910673.1648702566
1988-03-21,0.7000000000000001,0.0,2836746.967040063
1988-03-22,0.7000000000000001,0.0,2873063.874280038
1988-03-23,0.7000000000000001,0.0,2845830.2929111607
1988-03-24,0.2,0.0,2693881.9197931364
1988-03-25,0.2,0.0,2676445.5036429
1988-03-28,0.2,0.0,2676885.8314645556
1988-03-29,0.2,0.0,2684348.0761247263
1988-03-30,0.2,0.0,2670454.842138602
1988-03-31,0.2,0.0,2680574.361261519
1988-04-04,0.2,0.0,2664957.8680858295
1988-04-05,0.2,0.0,2678226.919143288
1988-04-06,0.2,0.0,2711588.296995615
1988-04-07,0.2,0.0,2718476.7451033127
1988-04-08,0.6000000000000001,0.0,2733098.3139867918
1988-04-11,0.6000000000000001,0.0,2760458.8142843926
1988-04-12,0.7000000000000001,0.0,2763906.288084443
1988-04-13,0.9,0.0,2771613.1877815668
1988-04-14,0.2,0.0,2474113.3211828955
1988-04-15,0.2,0.0,2472963.632096532
1988-04-18,0.2,0.0,2477348.0316265775
1988-04-19,0.5,0.0,2483851.0166815016
1988-04-20,0.5,0.0,2453100.0201085918
1988-04-21,0.5,0.0,2434227.4771518335
1988-04-22,0.5,0.0,2459607.9253323907
1988-04-25,0.5,0.0,2482413.099832573
1988-04-26,0.7000000000000001,0.0,2531541.5684660925
1988-04-27,0.7000000000000001,0.0,2544494.3203000426
1988-04-28,0.6000000000000001,0.0,2528808.7844095887
1988-04-29,0.6000000000000001,0.0,2507288.8631238146
1988-05-02,0.6000000000000001,0.0,2527897.102564892
1988-05-03,1.0,0.0,2584445.3155020843
1988-05-04,1.0,0.0,2566381.2522340436
1988-05-05,0.7000000000000001,0.0,2523552.011204349
1988-05-06,0.7000000000000001,0.0,2507570.9469867647
1988-05-09,0.4,0.0,2440007.884009015
1988-05-10,0.4,0.0,2429283.82677255
1988-05-11,0.30000000000000004,0.0,2370434.1934856744
1988-05-12,0.4,0.0,2381420.690810114
1988-05-13,0.4,0.0,2416809.161098231
1988-05-16,0.4,0.0,2436218.2258939426
1988-05-17,0.4,0.0,2420160.402844203
1988-05-18,0.30000000000000004,0.0,2355014.964714461
1988-05-19,0.30000000000000004,0.0,2355614.463529366
1988-05-20,0.30000000000000004,0.0,2349686.77921168
1988-05-23,0.30000000000000004,0.0,2322475.844812996
1988-05-24,0.30000000000000004,0.0,2341061.79874339
1988-05-25,0.30000000000000004,0.0,2338470.552214155
1988-05-26,0.30000000000000004,0.0,2348643.7403857647
1988-05-27,0.30000000000000004,0.0,2345182.3131379015
1988-05-31,0.30000000000000004,0.0,2392112.9844135586
1988-06-01,0.7000000000000001,0.0,2434026.324652436
1988-06-02,0.7000000000000001,0.0,2426573.893480959
1988-06-03,1.0,0.0,2469992.830330388
1988-06-06,1.0,0.0,2540920.5289138574
1988-06-07,1.0,0.0,2540022.6203048183
1988-06-08,1.0,0.0,2676042.6044063685
1988-06-09,1.0,0.0,2663473.0065400824
1988-06-10,1.0,0.0,2727667.210807475
1988-06-13,1.0,0.0,2745623.396364567
1988-06-14,1.0,0.0,2790065.511107053
1988-06-15,1.0,0.0,2803083.8471695166
1988-06-16,1.0,0.0,2729013.4252121337
1988-06-17,1.0,0.0,2701629.7600999465
1988-06-20,1.0,0.0,2667063.3437536587
1988-06-21,1.0,0.0,2734848.836785732
1988-06-22,1.0,0.0,2830017.908343523
1988-06-23,1.0,0.0,2832262.3772732276
1988-06-24,1.0,0.0,2843036.1575328964
1988-06-27,1.0,0.0,2739337.427705314
1988-06-28,1.0,0.0,2874010.6780264326
1988-06-29,1.0,0.0,2853360.679523994
1988-06-30,1.0,0.0,2907678.8386603054
1988-07-01,1.0,0.0,2948529.6640648446
1988-07-05,1.0,0.0,3037413.718942082
1988-07-06,1.0,0.0,2965138.94106945
1988-07-07,1.0,0.0,2914411.8971142573
1988-07-08,1.0,0.0,2854706.63066434
1988-07-11,1.0,0.0,2831811.902241638
1988-07-12,1.0,0.0,2809366.2589772143
1988-07-13,1.0,0.0,2847523.617392814
1988-07-14,1.0,0.0,2870866.9087054543
1988-07-15,1.0,0.0,2860990.7768430933
1988-07-18,1.0,0.0,2871764.3822661364
1988-07-19,1.0,0.0,2732152.935569678
1988-07-20,1.0,0.0,2707013.8253981946
1988-07-21,1.0,0.0,2579971.890124325
1988-07-22,1.0,0.0,2555281.691035299
1988-07-25,1.0,0.0,2541814.095345012
1988-07-26,1.0,0.0,2461010.0057098987
1988-07-27,0.8,0.0,2362910.7937374003
1988-07-28,0.8,0.0,2388857.7595244334
1988-07-29,1.0,0.0,2482077.0121860723
1988-08-01,1.0,0.0,2491834.012479218
1988-08-02,1.0,0.0,2452805.2664410486
1988-08-03,1.0,0.0,2472763.0612880513
1988-08-04,1.0,0.0,2475424.0508951116
1988-08-05,1.0,0.0,2420872.530894436
1988-08-08,0.4,0.0,2415268.856063163
1988-08-09,0.4,0.0,2373879.5486269426
1988-08-10,0.30000000000000004,0.0,2301553.905005086
1988-08-11,0.30000000000000004,0.0,2324891.2279358753
1988-08-12,0.30000000000000004,0.0,2313732.8523693564
1988-08-15,0.1,0.0,2269694.3377383184
1988-08-16,0.30000000000000004,0.0,2279980.6707826233
1988-08-17,0.30000000000000004,0.0,2282896.2745513613
1988-08-18,0.30000000000000004,0.0,2290396.2294594925
1988-08-19,0.30000000000000004,0.0,2281421.4891499802
1988-08-22,0.0,0.0,2246866.8588400255
1988-08-23,0.0,0.0,2247341.2354017803
1988-08-24,0.1,0.0,2247703.325390563
1988-08-25,0.0,0.0,2242269.568550982
1988-08-26,0.0,0.0,2242742.97854541
1988-08-29,0.1,0.0,2244051.583533287
1988-08-30,0.0,0.0,2242663.277151429
1988-08-31,0.0,0.0,2243136.7647399963
1988-09-01,0.0,0.0,2243610.3538577426
1988-09-02,0.0,0.0,2244084.0408730237
1988-09-06,0.0,0.0,2246020.7673373986
1988-09-07,0.0,0.0,2246505.2133331452
1988-09-08,0.0,0.0,2246989.766972752
1988-09-09,0.0,0.0,2247474.428299647
1988-09-12,0.0,0.0,2248929.019669589
1988-09-13,0.30000000000000004,0.0,2249076.6802238673
1988-09-14,0.30000000000000004,0.0,2261817.0806483463
1988-09-15,0.30000000000000004,0.0,2243351.0192689155
1988-09-16,0.30000000000000004,0.0,2257318.026132756
1988-09-19,0.30000000000000004,0.0,2251523.8986897846
1988-09-20,0.30000000000000004,0.0,2259358.9094410627
1988-09-21,0.30000000000000004,0.0,2270873.363240959
1988-09-22,0.6000000000000001,0.0,2275785.902604336
1988-09-23,0.5,0.0,2256432.1144758803
1988-09-26,0.5,0.0,2225691.2316011507
1988-09-27,0.5,0.0,2223925.933787768
1988-09-28,0.5,0.0,2246712.5691983965
1988-09-29,0.6000000000000001,0.0,2279434.302457816
1988-09-30,0.6000000000000001,0.0,2291046.361227708
1988-10-03,0.5,0.5,2230714.351432278
1988-10-04,0.30000000000000004,0.7,2219944.8385650027
1988-10-05,0.0,1.0,2213870.8755245204
1988-10-06,0.30000000000000004,0.7,2213206.2166048693
1988-10-07,0.0,1.0,2209299.0565480753
1988-10-10,0.4,0.6,2208414.504233311
1988-10-11,0.4,0.6,2218184.2279090565
1988-10-12,0.1,0.9,2181230.7445886764
1988-10-13,0.5,0.5,2186038.2244213186
1988-10-14,0.5,0.5,2195205.505807187
1988-10-17,0.5,0.5,2202309.652704066
1988-10-18,1.0,0.0,2222989.233614891
1988-10-19,0.5,0.5,2220526.110254724
1988-10-20,1.0,0.0,2282003.2418308547
1988-10-21,1.0,0.0,2256596.091858585
1988-10-24,1.0,0.0,2204905.4082477614
1988-10-25,1.0,0.0,2165480.6769878184
1988-10-26,1.0,0.0,2125617.8962488137
1988-10-27,0.4,0.6,2047729.0338151578
1988-10-28,0.4,0.6,2055784.4548457535
1988-10-31,0.4,0.6,2053506.888072146
1988-11-01,0.4,0.6,2047008.742271156
1988-11-02,0.4,0.6,2038252.1919020857
1988-11-03,0.4,0.6,2040878.7452702508
1988-11-04,0.4,0.6,2030546.070923554
1988-11-07,0.0,1.0,1998249.0636896626
1988-11-08,0.0,1.0,1998248.8645457644
1988-11-09,0.0,1.0,1998248.6653553292
1988-11-10,0.0,1.0,1998248.4661097946
1988-11-11,0.0,1.0,1998248.2668165516
1988-11-14,0.0,1.0,1998247.6686175303
1988-11-15,0.0,1.0,1998247.469117464
1988-11-16,0.0,1.0,1998247.2695671108
1988-11-17,0.0,1.0,1998247.0699616212
1988-11-18,0.0,1.0,1998246.8703083885
1988-11-21,0.0,1.0,1998246.2710290088
1988-11-22,0.0,1.0,1998246.0711687524
1988-11-23,0.0,1.0,1998245.8712582302
1988-11-25,0.0,1.0,1998245.4712827662
1988-11-28,0.0,1.0,1998244.8709278246
1988-11-29,0.0,1.0,1998244.6707071282
1988-11-30,0.0,1.0,1998244.470436188
1988-12-01,0.0,1.0,1994471.7877146052
1988-12-02,0.0,1.0,1994471.5873369407
1988-12-05,1.0,0.0,1992476.101464045
1988-12-06,1.0,0.0,2031072.4403855815
1988-12-07,1.0,0.0,1988435.825939814
1988-12-08,0.0,1.0,1951922.7507310016
1988-12-09,0.0,1.0,1951922.2275508181
1988-12-12,0.0,1.0,1951920.6571814546
1988-12-13,0.0,1.0,1951920.13344383
1988-12-14,0.0,1.0,1951919.6095588398
1988-12-15,1.0,0.0,1949966.1871850723
1988-12-16,1.0,0.0,2030410.5817001073
1988-12-19,1.0,0.0,2076958.5998148853
1988-12-20,1.0,0.0,2063851.8822381266
1988-12-21,1.0,0.0,2047581.6003632543
1988-12-22,1.0,0.0,2049388.8278231167
1988-12-23,1.0,0.0,2077860.381618204
1988-12-27,1.0,0.0,2062040.4649151475
1988-12-28,1.0,0.0,2057520.5632176725
1988-12-29,1.0,0.0,2110396.7539623515
1988-12-30,1.0,0.0,2134800.8671438647
1989-01-03,1.0,0.0,2032660.8387690457
1989-01-04,1.0,0.0,2133442.4287791997
1989-01-05,1.0,0.0,2128922.525958078
1989-01-06,1.0,0.0,2128470.06262816
1989-01-09,1.0,0.0,2131180.1114261076
1989-01-10,1.0,0.0,2108582.6984266876
1989-01-11,1.0,0.0,2125755.8061310053
1989-01-12,1.0,0.0,2174564.555275366
1989-01-13,1.0,0.0,2176371.7796443673
1989-01-16,1.0,0.0,2178177.9500107025
1989-01-17,1.0,0.0,2099540.2566529275
1989-01-18,1.0,0.0,2152868.3823200893
1989-01-19,1.0,0.0,2220658.515425972
1989-01-20,1.0,0.0,2209811.4821753385
1989-01-23,1.0,0.0,2130268.856941671
1989-01-24,1.0,0.0,2198962.864815152
1989-01-25,1.0,0.0,2247771.6121250144
1989-01-26,1.0,0.0,2336802.8178749187
1989-01-27,1.0,0.0,2317368.9666346284
1989-01-30,1.0,0.0,2362561.1538080806
1989-01-31,1.0,0.0,2425379.9701120644
1989-02-01,1.0,0.0,2497237.541011839
1989-02-02,1.0,0.0,2555085.041927002
1989-02-03,1.0,0.0,2557344.201065484
1989-02-06,1.0,0.0,2534293.786997039
1989-02-07,1.0,0.0,2636431.18541666
1989-02-08,1.0,0.0,2551466.360630266
1989-02-09,1.0,0.0,2494521.6753878966
1989-02-10,1.0,0.0,2373853.7691049213
1989-02-13,1.0,0.0,2360294.044530627
1989-02-14,1.0,0.0,2367072.5794767924
1989-02-15,1.0,0.0,2433054.9578107777
1989-02-16,1.0,0.0,2447064.4962625476
1989-02-17,1.0,0.0,2471920.5402569803
1989-02-21,1.0,0.0,2456100.591909979
1989-02-22,1.0,0.0,2359837.3217116324
1989-02-23,1.0,0.0,2384693.364851979
1989-02-24,1.0,0.0,2310575.043475334
1989-02-27,1.0,0.0,2279389.7411861033
1989-02-28,1.0,0.0,2276225.643927728
1989-03-01,1.0,0.0,2267186.355947372
1989-03-02,1.0,0.0,2334524.545355321
1989-03-03,1.0,0.0,2345822.4552486525
1989-03-06,1.0,0.0,2407736.323757711
1989-03-07,1.0,0.0,2374744.3348664166
1989-03-08,1.0,0.0,2355310.4779382795
1989-03-09,1.0,0.0,2319154.9246029784
1989-03-10,1.0,0.0,2303788.507020678
1989-03-13,1.0,0.0,2334518.6686831815
1989-03-14,1.0,0.0,2312825.122212255
1989-03-15,1.0,0.0,2311016.836020398
1989-03-16,1.0,0.0,2375643.397005171
1989-03-17,1.0,0.0,2178146.0704621132
1989-03-20,0.8,0.0,2099296.344474433
1989-03-21,1.0,0.0,2158420.7286684243
1989-03-22,1.0,0.0,2104611.8493410395
1989-03-23,1.0,0.0,2118512.405801069
1989-03-27,1.0,0.0,2120754.215196128
1989-03-28,1.0,0.0,2149452.1979483524
1989-03-29,0.5,0.0,2193744.1492532184
1989-03-30,1.0,0.0,2210934.2314145085
1989-03-31,1.0,0.0,2262974.203467436
1989-04-03,1.0,0.0,2259860.2515293565
1989-04-04,0.5,0.0,2246399.2568299663
1989-04-05,1.0,0.0,2255211.9529156433
1989-04-06,1.0,0.0,2256983.120673268
1989-04-07,1.0,0.0,2335363.79421405
1989-04-10,1.0,0.0,2365918.579390314
1989-04-11,1.0,0.0,2424814.754179178
1989-04-12,1.0,0.0,2484596.5879546246
1989-04-13,1.0,0.0,2455369.689490364
1989-04-14,1.0,0.0,2560762.963068509
1989-04-17,1.0,0.0,2556777.0453511914
1989-04-18,1.0,0.0,2643128.6496905456
1989-04-19,1.0,0.0,2690511.256807712
1989-04-20,1.0,0.0,2671026.607356593
1989-04-21,1.0,0.0,2717966.3848795914
1989-04-24,1.0,0.0,2693167.4791834345
1989-04-25,1.0,0.0,2647113.05872454
1989-04-26,1.0,0.0,2645341.589568211
1989-04-27,1.0,0.0,2736121.488678302
1989-04-28,1.0,0.0,2770662.0395423407
1989-05-01,1.0,0.0,2779961.005531068
1989-05-02,1.0,0.0,2777303.8771050824
1989-05-03,1.0,0.0,2809630.2801995594
1989-05-04,1.0,0.0,2828671.7978506223
1989-05-05,1.0,0.0,2882696.847022125
1989-05-08,1.0,0.0,2863211.8937870935
1989-05-09,1.0,0.0,2845941.3911341634
1989-05-10,1.0,0.0,2857011.97730017
1989-05-11,1.0,0.0,2875610.6651538946
1989-05-12,1.0,0.0,3027501.0365094314
1989-05-15,1.0,0.0,3101453.10975571
1989-05-16,1.0,0.0,3070012.062388733
1989-05-17,1.0,0.0,3177176.6526846737
1989-05-18,1.0,0.0,3189132.897552509
1989-05-19,1.0,0.0,3256885.6610718397
1989-05-22,1.0,0.0,3242714.660291551
1989-05-23,1.0,0.0,3160348.2185953096
1989-05-24,1.0,0.0,3218801.5621290584
1989-05-25,1.0,0.0,3255113.4299505665
1989-05-26,1.0,0.0,3325523.170265427
1989-05-30,1.0,0.0,3283010.927286388
1989-05-31,1.0,0.0,3324636.749024367
1989-06-01,1.0,0.0,3370248.036342396
1989-06-02,1.0,0.0,3470327.353771479
1989-06-05,1.0,0.0,3257768.7292617545
1989-06-06,1.0,0.0,3300723.0392949423
1989-06-07,1.0,0.0,3550921.561572459
1989-06-08,1.0,0.0,3524351.637915364
1989-06-09,1.0,0.0,3492910.589569632
1989-06-12,1.0,0.0,3480510.9042714247
1989-06-13,1.0,0.0,3379102.792640023
1989-06-14,1.0,0.0,3382202.4461371275
1989-06-15,1.0,0.0,3211712.93032872
1989-06-16,1.0,0.0,3196656.5736932396
1989-06-19,1.0,0.0,3170086.343104844
1989-06-20,1.0,0.0,3111632.693989184
1989-06-21,1.0,0.0,3103218.77985007
1989-06-22,1.0,0.0,3158572.315603818
1989-06-23,1.0,0.0,3247138.0648237513
1989-06-26,1.0,0.0,3215253.8792121536
1989-06-27,1.0,0.0,3226767.292930924
1989-06-28,1.0,0.0,3094361.114743846
1989-06-29,1.0,0.0,2902615.7817160287
1989-06-30,1.0,0.0,2808292.941601662
1989-07-03,1.0,0.0,2842390.352627468
1989-07-05,1.0,0.0,2877373.5763103436
1989-07-06,1.0,0.0,2929627.304894232
1989-07-07,1.0,0.0,3008007.974729273
1989-07-10,1.0,0.0,2994722.626952796
1989-07-11,1.0,0.0,3018192.436957554
1989-07-12,1.0,0.0,3056275.6208642307
1989-07-13,1.0,0.0,3080188.2602998675
1989-07-14,1.0,0.0,3138198.7722283183
1989-07-17,1.0,0.0,3174067.499575665
1989-07-18,1.0,0.0,3066902.6028294675
1989-07-19,1.0,0.0,3161225.134652548
1989-07-20,0.5,0.5,3045451.1892530536
1989-07-21,0.5,0.5,3039252.343565643
1989-07-24,0.5,0.5,2978594.9228728362
1989-07-25,0.5,0.5,2975273.904734128
1989-07-26,0.5,0.5,3013570.969412956
1989-07-27,1.0,0.0,3071818.469667746
1989-07-28,1.0,0.0,3086290.112990251
1989-07-31,1.0,0.0,3132774.875057139
1989-08-01,1.0,0.0,3066992.317209776
1989-08-02,1.0,0.0,3064799.1532355906
1989-08-03,1.0,0.0,3136720.5242091366
1989-08-04,1.0,0.0,3159524.570048758
1989-08-07,1.0,0.0,3316523.310896617
1989-08-08,1.0,0.0,3357746.3531396906
1989-08-09,1.0,0.0,3269159.322010173
1989-08-10,1.0,0.0,3247231.5175669882
1989-08-11,1.0,0.0,3194605.384870172
1989-08-14,1.0,0.0,3125752.1376520935
1989-08-15,1.0,0.0,3169167.916782875
1989-08-16,1.0,0.0,3122681.449115307
1989-08-17,1.0,0.0,3176183.8215366965
1989-08-18,1.0,0.0,3198549.318159447
1989-08-21,1.0,0.0,3083648.5762280477
1989-08-22,1.0,0.0,3133204.0201478694
1989-08-23,1.0,0.0,3222228.7429775726
1989-08-24,1.0,0.0,3348968.5545380255
1989-08-25,1.0,0.0,3365632.932240203
1989-08-28,1.0,0.0,3392383.0447540316
1989-08-29,1.0,0.0,3336248.5295437663
1989-08-30,1.0,0.0,3383611.234780218
1989-08-31,1.0,0.0,3408608.015113084
1989-09-01,1.0,0.0,3475266.812079402
1989-09-05,1.0,0.0,3475703.6390646915
1989-09-06,1.0,0.0,3383608.224221544
1989-09-07,1.0,0.0,3359487.6786981137
1989-09-08,1.0,0.0,3423076.6420092187
1989-09-11,1.0,0.0,3434477.5854073004
1989-09-12,1.0,0.0,3494558.1678784457
1989-09-13,1.0,0.0,3505521.4252143255
1989-09-14,1.0,0.0,3399392.4879748663
1989-09-15,1.0,0.0,3375710.489032413
1989-09-18,1.0,0.0,3363429.862480937
1989-09-19,1.0,0.0,3369130.548555664
1989-09-20,1.0,0.0,3383602.18540512
1989-09-21,1.0,0.0,3396758.1794994567
1989-09-22,1.0,0.0,3450699.095136989
1989-09-25,1.0,0.0,3447627.96448908
1989-09-26,1.0,0.0,3444119.1512775053
1989-09-27,1.0,0.0,3438417.600221061
1989-09-28,1.0,0.0,3548492.600864042
1989-09-29,1.0,0.0,3552000.5480057644
1989-10-02,1.0,0.0,3630499.2581442404
1989-10-03,1.0,0.0,3657250.224674409
1989-10-04,1.0,0.0,3758115.7261502254
1989-10-05,1.0,0.0,3796268.9286020263
1989-10-06,1.0,0.0,3924324.3776112883
1989-10-09,1.0,0.0,4040976.7215985004
1989-10-10,1.0,0.0,4001945.555563145
1989-10-11,1.0,0.0,3948003.772883985
1989-10-12,1.0,0.0,3917305.009956366
1989-10-13,1.0,0.0,3419114.5641776356
1989-10-16,1.0,0.0,3429199.852233026
1989-10-17,1.0,0.0,3394554.1607943964
1989-10-18,1.0,0.0,3495419.660569364
1989-10-19,1.0,0.0,3724341.0432967297
1989-10-20,1.0,0.0,3698466.302388357
1989-10-23,1.0,0.0,3585758.275350273
1989-10-24,1.0,0.0,3461210.3363801944
1989-10-25,1.0,0.0,3455947.32946682
1989-10-26,1.0,0.0,3266932.9011709653
1989-10-27,0.4,0.6,3120337.666517123
1989-10-30,0.4,0.6,3123492.0574860815
1989-10-31,0.8,0.19999999999999996,3181868.418958858
1989-11-01,0.4,0.6,3212781.2650919566
1989-11-02,0.4,0.6,3145143.322670483
1989-11-03,0.4,0.6,3137476.255985613
1989-11-06,0.4,0.6,3072393.2257154197
1989-11-07,0.4,0.6,3110896.9110643645
1989-11-08,0.4,0.6,3154341.377944645
1989-11-09,0.4,0.6,3158089.2199878143
1989-11-10,0.5,0.5,3188251.9286512285
1989-11-13,1.0,0.0,3190318.1258657617
1989-11-14,0.4,0.6,3126502.762380262
1989-11-15,1.0,0.0,3140274.5318777203
1989-11-16,0.4,0.6,3108554.7114189276
1989-11-17,1.0,0.0,3121350.2495811325
1989-11-20,1.0,0.0,3152225.6411144985
1989-11-21,0.5,0.5,3120209.442374832
1989-11-22,0.5,0.5,3137329.105142783
1989-11-24,1.0,0.0,3160074.4569698935
1989-11-27,0.5,0.5,3105970.7423746837
1989-11-28,0.5,0.5,3103469.308073498
1989-11-29,0.5,0.5,3100551.035925513
1989-11-30,0.5,0.5,3119099.906836375
1989-12-01,1.0,0.0,3147670.398210259
1989-12-04,1.0,0.0,3204445.769663792
1989-12-05,1.0,0.0,3226824.4580309475
1989-12-06,1.0,0.0,3090062.881915519
1989-12-07,1.0,0.0,3112855.9978385954
1989-12-08,1.0,0.0,3079701.3644594727
1989-12-11,0.4,0.6,2920463.4598980253
1989-12-12,0.30000000000000004,0.7,2880104.1334672105
1989-12-13,0.30000000000000004,0.7,2880738.22715414
1989-12-14,0.30000000000000004,0.7,2861586.4386846684
1989-12-15,0.1,0.9,2834416.197033325
1989-12-18,0.0,1.0,2820886.475006639
1989-12-19,0.1,0.9,2820604.1811785973
1989-12-20,0.1,0.9,2828639.000319424
1989-12-21,0.1,0.9,2840645.6128910333
1989-12-22,0.30000000000000004,0.7,2845714.559726675
1989-12-26,0.30000000000000004,0.7,2844953.9753231667
1989-12-27,0.4,0.6,2890550.522375047
1989-12-28,0.8,0.19999999999999996,2888742.3540190244
1989-12-29,0.9,0.09999999999999998,2957234.5338969007
1990-01-02,1.0,0.0,3088329.4620391103
1990-01-03,1.0,0.0,3019952.5971813016
1990-01-04,1.0,0.0,2962033.35891734
1990-01-05,1.0,0.0,2897678.6581023997
1990-01-08,1.0,0.0,2910951.57295155
1990-01-09,0.8,0.19999999999999996,2816269.345846347
1990-01-10,0.1,0.9,2671252.2414817684
1990-01-11,0.1,0.9,2659758.9622100666
1990-01-12,0.0,1.0,2642403.778664692
1990-01-15,0.0,1.0,2642403.5971291107
1990-01-16,0.0,1.0,2642403.536586719
1990-01-17,0.0,1.0,2642403.4760294673
1990-01-18,0.0,1.0,2642403.4154561064
1990-01-19,0.1,0.9,2642138.99543112
1990-01-22,0.0,1.0,2620034.78500621
1990-01-23,0.0,1.0,2620034.7233731304
1990-01-24,0.0,1.0,2620034.661724907
1990-01-25,0.0,1.0,2620034.600060202
1990-01-26,0.0,1.0,2620034.538379873
1990-01-29,0.0,1.0,2620034.3532474902
1990-01-30,0.0,1.0,2620034.2915045745
1990-01-31,0.0,1.0,2620034.2297461
1990-02-01,0.0,1.0,2593903.705132565
1990-02-02,0.0,1.0,2593903.6433428214
1990-02-05,0.0,1.0,2593903.457696457
1990-02-06,0.0,1.0,2593903.395782755
1990-02-07,0.0,1.0,2593903.33385295
1990-02-08,0.0,1.0,2593903.271907496
1990-02-09,0.0,1.0,2593903.2099472494
1990-02-12,0.0,1.0,2593903.023969621
1990-02-13,0.0,1.0,2593902.9619451896
1990-02-14,0.0,1.0,2593902.899905807
1990-02-15,0.0,1.0,2593902.8378499043
1990-02-16,0.0,1.0,2593902.7757783397
1990-02-20,0.0,1.0,2593902.5273345415
1990-02-21,0.0,1.0,2593902.465183771
1990-02-22,0.0,1.0,2593902.403017344
1990-02-23,0.0,1.0,2593902.340835244
1990-02-26,0.0,1.0,2593902.154194397
1990-02-27,0.0,1.0,2593902.0919485623
1990-02-28,0.0,1.0,2593902.029687215
1990-03-01,1.0,0.0,2589741.9558206927
1990-03-02,1.0,0.0,2678438.451862728
1990-03-05,1.0,0.0,2632716.286537489
1990-03-06,1.0,0.0,2651918.1027699984
1990-03-07,1.0,0.0,2619913.313154517
1990-03-08,1.0,0.0,2728269.4871533737
1990-03-09,1.0,0.0,2753414.9267543536
1990-03-12,1.0,0.0,2740154.0882798936
1990-03-13,1.0,0.0,2660600.306665369
1990-03-14,1.0,0.0,2687117.350932996
1990-03-15,1.0,0.0,2731008.0648161443
1990-03-16,1.0,0.0,2901086.4853840903
1990-03-19,1.0,0.0,2975151.194125187
1990-03-20,1.0,0.0,2853534.8423783123
1990-03-21,1.0,0.0,2808728.398982042
1990-03-22,1.0,0.0,2677510.8083323585
1990-03-23,1.0,0.0,2749290.832886689
1990-03-26,1.0,0.0,2821983.9325704374
1990-03-27,1.0,0.0,2860388.222389266
1990-03-28,1.0,0.0,2730085.034397795
1990-03-29,0.5,0.5,2683934.6448505004
1990-03-30,0.5,0.5,2683705.923730144
1990-04-02,0.5,0.5,2666220.0745430295
1990-04-03,1.0,0.0,2741620.4959074673
1990-04-04,1.0,0.0,2689161.6955341967
1990-04-05,1.0,0.0,2634035.5157937338
1990-04-06,0.5,0.5,2572287.1223403057
1990-04-09,0.5,0.5,2564732.4799284777
1990-04-10,0.5,0.5,2583838.4541281816
1990-04-11,0.6000000000000001,0.3999999999999999,2606477.801333102
1990-04-12,1.0,0.0,2637520.592997657
1990-04-16,1.0,0.0,2667518.022091837
1990-04-17,1.0,0.0,2650127.32467338
1990-04-18,0.6000000000000001,0.3999999999999999,2523905.465858524
1990-04-19,0.4,0.6,2473627.218290367
1990-04-20,0.0,1.0,2440263.2802702812
1990-04-23,0.0,1.0,2440262.5474713454
1990-04-24,0.0,1.0,2440262.3030858347
1990-04-25,0.0,1.0,2440262.0586374816
1990-04-26,0.0,1.0,2440261.814125346
1990-04-27,0.0,1.0,2440261.5695529664
1990-04-30,0.0,1.0,2440260.8354571527
1990-05-01,0.0,1.0,2462747.080514299
1990-05-02,0.0,1.0,2462746.835629972
1990-05-03,0.1,0.9,2462499.837854235
1990-05-04,0.6000000000000001,0.3999999999999999,2470265.7027477953
1990-05-07,0.6000000000000001,0.3999999999999999,2517831.8131698323
1990-05-08,0.6000000000000001,0.3999999999999999,2519651.0064822994
1990-05-09,1.0,0.0,2523081.508963082
1990-05-10,1.0,0.0,2570044.6627699835
1990-05-11,1.0,0.0,2713069.3245701557
1990-05-14,1.0,0.0,2820657.4626278034
1990-05-15,1.0,0.0,2842431.15400529
1990-05-16,1.0,0.0,2864204.8453193703
1990-05-17,1.0,0.0,2920133.7394345948
1990-05-18,1.0,0.0,2990151.6546680145
1990-05-21,1.0,0.0,3133175.8143657628
1990-05-22,1.0,0.0,3156657.2654422913
1990-05-23,1.0,0.0,3284739.025228039
1990-05-24,1.0,0.0,3323163.37743076
1990-05-25,1.0,0.0,3117378.0290882676
1990-05-29,1.0,0.0,3261682.756221349
1990-05-30,1.0,0.0,3280467.866395391
1990-05-31,1.0,0.0,3269367.1739992877
1990-06-01,1.0,0.0,3338958.1483070618
1990-06-04,1.0,0.0,3430322.561001284
1990-06-05,1.0,0.0,3330845.280874627
1990-06-06,1.0,0.0,3336822.189528579
1990-06-07,1.0,0.0,3306082.2550393585
1990-06-08,1.0,0.0,3192942.89357559
1990-06-11,1.0,0.0,3280891.7846443686
1990-06-12,1.0,0.0,3409827.4232279556
1990-06-13,1.0,0.0,3490091.897665675
1990-06-14,1.0,0.0,3420927.359507034
1990-06-15,1.0,0.0,3429892.8478372027
1990-06-18,1.0,0.0,3253138.9153642156
1990-06-19,1.0,0.0,3253565.6027225177
1990-06-20,1.0,0.0,3273204.5916281687
1990-06-21,1.0,0.0,3305224.8415082376
1990-06-22,1.0,0.0,3202758.9800450653
1990-06-25,1.0,0.0,3084922.771169717
1990-06-26,1.0,0.0,3083641.697936651
1990-06-27,1.0,0.0,3161344.5312638134
1990-06-28,1.0,0.0,3258686.606174001
1990-06-29,1.0,0.0,3299245.6562577276
1990-07-02,1.0,0.0,3294975.495560944
1990-07-03,1.0,0.0,3283020.920983765
1990-07-05,1.0,0.0,3243741.930347739
1990-07-06,1.0,0.0,3289424.260411874
1990-07-09,1.0,0.0,3333825.2624485884
1990-07-10,1.0,0.0,3291984.8849151805
1990-07-11,1.0,0.0,3377372.6379879764
1990-07-12,1.0,0.0,3486242.0929658343
1990-07-13,1.0,0.0,3540036.283260231
1990-07-16,1.0,0.0,3600234.0652709054
1990-07-17,1.0,0.0,3393167.8934296197
1990-07-18,1.0,0.0,3251423.547002394
1990-07-19,1.0,0.0,3174147.145917598
1990-07-20,1.0,0.0,3012336.617678537
1990-07-23,0.5,0.0,2812677.947692131
1990-07-24,0.4,0.0,2795133.742583198
1990-07-25,0.5,0.0,2828344.976969136
1990-07-26,0.4,0.0,2798548.295545682
1990-07-27,0.4,0.0,2774844.535939514
1990-07-30,0.4,0.0,2750154.118409859
1990-07-31,0.4,0.0,2742151.7023816453
1990-08-01,0.4,0.0,2737733.5821515
1990-08-02,0.0,0.0,2678029.674985158
1990-08-03,0.0,0.0,2678604.5905462
1990-08-06,0.0,0.0,2680326.0003110813
1990-08-07,0.0,0.0,2680900.0490311426
1990-08-08,0.0,0.0,2681474.2172037177
1990-08-09,0.0,0.0,2682048.5142270485
1990-08-10,0.0,0.0,2682622.93089751
1990-08-13,0.0,0.0,2684346.9090213054
1990-08-14,0.0,0.0,2684921.8169289315
1990-08-15,0.0,0.0,2685496.8502412834
1990-08-16,0.0,0.0,2686072.012404391
1990-08-17,0.0,0.0,2686647.2850110037
1990-08-20,0.0,0.0,2688373.8591121114
1990-08-21,0.0,0.0,2688949.632345562
1990-08-22,0.0,0.0,2689525.5215942236
1990-08-23,0.0,0.0,2690101.5396936405
1990-08-24,0.0,0.0,2690677.6866438133
1990-08-27,0.0,0.0,2692406.8567218785
1990-08-28,0.0,0.0,2692983.489145283
1990-08-29,0.0,0.0,2693560.252740291
1990-08-30,0.0,0.0,2694137.1359824296
1990-08-31,0.0,0.0,2694714.138871698
1990-09-04,0.0,0.0,2697023.4075697097
1990-09-05,0.0,0.0,2697601.030830954
1990-09-06,0.0,0.0,2698183.5651010904
1990-09-07,0.0,0.0,2698766.219018357
1990-09-10,0.0,0.0,2700514.944895188
1990-09-11,0.0,0.0,2701098.1081906743
1990-09-12,0.0,0.0,2701681.3879532204
1990-09-13,0.0,0.0,2702264.8057701476
1990-09-14,0.0,0.0,2702848.343234206
1990-09-17,0.0,0.0,2704599.7203251594
1990-09-18,0.0,0.0,2705183.764290867
1990-09-19,0.0,0.0,2705767.927601693
1990-09-20,0.0,0.0,2706352.2289669015
1990-09-21,0.0,0.0,2706936.64997924
1990-09-24,0.0,0.0,2708690.65066512
1990-09-25,0.0,0.0,2709275.5783661483
1990-09-26,0.0,0.0,2709860.634425067
1990-09-27,0.0,0.0,2710445.8101311163
1990-09-28,0.0,0.0,2711031.1146879205
1990-10-01,0.0,0.0,2712787.7942020185
1990-10-02,0.0,0.0,2713373.605642216
1990-10-03,0.0,0.0,2713953.3512098445
1990-10-04,0.0,0.0,2714533.2256282293
1990-10-05,0.0,0.0,2715113.2288973695
1990-10-08,0.0,0.0,2716853.9695274294
1990-10-09,0.0,0.0,2717434.461869443
1990-10-10,0.0,0.0,2718015.0817825566
1990-10-11,0.0,0.0,2718595.821342801
1990-10-12,0.0,0.0,2719176.6897538016
1990-10-15,0.0,0.0,2720920.026362061
1990-10-16,0.0,0.0,2721501.390165944
1990-10-17,0.0,0.0,2722082.875218455
1990-10-18,0.0,0.0,2722664.4891217216
1990-10-19,0.0,0.0,2723246.2226721174
1990-10-22,0.0,0.0,2724992.1828730237
1990-10-23,0.0,0.0,2725574.415072092
1990-10-24,0.0,0.0,2726156.774470405
1990-10-25,0.0,0.0,2726739.253515849
1990-10-26,0.0,0.0,2727321.861412049
1990-10-29,0.0,0.0,2729070.4175904403
1990-10-30,0.0,0.0,2729653.521251139
1990-10-31,0.0,0.0,2730236.7549927924
1990-11-01,0.0,0.0,2730820.108381576
1990-11-02,0.0,0.0,2731403.581417489
1990-11-05,1.0,0.0,2731725.815855794
1990-11-06,1.0,0.0,2720329.683941866
1990-11-07,0.0,0.0,2572795.5433809115
1990-11-08,1.0,0.0,2572039.009953854
1990-11-09,1.0,0.0,2767457.3671416864
1990-11-12,1.0,0.0,3058705.406023776
1990-11-13,1.0,0.0,3115075.862367523
1990-11-14,1.0,0.0,3239091.2432205877
1990-11-15,1.0,0.0,3090647.899970294
1990-11-16,1.0,0.0,2864224.990801209
1990-11-19,1.0,0.0,2959114.8442062517
1990-11-20,1.0,0.0,2779667.576803901
1990-11-21,1.0,0.0,2805973.621607039
1990-11-23,1.0,0.0,2820065.6844826424
1990-11-26,1.0,0.0,2856705.740104188
1990-11-27,1.0,0.0,3042728.96749654
1990-11-28,1.0,0.0,3065276.9603959755
1990-11-29,1.0,0.0,3131982.0567676625
1990-11-30,1.0,0.0,3202445.2044283105
1990-12-03,1.0,0.0,3297335.054606062
1990-12-04,1.0,0.0,3349947.4579708665
1990-12-05,1.0,0.0,3523757.0178084667
1990-12-06,1.0,0.0,3545365.497250659
1990-12-07,1.0,0.0,3535970.052847238
1990-12-10,1.0,0.0,3538787.642943006
1990-12-11,1.0,0.0,3382828.1949616293
1990-12-12,1.0,0.0,3456109.880222131
1990-12-13,1.0,0.0,3454230.53808775
1990-12-14,1.0,0.0,3352762.8346802094
1990-12-17,1.0,0.0,3295451.6013012594
1990-12-18,1.0,0.0,3504962.648111823
1990-12-19,1.0,0.0,3565091.153051148
1990-12-20,1.0,0.0,3621461.6065472863
1990-12-21,1.0,0.0,3685348.1626978763
1990-12-24,1.0,0.0,3599851.542451467
1990-12-26,1.0,0.0,3562270.3939573276
1990-12-27,1.0,0.0,3485230.0234228885
1990-12-28,0.2,0.0,3495104.607140905
1990-12-31,1.0,0.0,3506704.395165951
1991-01-02,1.0,0.0,3464046.36526321
1991-01-03,0.2,0.0,3284682.8658895884
1991-01-04,0.2,0.0,3289117.406673484
1991-01-07,0.2,0.0,3245141.079616304
1991-01-08,0.2,0.0,3242656.2711680853
1991-01-09,0.2,0.0,3238873.8377140276
1991-01-10,0.2,0.0,3280882.2624304104
1991-01-11,0.2,0.0,3282105.4818831356
1991-01-14,0.2,0.0,3259079.788272275
1991-01-15,0.2,0.0,3274207.434518107
1991-01-16,1.0,0.0,3348083.9067722964
1991-01-17,1.0,0.0,3657859.804188096
1991-01-18,1.0,0.0,3773266.3281785036
1991-01-21,1.0,0.0,3924248.8059850517
1991-01-22,1.0,0.0,3790619.570098755
1991-01-23,1.0,0.0,3995401.296695949
1991-01-24,1.0,0.0,4212331.109063643
1991-01-25,1.0,0.0,4280880.730095708
1991-01-28,1.0,0.0,4349429.766951545
1991-01-29,1.0,0.0,4477852.096483683
1991-01-30,1.0,0.0,4763331.821390139
1991-01-31,1.0,0.0,4956833.1820522165
1991-02-01,1.0,0.0,5083520.070556806
1991-02-04,1.0,0.0,5237973.427317058
1991-02-05,1.0,0.0,5546013.882671896
1991-02-06,1.0,0.0,5920868.81005481
1991-02-07,1.0,0.0,5656213.790198866
1991-02-08,1.0,0.0,5726498.851159024
1991-02-11,1.0,0.0,6062305.773668465
1991-02-12,1.0,0.0,5978136.600180809
1991-02-13,1.0,0.0,6129119.659578352
1991-02-14,1.0,0.0,5776824.87717294
1991-02-15,1.0,0.0,5967723.075613088
1991-02-19,1.0,0.0,6143001.426141179
1991-02-20,1.0,0.0,5914790.662947271
1991-02-21,1.0,0.0,5846240.456377734
1991-02-22,1.0,0.0,5969456.461853775
1991-02-25,1.0,0.0,6067507.987436713
1991-02-26,1.0,0.0,5900905.373444923
1991-02-27,1.0,0.0,6033666.30318058
1991-02-28,1.0,0.0,6059697.621586029
1991-03-01,1.0,0.0,6221093.32494562
1991-03-04,1.0,0.0,6291377.795825068
1991-03-05,1.0,0.0,6943035.534410476
1991-03-06,1.0,0.0,7015923.754931928
1991-03-07,1.0,0.0,7125256.232893392
1991-03-08,1.0,0.0,6982949.789920634
1991-03-11,1.0,0.0,6366867.409750998
1991-03-12,1.0,0.0,6025852.991072534
1991-03-13,1.0,0.0,6484009.076192253
1991-03-14,1.0,0.0,6383353.212834066
1991-03-15,1.0,0.0,6293109.994412083
1991-03-18,1.0,0.0,6363394.462552743
1991-03-19,1.0,0.0,6227162.061779657
1991-03-20,1.0,0.0,6388557.763900136
1991-03-21,1.0,0.0,6150802.074231932
1991-03-22,0.8,0.19999999999999996,6094915.49737435
1991-03-25,1.0,0.0,6294269.07524183
1991-03-26,1.0,0.0,6947395.5358185535
1991-03-27,1.0,0.0,7091960.8664896665
1991-03-28,1.0,0.0,6956860.601162133
1991-04-01,1.0,0.0,6928462.707204829
1991-04-02,1.0,0.0,7651290.438966917
1991-04-03,1.0,0.0,7756272.331025609
1991-04-04,1.0,0.0,7932676.513679722
1991-04-05,1.0,0.0,7770039.943043423
1991-04-08,1.0,0.0,7783807.284413948
1991-04-09,1.0,0.0,7548887.913357255
1991-04-10,1.0,0.0,7389693.380525733
1991-04-11,1.0,0.0,7989468.249536434
1991-04-12,1.0,0.0,8049703.645706535
1991-04-15,1.0,0.0,7966233.409385895
1991-04-16,1.0,0.0,8282900.644054273
1991-04-17,1.0,0.0,8397348.140060686
1991-04-18,1.0,0.0,7894810.305889471
1991-04-19,1.0,0.0,7568676.92448134
1991-04-22,1.0,0.0,7342362.105591386
1991-04-23,1.0,0.0,7404318.520153969
1991-04-24,1.0,0.0,7595351.363551436
1991-04-25,1.0,0.0,7377642.182054973
1991-04-26,1.0,0.0,7319987.772328143
1991-04-29,1.0,0.0,6898337.289782991
1991-04-30,1.0,0.0,6701280.3366093
1991-05-01,1.0,0.0,6740002.993490192
1991-05-02,1.0,0.0,6912104.626835691
1991-05-03,1.0,0.0,6955129.831226128
1991-05-06,1.0,0.0,6968036.658030993
1991-05-07,1.0,0.0,6879403.904707891
1991-05-08,1.0,0.0,6946523.375524433
1991-05-09,1.0,0.0,7260609.080233011
1991-05-10,1.0,0.0,7054086.52167187
1991-05-13,1.0,0.0,7072156.404367722
1991-05-14,1.0,0.0,6838958.050260531
1991-05-15,1.0,0.0,6220251.428460225
1991-05-16,1.0,0.0,6403539.684799983
1991-05-17,1.0,0.0,6382887.183425445
1991-05-20,0.8,0.19999999999999996,6242234.507934248
1991-05-21,1.0,0.0,6391029.370026136
1991-05-22,1.0,0.0,6712567.062865995
1991-05-23,1.0,0.0,6822026.52077989
1991-05-24,1.0,0.0,6996477.695768677
1991-05-28,1.0,0.0,7294070.2422222635
1991-05-29,1.0,0.0,7368468.37868274
1991-05-30,1.0,0.0,7596794.266193616
1991-05-31,1.0,0.0,7737039.273840536
1991-06-03,1.0,0.0,7893531.65700567
1991-06-04,1.0,0.0,7905503.5384812895
1991-06-05,1.0,0.0,7583965.292487176
1991-06-06,1.0,0.0,7320577.530185042
1991-06-07,0.5,0.5,7021180.935911565
1991-06-10,0.5,0.5,6933968.430870138
1991-06-11,0.5,0.5,6965602.805885726
1991-06-12,0.4,0.6,6810270.892233637
1991-06-13,0.4,0.6,6793340.658038026
1991-06-14,0.5,0.5,6883695.898605656
1991-06-17,0.5,0.5,6872849.257749853
1991-06-18,0.4,0.6,6789785.131301471
1991-06-19,0.4,0.6,6628271.772818848
1991-06-20,0.4,0.6,6635661.14349395
1991-06-21,0.4,0.6,6625808.360539488
1991-06-24,0.4,0.6,6348174.12804967
1991-06-25,0.4,0.6,6349933.40763
1991-06-26,0.4,0.6,6387936.397823881
1991-06-27,0.4,0.6,6463942.50205796
1991-06-28,0.4,0.6,6432976.87778759
1991-07-01,0.4,0.6,6599540.583913501
1991-07-02,0.4,0.6,6510514.646389544
1991-07-03,0.4,0.6,6406005.959960303
1991-07-05,0.4,0.6,6392282.367648655
1991-07-08,0.4,0.6,6580538.166020349
1991-07-09,0.4,0.6,6629449.458455865
1991-07-10,0.4,0.6,6704751.802301439
1991-07-11,0.4,0.6,6718475.026110163
1991-07-12,1.0,0.0,6819934.437916065
1991-07-15,1.0,0.0,6928530.4249992855
1991-07-16,0.8,0.19999999999999996,6581108.964737984
1991-07-17,0.8,0.19999999999999996,6512637.345663084
1991-07-18,1.0,0.0,6677205.496428264
1991-07-19,1.0,0.0,6725549.36818093
1991-07-22,0.8,0.19999999999999996,6525592.155260907
1991-07-23,0.4,0.6,6222960.987051973
1991-07-24,0.4,0.6,6179204.907803421
1991-07-25,0.4,0.6,6273118.914667429
1991-07-26,1.0,0.0,6356184.169364259
1991-07-29,1.0,0.0,6382017.822633783
1991-07-30,1.0,0.0,6717882.785750838
1991-07-31,1.0,0.0,6927152.2208091095
1991-08-01,1.0,0.0,7082166.429476453
1991-08-02,1.0,0.0,7174313.471078096
1991-08-05,1.0,0.0,6911647.108803275
1991-08-06,1.0,0.0,7104553.855739037
1991-08-07,1.0,0.0,7239760.600013809
1991-08-08,1.0,0.0,7410276.300914847
1991-08-09,1.0,0.0,7358603.932267153
1991-08-12,1.0,0.0,7520506.242313145
1991-08-13,1.0,0.0,7695327.912850131
1991-08-14,1.0,0.0,7876177.941719077
1991-08-15,1.0,0.0,7629875.7129801195
1991-08-16,1.0,0.0,7438689.904419131
1991-08-19,1.0,0.0,6831545.909261852
1991-08-20,1.0,0.0,6996894.4440734815
1991-08-21,1.0,0.0,7902008.682705422
1991-08-22,1.0,0.0,7772828.846159525
1991-08-23,1.0,0.0,7950234.097494051
1991-08-26,1.0,0.0,7939897.588144558
1991-08-27,1.0,0.0,7941619.249151506
1991-08-28,1.0,0.0,8195670.771787828
1991-08-29,1.0,0.0,8081992.427471629
1991-08-30,1.0,0.0,7978648.411824326
1991-09-03,1.0,0.0,7717703.697769598
1991-09-04,0.8,0.19999999999999996,7507790.264865182
1991-09-05,1.0,0.0,7433984.798181433
1991-09-06,1.0,0.0,7368420.4133178415
1991-09-09,1.0,0.0,7473667.166353181
1991-09-10,1.0,0.0,7074243.51160193
1991-09-11,1.0,0.0,7321833.945287846
1991-09-12,1.0,0.0,7781644.999943319
1991-09-13,1.0,0.0,7282149.832669522
1991-09-16,1.0,0.0,7206232.639744445
1991-09-17,1.0,0.0,7164823.44689867
1991-09-18,1.0,0.0,7389121.373004511
1991-09-19,1.0,0.0,7580637.251903644
1991-09-20,1.0,0.0,7827364.9996311655
1991-09-23,1.0,0.0,7678119.542159648
1991-09-24,1.0,0.0,7874811.533484695
1991-09-25,1.0,0.0,8005939.430452632
1991-09-26,1.0,0.0,7912769.110019722
1991-09-27,1.0,0.0,7746270.52616776
1991-09-30,1.0,0.0,7871359.041032009
1991-10-01,1.0,0.0,7936060.157909088
1991-10-02,1.0,0.0,7659137.836005106
1991-10-03,1.0,0.0,7280418.630788293
1991-10-04,1.0,0.0,7284731.765903069
1991-10-07,1.0,0.0,7154465.385988173
1991-10-08,1.0,0.0,7238145.582398551
1991-10-09,0.1,0.9,6955819.312690211
1991-10-10,0.1,0.9,6975138.060683024
1991-10-11,0.5,0.5,6990396.997661908
1991-10-14,1.0,0.0,7196160.760808247
1991-10-15,1.0,0.0,7654625.029045544
1991-10-16,1.0,0.0,7990885.241074871
1991-10-17,1.0,0.0,7569160.817461933
1991-10-18,1.0,0.0,7615485.915784119
1991-10-21,1.0,0.0,7436570.920369052
1991-10-22,1.0,0.0,7426985.665785369
1991-10-23,1.0,0.0,7312768.180053322
1991-10-24,1.0,0.0,7029222.198180206
1991-10-25,0.5,0.5,6822133.623189135
1991-10-28,1.0,0.0,6941261.276936795
1991-10-29,1.0,0.0,7207850.77907999
1991-10-30,1.0,0.0,7550496.871072858
1991-10-31,1.0,0.0,7376428.604379227
1991-11-01,1.0,0.0,7183542.212227194
1991-11-04,1.0,0.0,6952234.2655478865
1991-11-05,1.0,0.0,7102778.660607419
1991-11-06,1.0,0.0,7127084.798000185
1991-11-07,1.0,0.0,7378776.616601558
1991-11-08,1.0,0.0,7577150.413268747
1991-11-11,1.0,0.0,7750432.159350581
1991-11-12,1.0,0.0,8068771.504693346
1991-11-13,1.0,0.0,8134634.334810583
1991-11-14,1.0,0.0,7986440.9889592435
1991-11-15,0.8,0.19999999999999996,6665484.265067973
1991-11-18,0.0,1.0,6886879.361093801
1991-11-19,0.4,0.6,6884120.840042722
1991-11-20,0.8,0.19999999999999996,6903793.682530667
1991-11-21,0.8,0.19999999999999996,7099691.397438078
1991-11-22,0.4,0.6,6957890.781246245
1991-11-25,0.4,0.6,6860178.545650383
1991-11-26,0.4,0.6,6890813.484942058
1991-11-27,0.4,0.6,6920803.468186688
1991-11-29,0.4,0.6,6907258.454353768
1991-12-02,0.8,0.19999999999999996,7284763.076129131
1991-12-03,0.8,0.19999999999999996,7282879.702850905
1991-12-04,0.8,0.19999999999999996,7350035.94362397
1991-12-05,0.8,0.19999999999999996,7301080.152832829
1991-12-06,1.0,0.0,7404438.248704982
1991-12-09,1.0,0.0,7373195.650829987
1991-12-10,1.0,0.0,7411466.7584817875
1991-12-11,1.0,0.0,7296652.515693917
1991-12-12,1.0,0.0,7526280.311277334
1991-12-13,1.0,0.0,7777777.442596353
1991-12-16,1.0,0.0,7905087.52830536
1991-12-17,1.0,0.0,7577828.309229603
1991-12-18,1.0,0.0,7630158.275301383
1991-12-19,1.0,0.0,7238853.144249495
1991-12-20,1.0,0.0,7330235.495555568
1991-12-23,1.0,0.0,7883216.580347497
1991-12-24,1.0,0.0,8175328.1919860095
1991-12-26,1.0,0.0,8698629.694075007
1991-12-27,1.0,0.0,8953251.015709672
1991-12-30,1.0,0.0,9793657.655596958
1991-12-31,1.0,0.0,10159968.79906398
1992-01-02,1.0,0.0,10387253.220016412
1992-01-03,1.0,0.0,10519250.051532269
1992-01-06,1.0,0.0,10710606.04685262
1992-01-07,1.0,0.0,10968351.55891119
1992-01-08,1.0,0.0,11413548.520406818
1992-01-09,1.0,0.0,12008706.641444802
1992-01-10,1.0,0.0,11673636.94443398
1992-01-13,1.0,0.0,11785326.072962362
1992-01-14,1.0,0.0,12219588.366353171
1992-01-15,1.0,0.0,12527320.931312859
1992-01-16,1.0,0.0,12132891.60841649
1992-01-17,1.0,0.0,11901701.256066801
1992-01-20,1.0,0.0,11088629.899759253
1992-01-21,1.0,0.0,9743665.51830832
1992-01-22,1.0,0.0,11368244.515563823
1992-01-23,1.0,0.0,11339345.51888513
1992-01-24,1.0,0.0,11273737.279981324
1992-01-27,1.0,0.0,10782457.577835897
1992-01-28,1.0,0.0,10812137.15893487
1992-01-29,0.7000000000000001,0.29999999999999993,10466115.47279123
1992-01-30,0.7000000000000001,0.29999999999999993,10534447.06598834
1992-01-31,0.7000000000000001,0.29999999999999993,10526793.408640556
1992-02-03,0.7000000000000001,0.29999999999999993,10676332.616933605
1992-02-04,0.7000000000000001,0.29999999999999993,11042045.49400786
1992-02-05,0.7000000000000001,0.29999999999999993,11310453.47371602
1992-02-06,0.7000000000000001,0.29999999999999993,11180895.36660255
1992-02-07,0.8,0.19999999999999996,11019291.007266048
1992-02-10,1.0,0.0,10893729.088712057
1992-02-11,1.0,0.0,10810704.877909038
1992-02-12,1.0,0.0,11896108.540678585
1992-02-13,1.0,0.0,11273048.239558812
1992-02-14,1.0,0.0,10966849.7346268
1992-02-18,1.0,0.0,10189165.989391644
1992-02-19,1.0,0.0,10141179.38066938
1992-02-20,1.0,0.0,10791659.7602366
1992-02-21,1.0,0.0,10510596.926301293
1992-02-24,0.8,0.19999999999999996,10189409.693307858
1992-02-25,1.0,0.0,10138025.494608061
1992-02-26,1.0,0.0,10986460.755418826
1992-02-27,0.8,0.19999999999999996,10939295.66731737
1992-02-28,0.8,0.19999999999999996,10821618.741917877
1992-03-02,0.8,0.19999999999999996,10858505.092233455
1992-03-03,1.0,0.0,10783166.926100751
1992-03-04,1.0,0.0,10395413.476965582
1992-03-05,1.0,0.0,10017582.844031615
1992-03-06,0.5,0.5,9605940.596328493
1992-03-09,0.5,0.5,9617766.835210903
1992-03-10,0.5,0.5,9919580.524915516
1992-03-11,0.5,0.5,9679578.237885773
1992-03-12,0.5,0.5,9668130.718359323
1992-03-13,0.5,0.5,9737574.034677507
1992-03-16,0.5,0.5,9815028.715421252
1992-03-17,1.0,0.0,10014741.498522516
1992-03-18,0.5,0.5,9980444.477357864
1992-03-19,1.0,0.0,9969962.192485891
1992-03-20,1.0,0.0,9819125.362505151
1992-03-23,0.5,0.5,9651740.865282303
1992-03-24,0.5,0.5,9560260.70054654
1992-03-25,0.5,0.5,9588801.585366268
1992-03-26,0.5,0.5,9402182.783494635
1992-03-27,0.4,0.6,9025794.499529596
1992-03-30,0.4,0.6,8961982.433508683
1992-03-31,0.4,0.6,8983672.074823847
1992-04-01,0.4,0.6,9066768.061388962
1992-04-02,0.4,0.6,8857100.608358389
1992-04-03,0.4,0.6,8814978.44620949
1992-04-06,0.4,0.6,9072425.834922334
1992-04-07,0.30000000000000004,0.7,8684545.77003486
1992-04-08,0.30000000000000004,0.7,8631033.244190544
1992-04-09,0.4,0.6,8843035.798648968
1992-04-10,0.30000000000000004,0.7,8623532.412652465
1992-04-13,0.4,0.6,8724910.517433902
1992-04-14,0.4,0.6,8835744.509458708
1992-04-15,0.4,0.6,9020467.904090894
1992-04-16,0.4,0.6,8780986.960439716
1992-04-20,0.1,0.9,8398658.011028754
1992-04-21,0.1,0.9,8379841.022632895
1992-04-22,0.1,0.9,8411085.111113649
1992-04-23,0.1,0.9,8394106.029296389
1992-04-24,0.1,0.9,8363561.445820632
1992-04-27,0.0,1.0,8329357.66635883
1992-04-28,0.0,1.0,8329357.558751741
1992-04-29,0.1,0.9,8328524.130072462
1992-04-30,0.0,1.0,8367660.2976560565
1992-05-01,0.1,0.9,8469466.009487854
1992-05-04,0.1,0.9,8495932.589709995
1992-05-05,0.30000000000000004,0.7,8528168.892893288
1992-05-06,0.30000000000000004,0.7,8535229.211627185
1992-05-07,0.30000000000000004,0.7,8475970.76139218
1992-05-08,0.1,0.9,8438285.400246955
1992-05-11,0.1,0.9,8443108.498327458
1992-05-12,0.1,0.9,8427603.225184212
1992-05-13,0.1,0.9,8416921.742895162
1992-05-14,0.1,0.9,8382982.697362987
1992-05-15,0.0,1.0,8369975.066484504
1992-05-18,0.1,0.9,8369137.350508177
1992-05-19,0.1,0.9,8383864.728113599
1992-05-20,0.1,0.9,8409752.07201713
1992-05-21,0.1,0.9,8395756.257598635
1992-05-22,0.1,0.9,8399049.243438145
1992-05-26,0.1,0.9,8377826.536344439
1992-05-27,0.1,0.9,8395572.593227817
1992-05-28,0.1,0.9,8428046.146624252
1992-05-29,1.0,0.0,8448687.810803138
1992-06-01,1.0,0.0,8741663.92484756
1992-06-02,1.0,0.0,8595173.19272316
1992-06-03,1.0,0.0,8600194.625041699
1992-06-04,1.0,0.0,8482164.741211236
1992-06-05,1.0,0.0,8262010.635789061
1992-06-08,0.1,0.9,8012868.356936329
1992-06-09,0.0,1.0,7970128.79606977
1992-06-10,0.0,1.0,7970128.688644298
1992-06-11,0.0,1.0,7970128.582384745
1992-06-12,0.0,1.0,7970128.476110996
1992-06-15,0.0,1.0,7970128.157199781
1992-06-16,0.0,1.0,7970128.0508659175
1992-06-17,0.0,1.0,7970127.94451686
1992-06-18,0.0,1.0,7970127.838153599
1992-06-19,0.0,1.0,7970127.731775271
1992-06-22,0.0,1.0,7970127.41254766
1992-06-23,0.0,1.0,7970127.306109463
1992-06-24,0.0,1.0,7970127.199655779
1992-06-25,0.0,1.0,7970127.0931878835
1992-06-26,0.0,1.0,7970126.986704911
1992-06-29,0.0,1.0,7970126.667163296
1992-06-30,0.0,1.0,7970126.560620412
1992-07-01,1.0,0.0,8236993.779686902
1992-07-02,0.0,1.0,7809721.014749272
1992-07-06,0.0,1.0,7809716.619369939
1992-07-07,0.0,1.0,7809715.624294848
1992-07-08,0.0,1.0,7809714.629100709
1992-07-09,0.0,1.0,7809713.633764283
1992-07-10,0.0,1.0,7809712.638313682
1992-07-13,1.0,0.0,7801896.02501729
1992-07-14,1.0,0.0,8126788.7611228945
1992-07-15,1.0,0.0,8135545.010885853
1992-07-16,1.0,0.0,8281789.981674725
1992-07-17,1.0,0.0,7820282.26138398
1992-07-20,0.0,1.0,7418773.213034494
1992-07-21,1.0,0.0,7411349.780504113
1992-07-22,0.0,1.0,7115158.065644666
1992-07-23,0.0,1.0,7115157.1595800975
1992-07-24,0.0,1.0,7115156.253402533
1992-07-27,0.0,1.0,7115153.534172453
1992-07-28,1.0,0.0,7108033.909189667
1992-07-29,1.0,0.0,7338166.316780693
1992-07-30,1.0,0.0,7394314.776489875
1992-07-31,1.0,0.0,7389568.854365592
1992-08-03,1.0,0.0,7519263.262272663
1992-08-04,1.0,0.0,7395101.084629735
1992-08-05,0.0,1.0,7065363.0371717615
1992-08-06,0.0,1.0,7065362.137466273
1992-08-07,0.0,1.0,7065361.228391409
1992-08-10,1.0,0.0,7058289.601694453
1992-08-11,0.0,1.0,6929225.695091567
1992-08-12,0.0,1.0,6929224.803640542
1992-08-13,0.0,1.0,6929223.912084833
1992-08-14,0.0,1.0,6929223.020403787
1992-08-17,0.0,1.0,6929220.34466875
1992-08-18,0.0,1.0,6929219.452534158
1992-08-19,0.0,1.0,6929218.560281942
1992-08-20,0.0,1.0,6929217.667913605
1992-08-21,0.0,1.0,6929216.7754384205
1992-08-24,0.0,1.0,6929214.097292608
1992-08-25,0.0,1.0,6929213.204354286
1992-08-26,0.0,1.0,6929212.311298304
1992-08-27,0.0,1.0,6929211.418135416
1992-08-28,0.0,1.0,6929210.524847045
1992-08-31,0.0,1.0,6929207.844316855
1992-09-01,0.0,1.0,7049943.357030865
1992-09-02,1.0,0.0,7042889.041038125
1992-09-03,1.0,0.0,7151201.756191954
1992-09-04,1.0,0.0,7024569.484036063
1992-09-08,1.0,0.0,6979169.708095552
1992-09-09,1.0,0.0,7265881.328080666
1992-09-10,1.0,0.0,7603564.063814971
1992-09-11,1.0,0.0,7627455.867384745
1992-09-14,1.0,0.0,8310784.667783002
1992-09-15,1.0,0.0,7943632.441354702
1992-09-16,1.0,0.0,7833725.0651943935
1992-09-17,1.0,0.0,7888677.391795528
1992-09-18,1.0,0.0,7936461.905111454
1992-09-21,1.0,0.0,7884691.641436216
1992-09-22,1.0,0.0,7512760.872079211
1992-09-23,1.0,0.0,7621073.584902401
1992-09-24,1.0,0.0,7742925.500260721
1992-09-25,1.0,0.0,7205338.603990217
1992-09-28,1.0,0.0,7038086.903481347
1992-09-29,1.0,0.0,7226838.407829688
1992-09-30,1.0,0.0,7401254.285724032
1992-10-01,0.1,0.9,7097790.033263953
1992-10-02,0.0,1.0,7064891.167787693
1992-10-05,0.0,1.0,7064890.907630362
1992-10-06,0.6000000000000001,0.3999999999999999,7060651.552258953
1992-10-07,0.2,0.8,6949727.746006038
1992-10-08,0.6000000000000001,0.3999999999999999,6987102.701767651
1992-10-09,0.2,0.8,6871945.667568245
1992-10-12,0.1,0.9,6904155.3671109965
1992-10-13,0.6000000000000001,0.3999999999999999,6914113.510847405
1992-10-14,0.5,0.5,6890320.422154584
1992-10-15,0.6000000000000001,0.3999999999999999,6973400.220731053
1992-10-16,1.0,0.0,7140348.961780088
1992-10-19,1.0,0.0,7571172.913110531
1992-10-20,1.0,0.0,7610202.01020942
1992-10-21,1.0,0.0,7797843.209266813
1992-10-22,1.0,0.0,7797092.29917972
1992-10-23,1.0,0.0,7747554.587888347
1992-10-26,1.0,0.0,7868394.709407949
1992-10-27,1.0,0.0,7631215.455016616
1992-10-28,1.0,0.0,7823360.050807621
1992-10-29,1.0,0.0,8137846.932546832
1992-10-30,1.0,0.0,7992236.750978303
1992-11-02,1.0,0.0,8075548.56302123
1992-11-03,1.0,0.0,7752804.7647567
1992-11-04,1.0,0.0,7878148.970967508
1992-11-05,1.0,0.0,8504871.37984588
1992-11-06,1.0,0.0,8627963.887456626
1992-11-09,1.0,0.0,8811851.565618876
1992-11-10,1.0,0.0,9103821.46169712
1992-11-11,1.0,0.0,9376276.637268124
1992-11-12,1.0,0.0,9287709.48419857
1992-11-13,1.0,0.0,9420559.351744391
1992-11-16,1.0,0.0,9103819.392476216
1992-11-17,1.0,0.0,8593434.050686644
1992-11-18,1.0,0.0,9054281.335062278
1992-11-19,1.0,0.0,9244174.2314039
1992-11-20,1.0,0.0,9405545.61317758
1992-11-23,1.0,0.0,8967964.499369327
1992-11-24,1.0,0.0,9477598.584651666
1992-11-25,1.0,0.0,9448326.158595365
1992-11-27,1.0,0.0,9417552.254708787
1992-11-30,1.0,0.0,9547399.165828368
1992-12-01,1.0,0.0,9684001.863467118
1992-12-02,1.0,0.0,9590180.74634476
1992-12-03,1.0,0.0,9850626.86223239
1992-12-04,1.0,0.0,10147850.72049178
1992-12-07,1.0,0.0,10436817.659121888
1992-12-08,1.0,0.0,10324232.387450853
1992-12-09,1.0,0.0,10084050.866544532
1992-12-10,1.0,0.0,9804839.904666055
1992-12-11,1.0,0.0,9497857.994391246
1992-12-14,1.0,0.0,9374013.53767927
1992-12-15,1.0,0.0,9172861.45744661
1992-12-16,1.0,0.0,9328978.874910763
1992-12-17,1.0,0.0,9958703.546688557
1992-12-18,1.0,0.0,10043517.17775382
1992-12-21,1.0,0.0,10161355.0274402
1992-12-22,1.0,0.0,9844615.75646368
1992-12-23,1.0,0.0,9912166.36536591
1992-12-24,1.0,0.0,9997730.562346755
1992-12-28,1.0,0.0,10120822.027700298
1992-12-29,1.0,0.0,10180866.974629015
1992-12-30,1.0,0.0,10187621.723322764
1992-12-31,1.0,0.0,10205634.9645496
1993-01-04,1.0,0.0,9877636.159501832
1993-01-05,1.0,0.0,10195875.869203517
1993-01-06,1.0,0.0,10764804.680217434
1993-01-07,1.0,0.0,10501355.606749352
1993-01-08,1.0,0.0,10629702.074877148
1993-01-11,1.0,0.0,11085294.699145619
1993-01-12,1.0,0.0,10821845.625463573
1993-01-13,1.0,0.0,11519121.251542332
1993-01-14,1.0,0.0,12020499.106758948
1993-01-15,1.0,0.0,11817095.326686189
1993-01-18,1.0,0.0,11768307.482658675
1993-01-19,1.0,0.0,11509361.805707188
1993-01-20,1.0,0.0,11478588.244916216
1993-01-21,1.0,0.0,11805834.747993583
1993-01-22,1.0,0.0,11660224.562843502
1993-01-25,1.0,0.0,11955946.590736328
1993-01-26,1.0,0.0,11793823.949636897
1993-01-27,1.0,0.0,11158844.620309992
1993-01-28,1.0,0.0,10980209.523346916
1993-01-29,1.0,0.0,10967449.550291415
1993-02-01,1.0,0.0,11399774.620536929
1993-02-02,1.0,0.0,11575406.756411918
1993-02-03,1.0,0.0,11488340.732141435
1993-02-04,1.0,0.0,11274429.024807084
1993-02-05,1.0,0.0,10796318.02498381
1993-02-08,1.0,0.0,10505847.87096003
1993-02-09,1.0,0.0,10262664.082713837
1993-02-10,1.0,0.0,10628189.45969088
1993-02-11,1.0,0.0,10540372.868905134
1993-02-12,1.0,0.0,10093035.081821786
1993-02-16,0.4,0.6,8885290.88739259
1993-02-17,0.4,0.6,8854076.619483994
1993-02-18,0.4,0.6,8925206.987754269
1993-02-19,0.4,0.6,8912900.974245377
1993-02-22,0.4,0.6,8677896.559452081
1993-02-23,0.4,0.6,8702806.773439117
1993-02-24,0.4,0.6,8965420.635931715
1993-02-25,0.4,0.6,9012240.403222263
1993-02-26,0.4,0.6,8994231.902646894
1993-03-01,0.4,0.6,9063380.427646713
1993-03-02,0.4,0.6,9282175.182727145
1993-03-03,0.4,0.6,9401626.614344344
1993-03-04,0.4,0.6,9254861.964715436
1993-03-05,0.4,0.6,9254861.310150694
1993-03-08,0.5,0.5,9376535.416561939
1993-03-09,0.4,0.6,9372723.137880301
1993-03-10,0.5,0.5,9428776.756506005
1993-03-11,0.5,0.5,9445525.009865213
1993-03-12,0.5,0.5,9480090.672405668
1993-03-15,1.0,0.0,9539162.275250345
1993-03-16,1.0,0.0,9480718.30397888
1993-03-17,0.4,0.6,8850128.199939124
1993-03-18,0.4,0.6,8844215.943920795
1993-03-19,0.4,0.6,8725420.179172812
1993-03-22,0.4,0.6,8661798.093916938
1993-03-23,0.4,0.6,8623794.266464641
1993-03-24,0.4,0.6,8633364.785471188
1993-03-25,0.4,0.6,8800296.604487296
1993-03-26,0.4,0.6,8747936.021326888
1993-03-29,0.4,0.6,8710493.900260583
1993-03-30,0.4,0.6,8892908.494377557
1993-03-31,0.4,0.6,8942734.229133897
1993-04-01,0.4,0.6,8817661.79314733
1993-04-02,0.30000000000000004,0.7,8428343.41389604
1993-04-05,0.30000000000000004,0.7,8505960.665882953
1993-04-06,0.30000000000000004,0.7,8410838.907813182
1993-04-07,0.30000000000000004,0.7,8512639.77917304
1993-04-08,0.30000000000000004,0.7,8429264.283193538
1993-04-12,0.4,0.6,8593198.41713273
1993-04-13,0.30000000000000004,0.7,8498663.29299509
1993-04-14,0.4,0.6,8510593.550742986
1993-04-15,0.30000000000000004,0.7,8432392.903205933
1993-04-16,0.30000000000000004,0.7,8359953.096889893
1993-04-19,0.1,0.9,8288445.046362708
1993-04-20,0.1,0.9,8299999.145399282
1993-04-21,0.1,0.9,8308094.818876106
1993-04-22,0.1,0.9,8295046.936202298
1993-04-23,0.1,0.9,8259047.684028596
1993-04-26,0.0,1.0,8212155.89872321
1993-04-27,0.1,0.9,8211334.216769383
1993-04-28,0.1,0.9,8248355.474187003
1993-04-29,0.1,0.9,8242894.525228414
1993-04-30,0.1,0.9,8249881.103642645
1993-05-03,0.30000000000000004,0.7,8285464.349786163
1993-05-04,1.0,0.0,8458498.879166696
1993-05-05,1.0,0.0,8604032.414816806
1993-05-06,1.0,0.0,8337689.952573287
1993-05-07,1.0,0.0,8442247.831328562
1993-05-10,1.0,0.0,8555988.521332778
1993-05-11,1.0,0.0,8419637.797263242
1993-05-12,1.0,0.0,8270570.489987945
1993-05-13,1.0,0.0,8037432.43865116
1993-05-14,1.0,0.0,8180140.066194187
1993-05-17,1.0,0.0,8378657.975274714
1993-05-18,1.0,0.0,8613914.068546109
1993-05-19,1.0,0.0,9240558.331180694
1993-05-20,1.0,0.0,9677160.323730376
1993-05-21,1.0,0.0,9377613.448754845
1993-05-24,1.0,0.0,9406576.914454198
1993-05-25,1.0,0.0,9336635.012196949
1993-05-26,1.0,0.0,9954801.552168181
1993-05-27,1.0,0.0,9822689.687811032
1993-05-28,1.0,0.0,9453908.081918627
1993-06-01,1.0,0.0,9791601.229356965
1993-06-02,1.0,0.0,9800784.732532077
1993-06-03,1.0,0.0,9747798.273690319
1993-06-04,1.0,0.0,9474391.040636815
1993-06-07,1.0,0.0,9141638.360684458
1993-06-08,1.0,0.0,8866818.173617791
1993-06-09,1.0,0.0,8827254.77423971
1993-06-10,0.9,0.09999999999999998,8771975.162671681
1993-06-11,1.0,0.0,9001115.61722867
1993-06-14,1.0,0.0,9300290.060023906
1993-06-15,1.0,0.0,9284803.261837084
1993-06-16,1.0,0.0,9132751.986178633
1993-06-17,1.0,0.0,9053910.5334754
1993-06-18,1.0,0.0,8599868.738049848
1993-06-21,0.6000000000000001,0.3999999999999999,8586576.810536126
1993-06-22,0.6000000000000001,0.3999999999999999,8512670.189297872
1993-06-23,0.6000000000000001,0.3999999999999999,8456923.372495048
1993-06-24,1.0,0.0,8574694.852962231
1993-06-25,1.0,0.0,8887996.09860327
1993-06-28,1.0,0.0,9343514.342122288
1993-06-29,1.0,0.0,9150604.585324131
1993-06-30,1.0,0.0,9160460.84884221
1993-07-01,1.0,0.0,8977407.773487974
1993-07-02,1.0,0.0,9009793.594722906
1993-07-06,1.0,0.0,8753518.201511005
1993-07-07,0.6000000000000001,0.3999999999999999,8533254.400947293
1993-07-08,0.6000000000000001,0.3999999999999999,8653597.819229204
1993-07-09,0.6000000000000001,0.3999999999999999,8728337.256510662
1993-07-12,0.6000000000000001,0.3999999999999999,8744804.107443547
1993-07-13,0.6000000000000001,0.3999999999999999,8703422.301301876
1993-07-14,0.6000000000000001,0.3999999999999999,8779006.256462308
1993-07-15,0.6000000000000001,0.3999999999999999,8632059.68365862
1993-07-16,0.0,1.0,8217658.46187924
1993-07-19,0.0,1.0,8217656.698881708
1993-07-20,0.1,0.9,8216831.939525605
1993-07-21,0.0,1.0,8194090.9031714415
1993-07-22,0.0,1.0,8194090.805503705
1993-07-23,0.0,1.0,8194090.70782499
1993-07-26,0.1,0.9,8193270.605722388
1993-07-27,0.0,1.0,8161890.642901874
1993-07-28,0.1,0.9,8161073.963271847
1993-07-29,0.1,0.9,8164369.932379028
1993-07-30,0.0,1.0,8132612.411397991
1993-08-02,0.0,1.0,8249099.537996364
1993-08-03,0.1,0.9,8248274.1374842115
1993-08-04,0.1,0.9,8274967.437642086
1993-08-05,1.0,0.0,8283545.625693405
1993-08-06,1.0,0.0,8330956.034745163
1993-08-09,1.0,0.0,8270186.721751355
1993-08-10,0.1,0.9,8009883.803960224
1993-08-11,1.0,0.0,8009676.186256382
1993-08-12,1.0,0.0,7985205.350853633
1993-08-13,1.0,0.0,8052662.202828115
1993-08-16,1.0,0.0,8730543.60200329
1993-08-17,1.0,0.0,8979210.427440908
1993-08-18,1.0,0.0,9095607.198839108
1993-08-19,1.0,0.0,8688875.9068256
1993-08-20,1.0,0.0,8728556.04672991
1993-08-23,1.0,0.0,8698792.65512984
1993-08-24,1.0,0.0,8731859.291911937
1993-08-25,1.0,0.0,8513612.826114748
1993-08-26,1.0,0.0,8282800.70508748
1993-08-27,1.0,0.0,8404488.277685445
1993-08-30,1.0,0.0,8594954.523648854
1993-08-31,1.0,0.0,8825764.8903157
1993-09-01,1.0,0.0,8930257.355369935
1993-09-02,1.0,0.0,8956049.138227457
1993-09-03,1.0,0.0,8891235.934034277
1993-09-07,1.0,0.0,8386622.166150047
1993-09-08,1.0,0.0,8257657.985266437
1993-09-09,1.0,0.0,8489791.051513543
1993-09-10,1.0,0.0,8648514.237721158
1993-09-13,1.0,0.0,8432250.063364388
1993-09-14,0.9,0.09999999999999998,8194662.61850325
1993-09-15,1.0,0.0,8381170.6589774955
1993-09-16,1.0,0.0,8270447.624670954
1993-09-17,1.0,0.0,8298128.258943598
1993-09-20,1.0,0.0,8381170.16168909
1993-09-21,1.0,0.0,8254629.56519747
1993-09-22,1.0,0.0,8818130.116384445
1993-09-23,1.0,0.0,9031667.105550032
1993-09-24,1.0,0.0,9098891.645049928
1993-09-27,1.0,0.0,9418537.914323952
1993-09-28,1.0,0.0,9674914.134183556
1993-09-29,1.0,0.0,9736866.152914792
1993-09-30,1.0,0.0,9418537.615552261
1993-10-01,1.0,0.0,9422491.906468697
1993-10-04,1.0,0.0,9529260.151893731
1993-10-05,1.0,0.0,9301223.531599311
1993-10-06,1.0,0.0,9235316.923071114
1993-10-07,1.0,0.0,9056051.119303703
1993-10-08,1.0,0.0,9291337.25620941
1993-10-11,1.0,0.0,9239929.880133213
1993-10-12,1.0,0.0,9376356.253711041
1993-10-13,1.0,0.0,9647890.970425364
1993-10-14,1.0,0.0,10070351.592400892
1993-10-15,1.0,0.0,10103304.747043215
1993-10-18,1.0,0.0,9898994.270173809
1993-10-19,1.0,0.0,9353288.277038533
1993-10-20,1.0,0.0,9438307.573614132
1993-10-21,1.0,0.0,9687434.07722152
1993-10-22,1.0,0.0,9746749.835320218
1993-10-25,1.0,0.0,9684797.417318722
1993-10-26,1.0,0.0,9471260.22871759
1993-10-27,1.0,0.0,9885153.004384672
1993-10-28,1.0,0.0,9805406.028730826
1993-10-29,1.0,0.0,9933923.621040257
1993-11-01,1.0,0.0,10239070.457095107
1993-11-02,1.0,0.0,10258183.244660053
1993-11-03,1.0,0.0,9679523.996916357
1993-11-04,1.0,0.0,8892600.181185113
1993-11-05,1.0,0.0,9325605.844310334
1993-11-08,1.0,0.0,9411284.005629819
1993-11-09,1.0,0.0,9486417.32563479
1993-11-10,1.0,0.0,10004442.385119619
1993-11-11,1.0,0.0,10129005.586740023
1993-11-12,1.0,0.0,10165913.131573815
1993-11-15,1.0,0.0,9849561.588634972
1993-11-16,1.0,0.0,10016304.955860505
1993-11-17,1.0,0.0,9434350.382504057
1993-11-18,1.0,0.0,9133157.536849132
1993-11-19,1.0,0.0,9046160.844954219
1993-11-22,0.4,0.6,8524994.099424511
1993-11-23,1.0,0.0,8733921.586139927
1993-11-24,1.0,0.0,8993118.924934067
1993-11-26,1.0,0.0,9080152.291819392
1993-11-29,0.5,0.5,8852097.834879769
1993-11-30,1.0,0.0,8970211.217637738
1993-12-01,1.0,0.0,9397812.8605473
1993-12-02,1.0,0.0,9625699.868725073
1993-12-03,1.0,0.0,10031389.247512558
1993-12-06,1.0,0.0,9820403.83591477
1993-12-07,1.0,0.0,9668269.579682915
1993-12-08,1.0,0.0,9506118.288418194
1993-12-09,1.0,0.0,8956432.95677908
1993-12-10,1.0,0.0,8933268.025559286
1993-12-13,1.0,0.0,8987107.974546738
1993-12-14,0.5,0.5,8635945.250086566
1993-12-15,0.5,0.5,8706028.008376192
1993-12-16,0.5,0.5,8746700.825438749
1993-12-17,1.0,0.0,8839372.594399584
1993-12-20,1.0,0.0,8882758.416324703
1993-12-21,1.0,0.0,8797205.337771036
1993-12-22,1.0,0.0,8786816.29589196
1993-12-23,1.0,0.0,8913922.443102961
1993-12-27,1.0,0.0,9015361.271439953
1993-12-28,1.0,0.0,9212742.737241933
1993-12-29,1.0,0.0,9254296.321943387
1993-12-30,1.0,0.0,9416234.583307087
1993-12-31,1.0,0.0,9452288.360318864
1994-01-03,1.0,0.0,9253071.557012757
1994-01-04,1.0,0.0,9437009.048331644
1994-01-05,1.0,0.0,9638668.141746039
1994-01-06,1.0,0.0,9861715.375633307
1994-01-07,1.0,0.0,9900213.511130491
1994-01-10,1.0,0.0,10200257.015579054
1994-01-11,1.0,0.0,10117148.294645563
1994-01-12,1.0,0.0,10159924.057940293
1994-01-13,1.0,0.0,10121424.887141155
1994-01-14,1.0,0.0,10397025.837275833
1994-01-17,1.0,0.0,10320638.067013234
1994-01-18,1.0,0.0,10329192.805080878
1994-01-19,1.0,0.0,9980871.14102139
1994-01-20,1.0,0.0,10357301.896162463
1994-01-21,1.0,0.0,10357912.467559915
1994-01-24,1.0,0.0,10176417.262511337
1994-01-25,1.0,0.0,9967424.056420535
1994-01-26,1.0,0.0,10016310.7161436
1994-01-27,1.0,0.0,10214914.359547762
1994-01-28,1.0,0.0,10404962.74667602
1994-01-31,1.0,0.0,10512512.98240894
1994-02-01,1.0,0.0,10221633.752122464
1994-02-02,1.0,0.0,10334684.833015518
1994-02-03,1.0,0.0,10200855.663102796
1994-02-04,1.0,0.0,9258554.780915275
1994-02-07,1.0,0.0,9405214.75803706
1994-02-08,1.0,0.0,9531709.812608063
1994-02-09,1.0,0.0,9702814.417375112
1994-02-10,1.0,0.0,9512153.902178358
1994-02-11,1.0,0.0,9545763.317669356
1994-02-14,1.0,0.0,9776142.586437067
1994-02-15,1.0,0.0,10002245.266492078
1994-02-16,1.0,0.0,10032799.23302456
1994-02-17,1.0,0.0,9929524.548720438
1994-02-18,1.0,0.0,9966189.412424227
1994-02-22,1.0,0.0,10148903.1606618
1994-02-23,1.0,0.0,10029129.053286334
1994-02-24,1.0,0.0,9574477.774047762
1994-02-25,1.0,0.0,9832357.119418208
1994-02-28,1.0,0.0,10244230.035254458
1994-03-01,1.0,0.0,10055402.788064905
1994-03-02,1.0,0.0,9940517.398090295
1994-03-03,1.0,0.0,9936239.249104446
1994-03-04,1.0,0.0,10211840.196196483
1994-03-07,1.0,0.0,10454441.25563602
1994-03-08,1.0,0.0,10199005.227488061
1994-03-09,1.0,0.0,10277835.281349124
1994-03-10,1.0,0.0,10026676.881183483
1994-03-11,1.0,0.0,9998566.23224626
1994-03-14,1.0,0.0,10250944.72605014
1994-03-15,1.0,0.0,10239944.589291323
1994-03-16,1.0,0.0,10420826.627553137
1994-03-17,1.0,0.0,10653651.29276549
1994-03-18,1.0,0.0,10578486.73421538
1994-03-21,1.0,0.0,10230164.022548405
1994-03-22,1.0,0.0,10054169.658370703
1994-03-23,1.0,0.0,10037669.713546705
1994-03-24,0.5,0.5,9546463.961575229
1994-03-25,0.4,0.6,9399612.655641856
1994-03-28,0.4,0.6,9230690.20771081
1994-03-29,0.0,1.0,8927506.547679199
1994-03-30,0.0,1.0,8927506.121495103
1994-03-31,0.0,1.0,8927505.69525436
1994-04-04,0.0,0.0,8662969.325216984
1994-04-05,0.1,0.0,8663315.9438449
1994-04-06,0.1,0.0,8660011.724978685
1994-04-07,0.30000000000000004,0.0,8674292.987161351
1994-04-08,0.1,0.0,8551803.835375164
1994-04-11,0.0,0.0,8546289.126498176
1994-04-12,0.0,0.0,8547108.222451232
1994-04-13,0.0,0.0,8547927.402078766
1994-04-14,0.0,0.0,8548746.656197492
1994-04-15,0.0,0.0,8549565.994118808
1994-04-18,0.0,0.0,8552024.494907187
1994-04-19,0.0,0.0,8552844.1441624
1994-04-20,0.0,0.0,8553663.87316402
1994-04-21,0.0,0.0,8554483.676656831
1994-04-22,0.0,0.0,8555303.563952232
1994-04-25,0.0,0.0,8557763.71302069
1994-04-26,0.0,0.0,8558583.911702601
1994-04-28,0.0,0.0,8560224.547071809
1994-04-29,0.0,0.0,8561044.985808365
1994-05-02,0.0,0.0,8563506.75521641
1994-05-03,0.0,0.0,8564327.506426722
1994-05-04,0.0,0.0,8565250.089141073
1994-05-05,0.0,0.0,8566172.76496941
1994-05-06,0.0,0.0,8567095.53391174
1994-05-09,0.0,0.0,8569864.474208627
1994-05-10,0.0,0.0,8570787.646757448
1994-05-11,0.0,0.0,8571710.918516697
1994-05-12,0.0,0.0,8572634.292701336
1994-05-13,0.0,0.0,8573557.759999963
1994-05-16,0.0,0.0,8576328.795592157
1994-05-17,0.0,0.0,8577252.663468959
1994-05-18,0.0,0.0,8578176.63358521
1994-05-19,0.0,0.0,8579100.70612685
1994-05-20,0.0,0.0,8580024.871782478
1994-05-23,0.0,0.0,8582797.974731715
1994-05-24,0.0,0.0,8583722.54103894
1994-05-25,1.0,0.0,8580354.885905463
1994-05-26,0.0,0.0,8406167.70184555
1994-05-27,1.0,0.0,8402869.706869753
1994-05-31,1.0,0.0,8535479.62960086
1994-06-01,1.0,0.0,8557581.077202864
1994-06-02,1.0,0.0,8650823.54871006
1994-06-03,1.0,0.0,8791723.599308206
1994-06-06,1.0,0.0,8788958.985687992
1994-06-07,1.0,0.0,8591421.15477647
1994-06-08,0.0,0.0,7974097.063067544
1994-06-09,0.0,0.0,7974956.060560284
1994-06-10,1.0,0.0,7971877.584693914
1994-06-13,1.0,0.0,7792695.60087553
1994-06-14,1.0,0.0,8134949.21048166
1994-06-15,1.0,0.0,8157094.460564219
1994-06-16,0.0,0.0,8151001.052992447
1994-06-17,0.0,0.0,8151930.585899081
1994-06-20,0.0,0.0,8154719.8120768145
1994-06-21,0.0,0.0,8155649.764570887
1994-06-22,0.0,0.0,8156579.818354959
1994-06-23,0.0,0.0,8157509.983537168
1994-06-24,0.0,0.0,8158440.250834339
1994-06-27,0.0,0.0,8161231.705230165
1994-06-28,0.0,0.0,8162162.400463615
1994-06-29,0.0,0.0,8163093.196902358
1994-06-30,0.0,0.0,8164024.10473924
1994-07-01,0.0,0.0,8164955.114691085
1994-07-05,0.0,0.0,8168680.2372429995
1994-07-06,0.0,0.0,8169613.929215972
1994-07-07,0.0,0.0,8170547.723385501
1994-07-08,0.0,0.0,8171481.628953081
1994-07-11,0.0,0.0,8174283.972286421
1994-07-12,0.0,0.0,8175218.303354459
1994-07-13,1.0,0.0,8172064.670971579
1994-07-14,0.0,0.0,8056522.057038097
1994-07-15,0.0,0.0,8057442.93380781
1994-07-18,0.0,0.0,8060206.1875890875
1994-07-19,0.0,0.0,8061127.479307108
1994-07-20,0.0,0.0,8062048.875935753
1994-07-21,0.0,0.0,8062970.3838464245
1994-07-22,0.0,0.0,8063891.993765619
1994-07-25,0.0,0.0,8066657.445618947
1994-07-26,0.0,0.0,8067579.47311883
1994-07-27,0.0,0.0,8068501.611627767
1994-07-28,0.0,0.0,8069423.852145229
1994-07-29,1.0,0.0,8066311.021573878
1994-08-01,1.0,0.0,8286442.429219913
1994-08-02,1.0,0.0,8229236.125662072
1994-08-03,1.0,0.0,8073549.150634099
1994-08-04,1.0,0.0,7878035.433410847
1994-08-05,0.0,0.0,7845143.355619995
1994-08-08,1.0,0.0,7843909.86740324
1994-08-09,1.0,0.0,7953125.071112336
1994-08-10,1.0,0.0,8160134.819794393
1994-08-11,1.0,0.0,8192970.342136273
1994-08-12,1.0,0.0,8351439.732498891
1994-08-15,1.0,0.0,8355720.89760779
1994-08-16,1.0,0.0,8581290.194433765
1994-08-17,1.0,0.0,9008873.040462835
1994-08-18,1.0,0.0,8916074.69404436
1994-08-19,1.0,0.0,8806858.28522313
1994-08-22,1.0,0.0,8712631.074528083
1994-08-23,1.0,0.0,8976747.125695622
1994-08-24,1.0,0.0,9091672.958386209
1994-08-25,1.0,0.0,9301538.02086516
1994-08-26,1.0,0.0,9851185.590193879
1994-08-29,1.0,0.0,9785511.529398141
1994-08-30,1.0,0.0,10024643.572053878
1994-08-31,1.0,0.0,9731973.161524324
1994-09-01,1.0,0.0,9265842.353450391
1994-09-02,1.0,0.0,9247282.20043685
1994-09-06,1.0,0.0,9405035.946186936
1994-09-07,1.0,0.0,9641312.672916403
1994-09-08,1.0,0.0,9906142.551396972
1994-09-09,1.0,0.0,9462854.264056055
1994-09-12,1.0,0.0,9230858.089874167
1994-09-13,1.0,0.0,9581347.423422223
1994-09-14,1.0,0.0,9657012.670379875
1994-09-15,1.0,0.0,10330152.619578198
1994-09-16,1.0,0.0,10125283.149483742
1994-09-19,1.0,0.0,10076027.14515194
1994-09-20,0.6000000000000001,0.0,9543026.95234092
1994-09-21,0.6000000000000001,0.0,9404752.215422152
1994-09-22,0.6000000000000001,0.0,9395816.84521765
1994-09-23,0.6000000000000001,0.0,9251167.454789292
1994-09-26,0.6000000000000001,0.0,9196105.933564568
1994-09-27,0.6000000000000001,0.0,9211573.71165634
1994-09-28,1.0,0.0,9317605.550950931
1994-09-29,1.0,0.0,9259566.838332895
1994-09-30,1.0,0.0,9441661.99054288
1994-10-03,1.0,0.0,9356054.406644545
1994-10-04,0.2,0.0,8632922.468312912
1994-10-05,0.6000000000000001,0.0,8689091.903546322
1994-10-06,0.2,0.0,8518284.696977604
1994-10-07,1.0,0.0,8575164.878815243
1994-10-10,1.0,0.0,8935303.011978947
1994-10-11,1.0,0.0,9438940.927856624
1994-10-12,1.0,0.0,9403413.997373695
1994-10-13,1.0,0.0,9399233.860184887
1994-10-14,1.0,0.0,9319821.418772265
1994-10-17,1.0,0.0,9178410.855770478
1994-10-18,1.0,0.0,9253642.594695915
1994-10-19,1.0,0.0,9649308.221490128
1994-10-20,1.0,0.0,9591490.237183115
1994-10-21,1.0,0.0,9410374.865457822
1994-10-24,1.0,0.0,9283592.80407113
1994-10-25,1.0,0.0,9257121.612683462
1994-10-26,1.0,0.0,9625620.017886147
1994-10-27,1.0,0.0,9748916.839163035
1994-10-28,1.0,0.0,10191950.95289995
1994-10-31,1.0,0.0,10276933.893763797
1994-11-01,1.0,0.0,10048450.033221867
1994-11-02,1.0,0.0,9958588.658900283
1994-11-03,1.0,0.0,9899377.482463885
1994-11-04,1.0,0.0,9406187.366367212
1994-11-07,1.0,0.0,9312145.28524694
1994-11-08,1.0,0.0,9812996.816866715
1994-11-09,1.0,0.0,9871510.263922771
1994-11-10,1.0,0.0,9707113.180128457
1994-11-11,1.0,0.0,9606106.278424056
1994-11-14,1.0,0.0,10127157.941137176
1994-11-15,1.0,0.0,10093024.198283745
1994-11-16,1.0,0.0,10157110.407950837
1994-11-17,1.0,0.0,10023363.521477552
1994-11-18,1.0,0.0,10124369.287613075
1994-11-21,1.0,0.0,9886828.54837078
1994-11-22,1.0,0.0,9059272.63444764
1994-11-23,1.0,0.0,9002151.242357286
1994-11-25,1.0,0.0,9269642.741814494
1994-11-28,1.0,0.0,9448666.054946065
1994-11-29,1.0,0.0,9814378.075319165
1994-11-30,1.0,0.0,9500909.572199512
1994-12-01,1.0,0.0,8991697.759165103
1994-12-02,1.0,0.0,9284267.261350961
1994-12-05,1.0,0.0,9326061.27700609
1994-12-06,1.0,0.0,9131013.992784983
1994-12-07,0.8,0.0,8835468.208596097
1994-12-08,0.30000000000000004,0.0,8323394.940476967
1994-12-09,0.4,0.0,8367640.8602749575
1994-12-12,0.4,0.0,8374297.65277384
1994-12-13,0.30000000000000004,0.0,8338022.56799753
1994-12-14,0.4,0.0,8416894.21188346
1994-12-15,0.4,0.0,8468796.557932254
1994-12-16,0.4,0.0,8423589.68092028
1994-12-19,0.4,0.0,8383153.346785236
1994-12-20,0.4,0.0,8386914.21427408
1994-12-21,0.4,0.0,8569763.482334528
1994-12-22,1.0,0.0,8619138.64856064
1994-12-23,1.0,0.0,8702281.858682225
1994-12-27,1.0,0.0,8885196.082376704
1994-12-28,0.5,0.0,8628949.501666158
1994-12-29,1.0,0.0,8820921.39284675
1994-12-30,1.0,0.0,8683649.977946768
1995-01-03,0.4,0.0,8271954.218792989
1995-01-04,0.5,0.0,8311816.871554755
1995-01-05,0.4,0.0,8258754.607482113
1995-01-06,1.0,0.0,8344079.2850784585
1995-01-09,1.0,0.0,8460535.552637376
1995-01-10,1.0,0.0,8710727.051270531
1995-01-11,1.0,0.0,8675533.352983445
1995-01-12,1.0,0.0,8685131.053218892
1995-01-13,1.0,0.0,8882212.750394959
1995-01-16,1.0,0.0,9083132.796418432
1995-01-17,1.0,0.0,9291732.281471217
1995-01-18,1.0,0.0,9445302.33386606
1995-01-19,1.0,0.0,9343561.414119242
1995-01-20,1.0,0.0,8821421.224509353
1995-01-23,1.0,0.0,8930198.963060593
1995-01-24,1.0,0.0,9036418.107851887
1995-01-25,1.0,0.0,8852772.915862061
1995-01-26,1.0,0.0,8564827.752746938
1995-01-27,1.0,0.0,8605779.43074442
1995-01-30,0.4,0.0,8248809.500231115
1995-01-31,0.9,0.0,8334980.115473331
1995-02-01,0.9,0.0,8426902.267335122
1995-02-02,1.0,0.0,8651578.675213229
1995-02-03,1.0,0.0,8961294.926936837
1995-02-06,1.0,0.0,9265995.374659717
1995-02-07,1.0,0.0,9236528.358973702
1995-02-08,1.0,0.0,9566934.16297755
1995-02-09,1.0,0.0,9613328.839221252
1995-02-10,1.0,0.0,9901728.582359679
1995-02-13,1.0,0.0,9758155.39547895
1995-02-14,1.0,0.0,9823358.755607147
1995-02-15,1.0,0.0,10002041.175592808
1995-02-16,1.0,0.0,9882919.43291675
1995-02-17,1.0,0.0,9519911.754921418
1995-02-21,1.0,0.0,9457842.787193473
1995-02-22,1.0,0.0,9745615.574026644
1995-02-23,1.0,0.0,9864110.205235317
1995-02-24,1.0,0.0,9679158.068595247
1995-02-27,1.0,0.0,9425240.601894928
1995-02-28,1.0,0.0,9935582.815461865
1995-03-01,1.0,0.0,9743734.161298636
1995-03-02,1.0,0.0,9866617.485329205
1995-03-03,1.0,0.0,10203292.850319438
1995-03-06,1.0,0.0,10237148.24785201
1995-03-07,1.0,0.0,9871632.745068586
1995-03-08,1.0,0.0,10200784.636403678
1995-03-09,1.0,0.0,10195768.909427429
1995-03-10,1.0,0.0,10521786.020074066
1995-03-13,1.0,0.0,10449058.874880956
1995-03-14,1.0,0.0,10830248.125075776
1995-03-15,1.0,0.0,10627741.216467422
1995-03-16,1.0,0.0,10701095.005875703
1995-03-17,1.0,0.0,10641534.095308991
1995-03-20,1.0,0.0,10827739.832281087
1995-03-21,1.0,0.0,10859087.560780156
1995-03-22,1.0,0.0,10853444.877483238
1995-03-23,1.0,0.0,10970058.639890136
1995-03-24,1.0,0.0,11448426.090382444
1995-03-27,1.0,0.0,11569428.389332734
1995-03-28,1.0,0.0,11822718.58841869
1995-03-29,1.0,0.0,11148113.712294366
1995-03-30,1.0,0.0,10886045.970938448
1995-03-31,1.0,0.0,10787613.779990995
1995-04-03,1.0,0.0,10878522.184304865
1995-04-04,1.0,0.0,10389496.32313229
1995-04-05,1.0,0.0,10581344.821176594
1995-04-06,1.0,0.0,10236518.870309334
1995-04-07,1.0,0.0,10516141.22678894
1995-04-10,1.0,0.0,10890433.802410496
1995-04-11,1.0,0.0,11173190.939491194
1995-04-12,1.0,0.0,11436512.43646874
1995-04-13,1.0,0.0,11576323.575449556
1995-04-17,1.0,0.0,11428361.614455992
1995-04-18,1.0,0.0,11149366.057261925
1995-04-19,1.0,0.0,10672879.318508208
1995-04-20,1.0,0.0,10806420.896067876
1995-04-21,1.0,0.0,10968802.45567982
1995-04-24,1.0,0.0,11331809.820313882
1995-04-25,1.0,0.0,11526166.14259366
1995-04-26,1.0,0.0,11815192.840774044
1995-04-27,1.0,0.0,11985724.83001277
1995-04-28,1.0,0.0,12304845.422494555
1995-05-01,1.0,0.0,12021461.01484371
1995-05-02,1.0,0.0,11963154.015869733
1995-05-03,1.0,0.0,12692930.87466558
1995-05-04,1.0,0.0,12618949.972365074
1995-05-05,1.0,0.0,12308606.608327754
1995-05-08,1.0,0.0,12810171.277494194
1995-05-09,1.0,0.0,12739952.111911707
1995-05-10,1.0,0.0,12482273.062879737
1995-05-11,1.0,0.0,13004527.44190301
1995-05-12,1.0,0.0,13291673.271453232
1995-05-15,1.0,0.0,13544336.355951594
1995-05-16,1.0,0.0,13929287.342017768
1995-05-17,1.0,0.0,14232107.074791793
1995-05-18,1.0,0.0,13648410.837060075
1995-05-19,1.0,0.0,13795745.44909624
1995-05-22,1.0,0.0,14228971.899270086
1995-05-23,1.0,0.0,14912980.960144425
1995-05-24,1.0,0.0,14671602.770335888
1995-05-25,1.0,0.0,14765019.15494137
1995-05-26,1.0,0.0,14262200.258105692
1995-05-30,1.0,0.0,13048412.870378593
1995-05-31,1.0,0.0,13529915.100535035
1995-06-01,1.0,0.0,13760007.921789255
1995-06-02,1.0,0.0,13894176.454849726
1995-06-05,1.0,0.0,14576931.444897087
1995-06-06,1.0,0.0,14071604.723371813
1995-06-07,1.0,0.0,14236494.106821133
1995-06-08,1.0,0.0,14547464.268985841
1995-06-09,1.0,0.0,14499815.523695288
1995-06-12,1.0,0.0,14602636.091435567
1995-06-13,1.0,0.0,14911725.385130813
1995-06-14,1.0,0.0,14971286.138319472
1995-06-15,1.0,0.0,15486643.999376668
1995-06-16,1.0,0.0,15984447.088726195
1995-06-19,1.0,0.0,17176290.457247514
1995-06-20,1.0,0.0,18042116.79595677
1995-06-21,1.0,0.0,17627698.7133339
1995-06-22,1.0,0.0,18659041.470832273
1995-06-23,1.0,0.0,18504810.18291376
1995-06-26,1.0,0.0,17662180.9031447
1995-06-27,1.0,0.0,16797608.317736745
1995-06-28,1.0,0.0,17056541.120659083
1995-06-29,1.0,0.0,17583184.191883218
1995-06-30,1.0,0.0,17752462.267915808
1995-07-03,1.0,0.0,17835847.19463583
1995-07-05,1.0,0.0,18264685.02955966
1995-07-06,1.0,0.0,19311074.734016042
1995-07-07,1.0,0.0,20732384.20532722
1995-07-10,1.0,0.0,21378148.7820403
1995-07-11,1.0,0.0,20295395.462527458
1995-07-12,1.0,0.0,21982534.333685376
1995-07-13,1.0,0.0,22372500.9679501
1995-07-14,1.0,0.0,23119832.597376715
1995-07-17,1.0,0.0,23937383.153915603
1995-07-18,1.0,0.0,21704165.332282465
1995-07-19,1.0,0.0,18164370.931777783
1995-07-20,0.0,1.0,18455612.879296996
1995-07-21,1.0,0.0,18437144.59193173
1995-07-24,1.0,0.0,19929292.639261432
1995-07-25,1.0,0.0,20989306.298160505
1995-07-26,1.0,0.0,21432247.652901046
1995-07-27,1.0,0.0,22246957.593569953
1995-07-28,1.0,0.0,21083350.251566976
1995-07-31,0.30000000000000004,0.7,20473523.92204453
1995-08-01,0.1,0.9,20013370.132909745
1995-08-02,0.1,0.9,19930171.583196864
1995-08-03,0.1,0.9,19944756.63592876
1995-08-04,0.1,0.9,20022524.95267168
1995-08-07,0.8,0.19999999999999996,20040438.75260804
1995-08-08,1.0,0.0,20203894.99008725
1995-08-09,1.0,0.0,21240607.205054965
1995-08-10,1.0,0.0,20593221.12330825
1995-08-11,1.0,0.0,21220755.082656473
1995-08-14,1.0,0.0,22214562.87782871
1995-08-15,1.0,0.0,22124914.29204319
1995-08-16,1.0,0.0,23519577.436697565
1995-08-17,1.0,0.0,23488840.27391993
1995-08-18,1.0,0.0,23386384.856540617
1995-08-21,1.0,0.0,21413490.212123543
1995-08-22,1.0,0.0,22552016.73284301
1995-08-23,1.0,0.0,22776775.850676876
1995-08-24,1.0,0.0,21821385.477650918
1995-08-25,1.0,0.0,21465995.14397722
1995-08-28,1.0,0.0,19893954.31154421
1995-08-29,1.0,0.0,19963750.771547563
1995-08-30,1.0,0.0,20588083.020311292
1995-08-31,1.0,0.0,21001742.8964672
1995-09-01,1.0,0.0,20600888.31116994
1995-09-05,1.0,0.0,22978473.432292767
1995-09-06,1.0,0.0,22822229.32127241
1995-09-07,1.0,0.0,23388290.48711132
1995-09-08,1.0,0.0,23976123.26576198
1995-09-11,1.0,0.0,24615181.825628832
1995-09-12,1.0,0.0,24145810.692040917
1995-09-13,1.0,0.0,24337272.045779597
1995-09-14,1.0,0.0,23893514.574201215
1995-09-15,1.0,0.0,22087110.267837763
1995-09-18,1.0,0.0,22313788.86148579
1995-09-19,1.0,0.0,23421578.98330582
1995-09-20,1.0,0.0,23662346.635946456
1995-09-21,1.0,0.0,22667255.082212646
1995-09-22,1.0,0.0,22402152.904029246
1995-09-25,1.0,0.0,21855939.23450846
1995-09-26,0.5,0.5,21034741.39479026
1995-09-27,1.0,0.0,20771015.550328404
1995-09-28,1.0,0.0,22839385.301655333
1995-09-29,1.0,0.0,21633858.747064516
1995-10-02,1.0,0.0,20377801.07095651
1995-10-03,1.0,0.0,20290996.105572432
1995-10-04,0.4,0.6,18762616.231403653
1995-10-05,0.8,0.19999999999999996,19305784.00101943
1995-10-06,0.8,0.19999999999999996,18865955.376338433
1995-10-09,0.4,0.6,17224763.63192747
1995-10-10,0.4,0.6,17365707.50003199
1995-10-11,0.4,0.6,17881908.13732105
1995-10-12,0.4,0.6,18229537.396697413
1995-10-13,0.4,0.6,18097032.39801602
1995-10-16,0.4,0.6,18030009.38833325
1995-10-17,1.0,0.0,18867133.907065827
1995-10-18,1.0,0.0,19677474.11027187
1995-10-19,1.0,0.0,19991663.377922267
1995-10-20,1.0,0.0,19044001.804366093
1995-10-23,1.0,0.0,19167751.033193298
1995-10-24,1.0,0.0,19250252.504607104
1995-10-25,0.8,0.19999999999999996,18273501.17293442
1995-10-26,0.8,0.19999999999999996,18125756.031375553
1995-10-27,1.0,0.0,18938536.590987347
1995-10-30,1.0,0.0,20227579.578018654
1995-10-31,1.0,0.0,19384634.060986772
1995-11-01,1.0,0.0,19580536.868297845
1995-11-02,1.0,0.0,20917157.824873693
1995-11-03,1.0,0.0,21622409.756524313
1995-11-06,1.0,0.0,20985441.38052576
1995-11-07,1.0,0.0,18980508.18926526
1995-11-08,1.0,0.0,19207755.55714634
1995-11-09,1.0,0.0,20952415.536777765
1995-11-10,1.0,0.0,20600348.240684852
1995-11-13,1.0,0.0,20056294.097768642
1995-11-14,0.8,0.19999999999999996,18395268.080718715
1995-11-15,1.0,0.0,18518285.763317183
1995-11-16,1.0,0.0,18341225.785691917
1995-11-17,0.4,0.6,18051670.98135067
1995-11-20,0.4,0.6,17416838.278950118
1995-11-21,0.4,0.6,17501271.2311061
1995-11-22,0.4,0.6,17317209.671640776
1995-11-24,0.4,0.6,17631044.740130343
1995-11-27,0.4,0.6,17471773.40566887
1995-11-28,0.8,0.19999999999999996,18297782.027333952
1995-11-29,1.0,0.0,18402600.27479994
1995-11-30,0.8,0.19999999999999996,17849464.423393846
1995-12-01,0.8,0.19999999999999996,17432539.532335486
1995-12-04,0.8,0.19999999999999996,18199039.485140815
1995-12-05,0.8,0.19999999999999996,17697058.55920276
1995-12-06,0.8,0.19999999999999996,17600153.872888222
1995-12-07,0.8,0.19999999999999996,17390194.50316128
1995-12-08,1.0,0.0,18239916.864286184
1995-12-11,1.0,0.0,17931783.410978306
1995-12-12,0.8,0.19999999999999996,16919470.512728855
1995-12-13,0.8,0.19999999999999996,17085661.414938524
1995-12-14,0.4,0.6,15585273.65548307
1995-12-15,0.30000000000000004,0.7,15481077.665580343
1995-12-18,0.1,0.9,15098723.896034129
1995-12-19,0.0,1.0,15319145.049553186
1995-12-20,0.0,1.0,15319144.72424054
1995-12-21,0.0,1.0,15319144.39886431
1995-12-22,0.2,0.8,15316079.378663348
1995-12-26,0.4,0.6,15309989.598203478
1995-12-27,0.2,0.8,15155480.072693195
1995-12-28,0.4,0.6,15018980.774249762
1995-12-29,0.4,0.6,15150252.518495465
1996-01-02,0.4,0.6,15539859.177268494
1996-01-03,0.1,0.9,15081330.261331143
1996-01-04,0.1,0.9,15010864.898218106
1996-01-05,0.0,1.0,15021373.843629384
1996-01-08,0.0,1.0,15021373.03159151
1996-01-09,0.0,1.0,15021372.760811772
1996-01-10,0.0,1.0,15021372.48998115
1996-01-11,0.0,1.0,15021372.219100213
1996-01-12,0.0,1.0,15021371.94816895
1996-01-15,0.0,1.0,15021371.13506963
1996-01-16,0.0,1.0,15021370.863935262
1996-01-17,0.0,1.0,15021370.59275059
1996-01-18,0.0,1.0,15021370.321514701
1996-01-19,0.0,1.0,15021370.050228456
1996-01-22,0.0,1.0,15021369.236063885
1996-01-23,0.0,1.0,15021368.964574656
1996-01-24,1.0,0.0,15006346.59785046
1996-01-25,1.0,0.0,14234107.863429276
1996-01-26,1.0,0.0,14584553.321022606
1996-01-29,1.0,0.0,14514767.674633343
1996-01-30,1.0,0.0,15094332.35309349
1996-01-31,1.0,0.0,15694205.325791294
1996-02-01,1.0,0.0,16487267.460965555
1996-02-02,1.0,0.0,16441440.804250216
1996-02-05,1.0,0.0,17585987.028552897
1996-02-06,1.0,0.0,17897378.06736057
1996-02-07,1.0,0.0,17529743.044848453
1996-02-08,1.0,0.0,18267608.272627033
1996-02-09,1.0,0.0,18188975.905305292
1996-02-12,1.0,0.0,18379552.990204796
1996-02-13,1.0,0.0,17774467.1334593
1996-02-14,1.0,0.0,17683337.35134309
1996-02-15,1.0,0.0,17901518.519705806
1996-02-16,1.0,0.0,17789038.99075937
1996-02-20,1.0,0.0,17589069.11293942
1996-02-21,1.0,0.0,18474820.377784543
1996-02-22,1.0,0.0,19891711.658980697
1996-02-23,1.0,0.0,19805789.127186995
1996-02-26,1.0,0.0,19363163.973745253
1996-02-27,1.0,0.0,18731521.108772755
1996-02-28,1.0,0.0,18752347.303221986
1996-02-29,1.0,0.0,17974901.29530496
1996-03-01,1.0,0.0,16399703.810528323
1996-03-04,1.0,0.0,16125793.710179318
1996-03-05,1.0,0.0,17275552.800078154
1996-03-06,1.0,0.0,16589233.752669994
1996-03-07,1.0,0.0,16720974.475827258
1996-03-08,0.4,0.6,15233999.192445816
1996-03-11,0.4,0.6,15656403.44900974
1996-03-12,0.4,0.6,15444364.766785204
1996-03-13,0.8,0.19999999999999996,15932191.443165999
1996-03-14,0.8,0.19999999999999996,15664977.99837235
1996-03-15,0.8,0.19999999999999996,16342565.079426311
1996-03-18,0.8,0.19999999999999996,17069301.481929425
1996-03-19,0.8,0.19999999999999996,16807549.31087715
1996-03-20,0.8,0.19999999999999996,15882642.352583403
1996-03-21,0.8,0.19999999999999996,15643905.553157365
1996-03-22,0.8,0.19999999999999996,15721532.596085954
1996-03-25,0.8,0.19999999999999996,14790772.1179032
1996-03-26,0.8,0.19999999999999996,15033017.583658254
1996-03-27,0.8,0.19999999999999996,15380197.541991763
1996-03-28,0.8,0.19999999999999996,15375125.28087378
1996-03-29,1.0,0.0,15462440.6835511
1996-04-01,1.0,0.0,15706038.51920149
1996-04-02,1.0,0.0,15914767.40620107
1996-04-03,1.0,0.0,16120549.524218999
1996-04-04,1.0,0.0,16067998.237176962
1996-04-08,0.5,0.5,15475319.185985083
1996-04-09,0.5,0.5,15488575.516352385
1996-04-10,0.5,0.5,15410255.335065508
1996-04-11,0.5,0.5,15215807.27593525
1996-04-12,0.5,0.5,15248459.188621692
1996-04-15,0.5,0.5,15469417.18036769
1996-04-16,1.0,0.0,16021939.913674602
1996-04-17,1.0,0.0,15612064.5656201
1996-04-18,1.0,0.0,16565115.043070244
1996-04-19,1.0,0.0,16522892.849747555
1996-04-22,1.0,0.0,17398614.806351986
1996-04-23,1.0,0.0,18215989.408516273
1996-04-24,1.0,0.0,19002054.193344597
1996-04-25,1.0,0.0,19221695.923298992
1996-04-26,1.0,0.0,19209360.371840622
1996-04-29,1.0,0.0,19229755.047320276
1996-04-30,1.0,0.0,19196546.283483855
1996-05-01,1.0,0.0,19760121.60878297
1996-05-02,1.0,0.0,18285238.084810566
1996-05-03,1.0,0.0,18638658.12217965
1996-05-06,1.0,0.0,18786664.016686372
1996-05-07,1.0,0.0,18597380.55684311
1996-05-08,1.0,0.0,18817022.283595163
1996-05-09,1.0,0.0,18723091.4480327
1996-05-10,1.0,0.0,19561339.257402625
1996-05-13,1.0,0.0,20946557.312952273
1996-05-14,1.0,0.0,21566585.18404119
1996-05-15,1.0,0.0,21065152.333660133
1996-05-16,1.0,0.0,21520566.468948767
1996-05-17,1.0,0.0,21097408.160798725
1996-05-20,1.0,0.0,21311828.808464237
1996-05-21,1.0,0.0,20801856.91557628
1996-05-22,1.0,0.0,20843127.559692044
1996-05-23,1.0,0.0,21164763.383866318
1996-05-24,1.0,0.0,20862100.430665728
1996-05-28,1.0,0.0,20502506.37083539
1996-05-29,1.0,0.0,19775263.321010724
1996-05-30,1.0,0.0,20374417.97675054
1996-05-31,1.0,0.0,21110671.67980344
1996-06-03,1.0,0.0,20812275.46443715
1996-06-04,1.0,0.0,21104499.033223026
1996-06-05,1.0,0.0,21711718.337333027
1996-06-06,1.0,0.0,20550881.757947117
1996-06-07,1.0,0.0,20939881.124267504
1996-06-10,1.0,0.0,20690821.58517095
1996-06-11,1.0,0.0,20869665.6630619
1996-06-12,1.0,0.0,21422804.37228042
1996-06-13,1.0,0.0,20920897.123551898
1996-06-14,1.0,0.0,19937957.230192672
1996-06-17,1.0,0.0,19691744.03289242
1996-06-18,1.0,0.0,18603963.690405186
1996-06-19,1.0,0.0,18732522.302498583
1996-06-20,1.0,0.0,18447411.81582127
1996-06-21,1.0,0.0,19111083.664955538
1996-06-24,1.0,0.0,19496759.498252954
1996-06-25,1.0,0.0,18697883.375355948
1996-06-26,0.5,0.0,17982269.007807456
1996-06-27,1.0,0.0,18443016.74779059
1996-06-28,1.0,0.0,18940634.907232728
1996-07-01,1.0,0.0,19750419.49192635
1996-07-02,1.0,0.0,19145043.951223
1996-07-03,1.0,0.0,18600252.131401647
1996-07-05,0.5,0.0,17247831.829361074
1996-07-08,0.4,0.0,17180088.313795634
1996-07-09,0.5,0.0,17326658.633951515
1996-07-10,0.4,0.0,17192482.554685123
1996-07-11,0.4,0.0,16510217.705864701
1996-07-12,0.4,0.0,16487490.995273778
1996-07-15,0.0,0.0,15665102.319240896
1996-07-16,0.0,0.0,15667359.651329277
1996-07-17,0.4,0.0,15666483.379161287
1996-07-18,0.4,0.0,16035193.25529448
1996-07-19,0.4,0.0,15702623.346247502
1996-07-22,0.30000000000000004,0.0,15433515.772797104
1996-07-23,0.0,0.0,14858825.202702122
1996-07-24,0.0,0.0,14860966.350778598
1996-07-25,0.0,0.0,14863107.798825169
1996-07-26,0.0,0.0,14865249.562154867
1996-07-29,0.0,0.0,14871676.724056749
1996-07-30,0.0,0.0,14873819.720964065
1996-07-31,0.0,0.0,14875963.024679314
1996-08-01,0.0,0.0,14878106.643677691
1996-08-02,1.0,0.0,14872810.44366663
1996-08-05,1.0,0.0,14409435.010449458
1996-08-06,1.0,0.0,15100126.73471343
1996-08-07,1.0,0.0,15813034.893405493
1996-08-08,1.0,0.0,15467488.62831341
1996-08-09,1.0,0.0,15513903.746200632
1996-08-12,1.0,0.0,15580152.241572894
1996-08-13,1.0,0.0,14864067.58258893
1996-08-14,1.0,0.0,15394483.597549189
1996-08-15,1.0,0.0,15380993.68472396
1996-08-16,1.0,0.0,15045365.468834424
1996-08-19,1.0,0.0,14901351.273639014
1996-08-20,1.0,0.0,14401083.40691437
1996-08-21,1.0,0.0,14690292.415065927
1996-08-22,1.0,0.0,15621794.418359153
1996-08-23,1.0,0.0,15334566.29055561
1996-08-26,1.0,0.0,15010837.002466563
1996-08-27,1.0,0.0,15413508.514791785
1996-08-28,0.9,0.0,15446849.125411237
1996-08-29,0.4,0.0,14910551.871918982
1996-08-30,0.4,0.0,14707856.626815006
1996-09-03,0.4,0.0,14859027.28766242
1996-09-04,1.0,0.0,14850384.927768746
1996-09-05,0.4,0.0,13714528.423271393
1996-09-06,0.8,0.0,14010387.570717705
1996-09-09,0.9,0.0,14398131.823291207
1996-09-10,1.0,0.0,14371935.02919577
1996-09-11,1.0,0.0,14587108.257329607
1996-09-12,1.0,0.0,15262320.578934377
1996-09-13,1.0,0.0,16737684.718621582
1996-09-16,1.0,0.0,16825604.629746217
1996-09-17,1.0,0.0,17762264.147706717
1996-09-18,1.0,0.0,18131683.509291142
1996-09-19,1.0,0.0,18804967.754065678
1996-09-20,1.0,0.0,19305110.713839363
1996-09-23,1.0,0.0,18515370.12423879
1996-09-24,1.0,0.0,18748281.657440413
1996-09-25,1.0,0.0,19432363.131430313
1996-09-26,1.0,0.0,19337887.245997496
1996-09-27,1.0,0.0,19337501.502044264
1996-09-30,1.0,0.0,18769875.344361883
1996-10-01,1.0,0.0,18525780.709212102
1996-10-02,1.0,0.0,19503701.067569833
1996-10-03,1.0,0.0,19159732.06086127
1996-10-04,1.0,0.0,20374805.849599507
1996-10-07,1.0,0.0,20823661.711929608
1996-10-08,1.0,0.0,19866949.939337943
1996-10-09,1.0,0.0,19914766.11186273
1996-10-10,1.0,0.0,19703834.395232663
1996-10-11,1.0,0.0,20810935.89028271
1996-10-14,1.0,0.0,21318019.667568482
1996-10-15,1.0,0.0,21563270.89097703
1996-10-16,1.0,0.0,20931247.22945196
1996-10-17,1.0,0.0,19951784.151945885
1996-10-18,1.0,0.0,20023122.859639425
1996-10-21,1.0,0.0,19175539.968006622
1996-10-22,1.0,0.0,18422818.706793167
1996-10-23,1.0,0.0,19393026.757987745
1996-10-24,1.0,0.0,19283126.25855066
1996-10-25,1.0,0.0,18897510.79526149
1996-10-28,1.0,0.0,18742107.427722957
1996-10-29,1.0,0.0,17941569.86492895
1996-10-30,1.0,0.0,18311760.456216794
1996-10-31,1.0,0.0,19468220.71356192
1996-11-01,1.0,0.0,19731595.85727826
1996-11-04,1.0,0.0,19777869.308951505
1996-11-05,1.0,0.0,20841010.655346837
1996-11-06,1.0,0.0,22210330.576936252
1996-11-07,1.0,0.0,22920248.27731701
1996-11-08,1.0,0.0,23188636.420214172
1996-11-11,1.0,0.0,23704589.3482471
1996-11-12,1.0,0.0,22752890.57419155
1996-11-13,1.0,0.0,23137348.932515226
1996-11-14,1.0,0.0,24085962.524496775
1996-11-15,1.0,0.0,23153544.517073225
1996-11-18,1.0,0.0,22607127.199377354
1996-11-19,1.0,0.0,23663327.469436716
1996-11-20,1.0,0.0,23881200.003299005
1996-11-21,1.0,0.0,23167040.27479574
1996-11-22,1.0,0.0,24709501.480993275
1996-11-25,1.0,0.0,24956680.52023827
1996-11-26,1.0,0.0,25333040.956246596
1996-11-27,1.0,0.0,25951567.822000492
1996-11-29,1.0,0.0,26091931.543466974
1996-12-02,1.0,0.0,27075250.25488225
1996-12-03,1.0,0.0,26415076.672864694
1996-12-04,1.0,0.0,26093087.738765314
1996-12-05,1.0,0.0,26187563.365391508
1996-12-06,1.0,0.0,25366588.189015243
1996-12-09,1.0,0.0,28061267.752353586
1996-12-10,1.0,0.0,27291965.03064403
1996-12-11,1.0,0.0,27993784.80822291
1996-12-12,1.0,0.0,26703515.7701969
1996-12-13,1.0,0.0,25272497.135227934
1996-12-16,0.8,0.0,23091074.78674244
1996-12-17,0.8,0.0,23840405.374422286
1996-12-18,1.0,0.0,25296019.911651127
1996-12-19,1.0,0.0,25935270.22533564
1996-12-20,1.0,0.0,25029224.354533248
1996-12-23,0.8,0.0,24180381.36589375
1996-12-24,0.8,0.0,24917905.66501972
1996-12-26,1.0,0.0,25453259.537828166
1996-12-27,0.8,0.0,24756515.91346505
1996-12-30,1.0,0.0,24108070.174761932
1996-12-31,1.0,0.0,23646649.00380399
1997-01-02,1.0,0.0,23137209.620437603
1997-01-03,0.8,0.0,25894889.486120448
1997-01-06,1.0,0.0,26256092.997810293
1997-01-07,1.0,0.0,27285940.0734396
1997-01-08,1.0,0.0,26186937.14888806
1997-01-09,1.0,0.0,26529346.972342826
1997-01-10,1.0,0.0,27317338.744812094
1997-01-13,1.0,0.0,27189868.01243674
1997-01-14,1.0,0.0,28780430.62745128
1997-01-15,1.0,0.0,27091554.95426055
1997-01-16,1.0,0.0,27956177.850022197
1997-01-17,1.0,0.0,28883600.886176765
1997-01-20,1.0,0.0,30471919.704353876
1997-01-21,1.0,0.0,31873708.08698918
1997-01-22,1.0,0.0,33091581.77242926
1997-01-23,1.0,0.0,31703997.248711344
1997-01-24,1.0,0.0,30190438.633595377
1997-01-27,1.0,0.0,29313104.31556514
1997-01-28,1.0,0.0,29394220.695795253
1997-01-29,1.0,0.0,29544491.992537804
1997-01-30,1.0,0.0,31441579.101391558
1997-01-31,1.0,0.0,32443764.208364386
1997-02-03,1.0,0.0,32053504.787621632
1997-02-04,1.0,0.0,31858001.500875276
1997-02-05,1.0,0.0,28826025.202501904
1997-02-06,1.0,0.0,28629400.48450694
1997-02-07,1.0,0.0,30003900.709431566
1997-02-10,0.8,0.0,27206570.819252018
1997-02-11,1.0,0.0,27167241.627811182
1997-02-12,0.8,0.0,29842704.724692825
1997-02-13,0.8,0.0,30391151.406067375
1997-02-14,1.0,0.0,29760341.718573563
1997-02-18,1.0,0.0,29508957.633211367
1997-02-19,1.0,0.0,29505590.380615685
1997-02-20,0.8,0.0,27774559.600084238
1997-02-21,0.8,0.0,26552068.70664769
1997-02-24,0.8,0.0,27708516.828915942
1997-02-25,0.8,0.0,27831972.198344614
1997-02-26,0.8,0.0,27722625.124628764
1997-02-27,0.8,0.0,25284055.74174262
1997-02-28,0.8,0.0,25405416.79890772
1997-03-03,0.8,0.0,25791045.349967793
1997-03-04,0.8,0.0,26203559.645301875
1997-03-05,1.0,0.0,26911356.761315428
1997-03-06,0.4,0.0,24986214.034155704
1997-03-07,0.4,0.0,24614086.57710585
1997-03-10,0.8,0.0,25084590.04915689
1997-03-11,0.4,0.0,24623177.93933687
1997-03-12,0.4,0.0,24300414.56864509
1997-03-13,0.4,0.0,24337650.48242926
1997-03-14,0.4,0.0,24282965.66327752
1997-03-17,0.4,0.0,24055171.066470914
1997-03-18,0.4,0.0,23896360.51189514
1997-03-19,0.4,0.0,23373030.5687404
1997-03-20,0.4,0.0,23685579.6973523
1997-03-21,0.4,0.0,23390847.459924843
1997-03-24,0.30000000000000004,0.0,23063232.552515242
1997-03-25,0.4,0.0,23185428.045026653
1997-03-26,0.4,0.0,24119677.51043164
1997-03-27,0.4,0.0,23542451.3847339
1997-03-31,0.30000000000000004,0.0,22779415.706206888
1997-04-01,0.30000000000000004,0.0,22771193.83747536
1997-04-02,0.1,0.0,22437051.476589948
1997-04-03,0.30000000000000004,0.0,22614789.972441923
1997-04-04,0.4,0.0,23060985.39985743
1997-04-07,0.4,0.0,23395507.61417418
1997-04-08,0.4,0.0,23669642.7778603
1997-04-09,0.4,0.0,23258610.274861015
1997-04-10,0.30000000000000004,0.0,22733169.851799294
1997-04-11,0.1,0.0,22139822.206669122
1997-04-14,0.30000000000000004,0.0,22286708.439464852
1997-04-15,0.30000000000000004,0.0,22066898.88408458
1997-04-16,0.30000000000000004,0.0,22082343.356075913
1997-04-17,0.30000000000000004,0.0,22313253.025373735
1997-04-18,0.30000000000000004,0.0,22516384.898965117
1997-04-21,0.30000000000000004,0.0,22166085.120745122
1997-04-22,0.30000000000000004,0.0,22546334.636010513
1997-04-23,1.0,0.0,23042546.594381377
1997-04-24,1.0,0.0,23012038.608910594
1997-04-25,0.30000000000000004,0.0,21411332.840648703
1997-04-28,0.4,0.0,21668303.656200588
1997-04-29,1.0,0.0,22501581.121727936
1997-04-30,1.0,0.0,23947024.070037473
1997-05-01,1.0,0.0,24540386.125078898
1997-05-02,1.0,0.0,26812249.11400737
1997-05-05,1.0,0.0,28868277.31549711
1997-05-06,1.0,0.0,27182393.284228876
1997-05-07,1.0,0.0,26667768.96215169
1997-05-08,1.0,0.0,27535666.97992537
1997-05-09,1.0,0.0,27500162.400476635
1997-05-12,1.0,0.0,27984902.811815143
1997-05-13,1.0,0.0,26692016.48459612
1997-05-14,1.0,0.0,26620657.01496113
1997-05-15,1.0,0.0,28530104.406612765
1997-05-16,1.0,0.0,26995373.336799756
1997-05-19,1.0,0.0,26828749.92542987
1997-05-20,1.0,0.0,29329451.466989134
1997-05-21,1.0,0.0,30100330.370258417
1997-05-22,1.0,0.0,29663391.637783226
1997-05-23,1.0,0.0,30868747.431610234
1997-05-27,1.0,0.0,33317772.111617338
1997-05-28,1.0,0.0,33095962.712174155
1997-05-29,1.0,0.0,31859319.34459396
1997-05-30,1.0,0.0,30690870.56971365
1997-06-02,1.0,0.0,30659230.260660306
1997-06-03,1.0,0.0,27871335.662166517
1997-06-04,1.0,0.0,27150369.96241553
1997-06-05,1.0,0.0,27900157.75109265
1997-06-06,1.0,0.0,29178980.91249443
1997-06-09,1.0,0.0,30068670.640235353
1997-06-10,1.0,0.0,28769456.973347917
1997-06-11,1.0,0.0,29471086.72339924
1997-06-12,1.0,0.0,29548771.09981172
1997-06-13,1.0,0.0,30876806.852466077
1997-06-16,1.0,0.0,31973892.502402507
1997-06-17,1.0,0.0,33272049.179933295
1997-06-18,1.0,0.0,31456103.286496557
1997-06-19,1.0,0.0,32449844.925053682
1997-06-20,1.0,0.0,32378836.965599827
1997-06-23,1.0,0.0,31139027.488281336
1997-06-24,1.0,0.0,32796436.091906697
1997-06-25,1.0,0.0,32060706.609561514
1997-06-26,1.0,0.0,30876439.495173015
1997-06-27,1.0,0.0,30445476.569416758
1997-06-30,1.0,0.0,29887613.016595576
1997-07-01,1.0,0.0,29510080.905008554
1997-07-02,1.0,0.0,31582984.39773703
1997-07-03,1.0,0.0,32594653.477656316
1997-07-07,1.0,0.0,33025258.77743203
1997-07-08,1.0,0.0,34484762.450993724
1997-07-09,1.0,0.0,34907638.00816227
1997-07-10,1.0,0.0,34883030.488847606
1997-07-11,1.0,0.0,35442646.749932684
1997-07-14,1.0,0.0,38173590.46288181
1997-07-15,1.0,0.0,40037340.4331217
1997-07-16,1.0,0.0,45053860.011101425
1997-07-17,1.0,0.0,43978915.151741445
1997-07-18,1.0,0.0,41079589.17214646
1997-07-21,1.0,0.0,39614456.30430519
1997-07-22,1.0,0.0,43242126.20748127
1997-07-23,1.0,0.0,43352150.2784612
1997-07-24,1.0,0.0,42867053.49445962
1997-07-25,1.0,0.0,42514479.19235816
1997-07-28,1.0,0.0,41291894.09869855
1997-07-29,1.0,0.0,42737688.54519671
1997-07-30,1.0,0.0,44254489.732554056
1997-07-31,1.0,0.0,44960337.6935067
1997-08-01,1.0,0.0,45169138.46662241
1997-08-04,1.0,0.0,46995625.01267611
1997-08-05,1.0,0.0,48517347.45794891
1997-08-06,1.0,0.0,49184176.86178766
1997-08-07,1.0,0.0,48355646.480328366
1997-08-08,1.0,0.0,45699219.79343083
1997-08-11,1.0,0.0,43972908.65070133
1997-08-12,1.0,0.0,42703222.52520856
1997-08-13,1.0,0.0,43657945.59551989
1997-08-14,1.0,0.0,44160264.3300633
1997-08-15,1.0,0.0,40913989.564616695
1997-08-18,1.0,0.0,42360836.0992302
1997-08-19,1.0,0.0,46027876.070285656
1997-08-20,1.0,0.0,48946181.593016766
1997-08-21,1.0,0.0,45540668.936532885
1997-08-22,1.0,0.0,44562391.66202699
1997-08-25,0.8,0.19999999999999996,44149306.71334956
1997-08-26,0.8,0.19999999999999996,42739506.14101753
1997-08-27,0.8,0.19999999999999996,42598637.06959355
1997-08-28,0.8,0.19999999999999996,40602029.475194596
1997-08-29,0.8,0.19999999999999996,40895009.5759464
1997-09-02,1.0,0.0,43542862.78417081
1997-09-03,1.0,0.0,43246147.754149504
1997-09-04,1.0,0.0,43857609.03168612
1997-09-05,1.0,0.0,44468363.006491914
1997-09-08,1.0,0.0,45245683.368933305
1997-09-09,1.0,0.0,46303806.12343683
1997-09-10,1.0,0.0,43346926.687899254
1997-09-11,1.0,0.0,43572554.49290224
1997-09-12,1.0,0.0,43668745.954650626
1997-09-15,0.5,0.5,40571321.483511135
1997-09-16,1.0,0.0,42582133.4939624
1997-09-17,1.0,0.0,41656496.16077898
1997-09-18,1.0,0.0,41708778.530468866
1997-09-19,1.0,0.0,42746401.86328677
1997-09-22,1.0,0.0,43293539.78941119
1997-09-23,1.0,0.0,44587871.258222155
1997-09-24,1.0,0.0,42305155.28350465
1997-09-25,1.0,0.0,41212876.91895664
1997-09-26,1.0,0.0,41229064.971763395
1997-09-29,1.0,0.0,42543291.32940501
1997-09-30,0.5,0.5,40034429.31068568
1997-10-01,0.5,0.5,40653232.462684065
1997-10-02,1.0,0.0,41217483.676176384
1997-10-03,1.0,0.0,42484968.85376986
1997-10-06,1.0,0.0,42631526.48092668
1997-10-07,1.0,0.0,44292083.13847711
1997-10-08,1.0,0.0,44804404.70957513
1997-10-09,1.0,0.0,45117858.75858666
1997-10-10,1.0,0.0,43862691.10141572
1997-10-13,1.0,0.0,44152819.73833471
1997-10-14,1.0,0.0,43077865.359843366
1997-10-15,1.0,0.0,41642484.41760945
1997-10-16,1.0,0.0,39421293.62051166
1997-10-17,0.4,0.6,36767292.5907287
1997-10-20,0.4,0.6,37298497.753451005
1997-10-21,0.5,0.5,38224809.39228114
1997-10-22,0.5,0.5,37603415.0171523
1997-10-23,0.4,0.6,36376007.77795919
1997-10-24,0.4,0.6,35665127.42668009
1997-10-27,0.0,1.0,32536398.936153412
1997-10-28,0.0,1.0,32536396.948614903
1997-10-29,0.0,1.0,32536394.960704483
1997-10-30,0.0,1.0,32536392.972427472
1997-10-31,0.0,1.0,32536390.98378384
1997-11-03,0.0,1.0,33051981.169258524
1997-11-04,0.0,1.0,33051979.179138146
1997-11-05,0.0,1.0,33051977.18314824
1997-11-06,0.0,1.0,33051975.18678814
1997-11-07,0.0,1.0,33051973.190057825
1997-11-10,0.0,1.0,33051967.197633475
1997-11-11,0.0,1.0,33051965.199417967
1997-11-12,0.0,1.0,33051963.200830147
1997-11-13,0.0,1.0,33051961.20187189
1997-11-14,0.0,1.0,33051959.202540234
1997-11-17,0.0,1.0,33051953.202318475
1997-11-18,0.0,1.0,33051951.201500405
1997-11-19,0.0,1.0,33051949.20031001
1997-11-20,0.0,1.0,33051947.19874894
1997-11-21,0.2,0.8,33045329.422208782
1997-11-24,0.2,0.8,32546824.756278943
1997-11-25,0.2,0.8,32683116.029340304
1997-11-26,0.4,0.6,32784683.024679154
1997-11-28,0.4,0.6,33013935.285669178
1997-12-01,1.0,0.0,34278149.45044171
1997-12-02,0.4,0.6,31651495.979390554
1997-12-03,1.0,0.0,31970743.800139386
1997-12-04,0.4,0.6,31134118.7526887
1997-12-05,1.0,0.0,31730581.950221322
1997-12-08,1.0,0.0,32839540.864696227
1997-12-09,0.4,0.6,29868558.39068623
1997-12-10,0.30000000000000004,0.7,29263625.154354677
1997-12-11,0.1,0.9,28455139.294259295
1997-12-12,0.0,1.0,28251653.437542427
1997-12-15,0.0,1.0,28251651.963515967
1997-12-16,0.1,0.9,28248824.98590575
1997-12-17,0.0,1.0,28128365.089996867
1997-12-18,0.0,1.0,28128364.58834972
1997-12-19,0.0,1.0,28128364.08660988
1997-12-22,0.0,1.0,28128362.580830675
1997-12-23,0.0,1.0,28128362.078718614
1997-12-24,0.0,1.0,28128361.57651279
1997-12-26,0.0,1.0,28128360.571824357
1997-12-29,0.0,1.0,28128359.06409109
1997-12-30,0.1,0.9,28125544.369207148
1997-12-31,0.1,0.9,28059551.90233093
1998-01-02,0.1,0.9,28823828.56453106
1998-01-05,1.0,0.0,28875389.90017308
1998-01-06,0.1,0.9,27886207.811914764
1998-01-07,0.0,1.0,27756440.834840156
1998-01-08,0.0,1.0,27756440.34330486
1998-01-09,0.0,1.0,27756439.847604614
1998-01-12,0.0,1.0,27756438.35994737
1998-01-13,0.0,1.0,27756437.86387622
1998-01-14,0.4,0.6,27745333.465304848
1998-01-15,0.0,1.0,27702000.837013185
1998-01-16,0.0,1.0,27701998.768795677
1998-01-20,1.0,0.0,27674282.964013193
1998-01-21,1.0,0.0,27630537.97174756
1998-01-22,1.0,0.0,27139602.351130817
1998-01-23,1.0,0.0,27431739.952240653
1998-01-26,1.0,0.0,26768119.625676222
1998-01-27,1.0,0.0,28285298.408727705
1998-01-28,1.0,0.0,30520593.526753593
1998-01-29,1.0,0.0,31004011.20062418
1998-01-30,1.0,0.0,31173089.768291768
1998-02-02,1.0,0.0,33766127.00487533
1998-02-03,1.0,0.0,34693797.5526325
1998-02-04,1.0,0.0,35910673.13289471
1998-02-05,1.0,0.0,34973199.70435561
1998-02-06,1.0,0.0,36787417.50757494
1998-02-09,1.0,0.0,35638415.7804771
1998-02-10,1.0,0.0,37246338.34148585
1998-02-11,1.0,0.0,37130455.278742
1998-02-12,1.0,0.0,37697109.150689006
1998-02-13,1.0,0.0,36875187.16116217
1998-02-17,1.0,0.0,36070876.049629964
1998-02-18,1.0,0.0,37213655.067078434
1998-02-19,1.0,0.0,38761843.396845534
1998-02-20,1.0,0.0,39041250.72663355
1998-02-23,1.0,0.0,41627759.571662046
1998-02-24,1.0,0.0,40221878.4237019
1998-02-25,1.0,0.0,43083240.392854
1998-02-26,1.0,0.0,43769362.69615533
1998-02-27,1.0,0.0,42348466.38552037
1998-03-02,1.0,0.0,40565237.30586935
1998-03-03,1.0,0.0,40350123.602686666
1998-03-04,1.0,0.0,40756506.945635974
1998-03-05,0.8,0.19999999999999996,35227452.64701273
1998-03-06,1.0,0.0,37928301.43818144
1998-03-09,0.7000000000000001,0.29999999999999993,34498835.91871312
1998-03-10,1.0,0.0,35775514.150783464
1998-03-11,1.0,0.0,36248241.95208798
1998-03-12,1.0,0.0,37115174.0020873
1998-03-13,1.0,0.0,37672103.83026712
1998-03-16,0.8,0.19999999999999996,38696221.09275813
1998-03-17,0.8,0.19999999999999996,37713558.013336055
1998-03-18,0.8,0.19999999999999996,38399855.93725575
1998-03-19,0.8,0.19999999999999996,39099017.24468124
1998-03-20,0.8,0.19999999999999996,37755422.76285766
1998-03-23,1.0,0.0,38482659.97945305
1998-03-24,1.0,0.0,40286841.651410796
1998-03-25,1.0,0.0,41982128.43664864
1998-03-26,1.0,0.0,42283560.67500055
1998-03-27,1.0,0.0,41604938.934994526
1998-03-30,1.0,0.0,41068035.49823534
1998-03-31,1.0,0.0,42478301.75298658
1998-04-01,1.0,0.0,43265184.23718793
1998-04-02,1.0,0.0,43429314.22554341
1998-04-03,1.0,0.0,43775251.328409895
1998-04-06,1.0,0.0,40740078.24465583
1998-04-07,1.0,0.0,38361749.36097858
1998-04-08,1.0,0.0,39211128.039024465
1998-04-09,1.0,0.0,39767279.61675676
1998-04-13,1.0,0.0,40351518.606459856
1998-04-14,1.0,0.0,41351771.93718604
1998-04-15,1.0,0.0,43195408.2723042
1998-04-16,1.0,0.0,42769612.045968875
1998-04-17,1.0,0.0,43136065.572994515
1998-04-20,1.0,0.0,45411175.28883236
1998-04-21,1.0,0.0,47191052.87723969
1998-04-22,1.0,0.0,49530239.8532002
1998-04-23,1.0,0.0,45783307.406806156
1998-04-24,1.0,0.0,44837972.09687677
1998-04-27,1.0,0.0,41576171.37758262
1998-04-28,1.0,0.0,41804691.37883311
1998-04-29,1.0,0.0,43532804.43937172
1998-04-30,1.0,0.0,44411853.02264846
1998-05-01,1.0,0.0,44752424.283073306
1998-05-04,1.0,0.0,45189262.04941027
1998-05-05,1.0,0.0,44242032.91243233
1998-05-06,1.0,0.0,43684300.2676079
1998-05-07,1.0,0.0,41596357.739813015
1998-05-08,1.0,0.0,44774508.793231755
1998-05-11,1.0,0.0,42996834.892024
1998-05-12,1.0,0.0,44928534.04115617
1998-05-13,1.0,0.0,45620409.67119691
1998-05-14,1.0,0.0,45928785.918238096
1998-05-15,1.0,0.0,44091143.80847307
1998-05-18,1.0,0.0,43327612.71375844
1998-05-19,1.0,0.0,44674120.2103293
1998-05-20,1.0,0.0,42745574.541836835
1998-05-21,1.0,0.0,41267127.737089336
1998-05-22,1.0,0.0,40276656.278331876
1998-05-26,0.5,0.5,38841267.05697619
1998-05-27,0.5,0.5,39284486.8255397
1998-05-28,1.0,0.0,39519257.27255181
1998-05-29,0.4,0.6,37253430.53318778
1998-06-01,0.4,0.6,36602287.465799175
1998-06-02,0.4,0.6,37367966.940096244
1998-06-03,0.4,0.6,36501038.88386108
1998-06-04,0.4,0.6,37604144.51718731
1998-06-05,1.0,0.0,38004239.137555085
1998-06-08,1.0,0.0,38014368.80626809
1998-06-09,1.0,0.0,39550170.37525741
1998-06-10,0.8,0.19999999999999996,37176157.15046696
1998-06-11,0.4,0.6,36089331.48136099
1998-06-12,0.4,0.6,36150340.90607127
1998-06-15,0.4,0.6,35650726.86965466
1998-06-16,0.4,0.6,36979500.57786555
1998-06-17,0.4,0.6,37471926.077720836
1998-06-18,1.0,0.0,37567837.32788657
1998-06-19,1.0,0.0,38685473.875601776
1998-06-22,1.0,0.0,40933290.84188121
1998-06-23,1.0,0.0,44650098.34838791
1998-06-24,1.0,0.0,47586891.9346425
1998-06-25,1.0,0.0,45441193.026371114
1998-06-26,1.0,0.0,46409129.92767193
1998-06-29,1.0,0.0,48363675.65130172
1998-06-30,1.0,0.0,48081197.41861888
1998-07-01,1.0,0.0,50084192.068636335
1998-07-02,1.0,0.0,47440369.78784026
1998-07-06,1.0,0.0,48489126.47419019
1998-07-07,1.0,0.0,48868478.22849601
1998-07-08,1.0,0.0,52276256.63992468
1998-07-09,1.0,0.0,52861044.157517284
1998-07-10,1.0,0.0,53737935.65243294
1998-07-13,1.0,0.0,57125862.703175336
1998-07-14,1.0,0.0,56799612.63497787
1998-07-15,1.0,0.0,60549686.71170862
1998-07-16,1.0,0.0,60898398.1817557
1998-07-17,1.0,0.0,62294131.70235097
1998-07-20,1.0,0.0,62505975.12329149
1998-07-21,1.0,0.0,58121785.07053439
1998-07-22,1.0,0.0,57931227.65340297
1998-07-23,1.0,0.0,54888789.93800777
1998-07-24,1.0,0.0,55187601.5215957
1998-07-27,1.0,0.0,57247491.373298824
1998-07-28,1.0,0.0,53231276.456431516
1998-07-29,1.0,0.0,51689336.893608555
1998-07-30,1.0,0.0,56379337.94533727
1998-07-31,0.8,0.19999999999999996,51009696.72926868
1998-08-03,0.8,0.19999999999999996,50341048.149643905
1998-08-04,0.8,0.19999999999999996,45828759.42244093
1998-08-05,0.8,0.19999999999999996,46833328.790503055
1998-08-06,0.8,0.19999999999999996,49775868.994270734
1998-08-07,0.8,0.19999999999999996,49598754.518915005
1998-08-10,0.8,0.19999999999999996,49475073.34843209
1998-08-11,0.8,0.19999999999999996,46632403.07872363
1998-08-12,0.7000000000000001,0.29999999999999993,48617225.39840982
1998-08-13,0.7000000000000001,0.29999999999999993,47372723.43102059
1998-08-14,0.7000000000000001,0.29999999999999993,46741553.12541565
1998-08-17,0.7000000000000001,0.29999999999999993,49462859.97786834
1998-08-18,1.0,0.0,51988716.59848534
1998-08-19,1.0,0.0,51629275.269361176
1998-08-20,0.5,0.5,51569166.888308406
1998-08-21,0.8,0.19999999999999996,50242872.15082189
1998-08-24,0.8,0.19999999999999996,49883740.22885605
1998-08-25,1.0,0.0,51372405.49859302
1998-08-26,1.0,0.0,49757459.44419363
1998-08-27,0.0,1.0,42894587.81047956
1998-08-28,0.0,1.0,42894579.79466148
1998-08-31,0.0,1.0,42894555.738240674
1998-09-01,0.0,1.0,44785872.187283166
1998-09-02,0.1,0.9,44781364.08224116
1998-09-03,0.1,0.9,44641689.86666229
1998-09-04,0.1,0.9,44601197.008513756
1998-09-08,0.1,0.9,45466108.08799732
1998-09-09,0.1,0.9,45165992.27067092
1998-09-10,0.1,0.9,44858203.85763765
1998-09-11,0.1,0.9,45462409.87808307
1998-09-14,0.1,0.9,45676075.09364807
1998-09-15,0.1,0.9,45869937.84872414
1998-09-16,0.1,0.9,45958673.993380666
1998-09-17,0.1,0.9,45450353.65780826
1998-09-18,0.1,0.9,45554234.13997236
1998-09-21,0.9,0.09999999999999998,45842892.52512008
1998-09-22,0.9,0.09999999999999998,46613941.63270044
1998-09-23,0.9,0.09999999999999998,52113656.639041804
1998-09-24,0.8,0.19999999999999996,48177448.627088435
1998-09-25,0.8,0.19999999999999996,51024989.02938256
1998-09-28,0.8,0.19999999999999996,50393192.077670366
1998-09-29,0.8,0.19999999999999996,50518025.6669164
1998-09-30,0.8,0.19999999999999996,47007152.10906813
1998-10-01,0.2,0.8,41232832.51576886
1998-10-02,0.0,1.0,41272915.25586929
1998-10-05,0.2,0.8,41264651.91082701
1998-10-06,0.0,1.0,40784462.40930125
1998-10-07,0.0,1.0,40784460.96538733
1998-10-08,0.0,1.0,40784459.60903978
1998-10-09,0.2,0.8,40776297.469708234
1998-10-12,0.30000000000000004,0.7,41698972.843880646
1998-10-13,0.30000000000000004,0.7,40591106.11180019
1998-10-14,0.30000000000000004,0.7,41401066.86251368
1998-10-15,0.30000000000000004,0.7,43292371.9620656
1998-10-16,0.30000000000000004,0.7,43098343.56931228
1998-10-19,0.30000000000000004,0.7,43615981.87094491
1998-10-20,0.30000000000000004,0.7,42719009.85679072
1998-10-21,0.30000000000000004,0.7,44256807.48191769
1998-10-22,0.7000000000000001,0.29999999999999993,45019099.70637759
1998-10-23,0.7000000000000001,0.29999999999999993,43985857.091691636
1998-10-26,0.7000000000000001,0.29999999999999993,45904227.07655923
1998-10-27,0.8,0.19999999999999996,44776882.98868354
1998-10-28,0.8,0.19999999999999996,46873644.497927144
1998-10-29,0.8,0.19999999999999996,48202767.89398286
1998-10-30,0.8,0.19999999999999996,48539817.73268276
1998-11-02,0.8,0.19999999999999996,49894718.657621235
1998-11-03,0.8,0.19999999999999996,48391768.82126841
1998-11-04,0.8,0.19999999999999996,51109106.28474882
1998-11-05,0.9,0.09999999999999998,51797361.925643705
1998-11-06,0.9,0.09999999999999998,53356156.38250873
1998-11-09,1.0,0.0,54248812.36567024
1998-11-10,1.0,0.0,55315621.27796672
1998-11-11,1.0,0.0,55652390.76696167
1998-11-12,1.0,0.0,54028210.88352656
1998-11-13,1.0,0.0,53856809.45202361
1998-11-16,1.0,0.0,54975989.013833806
1998-11-17,1.0,0.0,57515573.10920883
1998-11-18,1.0,0.0,59370189.78045082
1998-11-19,1.0,0.0,61994839.33875238
1998-11-20,1.0,0.0,62784868.08567402
1998-11-23,1.0,0.0,68225246.2125931
1998-11-24,1.0,0.0,67133360.28941187
1998-11-25,1.0,0.0,69350774.81209041
1998-11-27,1.0,0.0,73206333.44515567
1998-11-30,1.0,0.0,63678046.71830827
1998-12-01,1.0,0.0,72792746.74669695
1998-12-02,0.9,0.09999999999999998,70953883.04004735
1998-12-03,0.9,0.09999999999999998,65562586.53252962
1998-12-04,0.9,0.09999999999999998,71803108.27152619
1998-12-07,0.8,0.19999999999999996,77348268.63973515
1998-12-08,0.8,0.19999999999999996,76353050.62141727
1998-12-09,0.9,0.09999999999999998,78202755.1341545
1998-12-10,0.8,0.19999999999999996,74076054.16256826
1998-12-11,0.8,0.19999999999999996,76442177.86212286
1998-12-14,0.8,0.19999999999999996,69689064.80025925
1998-12-15,0.8,0.19999999999999996,74732001.31554477
1998-12-16,0.8,0.19999999999999996,73893824.09786712
1998-12-17,0.8,0.19999999999999996,77435564.81488264
1998-12-18,0.8,0.19999999999999996,82451495.95798345
1998-12-21,0.8,0.19999999999999996,88537291.8092506
1998-12-22,0.8,0.19999999999999996,86092673.55923359
1998-12-23,0.8,0.19999999999999996,92245858.94908693
1998-12-24,0.8,0.19999999999999996,90560167.35711029
1998-12-28,0.8,0.19999999999999996,92783689.13727528
1998-12-29,0.8,0.19999999999999996,92660523.29834664
1998-12-30,0.9,0.09999999999999998,91038276.94657
1998-12-31,0.9,0.09999999999999998,94399368.6740162
1999-01-04,1.0,0.0,96898780.76793602
1999-01-05,1.0,0.0,104474668.90655796
1999-01-06,1.0,0.0,114465897.57353452
1999-01-07,1.0,0.0,114832582.42863178
1999-01-08,1.0,0.0,116060157.0294563
1999-01-11,1.0,0.0,120685189.91262747
1999-01-12,1.0,0.0,109568455.66887927
1999-01-13,1.0,0.0,111150144.5137772
1999-01-14,1.0,0.0,103810130.00484313
1999-01-15,1.0,0.0,116098461.57099624
1999-01-19,1.0,0.0,125200359.14721254
1999-01-20,1.0,0.0,125141987.18220818
1999-01-21,0.9,0.09999999999999998,111789105.39955348
1999-01-22,0.9,0.09999999999999998,112119094.39275669
1999-01-25,0.9,0.09999999999999998,117152189.66764423
1999-01-26,0.8,0.19999999999999996,127442473.93846077
1999-01-27,0.9,0.09999999999999998,122658441.90098064
1999-01-28,0.8,0.19999999999999996,134701108.64778098
1999-01-29,0.8,0.19999999999999996,138122512.1544289
1999-02-01,0.8,0.19999999999999996,138180446.08280167
1999-02-02,0.7000000000000001,0.29999999999999993,129898233.84580208
1999-02-03,0.7000000000000001,0.29999999999999993,135269094.77725607
1999-02-04,0.7000000000000001,0.29999999999999993,122646796.6953931
1999-02-05,0.7000000000000001,0.29999999999999993,117764908.84893735
1999-02-08,0.7000000000000001,0.29999999999999993,123156105.07368848
1999-02-09,0.30000000000000004,0.7,110799863.83758321
1999-02-10,0.0,1.0,111206596.86232902
1999-02-11,0.7000000000000001,0.29999999999999993,111128729.80732444
1999-02-12,0.30000000000000004,0.7,101222702.5388353
1999-02-16,0.30000000000000004,0.7,101017123.21396002
1999-02-17,0.30000000000000004,0.7,98079510.40418933
1999-02-18,0.30000000000000004,0.7,98702520.93285114
1999-02-19,0.30000000000000004,0.7,99807390.63674971
1999-02-22,0.30000000000000004,0.7,102691915.5273022
1999-02-23,0.30000000000000004,0.7,104218540.79972032
1999-02-24,0.30000000000000004,0.7,102273066.75349508
1999-02-25,0.30000000000000004,0.7,101559029.68167143
1999-02-26,0.30000000000000004,0.7,99252504.700319
1999-03-01,0.30000000000000004,0.7,98844375.00121333
1999-03-02,0.30000000000000004,0.7,96632985.43395959
1999-03-03,0.30000000000000004,0.7,97093802.03309308
1999-03-04,0.4,0.6,98496617.99807583
1999-03-05,0.5,0.5,100722015.00432257
1999-03-08,0.7000000000000001,0.29999999999999993,105602282.2447339
1999-03-09,0.7000000000000001,0.29999999999999993,104969750.35103834
1999-03-10,0.7000000000000001,0.29999999999999993,106015859.84208167
1999-03-11,0.8,0.19999999999999996,106543666.32979096
1999-03-12,0.8,0.19999999999999996,102148895.55440043
1999-03-15,0.8,0.19999999999999996,108313723.24527214
1999-03-16,0.9,0.09999999999999998,109905723.7685855
1999-03-17,0.9,0.09999999999999998,108607777.51037374
1999-03-18,0.9,0.09999999999999998,113990707.05409525
1999-03-19,0.9,0.09999999999999998,106729560.52336262
1999-03-22,0.8,0.19999999999999996,102960116.01005279
1999-03-23,0.6000000000000001,0.3999999999999999,94880177.54727377
1999-03-24,0.9,0.09999999999999998,99387057.4139359
1999-03-25,0.9,0.09999999999999998,108650090.27964224
1999-03-26,0.9,0.09999999999999998,106320482.63886239
1999-03-29,0.8,0.19999999999999996,117088918.11953467
1999-03-30,0.7000000000000001,0.29999999999999993,114548398.5733999
1999-03-31,0.7000000000000001,0.29999999999999993,112326741.29163074
1999-04-01,0.9,0.09999999999999998,116959535.19189909
1999-04-05,0.7000000000000001,0.29999999999999993,127702264.57898393
1999-04-06,0.7000000000000001,0.29999999999999993,127562462.93717873
1999-04-07,0.7000000000000001,0.29999999999999993,124317508.52434263
1999-04-08,0.7000000000000001,0.29999999999999993,128099017.73900509
1999-04-09,0.9,0.09999999999999998,128966285.69640903
1999-04-12,0.8,0.19999999999999996,126830813.27412759
1999-04-13,0.8,0.19999999999999996,120742756.47244869
1999-04-14,0.7000000000000001,0.29999999999999993,111277094.85017896
1999-04-15,0.7000000000000001,0.29999999999999993,114814899.78699364
1999-04-16,0.7000000000000001,0.29999999999999993,109132477.67813803
1999-04-19,0.4,0.6,96123224.22594719
1999-04-20,0.0,1.0,99739819.04305115
1999-04-21,0.4,0.6,99699895.07871969
1999-04-22,0.6000000000000001,0.3999999999999999,104075727.99874292
1999-04-23,0.6000000000000001,0.3999999999999999,106363862.73778342
1999-04-26,0.6000000000000001,0.3999999999999999,110745706.7740494
1999-04-27,0.4,0.6,105771613.29967387
1999-04-28,0.4,0.6,102496425.49652843
1999-04-29,0.4,0.6,100783420.42982972
1999-04-30,0.4,0.6,101669315.17506646
1999-05-03,0.4,0.6,100287494.49053839
1999-05-04,0.4,0.6,98099788.9294536
1999-05-05,0.6000000000000001,0.3999999999999999,101070303.57565342
1999-05-06,0.4,0.6,94515479.00561833
1999-05-07,0.4,0.6,96631156.05753158
1999-05-10,0.6000000000000001,0.3999999999999999,97557761.57398967
1999-05-11,0.6000000000000001,0.3999999999999999,100911779.32551432
1999-05-12,0.6000000000000001,0.3999999999999999,104452020.05776179
1999-05-13,0.5,0.5,100990753.02930921
1999-05-14,0.5,0.5,97218904.8325706
1999-05-17,0.5,0.5,100534096.94114046
1999-05-18,0.6000000000000001,0.3999999999999999,99364911.00608076
1999-05-19,0.6000000000000001,0.3999999999999999,101568983.74301156
1999-05-20,0.7000000000000001,0.29999999999999993,97607056.73204023
1999-05-21,0.8,0.19999999999999996,95114690.44385822
1999-05-24,0.8,0.19999999999999996,89269124.97707748
1999-05-25,0.6000000000000001,0.3999999999999999,82927604.55137306
1999-05-26,0.5,0.5,86929709.95453784
1999-05-27,0.6000000000000001,0.3999999999999999,86713758.83403054
1999-05-28,0.5,0.5,89695147.5911624
1999-06-01,0.5,0.5,84572163.15136756
1999-06-02,0.5,0.5,87492309.45392929
1999-06-03,0.5,0.5,84686423.82482253
1999-06-04,0.5,0.5,89433715.89125003
1999-06-07,0.5,0.5,92217533.27045791
1999-06-08,0.5,0.5,87751521.6259692
1999-06-09,0.5,0.5,90806914.3566545
1999-06-10,0.5,0.5,88298498.94373658
1999-06-11,0.5,0.5,86020410.12831624
1999-06-14,0.5,0.5,83953220.82824236
1999-06-15,0.5,0.5,85668378.934659
1999-06-16,0.5,0.5,92311039.48166066
1999-06-17,0.5,0.5,93852703.26841559
1999-06-18,0.5,0.5,94830000.94570446
1999-06-21,0.5,0.5,99188456.11036824
1999-06-22,0.5,0.5,94861167.97761351
1999-06-23,0.5,0.5,96875115.19247486
1999-06-24,0.5,0.5,92980663.61198194
1999-06-25,0.5,0.5,93016871.5080288
1999-06-28,0.5,0.5,96918869.94747572
1999-06-29,0.5,0.5,99456177.70166445
1999-06-30,0.6000000000000001,0.3999999999999999,100647492.46710774
1999-07-01,0.6000000000000001,0.0,103132433.74198502
1999-07-02,0.8,0.0,105141168.5482735
1999-07-06,0.8,0.0,103266619.73087786
1999-07-07,0.8,0.0,104287321.46992674
1999-07-08,0.9,0.0,107862541.19496134
1999-07-09,0.9,0.0,110078644.03830993
1999-07-12,1.0,0.0,108934862.66826035
1999-07-13,1.0,0.0,107431425.24540284
1999-07-14,1.0,0.0,113269948.4449288
1999-07-15,1.0,0.0,114934555.04586558
1999-07-16,1.0,0.0,119167773.39095265
1999-07-19,1.0,0.0,114040258.70020008
1999-07-20,1.0,0.0,100537430.94434154
1999-07-21,1.0,0.0,104929340.77118154
1999-07-22,0.9,0.0,93990628.92077874
1999-07-23,0.9,0.0,96185046.1627064
1999-07-26,0.9,0.0,88397069.70641635
1999-07-27,0.8,0.0,96340772.72465235
1999-07-28,0.8,0.0,98812305.35744506
1999-07-29,0.7000000000000001,0.0,91542365.61955425
1999-07-30,0.6000000000000001,0.0,92178728.00462916
1999-08-02,0.8,0.0,91709811.90662248
1999-08-03,0.8,0.0,89184595.16326448
1999-08-04,0.8,0.0,85852425.32169546
1999-08-05,0.7000000000000001,0.0,88380826.56203157
1999-08-06,0.7000000000000001,0.0,86683798.198515
1999-08-09,0.9,0.0,84653041.8530968
1999-08-10,0.9,0.0,82125942.04307176
1999-08-11,0.6000000000000001,0.0,90045372.5888476
1999-08-12,0.6000000000000001,0.0,88037638.01849544
1999-08-13,0.6000000000000001,0.0,94551896.95397733
1999-08-16,0.6000000000000001,0.0,94995280.86649606
1999-08-17,0.6000000000000001,0.0,96828135.57414223
1999-08-18,0.6000000000000001,0.0,95246453.37019034
1999-08-19,0.8,0.0,92254819.09529212
1999-08-20,0.9,0.0,95740735.8950169
1999-08-23,0.8,0.0,103601853.85060704
1999-08-24,0.9,0.0,105532987.05244026
1999-08-25,0.9,0.0,112133795.90439059
1999-08-26,0.9,0.0,106681809.52482718
1999-08-27,0.9,0.0,104876727.02884747
1999-08-30,0.9,0.0,100632436.8584392
1999-08-31,0.9,0.0,104011960.30956897
1999-09-01,0.9,0.0,104910723.040653
1999-09-02,1.0,0.0,103406012.86410205
1999-09-03,0.9,0.0,118143098.97578597
1999-09-07,0.9,0.0,116205175.09108868
1999-09-08,0.9,0.0,111484251.59178765
1999-09-09,0.9,0.0,117628024.48584938
1999-09-10,0.9,0.0,121263917.70804273
1999-09-13,0.9,0.0,114540915.3600667
1999-09-14,0.9,0.0,119374245.60938692
1999-09-15,0.9,0.0,111727927.73291758
1999-09-16,0.9,0.0,112140041.51746258
1999-09-17,0.9,0.0,120633782.30069713
1999-09-20,0.9,0.0,121676954.96658874
1999-09-21,0.9,0.0,112344615.76521146
1999-09-22,0.9,0.0,117195761.87553836
1999-09-23,0.4,0.0,103180387.46195978
1999-09-24,0.7000000000000001,0.0,102972282.5910575
1999-09-27,0.4,0.0,105360605.72435257
1999-09-28,0.4,0.0,105431951.38346516
1999-09-29,0.5,0.0,103884117.14953205
1999-09-30,0.7000000000000001,0.0,104446946.0330346
1999-10-01,0.7000000000000001,0.0,104099383.0063149
1999-10-04,0.7000000000000001,0.0,109838469.12969893
1999-10-05,0.9,0.0,110134225.63156088
1999-10-06,0.9,0.0,117413935.27082478
1999-10-07,0.9,0.0,117310739.20733541
1999-10-08,0.9,0.0,120201701.16691972
1999-10-11,0.9,0.0,123164296.30220675
1999-10-12,0.9,0.0,116316606.1792231
1999-10-13,1.0,0.0,107217044.28838155
1999-10-14,1.0,0.0,109323343.37232608
1999-10-15,0.9,0.0,100344844.22066465
1999-10-18,0.9,0.0,95603006.90192042
1999-10-19,0.9,0.0,95575430.6946583
1999-10-20,0.9,0.0,106835649.12053262
1999-10-21,0.9,0.0,108065180.05246061
1999-10-22,0.9,0.0,109055288.97183067
1999-10-25,0.9,0.0,108803790.21961528
1999-10-26,0.9,0.0,106633003.47597629
1999-10-27,0.9,0.0,105533168.71207602
1999-10-28,0.9,0.0,115103415.55617718
1999-10-29,0.8,0.0,127142618.40043472
1999-11-01,0.9,0.0,124654434.60368294
1999-11-02,0.9,0.0,125964284.56496772
1999-11-03,0.9,0.0,131843445.45762506
1999-11-04,0.9,0.0,135855883.90073708
1999-11-05,0.9,0.0,142994518.6715019
1999-11-08,0.9,0.0,147275272.13023275
1999-11-09,1.0,0.0,143907286.86354226
1999-11-10,1.0,0.0,149149538.41014808
1999-11-11,1.0,0.0,157420526.4716286
1999-11-12,1.0,0.0,163818678.45568427
1999-11-15,1.0,0.0,161514511.81299245
1999-11-16,1.0,0.0,172286835.4584149
1999-11-17,1.0,0.0,167175828.88234285
1999-11-18,1.0,0.0,182901379.86013058
1999-11-19,1.0,0.0,187441167.13248655
1999-11-22,1.0,0.0,191196885.4100528
1999-11-23,1.0,0.0,181726178.53749916
1999-11-24,1.0,0.0,201395177.0172422
1999-11-26,1.0,0.0,202865023.42878258
1999-11-29,0.9,0.0,192325872.6717995
1999-11-30,0.9,0.0,175875967.60671958
1999-12-01,0.9,0.0,180643290.66816598
1999-12-02,0.9,0.0,198526491.6122718
1999-12-03,0.9,0.0,209495619.7145186
1999-12-06,0.9,0.0,212772218.77806106
1999-12-07,0.9,0.0,215221065.73368555
1999-12-08,0.9,0.0,207601606.30448022
1999-12-09,0.9,0.0,208120940.93168592
1999-12-10,0.9,0.0,214423207.76704457
1999-12-13,0.9,0.0,221482868.90295434
1999-12-14,0.9,0.0,207330344.89212856
1999-12-15,0.9,0.0,220042316.14637882
1999-12-16,0.9,0.0,237258896.83301622
1999-12-17,0.9,0.0,242611152.04014856
1999-12-20,1.0,0.0,248506403.1342462
1999-12-21,0.9,0.0,278826901.0962471
1999-12-22,0.9,0.0,285903114.142546
1999-12-23,0.9,0.0,291853179.1782633
1999-12-27,0.9,0.0,293547330.3669913
1999-12-28,0.9,0.0,289303821.1715747
1999-12-29,0.9,0.0,313205025.9364988
1999-12-30,0.9,0.0,311665792.1899597
1999-12-31,0.9,0.0,317102997.29234284
2000-01-03,0.9,0.0,336318317.91162753
2000-01-04,0.7000000000000001,0.0,276491517.35414594
2000-01-05,0.0,0.0,269939569.6906246
2000-01-06,0.7000000000000001,0.0,269883273.46684515
2000-01-07,0.7000000000000001,0.0,301833623.6857827
2000-01-10,0.7000000000000001,0.0,337017667.939017
2000-01-11,0.6000000000000001,0.0,301109621.20491487
2000-01-12,0.4,0.0,290879486.67737293
2000-01-13,0.6000000000000001,0.0,304258606.6424992
2000-01-14,0.6000000000000001,0.0,318228418.7933432
2000-01-18,0.6000000000000001,0.0,326635736.80518466
2000-01-19,0.6000000000000001,0.0,331956759.7192554
2000-01-20,0.7000000000000001,0.0,340308534.67402464
2000-01-21,0.7000000000000001,0.0,341724887.8026992
2000-01-24,0.4,0.0,306305986.93435663
2000-01-25,0.0,0.0,316057171.1681486
2000-01-26,0.6000000000000001,0.0,316008294.56747675
2000-01-27,0.6000000000000001,0.0,311513931.54572123
2000-01-28,0.4,0.0,288684764.78960776
2000-01-31,0.6000000000000001,0.0,301131425.437265
2000-02-01,0.4,0.0,321016303.4372757
2000-02-02,0.6000000000000001,0.0,323309616.1688558
2000-02-03,0.6000000000000001,0.0,343032383.5095142
2000-02-04,0.6000000000000001,0.0,346796300.7507069
2000-02-07,0.6000000000000001,0.0,356665685.51974165
2000-02-08,0.6000000000000001,0.0,378995056.278303
2000-02-09,0.6000000000000001,0.0,361498934.8630187
2000-02-10,0.6000000000000001,0.0,382710998.90455765
2000-02-11,0.7000000000000001,0.0,360084393.6210995
2000-02-14,0.7000000000000001,0.0,363279254.73053426
2000-02-15,0.7000000000000001,0.0,365247143.0452437
2000-02-16,0.7000000000000001,0.0,365312403.825814
2000-02-17,0.7000000000000001,0.0,389777281.5755748
2000-02-18,0.7000000000000001,0.0,356944050.31051123
2000-02-22,0.7000000000000001,0.0,357507817.1822202
2000-02-23,0.6000000000000001,0.0,395227254.10218096
2000-02-24,0.6000000000000001,0.0,409274619.6318586
2000-02-25,0.6000000000000001,0.0,395964680.24444616
2000-02-28,0.6000000000000001,0.0,393097512.6499245
2000-02-29,0.6000000000000001,0.0,410736849.4665154
2000-03-01,0.6000000000000001,0.0,418089800.13477516
2000-03-02,0.6000000000000001,0.0,404445753.11088085
2000-03-03,0.6000000000000001,0.0,440719189.39590514
2000-03-06,0.6000000000000001,0.0,443364278.7605504
2000-03-07,0.6000000000000001,0.0,430500456.2096448
2000-03-08,0.6000000000000001,0.0,440570964.4994301
2000-03-09,0.6000000000000001,0.0,467203770.51263815
2000-03-10,0.7000000000000001,0.0,467227546.7411488
2000-03-13,0.6000000000000001,0.0,432792137.681599
2000-03-14,0.6000000000000001,0.0,397508902.0328784
2000-03-15,0.4,0.0,381938349.2643602
2000-03-16,0.6000000000000001,0.0,406638725.08541596
2000-03-17,0.6000000000000001,0.0,421176127.18511987
2000-03-20,0.6000000000000001,0.0,389789576.0316042
2000-03-21,0.6000000000000001,0.0,419767312.3177879
2000-03-22,0.6000000000000001,0.0,445204376.64890254
2000-03-23,0.6000000000000001,0.0,456830341.33125675
2000-03-24,0.6000000000000001,0.0,462555759.05232716
2000-03-27,0.6000000000000001,0.0,464976101.935536
2000-03-28,0.6000000000000001,0.0,441455823.0826876
2000-03-29,0.4,0.0,410388401.8808301
2000-03-30,0.4,0.0,392064460.26954037
2000-03-31,0.4,0.0,407215073.90430576
2000-04-03,0.5,0.0,372002253.5488117
2000-04-04,0.0,0.0,365969242.0769227
2000-04-05,0.5,0.0,365934743.73736334
2000-04-06,0.5,0.0,373551175.4803482
2000-04-07,0.5,0.0,402126205.4122001
2000-04-10,0.5,0.0,357159946.37483233
2000-04-11,0.0,0.0,345375264.8295214
2000-04-12,0.5,0.0,345344226.1258175
2000-04-13,0.0,0.0,333809664.70905393
2000-04-14,0.5,0.0,333779665.40009487
2000-04-17,0.0,0.0,383842439.0204337
2000-04-18,0.5,0.0,383807943.29086936
2000-04-19,0.5,0.0,363155365.5789152
2000-04-20,0.5,0.0,351932934.22986746
2000-04-24,0.5,0.0,331179152.6887244
2000-04-25,0.5,0.0,364488661.35473925
2000-04-26,0.5,0.0,347875733.1777258
2000-04-27,0.5,0.0,372729559.8689184
2000-04-28,0.5,0.0,384480465.1072935
2000-05-01,0.5,0.0,393123163.66283035
2000-05-02,0.5,0.0,361168329.8104106
2000-05-03,0.0,0.0,351929677.4019953
2000-05-04,0.5,0.0,351900320.3981373
2000-05-05,0.5,0.0,369217930.2288139
2000-05-08,0.5,0.0,342975727.7050848
2000-05-09,0.5,0.0,331959083.3082026
2000-05-10,0.5,0.0,304751560.0787188
2000-05-11,0.0,0.0,320912255.3824581
2000-05-12,0.5,0.0,320885485.7753324
2000-05-15,0.5,0.0,335832749.44282687
2000-05-16,0.5,0.0,355949724.2652874
2000-05-17,0.5,0.0,340361993.7357453
2000-05-18,0.5,0.0,321416659.4934238
2000-05-19,0.5,0.0,298008191.67875063
2000-05-22,0.0,0.0,298450644.45905304
2000-05-23,0.5,0.0,298425748.5295458
2000-05-24,0.0,0.0,321509443.0771624
2000-05-25,0.5,0.0,321482623.6462804
2000-05-26,0.5,0.0,321747719.32886946
2000-05-30,0.5,0.0,370447245.3587302
2000-05-31,0.5,0.0,353777013.48433435
2000-06-01,0.5,0.0,387620693.8253014
2000-06-02,0.5,0.0,433259086.0325407
2000-06-05,0.5,0.0,427658904.8752466
2000-06-06,0.5,0.0,409511867.95407665
2000-06-07,0.5,0.0,427724983.7619411
2000-06-08,0.5,0.0,421442300.7672795
2000-06-09,0.5,0.0,432465074.3198589
2000-06-12,0.5,0.0,406007231.2045442
2000-06-13,0.5,0.0,431599385.59368944
2000-06-14,0.5,0.0,412439185.03359264
2000-06-15,0.5,0.0,427582769.2546854
2000-06-16,0.5,0.0,434975582.30556285
2000-06-19,0.5,0.0,466613565.12511706
2000-06-20,0.5,0.0,466487281.99970657
2000-06-21,0.5,0.0,474742118.1013429
2000-06-22,0.5,0.0,435304592.3503282
2000-06-23,0.5,0.0,409507294.1782934
2000-06-26,0.5,0.0,426833479.497738
2000-06-27,0.5,0.0,411411259.61276734
2000-06-28,0.5,0.0,425886836.974475
2000-06-29,0.5,0.0,403633556.64129615
2000-06-30,0.5,0.0,422910757.3615666
2000-07-03,0.5,0.0,431369027.1505472
2000-07-05,0.5,0.0,398315701.55017066
2000-07-06,0.5,0.0,426137775.6549871
2000-07-07,0.5,0.0,435992714.087355
2000-07-10,0.5,0.0,421122032.7006897
2000-07-11,0.5,0.0,415289277.9556831
2000-07-12,0.5,0.0,446936691.8346652
2000-07-13,0.5,0.0,458961222.08088577
2000-07-14,0.5,0.0,477827092.5552496
2000-07-17,0.5,0.0,482578569.87637115
2000-07-18,0.5,0.0,458528182.5596837
2000-07-19,0.5,0.0,432122631.7989447
2000-07-20,0.5,0.0,463892434.7639794
2000-07-21,0.5,0.0,444099343.0589112
2000-07-24,0.5,0.0,418460956.18241346
2000-07-25,0.5,0.0,433485755.9602096
2000-07-26,0.5,0.0,423436022.0243957
2000-07-27,0.5,0.0,395282375.6647622
2000-07-28,0.5,0.0,356412981.8811863
2000-07-31,0.0,0.0,378362998.30571234
2000-08-01,0.5,0.0,378334066.47015756
2000-08-02,0.5,0.0,373290161.46154976
2000-08-03,0.5,0.0,394294774.96480286
2000-08-04,0.5,0.0,393374349.8705434
2000-08-07,0.5,0.0,408880259.0700728
2000-08-08,0.5,0.0,404513055.8765201
2000-08-09,0.5,0.0,405583338.6047554
2000-08-10,0.5,0.0,388297995.79424024
2000-08-11,0.5,0.0,396411546.49268675
2000-08-14,0.5,0.0,409160763.6943122
2000-08-15,0.5,0.0,409593863.2321161
2000-08-16,0.5,0.0,409256899.3768543
2000-08-17,0.5,0.0,428517449.7774161
2000-08-18,0.5,0.0,424086502.5257814
2000-08-21,0.5,0.0,427754904.8805646
2000-08-22,0.6000000000000001,0.0,427683241.0600911
2000-08-23,0.8,0.0,441398977.705699
2000-08-24,0.8,0.0,455511911.9314779
2000-08-25,0.8,0.0,450191293.8214402
2000-08-28,0.8,0.0,456365712.1040584
2000-08-29,0.8,0.0,455514829.5511025
2000-08-30,0.8,0.0,459990177.7316101
2000-08-31,0.8,0.0,490361149.354617
2000-09-01,0.8,0.19999999999999996,496494390.91410273
2000-09-05,0.8,0.19999999999999996,463613300.6142113
2000-09-06,0.5,0.5,422319123.95605
2000-09-07,0.7000000000000001,0.29999999999999993,441219824.3091181
2000-09-08,0.6000000000000001,0.3999999999999999,408201132.6961601
2000-09-11,0.5,0.5,387461784.6132013
2000-09-12,0.5,0.5,381091874.5990801
2000-09-13,0.5,0.5,392456539.6391461
2000-09-14,0.5,0.5,391645791.77059096
2000-09-15,0.5,0.5,381819027.59037006
2000-09-18,0.5,0.5,367763896.0699897
2000-09-19,0.5,0.5,392542734.5854523
2000-09-20,0.5,0.5,397827202.2702633
2000-09-21,0.5,0.5,386024089.32509446
2000-09-22,0.5,0.5,383272600.3941278
2000-09-25,0.5,0.5,371006816.5919231
2000-09-26,0.5,0.5,365097142.20497954
2000-09-27,0.6000000000000001,0.3999999999999999,363410107.15514165
2000-09-28,0.5,0.5,391299100.93085593
2000-09-29,0.5,0.5,366827251.8655186
2000-10-02,0.5,0.5,352321075.9964438
2000-10-03,0.0,1.0,338026253.0079352
2000-10-04,0.5,0.5,337857139.77930284
2000-10-05,0.5,0.5,333489052.25034136
2000-10-06,0.0,1.0,317031752.01614535
2000-10-09,0.0,1.0,317031658.0961511
2000-10-10,0.0,1.0,317031626.77626806
2000-10-11,0.0,1.0,317031595.4497727
2000-10-12,0.0,1.0,317031564.1166624
2000-10-13,0.0,1.0,317031532.77693653
2000-10-16,0.0,1.0,317031438.7180546
2000-10-17,0.0,1.0,317031407.35185593
2000-10-18,0.0,1.0,317031375.979033
2000-10-19,0.0,1.0,317031344.59958583
2000-10-20,0.5,0.5,316872723.2117711
2000-10-23,0.0,1.0,311860603.27148294
2000-10-24,0.0,1.0,311860570.8468751
2000-10-25,0.0,1.0,311860538.41542447
2000-10-26,0.0,1.0,311860505.9771239
2000-10-27,0.0,1.0,311860473.5319777
2000-10-30,0.0,1.0,311860376.15541416
2000-10-31,0.0,1.0,311860343.68285793
2000-11-01,0.0,1.0,313809498.2549233
2000-11-02,0.0,1.0,313809465.76865435
2000-11-03,0.0,1.0,313809433.27552515
2000-11-06,0.0,1.0,313809335.7549683
2000-11-07,0.0,1.0,313809303.23439
2000-11-08,0.0,1.0,313809270.70694447
2000-11-09,0.0,1.0,313809238.17262965
2000-11-10,0.0,1.0,313809205.63144994
2000-11-13,0.0,1.0,313809107.96668214
2000-11-14,0.0,1.0,313809075.39801085
2000-11-15,0.0,1.0,313809042.82246155
2000-11-16,0.0,1.0,313809010.2400383
2000-11-17,0.0,1.0,313808977.65073043
2000-11-20,0.0,1.0,313808879.84153384
2000-11-21,0.0,1.0,313808847.2246986
2000-11-22,0.0,1.0,313808814.6009779
2000-11-24,0.0,1.0,313808749.33286995
2000-11-27,0.0,1.0,313808651.3790254
2000-11-28,0.0,1.0,313808618.7139553
2000-11-29,0.0,1.0,313808586.0419904
2000-11-30,0.0,1.0,313808553.3631273
2000-12-01,0.0,1.0,326346151.8331937
2000-12-04,0.0,1.0,326346053.7344854
2000-12-05,0.0,1.0,326346021.4537494
2000-12-06,0.0,1.0,326345989.1662927
2000-12-07,0.0,1.0,326345956.8721062
2000-12-08,0.0,1.0,326345924.5711892
2000-12-11,0.0,1.0,326345827.62806594
2000-12-12,0.0,1.0,326345795.3002235
2000-12-13,0.0,1.0,326345762.9656494
2000-12-14,0.0,1.0,326345730.6243359
2000-12-15,0.0,1.0,326345698.2762874
2000-12-18,0.0,1.0,326345601.1916813
2000-12-19,0.0,1.0,326345568.81666553
2000-12-20,0.0,1.0,326345536.4349071
2000-12-21,0.0,1.0,326345504.04639965
2000-12-22,0.0,1.0,326345471.6511426
2000-12-26,0.0,1.0,326345342.00262487
2000-12-27,0.0,1.0,326345309.57361054
2000-12-28,0.0,1.0,326345277.13783723
2000-12-29,0.0,1.0,326345244.6953097
2001-01-02,0.0,1.0,329732501.7076509
2001-01-03,0.0,1.0,329732469.231314
2001-01-04,0.0,1.0,329732438.4145498
2001-01-05,0.0,1.0,329732407.5916954
2001-01-08,0.0,1.0,329732315.0865636
2001-01-09,0.0,1.0,329732284.23933274
2001-01-10,0.0,1.0,329732253.3860034
2001-01-11,0.0,1.0,329732222.5265802
2001-01-12,0.0,1.0,329732191.66105276
2001-01-16,0.0,1.0,329732068.137928
2001-01-17,0.0,1.0,329732037.24188733
2001-01-18,0.0,1.0,329732006.3397416
2001-01-19,0.0,1.0,329731975.4314874
2001-01-22,0.0,1.0,329731882.67006594
2001-01-23,0.0,1.0,329731851.7373689
2001-01-24,0.0,1.0,329731820.7985537
2001-01-25,0.0,1.0,329731789.85362655
2001-01-26,0.0,1.0,329731758.9025869
2001-01-29,0.0,1.0,329731666.0127413
2001-01-30,0.0,1.0,329731635.03722125
2001-01-31,0.0,1.0,329731604.05558
2001-02-01,0.0,1.0,332642791.4988741
2001-02-02,0.0,1.0,332642760.50498015
2001-02-05,0.0,1.0,332642673.3805053
2001-02-06,0.0,1.0,332642644.32825655
2001-02-07,0.0,1.0,332642615.27063215
2001-02-08,0.0,1.0,332642586.2076256
2001-02-09,0.0,1.0,332642557.13924146
2001-02-12,0.0,1.0,332642469.90179133
2001-02-13,0.0,1.0,332642440.8118736
2001-02-14,0.0,1.0,332642411.71656847
2001-02-15,0.0,1.0,332642382.61588264
2001-02-16,0.0,1.0,332642353.50980556
2001-02-20,0.0,1.0,332642237.03161025
2001-02-21,0.0,1.0,332642207.89858204
2001-02-22,0.0,1.0,332642178.76016176
2001-02-23,0.0,1.0,332642149.6163467
2001-02-26,0.0,1.0,332642062.1525105
2001-02-27,0.0,1.0,332642032.98710805
2001-02-28,0.0,1.0,332642003.81630623
2001-03-01,0.0,1.0,339343383.86851484
2001-03-02,0.0,1.0,339343354.6869067
2001-03-05,0.0,1.0,339343269.2928272
2001-03-06,0.0,1.0,339343240.81785214
2001-03-07,0.0,1.0,339343212.3377337
2001-03-08,0.0,1.0,339343183.8524808
2001-03-09,0.0,1.0,339343155.362078
2001-03-12,0.0,1.0,339343069.86003107
2001-03-13,0.0,1.0,339343041.34905505
2001-03-14,0.0,1.0,339343012.8329354
2001-03-15,0.0,1.0,339342984.31166786
2001-03-16,0.0,1.0,339342955.78524697
2001-03-19,0.0,1.0,339342870.17510104
2001-03-20,0.0,1.0,339342841.6280786
2001-03-21,0.0,1.0,339342813.0759088
2001-03-22,0.0,1.0,339342784.5185777
2001-03-23,0.0,1.0,339342755.95609486
2001-03-26,0.0,1.0,339342670.2377033
2001-03-27,0.0,1.0,339342641.65459216
2001-03-28,0.0,1.0,339342613.06631833
2001-03-29,0.0,1.0,339342584.47288483
2001-03-30,0.0,1.0,339342555.8742911
2001-04-02,0.0,1.0,334234481.16784936
2001-04-03,0.0,1.0,334234452.5485989
2001-04-04,0.0,1.0,334234426.00391835
2001-04-05,0.0,1.0,334234399.4547886
2001-04-06,0.0,1.0,334234372.90121925
2001-04-09,0.0,1.0,334234293.21383804
2001-04-10,0.0,1.0,334234266.6424836
2001-04-11,0.0,1.0,334234240.0666799
2001-04-12,0.0,1.0,334234213.48642915
2001-04-16,0.0,1.0,334234107.1209117
2001-04-17,0.0,1.0,334234080.5184046
2001-04-18,0.0,1.0,334234053.9114475
2001-04-19,0.0,1.0,334234027.3000355
2001-04-20,0.0,1.0,334234000.684163
2001-04-23,0.0,1.0,334233920.8098237
2001-04-24,0.0,1.0,334233894.1761299
2001-04-25,0.0,1.0,334233867.53797406
2001-04-26,0.0,1.0,334233840.89536536
2001-04-27,0.0,1.0,334233814.2482883
2001-04-30,0.0,1.0,334233734.280311
2001-05-01,0.0,1.0,329354965.06350917
2001-05-02,0.0,1.0,329354938.39412427
2001-05-03,0.0,1.0,329354914.15046155
2001-05-04,0.0,1.0,329354889.9031104
2001-05-07,0.0,1.0,329354817.138921
2001-05-08,0.0,1.0,329354792.87680846
2001-05-09,0.0,1.0,329354768.6110052
2001-05-10,0.0,1.0,329354744.3415065
2001-05-11,0.0,1.0,329354720.068322
2001-05-14,0.0,1.0,329354647.22658366
2001-05-15,0.0,1.0,329354622.93862015
2001-05-16,0.0,1.0,329354598.64696175
2001-05-17,0.0,1.0,329354574.3516056
2001-05-18,0.0,1.0,329354550.0525563
2001-05-21,0.0,1.0,329354477.1332197
2001-05-22,0.0,1.0,329354452.8193754
2001-05-23,0.0,1.0,329354428.50183547
2001-05-24,0.0,1.0,329354404.18059534
2001-05-25,0.0,1.0,329354379.8556497
2001-05-29,0.0,1.0,329354282.51887274
2001-05-30,0.0,1.0,329354258.17541957
2001-05-31,0.0,1.0,329354233.828264
2001-06-01,0.0,1.0,333535398.9613333
2001-06-04,0.0,1.0,333535325.8865165
2001-06-05,0.0,1.0,333535302.51825076
2001-06-06,0.0,1.0,333535279.1465714
2001-06-07,0.0,1.0,333535255.77148175
2001-06-08,0.0,1.0,333535232.39298654
2001-06-11,0.0,1.0,333535162.2370173
2001-06-12,0.0,1.0,333535138.84487075
2001-06-13,0.0,1.0,333535115.4493081
2001-06-14,0.0,1.0,333535092.05033803
2001-06-15,0.0,1.0,333535068.6479503
2001-06-18,0.0,1.0,333534998.42028636
2001-06-19,0.0,1.0,333534975.0042356
2001-06-20,0.0,1.0,333534951.58476967
2001-06-21,0.0,1.0,333534928.1618841
2001-06-22,0.0,1.0,333534904.7355837
2001-06-25,0.0,1.0,333534834.4361499
2001-06-26,0.0,1.0,333534810.9961716
2001-06-27,0.0,1.0,333534787.55277216
2001-06-28,0.0,1.0,333534764.1059511
2001-06-29,0.0,1.0,333534740.65571296
2001-07-02,0.0,1.0,336003299.47320175
2001-07-03,0.0,1.0,336003276.0092707
2001-07-05,0.0,1.0,336003230.74426115
2001-07-06,0.0,1.0,336003208.10697824
2001-07-09,0.0,1.0,336003140.17601323
2001-07-10,0.0,1.0,336003117.52598685
2001-07-11,0.0,1.0,336003094.87277037
2001-07-12,0.0,1.0,336003072.21637005
2001-07-13,0.0,1.0,336003049.55678064
2001-07-16,0.0,1.0,336002981.55887645
2001-07-17,0.0,1.0,336002958.8865297
2001-07-18,0.0,1.0,336002936.2109903
2001-07-19,0.0,1.0,336002913.5322651
2001-07-20,0.0,1.0,336002890.85034376
2001-07-23,0.0,1.0,336002822.78544366
2001-07-24,0.0,1.0,336002800.0907542
2001-07-25,0.0,1.0,336002777.392868
2001-07-26,0.0,1.0,336002754.691794
2001-07-27,0.0,1.0,336002731.9875218
2001-07-30,0.0,1.0,336002663.8555387
2001-07-31,0.0,1.0,336002641.13848597
2001-08-01,0.0,1.0,344287100.6243895
2001-08-02,0.0,1.0,344287077.90094274
2001-08-03,0.0,1.0,344287055.67904824
2001-08-06,0.0,1.0,344286988.99502605
2001-08-07,0.0,1.0,344286966.7609026
2001-08-08,0.0,1.0,344286944.52371633
2001-08-09,0.0,1.0,344286922.28347397
2001-08-10,0.0,1.0,344286900.04017013
2001-08-13,0.0,1.0,344286833.2918903
2001-08-14,0.0,1.0,344286811.0363422
2001-08-15,0.0,1.0,344286788.77773213
2001-08-16,0.0,1.0,344286766.516059
2001-08-17,0.0,1.0,344286744.2513225
2001-08-20,0.0,1.0,344286677.4387454
2001-08-21,0.0,1.0,344286655.1617526
2001-08-22,0.0,1.0,344286632.88169533
2001-08-23,0.0,1.0,344286610.59857315
2001-08-24,0.0,1.0,344286588.31238073
2001-08-27,0.0,1.0,344286521.43542105
2001-08-28,0.0,1.0,344286499.1369636
2001-08-29,0.0,1.0,344286476.83544093
2001-08-30,0.0,1.0,344286454.53084636
2001-08-31,0.0,1.0,344286432.2231796
2001-09-04,0.0,1.0,352009209.0666272
2001-09-05,0.0,1.0,352009186.74361324
2001-09-06,0.0,1.0,352009166.8767718
2001-09-07,0.0,1.0,352009147.0074949
2001-09-10,0.0,1.0,352009087.3850729
2001-09-17,0.0,1.0,352008948.1809053
2001-09-18,0.0,1.0,352008928.284854
2001-09-19,0.0,1.0,352008908.3863704
2001-09-20,0.0,1.0,352008888.4854436
2001-09-21,0.0,1.0,352008868.5820884
2001-09-24,0.0,1.0,352008808.8573802
2001-09-25,0.0,1.0,352008788.9442709
2001-09-26,0.0,1.0,352008769.0287258
2001-09-27,0.0,1.0,352008749.11073595
2001-09-28,0.0,1.0,352008729.1903164
2001-10-01,0.0,1.0,357742611.66971576
2001-10-02,0.0,1.0,357742591.7395339
2001-10-03,0.0,1.0,357742574.2879837
2001-10-04,0.0,1.0,357742556.8345585
2001-10-05,0.0,1.0,357742539.3792681
2001-10-08,0.0,1.0,357742487.0021566
2001-10-09,0.0,1.0,357742469.5393798
2001-10-10,0.0,1.0,357742452.07472616
2001-10-11,0.0,1.0,357742434.6082065
2001-10-12,0.0,1.0,357742417.13981056
2001-10-15,0.0,1.0,357742364.7233902
2001-10-16,0.0,1.0,357742347.2475049
2001-10-17,0.0,1.0,357742329.76974547
2001-10-18,0.0,1.0,357742312.2901139
2001-10-19,0.0,1.0,357742294.808605
2001-10-22,0.0,1.0,357742242.35283834
2001-10-23,0.0,1.0,357742224.8638354
2001-10-24,0.0,1.0,357742207.3729577
2001-10-25,0.0,1.0,357742189.88020176
2001-10-26,0.0,1.0,357742172.38557243
2001-10-29,0.0,1.0,357742119.89043707
2001-10-30,0.0,1.0,357742102.3883058
2001-10-31,0.0,1.0,357742084.8842973
2001-11-01,0.0,1.0,356878194.2290293
2001-11-02,0.0,1.0,356878176.7212721
2001-11-05,0.0,1.0,356878129.3623631
2001-11-06,0.0,1.0,356878113.5730089
2001-11-07,0.0,1.0,356878097.7821273
2001-11-08,0.0,1.0,356878081.9897207
2001-11-09,0.0,1.0,356878066.1957889
2001-11-12,0.0,1.0,356878018.8048384
2001-11-13,0.0,1.0,356878003.0048004
2001-11-14,0.0,1.0,356877987.20323604
2001-11-15,0.0,1.0,356877971.4001458
2001-11-16,0.0,1.0,356877955.59552455
2001-11-19,0.0,1.0,356877908.1725
2001-11-20,0.0,1.0,356877892.3617707
2001-11-21,0.0,1.0,356877876.54951775
2001-11-23,0.0,1.0,356877844.9204202
2001-11-26,0.0,1.0,356877797.4653097
2001-11-27,0.0,1.0,356877781.64388156
2001-11-28,0.0,1.0,356877765.82092416
2001-11-29,0.0,1.0,356877749.9964392
2001-11-30,0.0,1.0,356877734.17042667
2001-12-03,0.0,1.0,346094079.50617164
2001-12-04,0.0,1.0,346094063.6740389
2001-12-05,0.0,1.0,346094049.01203394
2001-12-06,0.0,1.0,346094034.3487109
2001-12-07,0.0,1.0,346094019.68408495
2001-12-10,0.0,1.0,346093975.6823151
2001-12-11,0.0,1.0,346093961.01243514
2001-12-12,0.0,1.0,346093946.34123737
2001-12-13,0.0,1.0,346093931.66873604
2001-12-14,0.0,1.0,346093916.99491596
2001-12-17,0.0,1.0,346093872.96557444
2001-12-18,0.0,1.0,346093858.2865025
2001-12-19,0.0,1.0,346093843.60611725
2001-12-20,0.0,1.0,346093828.92441773
2001-12-21,0.0,1.0,346093814.24140376
2001-12-24,0.0,1.0,346093770.1844761
2001-12-26,0.0,1.0,346093740.80662423
2001-12-27,0.0,1.0,346093726.11572695
2001-12-28,0.0,1.0,346093711.42350924
2001-12-31,0.0,1.0,346093667.33899623
2002-01-02,0.0,1.0,348872748.0205641
2002-01-03,0.0,1.0,348872733.3204614
2002-01-04,0.0,1.0,348872719.01132584
2002-01-07,0.0,1.0,348872676.07643306
2002-01-08,0.0,1.0,348872661.76231056
2002-01-09,0.0,1.0,348872647.4469446
2002-01-10,0.0,1.0,348872633.13032925
2002-01-11,0.0,1.0,348872618.8124644
2002-01-14,0.0,1.0,348872575.85139483
2002-01-15,0.0,1.0,348872561.5285437
2002-01-16,0.0,1.0,348872547.2044453
2002-01-17,0.0,1.0,348872532.87909687
2002-01-18,0.0,1.0,348872518.5525033
2002-01-22,0.0,1.0,348872461.23366064
2002-01-23,0.0,1.0,348872446.9008262
2002-01-24,0.0,1.0,348872432.5667401
2002-01-25,0.0,1.0,348872418.2314083
2002-01-28,0.0,1.0,348872375.21792936
2002-01-29,0.0,1.0,348872360.8776026
2002-01-30,0.0,1.0,348872346.53603077
2002-01-31,0.0,1.0,348872332.19320256
2002-02-01,0.0,1.0,353781605.3583334
2002-02-04,0.0,1.0,353781562.31860673
2002-02-05,0.0,1.0,353781547.92581075
2002-02-06,0.0,1.0,353781533.5317529
2002-02-07,0.0,1.0,353781519.1364446
2002-02-08,0.0,1.0,353781504.73987067
2002-02-11,0.0,1.0,353781461.54262334
2002-02-12,0.0,1.0,353781447.1410223
2002-02-13,0.0,1.0,353781432.738164
2002-02-14,0.0,1.0,353781418.33404446
2002-02-15,0.0,1.0,353781403.92866874
2002-02-19,0.0,1.0,353781346.2945884
2002-02-20,0.0,1.0,353781331.8829179
2002-02-21,0.0,1.0,353781317.4699927
2002-02-22,0.0,1.0,353781303.05580556
2002-02-25,0.0,1.0,353781259.80567974
2002-02-26,0.0,1.0,353781245.38645333
2002-02-27,0.0,1.0,353781230.9659703
2002-02-28,0.0,1.0,353781216.54422474
2002-03-01,0.0,1.0,345223752.6219782
2002-03-04,0.0,1.0,345223709.34540033
2002-03-05,0.0,1.0,345223694.9611874
2002-03-06,0.0,1.0,345223680.57572013
2002-03-07,0.0,1.0,345223666.18900335
2002-03-08,0.0,1.0,345223651.8010268
2002-03-11,0.0,1.0,345223608.6296036
2002-03-12,0.0,1.0,345223594.23661757
2002-03-13,0.0,1.0,345223579.8423766
2002-03-14,0.0,1.0,345223565.44688547
2002-03-15,0.0,1.0,345223551.05013907
2002-03-18,0.0,1.0,345223507.8523714
2002-03-19,0.0,1.0,345223493.4506094
2002-03-20,0.0,1.0,345223479.04759014
2002-03-21,0.0,1.0,345223464.6433202
2002-03-22,0.0,1.0,345223450.2377943
2002-03-25,0.0,1.0,345223407.01368386
2002-03-26,0.0,1.0,345223392.6031379
2002-03-27,0.0,1.0,345223378.19134104
2002-03-28,0.0,1.0,345223363.7782826
2002-04-01,0.0,0.0,348380649.05705976
2002-04-02,0.0,0.0,348397020.52571106
2002-04-03,0.0,0.0,348413580.41393006
2002-04-04,0.0,0.0,348430141.084848
2002-04-05,0.0,0.0,348446702.53846484
2002-04-08,0.0,0.0,348496391.64175516
2002-04-09,0.0,0.0,348512956.2488803
2002-04-10,0.0,0.0,348529521.63773394
2002-04-11,0.0,0.0,348546087.8201573
2002-04-12,0.0,0.0,348562654.7961505
2002-04-15,0.0,0.0,348612360.40212744
2002-04-16,0.0,0.0,348628930.52101904
2002-04-17,0.0,0.0,348645501.43224794
2002-04-18,0.0,0.0,348662073.1261757
2002-04-19,0.0,0.0,348678645.6136733
2002-04-22,0.0,0.0,348728367.7875647
2002-04-23,0.0,0.0,348744943.4182236
2002-04-24,0.0,0.0,348761519.840958
2002-04-25,0.0,0.0,348778097.0463913
2002-04-26,0.0,0.0,348794675.0453944
2002-04-29,0.0,0.0,348844413.75458795
2002-04-30,0.0,0.0,348860994.90426147
2002-05-01,0.0,1.0,348703138.0609468
2002-05-02,0.0,1.0,348703122.77512026
2002-05-03,0.0,1.0,348703107.4879462
2002-05-06,0.0,1.0,348703061.6184103
2002-05-07,0.0,1.0,348703046.32588005
2002-05-08,0.0,1.0,348703031.03200996
2002-05-09,0.0,1.0,348703015.7368026
2002-05-10,0.0,1.0,348703000.4402523
2002-05-13,0.0,1.0,348702954.54255116
2002-05-14,0.0,1.0,348702939.24064004
2002-05-15,0.0,1.0,348702923.937385
2002-05-16,0.0,1.0,348702908.6327919
2002-05-17,0.0,1.0,348702893.32685524
2002-05-20,0.0,1.0,348702847.40100646
2002-05-21,0.0,1.0,348702832.08970606
2002-05-22,0.0,1.0,348702816.7770611
2002-05-23,0.0,1.0,348702801.4630774
2002-05-24,0.0,1.0,348702786.1477496
2002-05-28,0.0,1.0,348702724.8730288
2002-05-29,0.0,1.0,348702709.55099106
2002-05-30,0.0,1.0,348702694.227612
2002-05-31,0.0,1.0,348702678.90288806
2002-06-03,0.0,1.0,356254189.9796255
2002-06-04,0.0,1.0,356254174.64952844
2002-06-05,0.0,1.0,356254159.31809455
2002-06-06,0.0,1.0,356254143.9853099
2002-06-07,0.0,1.0,356254128.6511849
2002-06-10,0.0,1.0,356254082.64074147
2002-06-11,0.0,1.0,356254067.3012405
2002-06-12,0.0,1.0,356254051.96039146
2002-06-13,0.0,1.0,356254036.6182017
2002-06-14,0.0,1.0,356254021.2746709
2002-06-17,0.0,1.0,356253975.23598933
2002-06-18,0.0,1.0,356253959.887076
2002-06-19,0.0,1.0,356253944.5368177
2002-06-20,0.0,1.0,356253929.1852179
2002-06-21,0.0,1.0,356253913.8322711
2002-06-24,0.0,1.0,356253867.7653529
2002-06-25,0.0,1.0,356253852.4070206
2002-06-26,0.0,1.0,356253837.0473482
2002-06-27,0.0,1.0,356253821.68632275
2002-06-28,0.0,1.0,356253806.32395506
2002-07-01,0.0,1.0,365335114.9864595
2002-07-02,0.0,1.0,365335099.6187052
2002-07-03,0.0,1.0,365335084.3427024
2002-07-05,0.0,1.0,365335053.786706
2002-07-08,0.0,1.0,365335007.94271654
2002-07-09,0.0,1.0,365334992.65872777
2002-07-10,0.0,1.0,365334977.37340707
2002-07-11,0.0,1.0,365334962.0867556
2002-07-12,0.0,1.0,365334946.79876786
2002-07-15,0.0,1.0,365334900.926833
2002-07-16,0.0,1.0,365334885.63352203
2002-07-17,0.0,1.0,365334870.33888394
2002-07-18,0.0,1.0,365334855.0429091
2002-07-19,0.0,1.0,365334839.7455973
2002-07-22,0.0,1.0,365334793.84568566
2002-07-23,0.0,1.0,365334778.5430496
2002-07-24,0.0,1.0,365334763.23907864
2002-07-25,0.0,1.0,365334747.93377554
2002-07-26,0.0,1.0,365334732.6271403
2002-07-29,0.0,1.0,365334686.69923747
2002-07-30,0.0,1.0,365334671.3872678
2002-07-31,0.0,1.0,365334656.07396454
2002-08-01,0.0,1.0,377791314.07191
2002-08-02,0.0,1.0,377791298.75593567
2002-08-05,0.0,1.0,377791252.6599785
2002-08-06,0.0,1.0,377791237.2919711
2002-08-07,0.0,1.0,377791221.92261946
2002-08-08,0.0,1.0,377791206.5519251
2002-08-09,0.0,1.0,377791191.1798881
2002-08-12,0.0,1.0,377791145.05573547
2002-08-13,0.0,1.0,377791129.6783264
2002-08-14,0.0,1.0,377791114.2995743
2002-08-15,0.0,1.0,377791098.9194789
2002-08-16,0.0,1.0,377791083.53804004
2002-08-19,0.0,1.0,377791037.38566124
2002-08-20,0.0,1.0,377791021.9988474
2002-08-21,0.0,1.0,377791006.61068463
2002-08-22,0.0,1.0,377790991.22118324
2002-08-23,0.0,1.0,377790975.8303377
2002-08-26,0.0,1.0,377790929.6497181
2002-08-27,0.0,1.0,377790914.25349116
2002-08-28,0.0,1.0,377790898.8559182
2002-08-29,0.0,1.0,377790883.457006
2002-08-30,0.0,1.0,377790868.0567435
2002-09-03,0.0,1.0,390786130.2125717
2002-09-04,0.0,1.0,390786114.8055815
2002-09-05,0.0,1.0,390786099.3504415
2002-09-06,0.0,1.0,390786083.8939415
2002-09-09,0.0,1.0,390786037.51632965
2002-09-10,0.0,1.0,390786022.0544139
2002-09-11,0.0,1.0,390786006.5911446
2002-09-12,0.0,1.0,390785991.12652004
2002-09-13,0.0,1.0,390785975.6605348
2002-09-16,0.0,1.0,390785929.2544626
2002-09-17,0.0,1.0,390785913.7830605
2002-09-18,0.0,1.0,390785898.31030244
2002-09-19,0.0,1.0,390785882.83618844
2002-09-20,0.0,1.0,390785867.36071837
2002-09-23,0.0,1.0,390785820.9261711
2002-09-24,0.0,1.0,390785805.44527596
2002-09-25,0.0,1.0,390785789.9630242
2002-09-26,0.0,1.0,390785774.47941583
2002-09-27,0.0,1.0,390785758.99445075
2002-09-30,0.0,1.0,390785712.53141373
2002-10-01,0.0,1.0,389837714.39220273
2002-10-02,0.0,1.0,389837698.9004525
2002-10-03,0.0,1.0,389837683.4073449
2002-10-04,0.0,1.0,389837667.91287977
2002-10-07,0.0,1.0,389837621.42132205
2002-10-08,0.0,1.0,389837605.92142415
2002-10-09,0.0,1.0,389837590.4201704
2002-10-10,0.0,1.0,389837574.9175586
2002-10-11,0.0,1.0,389837559.4135833
2002-10-14,0.0,1.0,389837512.8935063
2002-10-15,0.0,1.0,389837497.38409877
2002-10-16,0.0,1.0,389837481.87333125
2002-10-17,0.0,1.0,389837466.361205
2002-10-18,0.0,1.0,389837450.84771985
2002-10-21,0.0,1.0,389837404.29910886
2002-10-22,0.0,1.0,389837388.78018504
2002-10-23,0.0,1.0,389837373.2598988
2002-10-24,0.0,1.0,389837357.7382585
2002-10-25,0.0,1.0,389837342.21525323
2002-10-28,0.0,1.0,389837295.6380773
2002-10-29,0.0,1.0,389837280.10963225
2002-10-30,0.0,1.0,389837264.57982236
2002-10-31,0.0,1.0,389837249.0486577
2002-11-01,0.0,1.0,387668052.1397347
2002-11-04,0.0,1.0,387668005.53397906
2002-11-05,0.0,1.0,387667991.9290807
2002-11-06,0.0,1.0,387667978.32313925
2002-11-07,0.0,1.0,387667964.71615416
2002-11-08,0.0,1.0,387667951.1081254
2002-11-11,0.0,1.0,387667910.277759
2002-11-12,0.0,1.0,387667896.66555274
2002-11-13,0.0,1.0,387667883.05229914
2002-11-14,0.0,1.0,387667869.4380069
2002-11-15,0.0,1.0,387667855.8226651
2002-11-18,0.0,1.0,387667814.9703726
2002-11-19,0.0,1.0,387667801.35085297
2002-11-20,0.0,1.0,387667787.7302892
2002-11-21,0.0,1.0,387667774.1086809
2002-11-22,0.0,1.0,387667760.48602253
2002-11-25,0.0,1.0,387667719.61179334
2002-11-26,0.0,1.0,387667705.98495686
2002-11-27,0.0,1.0,387667692.3570741
2002-11-29,0.0,1.0,387667665.0981726
2002-12-02,0.0,1.0,389596700.51215327
2002-12-03,0.0,1.0,389596686.87799644
2002-12-04,0.0,1.0,389596673.7164975
2002-12-05,0.0,1.0,389596660.554018
2002-12-06,0.0,1.0,389596647.3905635
2002-12-09,0.0,1.0,389596607.89436567
2002-12-10,0.0,1.0,389596594.727014
2002-12-11,0.0,1.0,389596581.55868304
2002-12-12,0.0,1.0,389596568.389382
2002-12-13,0.0,1.0,389596555.2191055
2002-12-16,0.0,1.0,389596515.70242244
2002-12-17,0.0,1.0,389596502.5282414
2002-12-18,0.0,1.0,389596489.3530861
2002-12-19,0.0,1.0,389596476.1769549
2002-12-20,0.0,1.0,389596462.99984765
2002-12-23,0.0,1.0,389596423.4626698
2002-12-24,0.0,1.0,389596410.281658
2002-12-26,0.0,1.0,389596383.9167161
2002-12-27,0.0,1.0,389596370.73277503
2002-12-30,0.0,1.0,389596331.17509264
2002-12-31,0.0,1.0,389596317.98724693
2003-01-02,0.0,1.0,390281439.0379649
2003-01-03,0.0,1.0,390281425.8471894
2003-01-06,0.1,0.9,390242269.05076885
2003-01-07,0.1,0.9,391376713.46138555
2003-01-08,0.0,1.0,388031071.6969055
2003-01-09,0.0,1.0,388031068.96891826
2003-01-10,0.0,1.0,388031066.2407295
2003-01-13,0.1,0.9,387992236.52521396
2003-01-14,0.1,0.9,389269824.4231197
2003-01-15,0.30000000000000004,0.7,386844257.19019514
2003-01-16,0.30000000000000004,0.7,382868392.9695282
2003-01-17,0.0,1.0,368877563.38117844
2003-01-21,0.1,0.9,368840597.4433532
2003-01-22,0.1,0.9,368576229.53746295
2003-01-23,0.0,1.0,371391910.5800064
2003-01-24,0.0,1.0,371391907.6575469
2003-01-27,0.0,1.0,371391898.8888723
2003-01-28,0.0,1.0,371391895.96554685
2003-01-29,0.0,1.0,371391893.04200464
2003-01-30,0.0,1.0,371391890.1182462
2003-01-31,0.0,1.0,371391887.1942704
2003-02-03,0.0,1.0,377099373.659197
2003-02-04,0.0,1.0,377099370.7343558
2003-02-05,0.0,1.0,377099367.7882347
2003-02-06,0.0,1.0,377099364.84189314
2003-02-07,0.0,1.0,377099361.8953323
2003-02-10,0.0,1.0,377099353.0543287
2003-02-11,0.0,1.0,377099350.1068884
2003-02-12,0.0,1.0,377099347.15922725
2003-02-13,0.0,1.0,377099344.211348
2003-02-14,0.1,0.9,377061611.5668126
2003-02-18,0.30000000000000004,0.7,380771760.48655355
2003-02-19,0.0,1.0,377699998.805925
2003-02-20,0.0,1.0,377699990.5067983
2003-02-21,0.0,1.0,377699982.2070566
2003-02-24,0.0,1.0,377699957.3041113
2003-02-25,0.0,1.0,377699949.0018924
2003-02-26,0.0,1.0,377699940.699053
2003-02-27,0.30000000000000004,0.7,377586566.7544374
2003-02-28,0.30000000000000004,0.7,382697413.3544887
2003-03-03,0.30000000000000004,0.7,378853223.93434113
2003-03-04,0.30000000000000004,0.7,376123554.25200045
2003-03-05,0.30000000000000004,0.7,378504739.65577507
2003-03-06,0.30000000000000004,0.7,376355848.9861116
2003-03-07,0.30000000000000004,0.7,377285086.9293949
2003-03-10,0.0,1.0,369632309.85069215
2003-03-11,0.0,1.0,369632302.2227967
2003-03-12,0.0,1.0,369632294.5943297
2003-03-13,0.0,1.0,369632286.9652989
2003-03-14,0.2,0.8,369558301.55207527
2003-03-17,0.0,1.0,379446704.0133533
2003-03-18,0.0,1.0,379446697.7800863
2003-03-19,0.0,1.0,379446691.5463567
2003-03-20,0.0,1.0,379446685.31216615
2003-03-21,0.0,1.0,379446679.0775092
2003-03-24,0.0,1.0,379446660.3707652
2003-03-25,0.0,1.0,379446654.1342563
2003-03-26,0.0,1.0,379446647.8972834
2003-03-27,0.0,1.0,379446641.65984654
2003-03-28,0.0,1.0,379446635.42194855
2003-03-31,0.0,1.0,379446616.7054637
2003-04-01,0.0,1.0,376042076.25744706
2003-04-02,0.0,1.0,376042070.0172292
2003-04-03,0.0,1.0,376042063.7541584
2003-04-04,0.0,1.0,376042057.4906216
2003-04-07,0.0,1.0,376042038.69720376
2003-04-08,0.2,0.8,375966782.0257547
2003-04-09,0.0,1.0,370965403.28397685
2003-04-10,0.2,0.8,370891169.84243286
2003-04-11,0.4,0.6,369293232.7262339
2003-04-14,0.4,0.6,378869432.31727815
2003-04-15,0.4,0.6,380957473.89823174
2003-04-16,0.4,0.6,381749486.1913315
2003-04-17,0.4,0.6,394781775.0875863
2003-04-21,0.4,0.6,393557725.0022611
2003-04-22,0.8,0.19999999999999996,403569107.3827685
2003-04-23,1.0,0.0,412679608.3373397
2003-04-24,1.0,0.0,407286116.72527945
2003-04-25,0.6000000000000001,0.3999999999999999,379532241.01435953
2003-04-28,0.8,0.19999999999999996,394494434.6947199
2003-04-29,1.0,0.0,402702702.8244478
2003-04-30,1.0,0.0,391014495.3109873
2003-05-01,1.0,0.0,398550303.63535625
2003-05-02,1.0,0.0,423464622.2770811
2003-05-05,1.0,0.0,423157020.3670214
2003-05-06,1.0,0.0,441612069.685332
2003-05-07,1.0,0.0,422080463.7067849
2003-05-08,1.0,0.0,402856441.981211
2003-05-09,1.0,0.0,429616266.1403361
2003-05-12,1.0,0.0,448532680.0593233
2003-05-13,1.0,0.0,443303741.86181265
2003-05-14,1.0,0.0,434230000.496209
2003-05-15,1.0,0.0,450993336.41679895
2003-05-16,1.0,0.0,440996842.29007965
2003-05-19,0.8,0.19999999999999996,392781277.4807795
2003-05-20,0.8,0.19999999999999996,393027289.5511698
2003-05-21,0.8,0.19999999999999996,393642328.5226856
2003-05-22,0.8,0.19999999999999996,408649416.6547294
2003-05-23,0.8,0.19999999999999996,407419321.11755705
2003-05-27,0.8,0.19999999999999996,444444996.77550644
2003-05-28,0.8,0.19999999999999996,445183044.71114755
2003-05-29,0.8,0.19999999999999996,453055612.7432314
2003-05-30,0.8,0.19999999999999996,468185709.8389761
2003-06-02,0.8,0.19999999999999996,457542121.00930727
2003-06-03,0.9,0.09999999999999998,470178747.0008977
2003-06-04,0.9,0.09999999999999998,497946471.22281003
2003-06-05,0.9,0.09999999999999998,505555893.88150144
2003-06-06,0.9,0.09999999999999998,484596597.7182126
2003-06-09,1.0,0.0,465459273.71191216
2003-06-10,1.0,0.0,485801968.8592703
2003-06-11,1.0,0.0,504065848.09068835
2003-06-12,1.0,0.0,505253739.4430028
2003-06-13,0.9,0.09999999999999998,473875594.58946073
2003-06-16,1.0,0.0,513782063.3168847
2003-06-17,1.0,0.0,511279882.7092617
2003-06-18,1.0,0.0,521435774.6146489
2003-06-19,0.9,0.09999999999999998,493715235.716565
2003-06-20,1.0,0.0,490486948.5387462
2003-06-23,0.9,0.09999999999999998,462755005.56336796
2003-06-24,1.0,0.0,453829674.543614
2003-06-25,1.0,0.0,449993268.6003295
2003-06-26,0.9,0.09999999999999998,479751158.8241548
2003-06-27,1.0,0.0,469611482.6928728
2003-06-30,1.0,0.0,465323020.0610578
2003-07-01,1.0,0.0,483511968.34417194
2003-07-02,0.9,0.09999999999999998,517176323.8173255
2003-07-03,1.0,0.0,500889162.2022042
2003-07-07,0.9,0.09999999999999998,562411801.0328575
2003-07-08,0.9,0.09999999999999998,581773992.5210422
2003-07-09,0.9,0.09999999999999998,577901549.5735319
2003-07-10,0.9,0.09999999999999998,545853773.6806424
2003-07-11,0.9,0.09999999999999998,559474072.9876364
2003-07-14,0.9,0.09999999999999998,577367400.9233847
2003-07-15,0.9,0.09999999999999998,575631476.1123334
2003-07-16,0.9,0.09999999999999998,572560227.4647576
2003-07-17,0.9,0.09999999999999998,529295731.34546256
2003-07-18,0.9,0.09999999999999998,533702296.180431
2003-07-21,0.9,0.09999999999999998,511802973.7901236
2003-07-22,0.9,0.09999999999999998,530363971.28842545
2003-07-23,0.9,0.09999999999999998,542515414.3724176
2003-07-24,0.9,0.09999999999999998,525556797.8256472
2003-07-25,1.0,0.0,553008246.3896636
2003-07-28,1.0,0.0,555683634.1195186
2003-07-29,1.0,0.0,548697865.7595657
2003-07-30,1.0,0.0,533983166.41806924
2003-07-31,1.0,0.0,550481457.5776533
2003-08-01,1.0,0.0,534131792.0665202
2003-08-04,1.0,0.0,537847612.8076386
2003-08-05,0.7000000000000001,0.29999999999999993,489840665.7805324
2003-08-06,1.0,0.0,477418032.9100716
2003-08-07,1.0,0.0,479671396.42439395
2003-08-08,0.7000000000000001,0.29999999999999993,467813384.65433884
2003-08-11,0.7000000000000001,0.29999999999999993,480638535.2045982
2003-08-12,1.0,0.0,495110503.9861754
2003-08-13,1.0,0.0,494670532.14818466
2003-08-14,1.0,0.0,508456005.83200645
2003-08-15,1.0,0.0,510362499.2335204
2003-08-18,1.0,0.0,548492530.5729396
2003-08-19,1.0,0.0,567410896.9677663
2003-08-20,1.0,0.0,567410887.3578256
2003-08-21,1.0,0.0,586915870.0615416
2003-08-22,1.0,0.0,573277031.2380201
2003-08-25,1.0,0.0,575916775.7962252
2003-08-26,1.0,0.0,578996501.8109127
2003-08-27,1.0,0.0,592048705.0984262
2003-08-28,1.0,0.0,610087147.0220237
2003-08-29,1.0,0.0,622112771.7653621
2003-09-02,1.0,0.0,649683699.8749597
2003-09-03,1.0,0.0,648363803.5578438
2003-09-04,1.0,0.0,666988861.7870378
2003-09-05,1.0,0.0,650270287.3257252
2003-09-08,1.0,0.0,685760545.2277578
2003-09-09,1.0,0.0,661562612.8086975
2003-09-10,1.0,0.0,606127361.8705648
2003-09-11,1.0,0.0,631205199.5074025
2003-09-12,1.0,0.0,640737704.9231503
2003-09-15,1.0,0.0,626658884.5990301
2003-09-16,1.0,0.0,675494682.7958736
2003-09-17,1.0,0.0,666548774.4368706
2003-09-18,1.0,0.0,700279202.6446186
2003-09-19,1.0,0.0,688400212.7332726
2003-09-22,1.0,0.0,649830161.4442544
2003-09-23,1.0,0.0,680774162.1752326
2003-09-24,0.8,0.19999999999999996,609231675.686669
2003-09-25,0.8,0.19999999999999996,593983164.898234
2003-09-26,0.8,0.19999999999999996,576271434.5493387
2003-09-29,0.8,0.19999999999999996,603484121.745794
2003-09-30,0.8,0.19999999999999996,568999038.7095993
2003-10-01,1.0,0.0,601609083.7919332
2003-10-02,0.8,0.0,603902578.5977206
2003-10-03,1.0,0.0,645149193.1318793
2003-10-06,1.0,0.0,653979735.735733
2003-10-07,1.0,0.0,669324630.3226168
2003-10-08,1.0,0.0,654558780.3140413
2003-10-09,0.8,0.0,675047608.2152929
2003-10-10,1.0,0.0,684016259.6967392
2003-10-13,1.0,0.0,698298044.805304
2003-10-14,1.0,0.0,706953675.8933929
2003-10-15,1.0,0.0,703491417.0399868
2003-10-16,1.0,0.0,716907647.7472037
2003-10-17,1.0,0.0,667426259.2355845
2003-10-20,1.0,0.0,689353855.8481191
2003-10-21,1.0,0.0,707963467.9571432
2003-10-22,1.0,0.0,656029649.3368223
2003-10-23,1.0,0.0,642757670.0523473
2003-10-24,1.0,0.0,632226642.063781
2003-10-27,1.0,0.0,641459306.3504381
2003-10-28,1.0,0.0,700894666.7115072
2003-10-29,1.0,0.0,700606140.9335736
2003-10-30,1.0,0.0,696855360.8864188
2003-10-31,1.0,0.0,695268489.7570207
2003-11-03,1.0,0.0,734507357.7010161
2003-11-04,1.0,0.0,713445306.3077544
2003-11-05,1.0,0.0,713589562.3112524
2003-11-06,1.0,0.0,729313962.5245318
2003-11-07,1.0,0.0,724120576.5295038
2003-11-10,1.0,0.0,690507844.2253109
2003-11-11,1.0,0.0,683150549.3109667
2003-11-12,1.0,0.0,732343407.4551679
2003-11-13,1.0,0.0,726572979.0801166
2003-11-14,1.0,0.0,677524372.3433833
2003-11-17,0.5,0.0,657451958.5876188
2003-11-18,0.5,0.0,636833864.1125007
2003-11-19,1.0,0.0,646270835.5211107
2003-11-20,0.5,0.0,624253804.5572484
2003-11-21,1.0,0.0,630780150.4727893
2003-11-24,0.8,0.0,694123480.3252808
2003-11-25,0.8,0.0,684726280.1183604
2003-11-26,0.8,0.0,694827415.6930113
2003-11-28,0.8,0.0,699709566.2535315
2003-12-01,1.0,0.0,726461730.741317
2003-12-02,1.0,0.0,703506556.1085023
2003-12-03,1.0,0.0,685429355.0871581
2003-12-04,1.0,0.0,703650016.5296849
2003-12-05,1.0,0.0,665917451.248441
2003-12-08,1.0,0.0,681699116.490968
2003-12-09,0.5,0.5,631599094.7299186
2003-12-10,0.5,0.5,635185424.5835112
2003-12-11,1.0,0.0,654164173.4725473
2003-12-12,1.0,0.0,654441239.4793247
2003-12-15,0.5,0.5,625726559.7854319
2003-12-16,0.5,0.5,630019224.4246355
2003-12-17,1.0,0.0,627559997.3146701
2003-12-18,1.0,0.0,669491731.503415
2003-12-19,1.0,0.0,662181240.0262613
2003-12-22,1.0,0.0,669767514.3039918
2003-12-23,1.0,0.0,692802371.9701843
2003-12-24,1.0,0.0,685629813.8912048
2003-12-26,1.0,0.0,686457372.3035082
2003-12-29,1.0,0.0,724113128.8901685
2003-12-30,1.0,0.0,723423440.8481927
2003-12-31,1.0,0.0,720250951.5107983
2004-01-02,1.0,0.0,713768039.4265552
2004-01-05,1.0,0.0,761906734.7805138
2004-01-06,1.0,0.0,768941317.4211308
2004-01-07,1.0,0.0,788803706.746044
2004-01-08,1.0,0.0,814321365.6836749
2004-01-09,1.0,0.0,797907269.432206
2004-01-12,1.0,0.0,828114622.0775816
2004-01-13,1.0,0.0,803838321.7227746
2004-01-14,1.0,0.0,818459241.6393456
2004-01-15,1.0,0.0,815010885.4703362
2004-01-16,1.0,0.0,849356282.3309233
2004-01-20,1.0,0.0,847976864.1051544
2004-01-21,1.0,0.0,837631837.6665384
2004-01-22,1.0,0.0,811148602.8154587
2004-01-23,1.0,0.0,812252049.0074977
2004-01-26,1.0,0.0,847838804.39724
2004-01-27,1.0,0.0,791286087.200556
2004-01-28,1.0,0.0,747974976.9038341
2004-01-29,1.0,0.0,755147492.9171919
2004-01-30,1.0,0.0,750043935.8643197
2004-02-02,1.0,0.0,742043735.1740224
2004-02-03,1.0,0.0,747836917.1280857
2004-02-04,1.0,0.0,703974073.200578
2004-02-05,1.0,0.0,707284453.8578056
2004-02-06,1.0,0.0,756388725.0475416
2004-02-09,1.0,0.0,744112588.7656487
2004-02-10,1.0,0.0,758043841.6179496
2004-02-11,1.0,0.0,779009698.1351918
2004-02-12,1.0,0.0,759009333.2998896
2004-02-13,1.0,0.0,733353698.8490437
2004-02-17,1.0,0.0,766043831.554939
2004-02-18,1.0,0.0,767285211.1154364
2004-02-19,1.0,0.0,732525971.9114046
2004-02-20,1.0,0.0,728525882.0706104
2004-02-23,1.0,0.0,701352937.965242
2004-02-24,1.0,0.0,698732182.1710118
2004-02-25,1.0,0.0,710456500.518522
2004-02-26,1.0,0.0,720387684.596722
2004-02-27,1.0,0.0,710318524.9162203
2004-03-01,1.0,0.0,737905142.6545122
2004-03-02,1.0,0.0,713628842.2304114
2004-03-03,0.5,0.5,702794152.1438425
2004-03-04,1.0,0.0,713334599.0609269
2004-03-05,0.5,0.5,700767838.2627815
2004-03-08,0.4,0.6,677919585.6816155
2004-03-09,0.4,0.6,675786875.9754134
2004-03-10,0.4,0.6,664562104.1562474
2004-03-11,0.30000000000000004,0.7,656090981.2564453
2004-03-12,0.4,0.6,668302190.2702843
2004-03-15,0.30000000000000004,0.7,650522972.5667031
2004-03-16,0.30000000000000004,0.7,653533807.9841119
2004-03-17,0.4,0.6,662641395.2669055
2004-03-18,0.30000000000000004,0.7,656352978.0559015
2004-03-19,0.30000000000000004,0.7,648300300.6453655
2004-03-22,0.0,1.0,641142310.7297401
2004-03-23,0.1,0.9,641078093.2576418
2004-03-24,0.0,1.0,642662298.1836094
2004-03-25,0.4,0.6,642405195.9508682
2004-03-26,0.30000000000000004,0.7,636623774.4421638
2004-03-29,0.4,0.6,647541556.8821623
2004-03-30,0.4,0.6,648949081.9482456
2004-03-31,0.4,0.6,645213712.8526993
2004-04-01,1.0,0.0,637641800.1167248
2004-04-02,1.0,0.0,686328288.8085822
2004-04-05,1.0,0.0,711258840.7969205
2004-04-06,1.0,0.0,690113466.3017861
2004-04-07,1.0,0.0,673928111.9934388
2004-04-08,1.0,0.0,678627053.2138953
2004-04-12,1.0,0.0,692854378.4313221
2004-04-13,1.0,0.0,660614221.9236323
2004-04-14,1.0,0.0,664268948.3573023
2004-04-15,1.0,0.0,642209885.917317
2004-04-16,1.0,0.0,628374014.8407607
2004-04-19,1.0,0.0,660091962.8046895
2004-04-20,0.30000000000000004,0.7,610325075.4125718
2004-04-21,1.0,0.0,615298238.6232909
2004-04-22,1.0,0.0,659242108.0100743
2004-04-23,1.0,0.0,674443602.0560039
2004-04-26,0.9,0.09999999999999998,651895180.8135841
2004-04-27,0.9,0.09999999999999998,650631340.5068712
2004-04-28,0.4,0.6,618844006.3640867
2004-04-29,0.30000000000000004,0.7,607696038.4342034
2004-04-30,0.0,1.0,596006240.1573659
2004-05-03,0.0,0.0,580520797.4795276
2004-05-04,0.1,0.0,580507596.5458634
2004-05-05,0.0,0.0,581265272.8214221
2004-05-06,0.0,0.0,581281119.0144795
2004-05-07,0.0,0.0,581296965.6439
2004-05-10,0.0,0.0,581344508.0991964
2004-05-11,0.4,0.0,581244084.383239
2004-05-12,0.1,0.0,577702536.2660577
2004-05-13,0.5,0.0,577862147.0054743
2004-05-14,0.0,0.0,567143009.5148546
2004-05-17,0.0,0.0,567189394.3805474
2004-05-18,0.0,0.0,567204856.8422233
2004-05-19,0.0,0.0,567220319.7252916
2004-05-20,0.4,0.0,567122335.8751148
2004-05-21,0.5,0.0,572602206.5337663
2004-05-24,0.5,0.0,576110846.864805
2004-05-25,1.0,0.0,596689570.3441453
2004-05-26,1.0,0.0,604273203.9850568
2004-05-27,1.0,0.0,615775053.3438066
2004-05-28,1.0,0.0,619566865.3203492
2004-06-01,1.0,0.0,622473889.8427447
2004-06-02,1.0,0.0,616786147.6583648
2004-06-03,1.0,0.0,592644873.3797792
2004-06-04,1.0,0.0,604652298.9550265
2004-06-07,1.0,0.0,650027735.7790451
2004-06-08,1.0,0.0,655841852.6353412
2004-06-09,1.0,0.0,620830689.5853876
2004-06-10,1.0,0.0,635618784.3762766
2004-06-14,1.0,0.0,606421718.7840158
2004-06-15,1.0,0.0,631953308.2836232
2004-06-16,1.0,0.0,632838056.972696
2004-06-17,1.0,0.0,612362210.2925508
2004-06-18,1.0,0.0,612994170.8694406
2004-06-21,1.0,0.0,598458825.3895863
2004-06-22,1.0,0.0,625127961.3835174
2004-06-23,1.0,0.0,648763640.0463454
2004-06-24,1.0,0.0,641811957.2931805
2004-06-25,1.0,0.0,654704141.242697
2004-06-28,1.0,0.0,647626045.0197378
2004-06-29,1.0,0.0,663930868.4633805
2004-06-30,1.0,0.0,678339781.0748372
2004-07-01,1.0,0.0,641811889.3452213
2004-07-02,1.0,0.0,630941990.8683094
2004-07-06,0.4,0.0,585264388.2561256
2004-07-07,0.5,0.0,588480432.2524008
2004-07-08,0.4,0.0,575432291.9718293
2004-07-09,0.4,0.0,579697707.4243839
2004-07-12,0.4,0.0,575836178.0135996
2004-07-13,0.4,0.0,574155877.5521781
2004-07-14,0.4,0.0,568065742.6234049
2004-07-15,0.0,0.0,567863711.9155185
2004-07-16,0.0,0.0,567883192.7369488
2004-07-19,0.4,0.0,567828050.916106
2004-07-20,0.4,0.0,579626947.6994994
2004-07-21,0.0,0.0,562119892.588191
2004-07-22,0.4,0.0,562026748.5419208
2004-07-23,0.0,0.0,546069120.6304581
2004-07-26,0.0,0.0,546125322.0374557
2004-07-27,0.0,0.0,546144057.1217064
2004-07-28,0.0,0.0,546162792.8461723
2004-07-29,0.0,0.0,546181529.2101858
2004-07-30,0.0,0.0,546200266.225167
2004-08-02,0.0,0.0,546256481.1171871
2004-08-03,0.0,0.0,546275220.7012651
2004-08-04,0.0,0.0,546296471.5487539
2004-08-05,0.0,0.0,546317723.2185179
2004-08-06,0.0,0.0,546338975.7219777
2004-08-09,0.0,0.0,546402738.1795641
2004-08-10,0.0,0.0,546423993.9881068
2004-08-11,0.0,0.0,546445250.6257837
2004-08-12,0.0,0.0,546466508.0857358
2004-08-13,0.0,0.0,546487766.3793837
2004-08-16,0.0,0.0,546551546.2082103
2004-08-17,0.0,0.0,546572807.8033596
2004-08-18,0.0,0.0,546594070.2312248
2004-08-19,0.0,0.0,546615333.4813653
2004-08-20,0.0,0.0,546636597.5652016
2004-08-23,0.0,0.0,546700394.7652696
2004-08-24,0.0,0.0,546721662.1508327
2004-08-25,1.0,0.0,546469558.9037019
2004-08-26,0.0,0.0,540063714.3992467
2004-08-27,1.0,0.0,539814681.2522484
2004-08-30,0.0,0.0,515405971.75145715
2004-08-31,0.0,0.0,515426021.7464587
2004-09-01,1.0,0.0,515188349.47758806
2004-09-02,1.0,0.0,538017865.8354695
2004-09-03,0.0,1.0,506763150.8495035
2004-09-07,1.0,0.0,506255973.4711872
2004-09-08,1.0,0.0,500580806.9682086
2004-09-09,1.0,0.0,516574304.8449938
2004-09-10,1.0,0.0,540435591.5719333
2004-09-13,1.0,0.0,556815949.6152653
2004-09-14,1.0,0.0,564941658.6228471
2004-09-15,1.0,0.0,542241112.9396212
2004-09-16,1.0,0.0,545207616.1353899
2004-09-17,1.0,0.0,554623126.5848092
2004-09-20,1.0,0.0,552688303.952058
2004-09-21,1.0,0.0,565586278.3074565
2004-09-22,1.0,0.0,527924035.7661554
2004-09-23,1.0,0.0,529600737.48832005
2004-09-24,1.0,0.0,521861888.6123397
2004-09-27,1.0,0.0,506642110.9637932
2004-09-28,1.0,0.0,511156375.8630693
2004-09-29,1.0,0.0,534372761.8039639
2004-09-30,1.0,0.0,536307423.79415053
2004-10-01,1.0,0.0,582095335.1275796
2004-10-04,1.0,0.0,589189122.5208849
2004-10-05,1.0,0.0,592413585.9465357
2004-10-06,1.0,0.0,607633202.8667034
2004-10-07,1.0,0.0,584545716.6781389
2004-10-08,1.0,0.0,554493302.6490198
2004-10-11,1.0,0.0,562231990.7012018
2004-10-12,0.6000000000000001,0.3999999999999999,558654661.1045587
2004-10-13,1.0,0.0,557967297.4236268
2004-10-14,1.0,0.0,547012254.8917525
2004-10-15,1.0,0.0,553585252.1225561
2004-10-18,1.0,0.0,584001503.3684728
2004-10-19,1.0,0.0,567633389.725991
2004-10-20,1.0,0.0,577428453.0829011
2004-10-21,1.0,0.0,604236025.6211923
2004-10-22,0.6000000000000001,0.3999999999999999,558903319.4350922
2004-10-25,0.6000000000000001,0.3999999999999999,554883735.2193136
2004-10-26,0.6000000000000001,0.3999999999999999,561454102.9171695
2004-10-27,1.0,0.0,587743989.842589
2004-10-28,1.0,0.0,596097198.444681
2004-10-29,1.0,0.0,595473803.5527123
2004-11-01,1.0,0.0,597842570.5156007
2004-11-02,1.0,0.0,604949028.6240102
2004-11-03,1.0,0.0,616045088.2828405
2004-11-04,1.0,0.0,631006074.4435867
2004-11-05,1.0,0.0,642102134.0989611
2004-11-08,1.0,0.0,644346225.9770607
2004-11-09,1.0,0.0,644096856.2115997
2004-11-10,1.0,0.0,631379981.5939463
2004-11-11,1.0,0.0,662050023.8541777
2004-11-12,1.0,0.0,683369437.4748323
2004-11-15,1.0,0.0,687109629.8986807
2004-11-16,1.0,0.0,670527828.7670081
2004-11-17,1.0,0.0,699826445.4833118
2004-11-18,1.0,0.0,712543280.746769
2004-11-19,1.0,0.0,673519970.8790717
2004-11-22,1.0,0.0,694465319.960231
2004-11-23,1.0,0.0,686735447.2602757
2004-11-24,1.0,0.0,712792512.703346
2004-11-26,1.0,0.0,706808070.9811331
2004-11-29,1.0,0.0,709675537.9927684
2004-11-30,1.0,0.0,697457363.534527
2004-12-01,1.0,0.0,744833862.25977
2004-12-02,1.0,0.0,752937720.7043202
2004-12-03,1.0,0.0,754558476.6248972
2004-12-06,1.0,0.0,761789570.2978213
2004-12-07,1.0,0.0,718901333.8953123
2004-12-08,1.0,0.0,735857120.7732962
2004-12-09,1.0,0.0,746454480.1758103
2004-12-10,1.0,0.0,739846682.8829514
2004-12-13,1.0,0.0,761789432.2430264
2004-12-14,1.0,0.0,770391990.8607984
2004-12-15,1.0,0.0,764781593.9473076
2004-12-16,1.0,0.0,742589415.5809661
2004-12-17,1.0,0.0,727129689.8321404
2004-12-20,1.0,0.0,720646528.0967398
2004-12-21,1.0,0.0,743960742.4259171
2004-12-22,1.0,0.0,749695774.9142058
2004-12-23,1.0,0.0,749820430.2180504
2004-12-27,1.0,0.0,740968422.7782251
2004-12-28,1.0,0.0,763783936.9012349
2004-12-29,1.0,0.0,764656642.4856924
2004-12-30,1.0,0.0,762661821.952807
2004-12-31,1.0,0.0,758796875.6906153
2005-01-03,1.0,0.0,733861806.703624
2005-01-04,1.0,0.0,690100844.9130011
2005-01-05,1.0,0.0,679378770.9743698
2005-01-06,1.0,0.0,671025522.955589
2005-01-07,1.0,0.0,680251456.7742245
2005-01-10,1.0,0.0,680251397.4516747
2005-01-11,1.0,0.0,665041021.7564496
2005-01-12,1.0,0.0,680750058.0886362
2005-01-13,0.5,0.5,653243979.7563099
2005-01-14,1.0,0.0,662950215.3294381
2005-01-18,1.0,0.0,678534958.6387495
2005-01-19,0.5,0.5,642012551.1225108
2005-01-20,0.4,0.6,622458192.0687753
2005-01-21,0.4,0.6,617041749.6362503
2005-01-24,0.4,0.6,605803890.6724583
2005-01-25,0.4,0.6,610410388.5244052
2005-01-26,0.4,0.6,619117180.4250091
2005-01-27,0.4,0.6,618357861.3719801
2005-01-28,0.4,0.6,614358803.810398
2005-01-31,0.4,0.6,624027382.3947085
2005-02-01,0.4,0.6,628744007.8244379
2005-02-02,0.4,0.6,629351453.4512167
2005-02-03,0.4,0.6,620998996.9612164
2005-02-04,0.4,0.6,633755461.6868589
2005-02-07,0.4,0.6,630971294.4539655
2005-02-08,0.4,0.6,632692399.8842721
2005-02-09,0.4,0.6,619632198.3711764
2005-02-10,0.4,0.6,619632192.7178878
2005-02-11,0.4,0.6,631021892.7562152
2005-02-14,0.4,0.6,634818444.3549553
2005-02-15,0.4,0.6,639475562.8038927
2005-02-16,0.4,0.6,636944511.4375758
2005-02-17,0.4,0.6,625149832.7743102
2005-02-18,0.4,0.6,623175611.4628419
2005-02-22,0.4,0.6,612697059.5873172
2005-02-23,0.4,0.6,614114439.5233804
2005-02-24,0.4,0.6,623884270.2997994
2005-02-25,0.4,0.6,628389526.0000927
2005-02-28,0.4,0.6,620442025.481757
2005-03-01,0.4,0.6,619681226.422334
2005-03-02,0.4,0.6,618668802.4731297
2005-03-03,0.4,0.6,611936215.0396327
2005-03-04,0.4,0.6,616087124.1558316
2005-03-07,1.0,0.0,627716546.6139147
2005-03-08,0.4,0.6,606961166.0234189
2005-03-09,0.4,0.6,603739626.7678297
2005-03-10,0.4,0.6,604813419.2811711
2005-03-11,0.4,0.6,595832230.5931613
2005-03-14,0.4,0.6,600127441.0361903
2005-03-15,0.4,0.6,593977266.4536359
2005-03-16,0.30000000000000004,0.7,586560415.3750156
2005-03-17,0.30000000000000004,0.7,587023520.8817731
2005-03-18,0.30000000000000004,0.7,585827146.5479723
2005-03-21,0.30000000000000004,0.7,585788538.5496317
2005-03-22,0.0,1.0,578712187.2511547
2005-03-23,0.0,1.0,578712168.591938
2005-03-24,0.0,1.0,578712149.9306546
2005-03-28,0.0,1.0,578712075.2648234
2005-03-29,0.0,1.0,578712056.5931906
2005-03-30,0.30000000000000004,0.7,578538340.0939914
2005-03-31,0.1,0.9,575136325.9959306
2005-04-01,0.0,0.0,581708005.6411355
2005-04-04,0.1,0.0,581803046.7215655
2005-04-05,0.1,0.0,582651296.7835131
2005-04-06,0.1,0.0,582311435.5519031
2005-04-07,0.30000000000000004,0.0,584543552.0231051
2005-04-08,0.1,0.0,579505177.1641588
2005-04-11,0.1,0.0,578776889.3655254
2005-04-12,0.30000000000000004,0.0,579963656.966161
2005-04-13,0.0,0.0,570232322.1191843
2005-04-14,0.0,0.0,570275314.3923634
2005-04-15,0.0,0.0,570318309.9049927
2005-04-18,0.0,0.0,570447315.920137
2005-04-19,0.0,0.0,570490324.400034
2005-04-20,0.0,0.0,570533336.1310612
2005-04-21,0.0,0.0,570576351.1012374
2005-04-22,0.0,0.0,570619369.3105627
2005-04-25,0.0,0.0,570748443.3869462
2005-04-26,0.0,0.0,570791474.572799
2005-04-27,0.0,0.0,570834509.0005198
2005-04-28,0.0,0.0,570877546.6787152
2005-04-29,0.0,0.0,570920587.5960598
2005-05-02,0.0,1.0,570764204.9707012
2005-05-03,0.0,1.0,570764172.1097536
2005-05-04,0.0,1.0,570764137.6710714
2005-05-05,0.0,1.0,570764103.2282343
2005-05-06,0.0,1.0,570764068.781242
2005-05-09,1.0,0.0,570193058.5677075
2005-05-10,0.0,1.0,554204637.2274076
2005-05-11,1.0,0.0,553650088.1617918
2005-05-12,1.0,0.0,547997555.3221141
2005-05-13,1.0,0.0,565743602.5292311
2005-05-16,1.0,0.0,577705597.263836
2005-05-17,1.0,0.0,588616104.1979387
2005-05-18,1.0,0.0,611094448.4544641
2005-05-19,1.0,0.0,625685630.8866739
2005-05-20,1.0,0.0,633704178.4639417
2005-05-23,1.0,0.0,642379855.6056281
2005-05-24,1.0,0.0,648820970.7873507
2005-05-25,1.0,0.0,638961951.5407575
2005-05-26,1.0,0.0,658942694.4908799
2005-05-27,1.0,0.0,660125701.7708737
2005-05-31,1.0,0.0,650660839.5408044
2005-06-01,1.0,0.0,671824656.7148782
2005-06-02,1.0,0.0,683786785.0952489
2005-06-03,1.0,0.0,651580807.2965635
2005-06-06,1.0,0.0,652369322.2826095
2005-06-07,1.0,0.0,634228783.0238765
2005-06-08,1.0,0.0,629759324.2385446
2005-06-09,1.0,0.0,644087601.1071715
2005-06-10,0.6000000000000001,0.3999999999999999,620440400.1192005
2005-06-13,1.0,0.0,626023430.5151962
2005-06-14,0.6000000000000001,0.3999999999999999,619773498.519344
2005-06-15,0.6000000000000001,0.3999999999999999,623373089.3394003
2005-06-16,1.0,0.0,628837616.2117417
2005-06-17,0.6000000000000001,0.3999999999999999,629231149.583315
2005-06-20,0.6000000000000001,0.3999999999999999,628534212.9115022
2005-06-21,0.6000000000000001,0.3999999999999999,627759910.3397222
2005-06-22,0.6000000000000001,0.3999999999999999,626133908.6578876
2005-06-23,0.6000000000000001,0.3999999999999999,612506692.2922522
2005-06-24,0.6000000000000001,0.3999999999999999,601124864.4759382
2005-06-27,0.6000000000000001,0.3999999999999999,596479140.9601175
2005-06-28,0.6000000000000001,0.3999999999999999,606699499.5529906
2005-06-29,0.6000000000000001,0.3999999999999999,603370099.6323787
2005-06-30,0.6000000000000001,0.3999999999999999,595782204.176405
2005-07-01,0.6000000000000001,0.3999999999999999,590820716.8499925
2005-07-05,0.6000000000000001,0.3999999999999999,601582973.6519603
2005-07-06,0.6000000000000001,0.3999999999999999,595621047.7404469
2005-07-07,0.6000000000000001,0.3999999999999999,599492375.1433315
2005-07-08,0.6000000000000001,0.3999999999999999,620010548.7112536
2005-07-11,1.0,0.0,630059395.227568
2005-07-12,1.0,0.0,639524219.8250073
2005-07-13,1.0,0.0,641954353.9203287
2005-07-14,1.0,0.0,661267745.2069964
2005-07-15,1.0,0.0,666639658.9570687
2005-07-18,1.0,0.0,656535190.1447431
2005-07-19,1.0,0.0,681987947.6640682
2005-07-20,1.0,0.0,697464235.0184392
2005-07-21,1.0,0.0,696057265.173379
2005-07-22,1.3,0.0,694290453.8350229
2005-07-25,1.3,0.0,681578449.7482524
2005-07-26,1.3,0.0,690361271.3120905
2005-07-27,1.3,0.0,711942632.7224095
2005-07-28,1.3,0.0,723052455.37663
2005-07-29,1.3,0.0,699423371.5892229
2005-08-01,1.3,0.0,707488152.3094547
2005-08-02,1.3,0.0,735884302.1359978
2005-08-03,1.3,0.0,736356354.2522423
2005-08-04,1.3,0.0,703751648.3958528
2005-08-05,1.3,0.0,691258935.6570216
2005-08-08,1.3,0.0,671233336.0563185
2005-08-09,1.3,0.0,689490356.4831014
2005-08-10,1.3,0.0,663201794.480743
2005-08-11,1.3,0.0,687608757.4704609
2005-08-12,1.3,0.0,672290368.5977614
2005-08-15,1.3,0.0,687502245.3799165
2005-08-16,1.3,0.0,642431385.2951484
2005-08-17,1.3,0.0,655535718.3219823
2005-08-18,1.3,0.0,644538895.1166761
2005-08-19,1.3,0.0,640855521.7916977
2005-08-22,1.3,0.0,643434998.9116102
2005-08-23,1.3,0.0,636094885.3662927
2005-08-24,1.3,0.0,620776455.7605851
2005-08-25,1.3,0.0,627065952.8882146
2005-08-26,1.3,0.0,615404243.1250962
2005-08-29,1.3,0.0,635103778.1604885
2005-08-30,1.3,0.0,625436632.9682912
2005-08-31,1.3,0.0,650674602.279489
2005-09-01,1.3,0.0,643002028.4531031
2005-09-02,1.3,0.0,635994310.6146562
2005-09-06,1.3,0.0,674615558.9557071
2005-09-07,1.3,0.0,678411789.1725758
2005-09-08,1.3,0.0,674562133.0168734
2005-09-09,1.3,0.0,690990684.810744
2005-09-12,1.3,0.0,697891533.7403117
2005-09-13,1.3,0.0,689387844.8412046
2005-09-14,1.3,0.0,659276222.4056346
2005-09-15,1.3,0.0,657088690.886312
2005-09-16,1.3,0.0,674514507.924893
2005-09-19,1.3,0.0,651829042.5273591
2005-09-20,1.3,0.0,638671314.0574322
2005-09-21,1.3,0.0,612050179.5587554
2005-09-22,1.3,0.0,620334159.5539315
2005-09-23,1.3,0.0,626955987.6677215
2005-09-26,1.3,0.0,628371603.5113624
2005-09-27,1.3,0.0,621530015.3617772
2005-09-28,1.3,0.0,621170802.839385
2005-09-29,1.3,0.0,654386986.0305381
2005-09-30,1.3,0.0,673142474.1060812
2005-10-03,1.3,0.0,679212034.009508
2005-10-04,1.3,0.0,662231316.290304
2005-10-05,1.3,0.0,622479161.0954053
2005-10-06,1.3,0.0,592533678.4673843
2005-10-07,1.3,0.0,596828450.9380618
2005-10-10,1.3,0.0,582453512.9164491
2005-10-11,1.3,0.0,570293001.8505466
2005-10-12,1.3,0.0,542508291.7337055
2005-10-13,1.3,0.0,560931305.7083409
2005-10-14,1.3,0.0,576362449.0151896
2005-10-17,1.3,0.0,584426443.5713598
2005-10-18,1.3,0.0,566448388.9192977
2005-10-19,1.3,0.0,613460336.0849746
2005-10-20,1.3,0.0,590994473.7169701
2005-10-21,1.3,0.0,605428303.9960968
2005-10-24,1.3,0.0,644906832.8125418
2005-10-25,1.3,0.0,636735430.1858351
2005-10-26,1.3,0.0,619255992.6940992
2005-10-27,1.3,0.0,568699797.193275
2005-10-28,1.3,0.0,589283552.8511182
2005-10-31,1.3,0.0,622944490.1002934
2005-11-01,1.3,0.0,618429790.1327137
2005-11-02,1.3,0.0,650814782.8070298
2005-11-03,1.3,0.0,687022713.538323
2005-11-04,1.3,0.0,700459206.7808441
2005-11-07,1.3,0.0,702206821.3947462
2005-11-08,1.3,0.0,700351534.9819508
2005-11-09,1.3,0.0,702984046.0121441
2005-11-10,1.3,0.0,737696019.1131502
2005-11-11,1.3,0.0,741325812.3644159
2005-11-14,1.3,0.0,738419339.2127678
2005-11-15,1.3,0.0,725760063.7135292
2005-11-16,1.3,0.0,737534367.3132031
2005-11-17,1.3,0.0,780224629.0505216
2005-11-18,1.3,0.0,785848976.4373428
2005-11-21,1.3,0.0,796738263.4904253
2005-11-22,1.3,0.0,810507124.6467489
2005-11-23,1.3,0.0,814801736.0786484
2005-11-25,1.3,0.0,822061229.8542104
2005-11-28,1.3,0.0,791230518.0968473
2005-11-29,1.3,0.0,777407690.5608661
2005-11-30,1.3,0.0,769402379.2359498
2005-12-01,1.3,0.0,824724921.238397
2005-12-02,1.3,0.0,833174872.9018824
2005-12-05,1.3,0.0,806665674.9325007
2005-12-06,1.3,0.0,818107480.0790532
2005-12-07,1.3,0.0,809935929.8183961
2005-12-08,1.3,0.0,788799618.0364194
2005-12-09,1.3,0.0,800740057.3955064
2005-12-12,1.3,0.0,810631838.6511873
2005-12-13,1.3,0.0,823569553.3151606
2005-12-14,1.3,0.0,810743963.224
2005-12-15,1.3,0.0,816035788.0270312
2005-12-16,1.3,0.0,791907581.4365696
2005-12-19,1.3,0.0,748111894.6930587
2005-12-20,1.3,0.0,748749686.5388138
2005-12-21,1.3,0.0,758030646.988108
2005-12-22,1.3,0.0,779777717.525141
2005-12-23,1.3,0.0,778587135.7047763
2005-12-27,1.3,0.0,752216843.7882997
2005-12-28,1.3,0.0,749696525.9362454
2005-12-29,1.3,0.0,728892571.4445853
2005-12-30,1.3,0.0,711080480.7491289
2006-01-03,1.3,0.0,769147234.5211484
2006-01-04,1.3,0.0,796545564.9829044
2006-01-05,1.3,0.0,812973712.0769354
2006-01-06,1.3,0.0,866135336.9372046
2006-01-09,1.3,0.0,878353836.1970973
2006-01-10,1.3,0.0,881817207.9297636
2006-01-11,1.3,0.0,908218225.1123359
2006-01-12,1.3,0.0,886915577.7021374
2006-01-13,1.3,0.0,885226278.7977991
2006-01-17,1.3,0.0,865005645.9637423
2006-01-18,1.3,0.0,827746352.4668999
2006-01-19,1.3,0.0,851487904.415665
2006-01-20,1.3,0.0,752064251.1583097
2006-01-23,1.3,0.0,751484061.8708103
2006-01-24,1.3,0.0,768078358.0778942
2006-01-25,1.3,0.0,751762111.0835546
2006-01-26,1.3,0.0,774506349.706852
2006-01-27,1.3,0.0,810215342.9435065
2006-01-30,1.3,0.0,813956666.9267607
2006-01-31,1.3,0.0,808776793.8981535
2006-02-01,1.3,0.0,812240089.4545827
2006-02-02,1.3,0.0,762847060.147072
2006-02-03,1.3,0.0,726086355.7555107
2006-02-06,1.3,0.0,713704766.7441466
2006-02-07,1.3,0.0,703704638.8683416
2006-02-08,1.3,0.0,734427145.0760124
2006-02-09,1.3,0.0,706143377.071796
2006-02-10,1.3,0.0,721906540.0933347
2006-02-13,1.3,0.0,691075030.1621661
2006-02-14,1.3,0.0,717309714.6655767
2006-02-15,1.3,0.0,736563372.1149627
2006-02-16,1.3,0.0,762465619.9768546
2006-02-17,1.3,0.0,738835839.9113374
2006-02-21,1.3,0.0,704818889.2633493
2006-02-22,1.3,0.0,741192651.6439768
2006-02-23,1.3,0.0,731691112.732019
2006-02-24,1.3,0.0,738478625.3641999
2006-02-27,1.3,0.0,770642396.5403554
2006-02-28,1.3,0.0,726401937.1810781
2006-03-01,1.3,0.0,766598616.6985867
2006-03-02,1.3,0.0,764742936.4050462
2006-03-03,1.3,0.0,747761701.5396421
2006-03-06,1.3,0.0,722747492.2128705
2006-03-07,1.3,0.0,707262177.0455858
2006-03-08,1.3,0.0,705738905.5569048
2006-03-09,1.3,0.0,679948262.8999976
2006-03-10,1.3,0.0,684574933.7894685
2006-03-13,1.3,0.0,693136050.442944
2006-03-14,1.3,0.0,737820485.558812
2006-03-15,1.3,0.0,759899697.9753718
2006-03-16,1.3,0.0,732779312.1468678
2006-03-17,1.3,0.0,743555907.9837524
2006-03-20,1.3,0.0,748792654.4830929
2006-03-21,1.3,0.0,720010102.7451599
2006-03-22,1.3,0.0,725966450.5743885
2006-03-23,1.3,0.0,716132384.4342407
2006-03-24,1.3,0.0,730898112.1837152
2006-03-27,1.3,0.0,731646984.5334934
2006-03-28,1.3,0.0,718322389.1496183
2006-03-29,1.3,0.0,769655365.8182683
2006-03-30,1.3,0.0,777606263.8861675
2006-03-31,1.3,0.0,768270814.3567082
2006-04-03,1.3,0.0,773174984.5437726
2006-04-04,1.3,0.0,789602822.3477626
2006-04-05,1.3,0.0,817665695.957696
2006-04-06,1.3,0.0,828608436.8147581
2006-04-07,1.3,0.0,798994751.4691972
2006-04-10,1.3,0.0,791100305.0179745
2006-04-11,1.3,0.0,765309547.1685107
2006-04-12,1.3,0.0,765448301.9774771
2006-04-13,1.3,0.0,777554522.2831389
2006-04-17,1.3,0.0,746030027.0268233
2006-04-18,1.3,0.0,800521015.857663
2006-04-19,1.3,0.0,813125859.7032654
2006-04-20,1.3,0.0,803457910.527852
2006-04-21,1.3,0.0,767860441.6934965
2006-04-24,1.3,0.0,762791500.6332092
2006-04-25,1.3,0.0,753788393.3306516
2006-04-26,1.3,0.0,754591958.5059333
2006-04-27,1.3,0.0,779829102.7085295
2006-04-28,1.3,0.0,750713988.3850062
2006-05-01,1.3,0.0,726031621.7562857
2006-05-02,1.3,0.0,731156751.9213345
2006-05-03,1.3,0.0,724979268.9720045
2006-05-04,1.3,0.0,749219099.5445569
2006-05-05,1.3,0.0,770633274.2069046
2006-05-08,1.3,0.0,772545209.4540608
2006-05-09,1.3,0.0,765037986.6723502
2006-05-10,1.3,0.0,736421474.7907969
2006-05-11,1.3,0.0,673066056.3419812
2006-05-12,1.3,0.0,637800943.5512562
2006-05-15,0.0,0.0,635962083.9296994
2006-05-16,0.0,0.0,636017981.1851145
2006-05-17,0.0,0.0,636102008.3176657
2006-05-18,0.0,0.0,636186046.5495036
2006-05-19,0.0,0.0,636270095.8914776
2006-05-22,0.0,0.0,636522310.5660682
2006-05-23,0.0,0.0,636606404.3284112
2006-05-24,0.0,0.0,636690509.21022
2006-05-25,0.0,0.0,636774625.1913153
2006-05-26,0.0,0.0,636858752.2933965
2006-05-30,0.0,0.0,637195371.8433579
2006-05-31,0.0,0.0,637279554.5315604
2006-06-01,0.0,0.0,637363748.3378569
2006-06-02,0.0,0.0,637447953.2651396
2006-06-05,0.0,0.0,637703131.5553181
2006-06-06,0.0,0.0,637788213.6814412
2006-06-07,0.0,0.0,637873307.1483841
2006-06-08,0.0,0.0,637958411.9858572
2006-06-09,0.0,0.0,638043528.172161
2006-06-12,0.0,0.0,638298944.8521335
2006-06-13,0.0,0.0,638384106.4704555
2006-06-14,0.0,0.0,638469279.4443097
2006-06-15,0.0,0.0,638554463.7886941
2006-06-16,0.0,0.0,638639659.5036087
2006-06-19,0.0,0.0,638895314.8338022
2006-06-20,0.0,0.0,638980556.0166662
2006-06-21,0.0,0.0,639065808.5842316
2006-06-22,0.0,0.0,639151072.5114775
2006-06-23,0.0,0.0,639236347.820103
2006-06-26,0.0,0.0,639492242.0283989
2006-06-27,0.0,0.0,639577562.8553816
2006-06-28,0.0,0.0,639662895.0600579
2006-06-29,0.0,0.0,639748238.6569638
2006-06-30,0.0,0.0,639833593.6352495
2006-07-03,1.0,0.0,639769682.0535092
2006-07-05,0.0,0.0,600098613.9152259
2006-07-06,0.0,0.0,600178678.8588783
2006-07-07,0.0,0.0,600262665.7977995
2006-07-10,0.0,0.0,600514697.1295317
2006-07-11,0.0,0.0,600598731.089997
2006-07-12,0.0,0.0,600682776.8003677
2006-07-13,0.0,0.0,600766834.2823714
2006-07-14,0.0,0.0,600850903.5251689
2006-07-17,0.0,0.0,601103181.8681338
2006-07-18,0.0,0.0,601187298.1765182
2006-07-19,0.0,0.0,601271426.2558051
2006-07-20,0.0,0.0,601355566.1067252
2006-07-21,0.0,0.0,601439717.740118
2006-07-24,0.0,0.0,601692243.289456
2006-07-25,0.0,0.0,601776442.028872
2006-07-26,0.0,0.0,601860652.5529499
2006-07-27,0.0,0.0,601944874.8595003
2006-07-28,0.0,0.0,602029108.9593627
2006-07-31,0.0,0.0,602281881.975254
2006-08-01,0.0,0.0,602366163.2288156
2006-08-02,0.0,0.0,602450456.2735597
2006-08-03,0.0,0.0,602534917.9691699
2006-08-04,0.0,0.0,602619391.5014498
2006-08-07,0.0,0.0,602872883.1762464
2006-08-08,0.0,0.0,602957404.0947983
2006-08-09,0.0,0.0,603041936.853785
2006-08-10,0.0,0.0,603126481.4819599
2006-08-11,0.0,0.0,603211037.9468046
2006-08-14,0.0,0.0,603464778.4866999
2006-08-15,1.0,0.0,603247607.694386
2006-08-16,1.0,0.0,645043348.4149283
2006-08-17,1.0,0.0,649268140.0723019
2006-08-18,1.0,0.0,652436720.3008329
2006-08-21,1.0,0.0,633122977.9194888
2006-08-22,1.0,0.0,635537121.3813483
2006-08-23,1.0,0.0,619693896.0163673
2006-08-24,1.0,0.0,625125786.3707995
2006-08-25,1.0,0.0,627841704.4948168
2006-08-28,1.0,0.0,642779389.3606076
2006-08-29,1.0,0.0,646551518.8650615
2006-08-30,1.0,0.0,656510029.5292789
2006-08-31,1.0,0.0,653492228.4625157
2006-09-01,1.0,0.0,665110499.9089104
2006-09-05,1.0,0.0,682764102.5886209
2006-09-06,1.0,0.0,642175352.4101758
2006-09-07,0.2,0.0,632567003.1376964
2006-09-08,1.0,0.0,634707459.2373353
2006-09-11,1.0,0.0,645406400.28306
2006-09-12,1.0,0.0,684190508.8457386
2006-09-13,1.0,0.0,694295147.2943245
2006-09-14,1.0,0.0,696524076.327457
2006-09-15,1.0,0.0,704399740.3992509
2006-09-18,1.0,0.0,703805211.1810977
2006-09-19,1.0,0.0,689093935.0333319
2006-09-20,1.0,0.0,719705137.5423421
2006-09-21,1.0,0.0,705588254.5411539
2006-09-22,1.0,0.0,688945200.5898652
2006-09-25,1.0,0.0,724311457.5516758
2006-09-26,1.0,0.0,735604882.2203426
2006-09-27,1.0,0.0,730552494.9033762
2006-09-28,1.0,0.0,737982363.997463
2006-09-29,1.0,0.0,727580438.1988677
2006-10-02,1.0,0.0,699198028.2776577
2006-10-03,1.0,0.0,708411076.8195211
2006-10-04,1.0,0.0,761014826.2389804
2006-10-05,1.0,0.0,771862455.9623125
2006-10-06,1.0,0.0,765175487.3743616
2006-10-09,1.0,0.0,773348256.795506
2006-10-10,1.0,0.0,775874382.1986525
2006-10-11,1.0,0.0,772753772.5468748
2006-10-12,1.3,0.0,809633365.4626012
2006-10-13,1.3,0.0,825039231.4279696
2006-10-16,1.3,0.0,825101804.490012
2006-10-17,1.0,0.0,790948038.4537672
2006-10-18,1.0,0.0,778246001.8012978
2006-10-19,1.3,0.0,785513088.609725
2006-10-20,1.3,0.0,790654277.0662636
2006-10-23,1.3,0.0,819516219.9283658
2006-10-24,1.3,0.0,796820645.1848588
2006-10-25,1.3,0.0,819623722.993067
2006-10-26,1.3,0.0,850873801.8693478
2006-10-27,1.3,0.0,800725426.4045148
2006-10-30,1.3,0.0,818644494.7835544
2006-10-31,1.3,0.0,826857239.581044
2006-11-01,1.3,0.0,780356398.196653
2006-11-02,0.6000000000000001,0.0,784070555.1286764
2006-11-03,0.6000000000000001,0.0,778980924.926424
2006-11-06,1.3,0.0,801759752.1717242
2006-11-07,1.3,0.0,817966679.9677564
2006-11-08,1.3,0.0,832473014.4255776
2006-11-09,1.3,0.0,814101352.4701265
2006-11-10,1.3,0.0,833520474.4003634
2006-11-13,1.3,0.0,864190515.9933678
2006-11-14,1.3,0.0,900426509.2986829
2006-11-15,1.3,0.0,912665342.2094834
2006-11-16,1.3,0.0,927738476.7635531
2006-11-17,1.3,0.0,924672023.6190339
2006-11-20,1.3,0.0,930211026.5266956
2006-11-21,1.3,0.0,939426549.7260004
2006-11-22,1.3,0.0,959979302.671277
2006-11-24,1.3,0.0,951011986.4742827
2006-11-27,1.3,0.0,870765729.9680414
2006-11-28,1.3,0.0,879792245.0326781
2006-11-29,1.3,0.0,902990299.2039249
2006-11-30,1.3,0.0,899545837.5475783
2006-12-01,1.3,0.0,868136182.3560959
2006-12-04,1.3,0.0,913922053.1752969
2006-12-05,1.3,0.0,923326421.9114227
2006-12-06,1.3,0.0,911756893.5523021
2006-12-07,1.3,0.0,869387862.2793872
2006-12-08,1.3,0.0,885216642.3197948
2006-12-11,1.3,0.0,894912144.2773905
2006-12-12,1.3,0.0,875784411.039598
2006-12-13,1.3,0.0,877819513.3358124
2006-12-14,1.3,0.0,916133767.806428
2006-12-15,1.3,0.0,925349104.9743378
2006-12-18,1.3,0.0,890640263.7131801
2006-12-19,1.3,0.0,878881680.4576272
2006-12-20,1.3,0.0,864666687.9735601
2006-12-21,1.3,0.0,842326667.5189188
2006-12-22,1.3,0.0,809216263.6799991
2006-12-26,1.3,0.0,817356315.2950026
2006-12-27,1.3,0.0,834696579.3421196
2006-12-28,1.3,0.0,825961189.3967967
2006-12-29,1.3,0.0,821571732.6992314
2007-01-03,1.3,0.0,825322070.6523215
2007-01-04,1.3,0.0,885932728.7646211
2007-01-05,1.3,0.0,870961795.8714838
2007-01-08,1.3,0.0,873665347.8206407
2007-01-09,1.3,0.0,888927017.0110514
2007-01-10,1.3,0.0,927241061.2766879
2007-01-11,1.3,0.0,962720788.3670975
2007-01-12,1.3,0.0,981761513.3032783
2007-01-16,1.3,0.0,976296225.0915318
2007-01-17,1.3,0.0,946208881.8895077
2007-01-18,1.3,0.0,879086555.1004369
2007-01-19,1.3,0.0,884333586.4178342
2007-01-22,1.3,0.0,850190788.541705
2007-01-23,1.3,0.0,839187748.1908972
2007-01-24,1.3,0.0,892429045.7446022
2007-01-25,1.3,0.0,844768921.8899262
2007-01-26,1.3,0.0,835277489.7298841
2007-01-29,1.3,0.0,838547411.2282697
2007-01-30,1.3,0.0,842849586.686362
2007-01-31,1.3,0.0,869070413.4421645
2007-02-01,1.3,0.0,866759184.7023203
2007-02-02,1.3,0.0,878808448.9364905
2007-02-05,1.3,0.0,873575277.8040061
2007-02-06,1.3,0.0,868618654.4594191
2007-02-07,1.3,0.0,901263860.9185753
2007-02-08,1.3,0.0,899897347.0896176
2007-02-09,1.3,0.0,851859197.7836486
2007-02-12,1.3,0.0,838122933.8140706
2007-02-13,1.3,0.0,848282572.1829153
2007-02-14,1.3,0.0,905302784.2887654
2007-02-15,1.3,0.0,920753117.7757776
2007-02-16,1.3,0.0,916552231.7731332
2007-02-20,1.3,0.0,939051032.4497019
2007-02-21,1.3,0.0,949021654.0009513
2007-02-22,1.3,0.0,962393438.9328259
2007-02-23,1.3,0.0,948933753.96035
2007-02-26,1.3,0.0,930284357.0103071
2007-02-27,1.3,0.0,786446409.5276285
2007-02-28,1.3,0.0,795850114.1288133
2007-03-01,1.3,0.0,780689796.3134651
2007-03-02,1.3,0.0,732084620.0531267
2007-03-05,1.3,0.0,709089116.7222582
2007-03-06,1.3,0.0,759117875.0352954
2007-03-07,1.3,0.0,746413911.4028357
2007-03-08,1.3,0.0,763564665.2543969
2007-03-09,1.3,0.0,760119429.7966135
2007-03-12,1.3,0.0,779638401.467191
2007-03-13,1.3,0.0,719695901.0069692
2007-03-14,1.3,0.0,753852463.749882
2007-03-15,1.3,0.0,756264753.6516633
2007-03-16,1.3,0.0,751118877.3377552
2007-03-19,1.3,0.0,778006887.6101108
2007-03-20,1.3,0.0,793268007.1692894
2007-03-21,1.3,0.0,861814134.9888929
2007-03-22,1.3,0.0,848921098.9976046
2007-03-23,1.3,0.0,837917594.681846
2007-03-26,1.3,0.0,853468201.5039923
2007-03-27,1.3,0.0,829048934.5357265
2007-03-28,0.4,0.0,793308684.956022
2007-03-29,0.4,0.0,793836497.4735924
2007-03-30,1.3,0.0,793776785.5359781
2007-04-02,1.3,0.0,794770616.7761949
2007-04-03,1.3,0.0,834376978.6502975
2007-04-04,1.3,0.0,843498374.1858387
2007-04-05,1.3,0.0,863093122.0851365
2007-04-09,1.3,0.0,853757646.6709402
2007-04-10,1.3,0.0,868863773.3276553
2007-04-11,1.3,0.0,833847383.5727677
2007-04-12,1.3,0.0,860923049.1958417
2007-04-13,1.3,0.0,866490914.2112502
2007-04-16,1.3,0.0,897034260.3448466
2007-04-17,1.3,0.0,898300536.0368922
2007-04-18,1.3,0.0,892833929.7335274
2007-04-19,1.3,0.0,892416971.4714224
2007-04-20,1.3,0.0,916687211.312614
2007-04-23,1.3,0.0,924039384.4667586
2007-04-24,1.3,0.0,939706476.360683
2007-04-25,1.3,0.0,982118033.5005097
2007-04-26,1.3,0.0,997598085.7115262
2007-04-27,1.3,0.0,999986430.1799016
2007-04-30,1.3,0.0,953288422.9093877
2007-05-01,1.3,0.0,963531756.5878669
2007-05-02,1.3,0.0,994347754.0540848
2007-05-03,1.3,0.0,1005713218.0345569
2007-05-04,1.3,0.0,1005109119.9806312
2007-05-07,1.3,0.0,1004979998.1217152
2007-05-08,1.3,0.0,1012230889.2392118
2007-05-09,1.3,0.0,1023222258.3661307
2007-05-10,1.3,0.0,962022245.2558857
2007-05-11,1.3,0.0,1006864994.7683702
2007-05-14,1.3,0.0,984853869.3253708
2007-05-15,1.3,0.0,953390679.1273415
2007-05-16,1.3,0.0,990752418.5677929
2007-05-17,1.3,0.0,976682471.5427157
2007-05-18,1.3,0.0,999643325.479249
2007-05-21,1.3,0.0,1026819425.0496327
2007-05-22,1.3,0.0,1036688548.0124366
2007-05-23,1.3,0.0,1011958170.2700382
2007-05-24,1.3,0.0,952441267.5347334
2007-05-25,1.3,0.0,979703625.9119871
2007-05-29,1.3,0.0,999355373.1421207
2007-05-30,1.3,0.0,1035220809.9736919
2007-05-31,1.3,0.0,1054815126.1481484
2007-06-01,1.3,0.0,1054210811.6514193
2007-06-04,1.3,0.0,1064554400.2651261
2007-06-05,1.3,0.0,1060957666.178147
2007-06-06,1.3,0.0,1025005722.80235
2007-06-07,1.3,0.0,959503934.4311187
2007-06-08,1.3,0.0,1004907540.0880564
2007-06-11,1.3,0.0,995800440.024432
2007-06-12,1.3,0.0,973127174.4134493
2007-06-13,1.3,0.0,1017221571.2525771
2007-06-14,1.3,0.0,1037563875.962398
2007-06-15,1.3,0.0,1072494067.2367584
2007-06-18,1.3,0.0,1075730406.9654162
2007-06-19,1.3,0.0,1069702248.4490259
2007-06-20,1.3,0.0,1029074589.1885152
2007-06-21,1.3,0.0,1066436049.5460672
2007-06-22,1.3,0.0,1026556471.8761548
2007-06-25,1.3,0.0,1007910806.7961149
2007-06-26,1.3,0.0,998890205.2426302
2007-06-27,1.3,0.0,1045789857.5132904
2007-06-28,1.3,0.0,1042379968.977943
2007-06-29,1.3,0.0,1046638068.3938453
2007-07-02,1.3,0.0,1085782744.2716753
2007-07-03,1.3,0.0,1107621095.4363387
2007-07-05,1.3,0.0,1139515244.341881
2007-07-06,1.3,0.0,1154059624.9516034
2007-07-09,1.3,0.0,1155051182.700792
2007-07-10,1.3,0.0,1117789804.7960896
2007-07-11,1.3,0.0,1142433457.858158
2007-07-12,1.3,0.0,1219069854.7107325
2007-07-13,1.3,0.0,1242404322.1552482
2007-07-16,1.3,0.0,1232548307.3727427
2007-07-17,1.3,0.0,1261680496.4496794
2007-07-18,1.3,0.0,1252472699.017017
2007-07-19,1.3,0.0,1284784285.331241
2007-07-20,1.3,0.0,1245839610.7410548
2007-07-23,1.3,0.0,1245895719.0024056
2007-07-24,1.3,0.0,1166553767.2848177
2007-07-25,1.3,0.0,1188391946.641224
2007-07-26,1.3,0.0,1135233379.358445
2007-07-27,1.3,0.0,1071040371.3559152
2007-07-30,1.3,0.0,1106443905.394371
2007-07-31,1.3,0.0,1019807951.7117208
2007-08-01,1.3,0.0,1044638464.8407459
2007-08-02,1.3,0.0,1086675204.4756525
2007-08-03,1.3,0.0,989004794.3940377
2007-08-06,1.3,0.0,1057324438.2811716
2007-08-07,1.3,0.0,1071307495.7702923
2007-08-08,1.3,0.0,1122508378.3929152
2007-08-09,1.3,0.0,1017543974.0945815
2007-08-10,1.3,0.0,994122150.7843597
2007-08-13,1.3,0.0,1011758048.3293722
2007-08-14,1.3,0.0,947564899.2011577
2007-08-15,1.3,0.0,878509110.774997
2007-08-16,1.3,0.0,844052807.4626298
2007-08-17,1.3,0.0,919005703.7899417
2007-08-20,1.3,0.0,926355100.6307627
2007-08-21,1.3,0.0,959227501.0964377
2007-08-22,1.3,0.0,1007248860.8903586
2007-08-23,1.3,0.0,997105659.7743688
2007-08-24,1.3,0.0,1053356072.4350021
2007-08-27,1.3,0.0,1024983665.4252845
2007-08-28,1.3,0.0,929931398.9749658
2007-08-29,1.3,0.0,1033124868.1485734
2007-08-30,1.3,0.0,1049913109.1683439
2007-08-31,1.3,0.0,1098682495.272308
2007-09-04,1.3,0.0,1162468911.9022849
2007-09-05,1.3,0.0,1107252755.4110096
2007-09-06,1.3,0.0,1115250799.8105993
2007-09-07,1.3,0.0,1032168008.8870978
2007-09-10,1.3,0.0,1035028326.7427695
2007-09-11,1.3,0.0,1090904548.995134
2007-09-12,1.3,0.0,1090112404.5998929
2007-09-13,1.3,0.0,1108957802.3734703
2007-09-14,1.3,0.0,1112654225.0592604
2007-09-17,1.3,0.0,1075678204.142628
2007-09-18,1.3,0.0,1179619612.6967947
2007-09-19,1.3,0.0,1191545064.4793012
2007-09-20,1.3,0.0,1172237452.542157
2007-09-21,1.3,0.0,1206792827.1587417
2007-09-24,1.3,0.0,1222557488.9892216
2007-09-25,1.3,0.0,1263845706.2754009
2007-09-26,1.3,0.0,1288301729.87993
2007-09-27,1.3,0.0,1305089749.8309832
2007-09-28,1.3,0.0,1292701973.200545
2007-10-01,1.3,0.0,1348863714.6727629
2007-10-02,1.3,0.0,1345640096.3943427
2007-10-03,1.3,0.0,1315859021.53579
2007-10-04,1.3,0.0,1320677431.7217476
2007-10-05,1.3,0.0,1418446904.2820845
2007-10-08,1.3,0.0,1448986152.1170714
2007-10-09,1.3,0.0,1466896222.7021818
2007-10-10,1.3,0.0,1479756629.6238115
2007-10-11,1.3,0.0,1393120108.2898307
2007-10-12,1.3,0.0,1477610801.0013013
2007-10-15,1.3,0.0,1431282900.538967
2007-10-16,1.3,0.0,1412349131.1592996
2007-10-17,1.3,0.0,1476454136.9620814
2007-10-18,1.3,0.0,1495486281.817899
2007-10-19,1.3,0.0,1359662309.6565251
2007-10-22,1.3,0.0,1418628915.561673
2007-10-23,1.3,0.0,1528367799.5391207
2007-10-24,1.3,0.0,1487365100.791255
2007-10-25,1.3,0.0,1422236261.154095
2007-10-26,1.3,0.0,1497936701.1588967
2007-10-29,1.3,0.0,1518189112.7570677
2007-10-30,1.3,0.0,1527682923.5682812
2007-10-31,1.3,0.0,1602635226.6280766
2007-11-01,1.0,0.0,1497546151.020399
2007-11-02,1.3,0.0,1531332534.6394472
2007-11-05,1.0,0.0,1494563767.533099
2007-11-06,1.0,0.0,1541774454.7755418
2007-11-07,0.8,0.19999999999999996,1427449322.9806962
2007-11-08,0.8,0.19999999999999996,1326919378.5001612
2007-11-09,0.8,0.19999999999999996,1220010639.3424897
2007-11-12,0.30000000000000004,0.7,1147156938.489429
2007-11-13,0.4,0.6,1190921074.3691363
2007-11-14,0.7000000000000001,0.29999999999999993,1170991654.1110122
2007-11-15,0.4,0.6,1153484119.2625203
2007-11-16,0.7000000000000001,0.29999999999999993,1169785152.8596315
2007-11-19,0.4,0.6,1136084968.2819245
2007-11-20,0.4,0.6,1141838111.1685863
2007-11-21,0.4,0.6,1125601261.8090072
2007-11-23,0.4,0.6,1140367691.7383559
2007-11-26,0.30000000000000004,0.7,1113229868.451094
2007-11-27,0.4,0.6,1135381929.154599
2007-11-28,0.30000000000000004,0.7,1176907626.8732388
2007-11-29,0.0,1.0,1179962888.7177572
2007-11-30,0.2,0.8,1179726661.0779834
2007-12-03,0.2,0.8,1179320258.30804
2007-12-04,0.4,0.6,1176196518.534475
2007-12-05,0.5,0.5,1203703002.7956078
2007-12-06,1.0,0.0,1227299407.9812546
2007-12-07,1.0,0.0,1230742585.5150664
2007-12-10,1.0,0.0,1238826504.8947637
2007-12-11,0.4,0.6,1148461799.1237266
2007-12-12,0.4,0.6,1159953205.0867045
2007-12-13,0.5,0.5,1155173167.629218
2007-12-14,0.4,0.6,1136540320.2582965
2007-12-17,0.4,0.6,1102549412.2080898
2007-12-18,0.4,0.6,1107852934.6980772
2007-12-19,0.4,0.6,1108576128.513343
2007-12-20,0.4,0.6,1132803640.5128553
2007-12-21,1.0,0.0,1159422859.5426776
2007-12-24,1.0,0.0,1186762130.3218737
2007-12-26,1.0,0.0,1200212412.0082228
2007-12-27,1.0,0.0,1147726155.0179884
2007-12-28,0.5,0.5,1148320869.3342364
2007-12-31,0.4,0.6,1129879448.5583298
2008-01-02,0.4,0.6,1128557543.1139963
2008-01-03,0.4,0.6,1129685729.1378622
2008-01-04,0.0,1.0,1073673213.3923957
2008-01-07,0.0,1.0,1073673050.3778156
2008-01-08,0.0,1.0,1073672996.0238528
2008-01-09,0.0,1.0,1073672941.661998
2008-01-10,0.0,1.0,1073672887.2922585
2008-01-11,0.0,1.0,1073672832.9146212
2008-01-14,0.0,1.0,1073672669.7343694
2008-01-15,0.0,1.0,1073672615.3251595
2008-01-16,0.0,1.0,1073672560.9080516
2008-01-17,0.0,1.0,1073672506.4830499
2008-01-18,0.0,1.0,1073672452.0501454
2008-01-22,0.0,1.0,1073672234.2395166
2008-01-23,0.0,1.0,1073672179.7670996
2008-01-24,0.0,1.0,1073672125.2867762
2008-01-25,0.0,1.0,1073672070.798545
2008-01-28,0.0,1.0,1073671907.2864091
2008-01-29,0.0,1.0,1073671852.7665377
2008-01-30,0.0,1.0,1073671798.2387574
2008-01-31,0.0,1.0,1073671743.7030569
2008-02-01,0.0,1.0,1077019137.3455434
2008-02-04,0.0,1.0,1077018973.6672099
2008-02-05,0.0,1.0,1077018928.515747
2008-02-06,0.0,1.0,1077018883.3588595
2008-02-07,0.0,1.0,1077018838.1965556
2008-02-08,0.0,1.0,1077018793.0288265
2008-02-11,0.0,1.0,1077018657.4930882
2008-02-12,0.0,1.0,1077018612.3036606
2008-02-13,0.0,1.0,1077018567.1088068
2008-02-14,0.0,1.0,1077018521.908525
2008-02-15,0.0,1.0,1077018476.7028146
2008-02-19,0.0,1.0,1077018295.8256986
2008-02-20,0.0,1.0,1077018250.5928423
2008-02-21,0.0,1.0,1077018205.3545558
2008-02-22,0.0,1.0,1077018160.1108336
2008-02-25,0.0,1.0,1077018024.3470821
2008-02-26,0.0,1.0,1077017979.0816274
2008-02-27,0.0,1.0,1077017933.81074
2008-02-28,0.0,1.0,1077017888.534414
2008-02-29,0.0,1.0,1077017843.252649
2008-03-03,0.0,1.0,1100514955.926274
2008-03-04,0.0,1.0,1100514910.6227598
2008-03-05,0.0,1.0,1100514868.981726
2008-03-06,0.0,1.0,1100514827.3360963
2008-03-07,0.0,1.0,1100514785.6858702
2008-03-10,0.0,1.0,1100514660.7076104
2008-03-11,0.0,1.0,1100514619.0389977
2008-03-12,0.0,1.0,1100514577.365784
2008-03-13,0.0,1.0,1100514535.6879716
2008-03-14,0.0,1.0,1100514494.0055642
2008-03-17,0.0,1.0,1100514368.9307299
2008-03-18,0.0,1.0,1100514327.2299163
2008-03-19,0.0,1.0,1100514285.5245
2008-03-20,0.0,1.0,1100514243.8144865
2008-03-24,1.0,0.0,1099413373.7683656
2008-03-25,1.0,0.0,1117578222.0572877
2008-03-26,1.0,0.0,1104131304.779021
2008-03-27,1.0,0.0,1032179030.3430315
2008-03-28,1.0,0.0,1013778030.3765367
2008-03-31,1.0,0.0,1038548079.0736995
2008-04-01,1.0,0.0,1166882289.3106742
2008-04-02,1.0,0.0,1153907189.3348565
2008-04-03,1.0,0.0,1165702502.6526918
2008-04-04,1.0,0.0,1185518711.6946356
2008-04-07,1.0,0.0,1175610181.480149
2008-04-08,1.0,0.0,1147301016.0432415
2008-04-09,1.0,0.0,1109791411.3645685
2008-04-10,1.0,0.0,1158388481.501805
2008-04-11,1.0,0.0,1056239893.4997332
2008-04-14,0.0,1.0,1041278042.5909588
2008-04-15,0.0,1.0,1041277927.5033398
2008-04-16,1.0,0.0,1040236022.1075667
2008-04-17,1.0,0.0,1029687515.6939031
2008-04-18,1.0,0.0,1129143757.413813
2008-04-21,1.0,0.0,1151747154.9690144
2008-04-22,1.0,0.0,1094699576.8788526
2008-04-23,1.0,0.0,1137969440.3342056
2008-04-24,1.0,0.0,1169829809.3528562
2008-04-25,1.0,0.0,1158635482.4138284
2008-04-28,1.0,0.0,1166815556.600589
2008-04-29,1.0,0.0,1185544243.3015537
2008-04-30,1.0,0.0,1156051670.5312061
2008-05-01,1.0,0.0,1269285414.8140652
2008-05-02,1.0,0.0,1271653317.0228646
2008-05-05,1.0,0.0,1260458777.8071294
2008-05-06,1.0,0.0,1288444224.0611997
2008-05-07,1.0,0.0,1212022032.6332412
2008-05-08,1.0,0.0,1240653299.3049397
2008-05-09,1.0,0.0,1227952057.8568215
2008-05-12,1.0,0.0,1296839252.875777
2008-05-13,1.0,0.0,1304373718.479536
2008-05-14,1.0,0.0,1297915407.8897564
2008-05-15,1.0,0.0,1364219533.4394486
2008-05-16,1.0,0.0,1363788880.2606428
2008-05-19,1.0,0.0,1333865547.854742
2008-05-20,1.0,0.0,1301789693.1117632
2008-05-21,1.0,0.0,1215895468.4243524
2008-05-22,0.6000000000000001,0.3999999999999999,1230256409.739597
2008-05-23,0.6000000000000001,0.3999999999999999,1223287419.562809
2008-05-27,1.0,0.0,1263447332.047176
2008-05-28,1.0,0.0,1272953766.3462236
2008-05-29,1.0,0.0,1308867090.6879861
2008-05-30,1.0,0.0,1334851424.36774
2008-06-02,1.0,0.0,1283727546.8311443
2008-06-03,1.0,0.0,1264292029.6126995
2008-06-04,1.0,0.0,1310768109.9473336
2008-06-05,1.0,0.0,1376045895.9911323
2008-06-06,0.6000000000000001,0.3999999999999999,1245202913.7286634
2008-06-09,0.6000000000000001,0.3999999999999999,1232912584.723062
2008-06-10,0.6000000000000001,0.3999999999999999,1224803547.160533
2008-06-11,0.2,0.8,1170895806.9654467
2008-06-12,0.2,0.8,1170807629.0269997
2008-06-13,0.4,0.6,1185741807.3902428
2008-06-16,1.0,0.0,1198529088.3479896
2008-06-17,0.6000000000000001,0.3999999999999999,1176006392.254745
2008-06-18,0.6000000000000001,0.3999999999999999,1152526232.907514
2008-06-19,0.4,0.6,1185280971.2685947
2008-06-20,0.0,1.0,1145772245.2350485
2008-06-23,0.0,1.0,1145772122.2166522
2008-06-24,0.0,1.0,1145772081.202788
2008-06-25,0.0,1.0,1145772040.1850622
2008-06-26,0.0,1.0,1145771999.1634645
2008-06-27,0.0,1.0,1145771958.1380038
2008-06-30,0.0,1.0,1145771835.0384169
2008-07-01,0.0,1.0,1157912799.1932275
2008-07-02,0.0,1.0,1157912758.1484296
2008-07-03,0.0,1.0,1157912716.9844704
2008-07-07,0.0,1.0,1157912552.289752
2008-07-08,0.0,1.0,1157912511.1063378
2008-07-09,0.0,1.0,1157912469.9190335
2008-07-10,0.0,1.0,1157912428.7278347
2008-07-11,0.0,1.0,1157912387.5327415
2008-07-14,0.0,1.0,1157912263.9241087
2008-07-15,0.0,1.0,1157912222.7134387
2008-07-16,0.0,1.0,1157912181.498873
2008-07-17,0.0,1.0,1157912140.2804158
2008-07-18,0.0,1.0,1157912099.0580575
2008-07-21,0.0,1.0,1157911975.3676147
2008-07-22,0.0,1.0,1157911934.1296706
2008-07-23,0.0,1.0,1157911892.8878293
2008-07-24,0.0,1.0,1157911851.6420896
2008-07-25,0.0,1.0,1157911810.3924513
2008-07-28,0.0,1.0,1157911686.6201413
2008-07-29,0.0,1.0,1157911645.3549054
2008-07-30,0.0,1.0,1157911604.0857692
2008-07-31,0.0,1.0,1157911562.8127325
2008-08-01,0.0,1.0,1172917976.807583
2008-08-04,0.0,1.0,1172917852.9533617
2008-08-05,1.0,0.0,1171744675.5104265
2008-08-06,1.0,0.0,1219363023.1069653
2008-08-07,1.0,0.0,1190039967.2282586
2008-08-08,1.0,0.0,1277256822.1246107
2008-08-11,1.0,0.0,1306830059.036374
2008-08-12,1.0,0.0,1306328701.471844
2008-08-13,1.0,0.0,1308082955.073379
2008-08-14,1.0,0.0,1353195067.9459653
2008-08-15,1.0,0.0,1338909419.8271344
2008-08-18,1.0,0.0,1287531277.6301882
2008-08-19,1.0,0.0,1239912708.7503388
2008-08-20,1.0,0.0,1248183172.344275
2008-08-21,1.0,0.0,1235401264.9471724
2008-08-22,1.0,0.0,1283270235.8408937
2008-08-25,1.0,0.0,1199812290.0257795
2008-08-26,1.0,0.0,1193045345.7137976
2008-08-27,1.0,0.0,1219861945.5747173
2008-08-28,1.0,0.0,1248182286.2095225
2008-08-29,0.1,0.9,1163425323.9603686
2008-09-02,0.0,1.0,1179403686.3622336
2008-09-03,0.0,1.0,1179403675.8323877
2008-09-04,0.0,1.0,1179403665.8640437
2008-09-05,0.0,1.0,1179403655.8948095
2008-09-08,0.0,1.0,1179403625.981774
2008-09-09,0.0,1.0,1179403616.0089822
2008-09-10,0.0,1.0,1179403606.0353017
2008-09-11,0.0,1.0,1179403596.0607295
2008-09-12,0.0,1.0,1179403586.085269
2008-09-15,0.0,1.0,1179403556.1535447
2008-09-16,0.0,1.0,1179403546.174523
2008-09-17,0.0,1.0,1179403536.1946104
2008-09-18,0.0,1.0,1179403526.213808
2008-09-19,0.0,1.0,1179403516.2321143
2008-09-22,0.0,1.0,1179403486.2816916
2008-09-23,0.0,1.0,1179403476.296436
2008-09-24,0.0,1.0,1179403466.3102894
2008-09-25,0.0,1.0,1179403456.3232512
2008-09-26,0.0,1.0,1179403446.3353224
2008-09-29,0.0,1.0,1179403416.3661911
2008-09-30,0.0,1.0,1179403406.3746974
2008-10-01,0.0,1.0,1171496175.2822769
2008-10-02,0.0,1.0,1171496165.2890005
2008-10-03,0.0,1.0,1171496157.8005488
2008-10-06,0.0,1.0,1171496135.332192
2008-10-07,0.0,1.0,1171496127.8417387
2008-10-08,0.0,1.0,1171496120.3507838
2008-10-09,0.0,1.0,1171496112.8593287
2008-10-10,0.0,1.0,1171496105.3673737
2008-10-13,0.0,1.0,1171496082.8884985
2008-10-14,0.0,1.0,1171496075.3945394
2008-10-15,0.0,1.0,1171496067.9000788
2008-10-16,0.0,1.0,1171496060.4051168
2008-10-17,0.0,1.0,1171496052.9096546
2008-10-20,0.0,1.0,1171496030.42026
2008-10-21,0.0,1.0,1171496022.9227927
2008-10-22,0.0,1.0,1171496015.424825
2008-10-23,0.0,1.0,1171496007.9263556
2008-10-24,0.0,1.0,1171496000.4273846
2008-10-27,0.0,1.0,1171495977.927466
2008-10-28,0.0,1.0,1171495970.4264894
2008-10-29,0.0,1.0,1171495962.9250119
2008-10-30,0.0,1.0,1171495955.4230325
2008-10-31,0.0,1.0,1171495947.9205523
2008-11-03,0.0,1.0,1201777755.6829503
2008-11-04,0.0,1.0,1201777748.178463
2008-11-05,0.0,1.0,1201777742.4194434
2008-11-06,0.0,1.0,1201777736.660129
2008-11-07,0.0,1.0,1201777730.900519
2008-11-10,0.0,1.0,1201777713.6199148
2008-11-11,0.0,1.0,1201777707.8591228
2008-11-12,0.0,1.0,1201777702.0980346
2008-11-13,0.0,1.0,1201777696.3366516
2008-11-14,0.0,1.0,1201777690.5749726
2008-11-17,0.0,1.0,1201777673.2881613
2008-11-18,0.0,1.0,1201777667.5253005
2008-11-19,0.0,1.0,1201777661.7621427
2008-11-20,0.0,1.0,1201777655.9986904
2008-11-21,0.0,1.0,1201777650.234943
2008-11-24,0.0,1.0,1201777632.9419258
2008-11-25,0.0,1.0,1201777627.1769946
2008-11-26,0.0,1.0,1201777621.411768
2008-11-28,0.0,1.0,1201777609.8804293
2008-12-01,0.0,1.0,1314964404.3395176
2008-12-02,0.0,1.0,1314964398.5725164
2008-12-03,0.0,1.0,1314964393.5013318
2008-12-04,0.0,1.0,1314964388.4299183
2008-12-05,0.0,1.0,1314964383.358276
2008-12-08,0.0,1.0,1314964368.141975
2008-12-09,0.0,1.0,1314964363.0694177
2008-12-10,0.0,1.0,1314964357.9966314
2008-12-11,0.0,1.0,1314964352.923616
2008-12-12,0.0,1.0,1314964347.8503726
2008-12-15,0.0,1.0,1314964332.6292684
2008-12-16,0.0,1.0,1314964327.555109
2008-12-17,0.0,1.0,1314964322.4807215
2008-12-18,0.0,1.0,1314964317.4061034
2008-12-19,0.0,1.0,1314964312.3312573
2008-12-22,0.0,1.0,1314964297.105349
2008-12-23,0.0,1.0,1314964292.029587
2008-12-24,0.0,1.0,1314964286.9535966
2008-12-26,0.0,1.0,1314964276.8009279
2008-12-29,0.0,1.0,1314964261.5702085
2008-12-30,0.0,1.0,1314964256.492844
2008-12-31,0.0,1.0,1314964251.4152513
2009-01-02,0.0,1.0,1306136741.1590729
2009-01-05,0.0,1.0,1306136725.9235442
2009-01-06,0.0,1.0,1306136720.8749242
2009-01-07,0.0,1.0,1306136715.8260777
2009-01-08,0.0,1.0,1306136710.7770042
2009-01-09,0.0,1.0,1306136705.727705
2009-01-12,0.0,1.0,1306136690.5784478
2009-01-13,0.0,1.0,1306136685.528243
2009-01-14,0.0,1.0,1306136680.4778118
2009-01-15,0.0,1.0,1306136675.4271536
2009-01-16,0.0,1.0,1306136670.3762696
2009-01-20,0.0,1.0,1306136650.1704667
2009-01-21,0.0,1.0,1306136645.1184502
2009-01-22,0.0,1.0,1306136640.0662067
2009-01-23,0.0,1.0,1306136635.0137372
2009-01-26,0.0,1.0,1306136619.8549683
2009-01-27,0.0,1.0,1306136614.8015924
2009-01-28,0.0,1.0,1306136609.74799
2009-01-29,0.0,1.0,1306136604.6941607
2009-01-30,0.0,1.0,1306136599.6401052
2009-02-02,0.0,1.0,1269188948.7117004
2009-02-03,0.0,1.0,1269188943.6567378
2009-02-04,0.0,1.0,1269188938.3889005
2009-02-05,0.0,1.0,1269188933.1208165
2009-02-06,0.0,1.0,1269188927.8524866
2009-02-09,0.0,1.0,1269188912.0460184
2009-02-10,0.0,1.0,1269188906.7767036
2009-02-11,0.0,1.0,1269188901.5071418
2009-02-12,0.0,1.0,1269188896.2373354
2009-02-13,0.0,1.0,1269188890.9672809
2009-02-17,0.0,1.0,1269188869.884607
2009-02-18,0.0,1.0,1269188864.6133225
2009-02-19,0.0,1.0,1269188859.341791
2009-02-20,0.0,1.0,1269188854.0700135
2009-02-23,0.0,1.0,1269188838.2532048
2009-02-24,0.0,1.0,1269188832.980442
2009-02-25,0.0,1.0,1269188827.707433
2009-02-26,0.0,1.0,1269188822.434178
2009-02-27,0.0,1.0,1269188817.160676
2009-03-02,0.0,1.0,1277630093.2268097
2009-03-03,0.0,1.0,1277630087.9523222
2009-03-04,0.0,1.0,1277630082.7992427
2009-03-05,0.0,1.0,1277630077.6459284
2009-03-06,0.0,1.0,1277630072.4923792
2009-03-09,0.0,1.0,1277630057.030321
2009-03-10,0.0,1.0,1277630051.8758304
2009-03-11,0.0,1.0,1277630046.721104
2009-03-12,0.0,1.0,1277630041.5661428
2009-03-13,0.0,1.0,1277630036.4109466
2009-03-16,0.0,1.0,1277630020.9439468
2009-03-17,0.0,1.0,1277630015.7878091
2009-03-18,0.0,1.0,1277630010.6314356
2009-03-19,0.0,1.0,1277630005.474827
2009-03-20,0.0,1.0,1277630000.3179832
2009-03-23,0.0,1.0,1277629984.8460407
2009-03-24,0.0,1.0,1277629979.6882553
2009-03-25,0.0,1.0,1277629974.5302339
2009-03-26,0.0,1.0,1277629969.3719785
2009-03-27,0.0,1.0,1277629964.213487
2009-03-30,0.0,1.0,1277629948.7365963
2009-03-31,0.0,1.0,1277629943.5771625
2009-04-01,0.0,1.0,1268628752.4317038
2009-04-02,0.0,1.0,1268628747.2717988
2009-04-03,0.0,1.0,1268628742.2030566
2009-04-06,0.0,1.0,1268628726.9954646
2009-04-07,0.0,1.0,1268628721.9258127
2009-04-08,0.0,1.0,1268628716.8559327
2009-04-09,0.0,1.0,1268628711.7858262
2009-04-13,0.0,1.0,1268628691.503129
2009-04-14,0.0,1.0,1268628686.4318857
2009-04-15,0.0,1.0,1268628681.3604155
2009-04-16,0.0,1.0,1268628676.2887175
2009-04-17,0.0,1.0,1268628671.2167914
2009-04-20,0.0,1.0,1268628655.9996512
2009-04-21,0.0,1.0,1268628650.926816
2009-04-22,0.0,1.0,1268628645.853754
2009-04-23,0.30000000000000004,0.7,1268247995.611624
2009-04-24,0.1,0.9,1292364193.4204898
2009-04-27,0.30000000000000004,0.7,1291116246.6716738
2009-04-28,0.30000000000000004,0.7,1284398096.4938295
2009-04-29,0.30000000000000004,0.7,1301566661.169054
2009-04-30,0.5,0.5,1311395846.0900347
2009-05-01,0.5,0.5,1296553568.6048696
2009-05-04,0.5,0.5,1340354999.8286264
2009-05-05,0.5,0.5,1334954807.9402769
2009-05-06,0.5,0.5,1334954796.6169848
2009-05-07,0.30000000000000004,0.7,1284291168.3415534
2009-05-08,0.5,0.5,1287964871.1061392
2009-05-11,0.5,0.5,1289737615.7578695
2009-05-12,0.5,0.5,1264327763.684108
2009-05-13,0.5,0.5,1214098997.6966867
2009-05-14,0.5,0.5,1238917899.969857
2009-05-15,0.5,0.5,1233008623.1119585
2009-05-18,0.30000000000000004,0.7,1281802033.0265348
2009-05-19,0.5,0.5,1286533874.5930405
2009-05-20,0.5,0.5,1280064637.3532827
2009-05-21,0.30000000000000004,0.7,1243962163.02484
2009-05-22,0.5,0.5,1240059267.9236565
2009-05-26,0.4,0.6,1307302919.8201358
2009-05-27,0.4,0.6,1296116025.7199626
2009-05-28,0.4,0.6,1316159190.0266862
2009-05-29,0.4,0.6,1333405632.6846557
2009-06-01,0.4,0.6,1355015188.3182805
2009-06-02,0.4,0.6,1358744143.0075676
2009-06-03,0.6000000000000001,0.3999999999999999,1352467182.145826
2009-06-04,0.6000000000000001,0.3999999999999999,1381112257.0968912
2009-06-05,0.6000000000000001,0.3999999999999999,1381748804.4432795
2009-06-08,0.6000000000000001,0.3999999999999999,1374110084.7963827
2009-06-09,0.6000000000000001,0.3999999999999999,1395753027.844049
2009-06-10,0.6000000000000001,0.3999999999999999,1384931541.1681876
2009-06-11,0.6000000000000001,0.3999999999999999,1388114318.2939627
2009-06-12,0.6000000000000001,0.3999999999999999,1376019716.7260664
2009-06-15,0.6000000000000001,0.3999999999999999,1320002631.2074957
2009-06-16,0.6000000000000001,0.3999999999999999,1298359667.9544647
2009-06-17,0.6000000000000001,0.3999999999999999,1318092938.6617296
2009-06-18,0.6000000000000001,0.3999999999999999,1314273583.8831651
2009-06-19,0.6000000000000001,0.3999999999999999,1342282101.381642
2009-06-22,0.6000000000000001,0.3999999999999999,1269077964.823353
2009-06-23,0.6000000000000001,0.3999999999999999,1265895167.4879925
2009-06-24,0.6000000000000001,0.3999999999999999,1300269259.4396229
2009-06-25,0.6000000000000001,0.3999999999999999,1345464827.9651337
2009-06-26,0.6000000000000001,0.3999999999999999,1353103507.202716
2009-06-29,0.6000000000000001,0.3999999999999999,1358832493.8827975
2009-06-30,0.6000000000000001,0.3999999999999999,1348011007.1975467
2009-07-01,0.6000000000000001,0.3999999999999999,1363097322.3759875
2009-07-02,0.6000000000000001,0.3999999999999999,1305170584.7190802
2009-07-06,0.6000000000000001,0.3999999999999999,1296895298.64812
2009-07-07,0.5,0.5,1240807480.2157364
2009-07-08,0.6000000000000001,0.3999999999999999,1249256425.1778803
2009-07-09,0.6000000000000001,0.3999999999999999,1254703295.280361
2009-07-10,0.6000000000000001,0.3999999999999999,1262192743.7118912
2009-07-13,0.6000000000000001,0.3999999999999999,1307129450.6272464
2009-07-14,0.6000000000000001,0.3999999999999999,1315980617.943991
2009-07-15,1.0,0.0,1396503195.7431662
2009-07-16,1.0,0.0,1446320423.3194687
2009-07-17,1.0,0.0,1469639113.5990622
2009-07-20,1.0,0.0,1518396354.595189
2009-07-21,1.0,0.0,1544894869.3461986
2009-07-22,1.0,0.0,1579872916.0308125
2009-07-23,1.0,0.0,1691166750.1260033
2009-07-24,1.0,0.0,1682687195.6436481
2009-07-27,1.0,0.0,1683747069.4861722
2009-07-28,1.0,0.0,1702825993.7872684
2009-07-29,1.0,0.0,1683747024.3815506
2009-07-30,1.0,0.0,1716605188.0743723
2009-07-31,1.0,0.0,1695406335.6829643
2009-08-03,1.0,0.0,1774901879.8993745
2009-08-04,1.0,0.0,1775961798.8322783
2009-08-05,1.0,0.0,1730384292.123746
2009-08-06,1.0,0.0,1684806785.4141965
2009-08-07,1.0,0.0,1745223427.886398
2009-08-10,1.0,0.0,1715544998.4231858
2009-08-11,1.0,0.0,1665727725.741237
2009-08-12,1.0,0.0,1744163373.5694199
2009-08-13,1.0,0.0,1772781771.280684
2009-08-14,1.0,0.0,1717664791.1365426
2009-08-17,1.0,0.0,1568212973.0754247
2009-08-18,1.0,0.0,1633929322.9955676
2009-08-19,1.0,0.0,1665727545.1762064
2009-08-20,1.0,0.0,1719784538.684208
2009-08-21,1.0,0.0,1795040362.027745
2009-08-24,1.0,0.0,1785500820.8664994
2009-08-25,1.0,0.0,1802459862.1554399
2009-08-26,1.0,0.0,1793980307.6394973
2009-08-27,1.0,0.0,1806699582.95909
2009-08-28,1.0,0.0,1814119150.8185256
2009-08-31,1.0,0.0,1753702418.0281603
2009-09-01,1.0,0.0,1658307661.176235
2009-09-02,1.0,0.0,1654067872.620472
2009-09-03,1.0,0.0,1690105860.7531428
2009-09-04,1.0,0.0,1791860221.3781111
2009-09-08,1.0,0.0,1845917147.0891736
2009-09-09,1.0,0.0,1894674433.117662
2009-09-10,1.0,0.0,1951911251.079753
2009-09-11,1.0,0.0,1949791345.498474
2009-09-14,1.0,0.0,1978409697.9788342
2009-09-15,1.0,0.0,1998548563.7218587
2009-09-16,1.0,0.0,2083343860.4653533
2009-09-17,1.0,0.0,2073804364.435164
2009-09-18,1.0,0.0,2088643522.7159915
2009-09-21,1.0,0.0,2110902226.223975
2009-09-22,1.0,0.0,2120441677.0415854
2009-09-23,1.0,0.0,2084403643.7095857
2009-09-24,1.0,0.0,2031406546.5073228
2009-09-25,1.0,0.0,1975229624.828557
2009-09-28,1.0,0.0,2082283647.6613386
2009-09-29,1.0,0.0,2056845029.2414954
2009-09-30,1.0,0.0,2061084772.5918076
2009-10-01,1.0,0.0,1871355222.9366324
2009-10-02,1.0,0.0,1858635902.415661
2009-10-05,1.0,0.0,1902093435.7173572
2009-10-06,1.0,0.0,2002787854.8178675
2009-10-07,1.0,0.0,2021866779.046625
2009-10-08,1.0,0.0,2047305352.2253282
2009-10-09,1.0,0.0,2083343340.3212879
2009-10-12,1.0,0.0,2089702921.3875842
2009-10-13,1.0,0.0,2091822781.740975
2009-10-14,1.0,0.0,2178737961.4395604
2009-10-15,1.0,0.0,2174498172.8399434
2009-10-16,1.0,0.0,2122561017.1070592
2009-10-19,1.0,0.0,2186157438.7106137
2009-10-20,1.0,0.0,2184037533.089547
2009-10-21,1.0,0.0,2173438095.5328383
2009-10-22,1.0,0.0,2209476083.615526
2009-10-23,1.0,0.0,2173438050.2529106
2009-10-26,1.0,0.0,2147999386.5214944
2009-10-27,1.0,0.0,2057904337.071581
2009-10-28,1.0,0.0,1912692330.045606
2009-10-29,1.0,0.0,2012326807.6308062
2009-10-30,1.0,0.0,1856515385.6845114
2009-11-02,1.0,0.0,1875594264.5884075
2009-11-03,1.0,0.0,1896793071.7732503
2009-11-04,1.0,0.0,1903152698.0714843
2009-11-05,1.0,0.0,2039885127.8635018
2009-11-06,1.0,0.0,2074863174.4390395
2009-11-09,1.0,0.0,2209475675.930696
2009-11-10,1.0,0.0,2227494658.6329026
2009-11-11,1.0,0.0,2264592588.1869855
2009-11-12,1.0,0.0,2226434671.8202806
2009-11-13,1.0,0.0,2284731431.2088733
2009-11-16,1.0,0.0,2357867326.153059
2009-11-17,1.0,0.0,2378006191.831765
2009-11-18,1.0,0.0,2336668450.9834437
2009-11-19,1.0,0.0,2225374571.673472
2009-11-20,1.0,0.0,2191456421.265899
2009-11-23,1.0,0.0,2299570385.418927
2009-11-24,1.0,0.0,2273071825.4500575
2009-11-25,1.0,0.0,2301690223.0552053
2009-11-27,1.0,0.0,2193576145.537312
2009-11-30,1.0,0.0,2200995667.945232
2009-12-01,1.0,0.0,2276251491.1846604
2009-12-02,1.0,0.0,2287910824.913405
2009-12-03,1.0,0.0,2257172498.9680185
2009-12-04,1.0,0.0,2291090604.0230985
2009-12-07,1.0,0.0,2259292291.2119083
2009-12-08,1.0,0.0,2217954550.343129
2009-12-09,1.0,0.0,2281551017.164267
2009-12-10,1.0,0.0,2318648946.6886897
2009-12-11,1.0,0.0,2290030503.7187724
2009-12-14,1.0,0.0,2354686866.6424108
2009-12-15,1.0,0.0,2312289184.274639
2009-12-16,1.0,0.0,2321828635.0054007
2009-12-17,1.0,0.0,2234913409.978818
2009-12-18,1.0,0.0,2344087360.939335
2009-12-21,1.0,0.0,2427822670.694373
2009-12-22,1.0,0.0,2470220307.66565
2009-12-23,1.0,0.0,2520037535.0786963
2009-12-24,1.0,0.0,2593173475.3109283
2009-12-28,1.0,0.0,2628151453.7154837
2009-12-29,1.0,0.0,2601652893.7107916
2009-12-30,1.0,0.0,2629211349.788287
2009-12-31,1.0,0.0,2551835598.173817
2010-01-04,1.0,0.0,2661009480.977629
2010-01-05,1.0,0.0,2667369107.2124243
2010-01-06,1.0,0.0,2624971424.8221207
2010-01-07,1.0,0.0,2617551811.661106
2010-01-08,1.0,0.0,2683268161.4351773
2010-01-11,1.0,0.0,2656769555.9755993
2010-01-12,1.0,0.0,2552895267.053141
2010-01-13,1.0,0.0,2652529744.5605745
2010-01-14,1.0,0.0,2654649604.8188343
2010-01-15,1.0,0.0,2561374730.811578
2010-01-19,1.0,0.0,2688567618.9149685
2010-01-20,1.0,0.0,2570914090.590549
2010-01-21,1.0,0.0,2498838046.4136944
2010-01-22,1.0,0.0,2273070485.9207993
2010-01-25,1.0,0.0,2301688837.9932036
2010-01-26,1.0,0.0,2306988522.714643
2010-01-27,1.0,0.0,2364225340.534614
2010-01-28,0.4,0.0,2177022060.473384
2010-01-29,0.4,0.0,2132944420.2506676
2010-02-01,0.4,0.0,2160932199.8148675
2010-02-02,0.4,0.0,2184249449.0447536
2010-02-03,0.4,0.0,2196122694.479209
2010-02-04,0.4,0.0,2118557583.7454495
2010-02-05,0.4,0.0,2137212884.650136
2010-02-08,0.4,0.0,2121119448.3602521
2010-02-09,0.4,0.0,2147828440.169302
2010-02-10,0.4,0.0,2142322668.6462998
2010-02-11,0.4,0.0,2179628622.1137695
2010-02-12,0.4,0.0,2183024298.3872595
2010-02-16,0.5,0.0,2216854389.083415
2010-02-17,1.0,0.0,2235389128.708256
2010-02-18,1.0,0.0,2277325826.9868584
2010-02-19,1.0,0.0,2277325802.4359665
2010-02-22,1.0,0.0,2260960178.4047036
2010-02-23,0.4,0.0,2172343144.834358
2010-02-24,0.5,0.0,2198424042.286228
2010-02-25,0.5,0.0,2197925778.694825
2010-02-26,1.0,0.0,2210938855.206355
2010-03-01,1.0,0.0,2305788173.482422
2010-03-02,1.0,0.0,2319765954.169563
2010-03-03,1.0,0.0,2332745320.2101884
2010-03-04,1.0,0.0,2358704076.6404195
2010-03-05,1.0,0.0,2462539175.4136715
2010-03-08,1.0,0.0,2476516907.386674
2010-03-09,1.0,0.0,2520447127.4293795
2010-03-10,1.0,0.0,2581350396.4434385
2010-03-11,1.0,0.0,2605312323.5752425
2010-03-12,1.0,0.0,2611302787.0880976
2010-03-15,1.0,0.0,2593331250.3844504
2010-03-16,1.0,0.0,2643251958.292226
2010-03-17,1.0,0.0,2661223397.544932
2010-03-18,1.0,0.0,2688180568.605493
2010-03-19,1.0,0.0,2640256641.2571855
2010-03-22,1.0,0.0,2712142422.6202188
2010-03-23,1.0,0.0,2769052033.038498
2010-03-24,1.0,0.0,2729115422.8482904
2010-03-25,1.0,0.0,2712142349.5020585
2010-03-26,1.0,0.0,2726120130.1632996
2010-03-29,1.0,0.0,2764059813.558796
2010-03-30,1.0,0.0,2793013813.8972754
2010-03-31,1.0,0.0,2755074032.990384
2010-04-01,1.0,0.0,2750081935.381839
2010-04-05,1.0,0.0,2828956594.8351407
2010-04-06,1.0,0.0,2850921692.648
2010-04-07,1.0,0.0,2834947033.933164
2010-04-08,1.0,0.0,2844931155.998616
2010-04-09,1.0,0.0,2895850278.525913
2010-04-12,1.0,0.0,2907831181.094674
2010-04-13,1.0,0.0,2951761401.099588
2010-04-14,1.0,0.0,3055596499.829653
2010-04-15,1.0,0.0,3096531475.896094
2010-04-16,1.0,0.0,2985707425.8550005
2010-04-19,1.0,0.0,2981713694.0740733
2010-04-20,1.0,0.0,3025643914.071421
2010-04-21,1.0,0.0,3078559865.8766236
2010-04-22,1.0,0.0,3124486915.1626844
2010-04-23,1.0,0.0,3165421891.220478
2010-04-26,1.0,0.0,3142458281.1535425
2010-04-27,1.0,0.0,2948765815.529271
2010-04-28,1.0,0.0,2954756278.9913573
2010-04-29,1.0,0.0,3106515280.686192
2010-04-30,1.0,0.0,2922806961.513049
2010-05-03,1.0,0.0,3042616645.7209234
2010-05-04,1.0,0.0,2773044667.0358553
2010-05-05,1.0,0.0,2728115983.573074
2010-05-06,0.8,0.0,2460294504.459886
2010-05-07,0.4,0.0,2316906028.0487113
2010-05-10,0.7000000000000001,0.0,2454459506.04307
2010-05-11,0.7000000000000001,0.0,2453807765.7062907
2010-05-12,0.6000000000000001,0.0,2545935453.260363
2010-05-13,0.6000000000000001,0.0,2476904242.905356
2010-05-14,0.2,0.0,2386992319.4541135
2010-05-17,0.2,0.0,2393379906.511721
2010-05-18,0.2,0.0,2374899511.2302604
2010-05-19,0.2,0.0,2362582732.0205054
2010-05-20,0.0,0.0,2316547698.8024917
2010-05-21,0.0,0.0,2316560379.571739
2010-05-24,0.0,0.0,2316598422.313742
2010-05-25,0.0,0.0,2316611103.358567
2010-05-26,0.0,0.0,2316623784.477883
2010-05-27,0.0,0.0,2316636465.6626105
2010-05-28,0.0,0.0,2316649146.9258327
2010-06-01,0.0,1.0,2315541522.7205467
2010-06-02,0.0,1.0,2315541469.222214
2010-06-03,0.0,1.0,2315541416.345633
2010-06-04,0.1,0.9,2315309230.075699
2010-06-07,0.1,0.9,2301888857.357292
2010-06-08,0.1,0.9,2300610719.0523353
2010-06-09,0.0,1.0,2295712187.087231
2010-06-10,0.1,0.9,2295482500.158702
2010-06-11,0.30000000000000004,0.7,2300987597.7251806
2010-06-14,0.30000000000000004,0.7,2301299524.9225497
2010-06-15,0.2,0.8,2351571113.5019464
2010-06-16,1.0,0.0,2359192154.1839433
2010-06-17,1.0,0.0,2382569033.57828
2010-06-18,1.0,0.0,2389387229.2357388
2010-06-21,1.0,0.0,2327048397.519803
2010-06-22,0.4,0.6,2270164161.369923
2010-06-23,0.4,0.6,2258095998.2424293
2010-06-24,0.1,0.9,2213864244.682861
2010-06-25,0.0,1.0,2213542110.531459
2010-06-28,0.0,1.0,2213542080.262201
2010-06-29,0.0,1.0,2213542070.1715274
2010-06-30,0.0,1.0,2213542060.080394
2010-07-01,0.0,1.0,2254635866.2365394
2010-07-02,0.0,1.0,2254635856.1444836
2010-07-06,0.0,1.0,2254635815.7716594
2010-07-07,0.0,1.0,2254635805.6773005
2010-07-08,0.0,1.0,2254635795.5824814
2010-07-09,0.0,1.0,2254635785.4872003
2010-07-12,0.0,1.0,2254635755.1985965
2010-07-13,0.0,1.0,2254635745.1014724
2010-07-14,0.0,1.0,2254635735.003888
2010-07-15,0.0,1.0,2254635724.905843
2010-07-16,0.0,1.0,2254635714.8073354
2010-07-19,0.0,1.0,2254635684.509052
2010-07-20,1.0,0.0,2252380928.091601
2010-07-21,0.4,0.6,2172315545.9281535
2010-07-22,1.0,0.0,2229338857.942227
2010-07-23,1.0,0.0,2287854066.6056747
2010-07-26,1.0,0.0,2338298084.780773
2010-07-27,1.0,0.0,2337289141.335469
2010-07-28,1.0,0.0,2289871536.929774
2010-07-29,1.0,0.0,2235391744.984324
2010-07-30,1.0,0.0,2250524944.47267
2010-08-02,1.0,0.0,2371590837.961095
2010-08-03,1.0,0.0,2347377564.0179358
2010-08-04,1.0,0.0,2414972728.053546
2010-08-05,1.0,0.0,2400848293.4435773
2010-08-06,1.0,0.0,2389750510.6324778
2010-08-09,1.0,0.0,2431114573.288698
2010-08-10,1.0,0.0,2379661433.1122274
2010-08-11,0.1,0.9,2181971693.934172
2010-08-12,0.0,1.0,2175609826.4521527
2010-08-13,0.0,1.0,2175609816.8089547
2010-08-16,0.0,1.0,2175609787.7059298
2010-08-17,0.1,0.9,2175392111.371941
2010-08-18,0.1,0.9,2177413104.422719
2010-08-19,0.0,1.0,2169117693.122398
2010-08-20,0.0,1.0,2169117683.416354
2010-08-23,0.0,1.0,2169117654.295548
2010-08-24,0.0,1.0,2169117644.587722
2010-08-25,0.0,1.0,2169117634.879449
2010-08-26,0.0,1.0,2169117625.1707306
2010-08-27,0.4,0.6,2168249862.681989
2010-08-30,0.0,1.0,2139194582.0970302
2010-08-31,0.0,1.0,2139194543.574042
2010-09-01,0.4,0.6,2152346334.745741
2010-09-02,0.6000000000000001,0.3999999999999999,2181713873.555137
2010-09-03,1.0,0.0,2247414744.997998
2010-09-07,1.0,0.0,2193020534.989392
2010-09-08,1.0,0.0,2270582380.634509
2010-09-09,1.0,0.0,2298786662.6375484
2010-09-10,1.0,0.0,2323969052.9873047
2010-09-13,1.0,0.0,2425705951.6713705
2010-09-14,1.0,0.0,2456932125.316651
2010-09-15,1.0,0.0,2498231271.1315684
2010-09-16,1.0,0.0,2533486633.6417584
2010-09-17,1.0,0.0,2560683618.4129267
2010-09-20,1.0,0.0,2694654028.007066
2010-09-21,1.0,0.0,2685588312.9535513
2010-09-22,1.0,0.0,2673500706.246753
2010-09-23,1.0,0.0,2665442288.406704
2010-09-24,1.0,0.0,2815529533.6570067
2010-09-27,1.0,0.0,2783295902.383105
2010-09-28,1.0,0.0,2790346942.7910647
2010-09-29,1.0,0.0,2768186363.899898
2010-09-30,1.0,0.0,2730916326.7496743
2010-10-01,1.0,0.0,2721850611.677745
2010-10-04,1.0,0.0,2628171850.1191535
2010-10-05,1.0,0.0,2823587470.1208425
2010-10-06,1.0,0.0,2751062030.359396
2010-10-07,1.0,0.0,2778259015.0937304
2010-10-08,1.0,0.0,2834667619.1235065
2010-10-11,1.0,0.0,2840711282.023849
2010-10-12,1.0,0.0,2899134480.48055
2010-10-13,1.0,0.0,2969645245.54118
2010-10-14,1.0,0.0,2953528449.9252634
2010-10-15,1.0,0.0,3141892989.3884916
2010-10-18,1.0,0.0,3141892868.947243
2010-10-19,1.0,0.0,3016987973.8701563
2010-10-20,1.0,0.0,3079440361.180702
2010-10-21,1.0,0.0,3100593562.5863476
2010-10-22,1.0,0.0,3161031355.4589105
2010-10-25,1.0,0.0,3209381501.402036
2010-10-26,1.0,0.0,3228520108.364167
2010-10-27,1.0,0.0,3261760876.3645225
2010-10-28,1.0,0.0,3280899483.322964
2010-10-29,1.0,0.0,3264782687.6793914
2010-11-01,1.0,0.0,3271833647.6807327
2010-11-02,1.0,0.0,3371556032.0017705
2010-11-03,1.0,0.0,3419906258.24643
2010-11-04,1.0,0.0,3541789181.3410277
2010-11-05,1.0,0.0,3545818330.0274973
2010-11-08,1.0,0.0,3554883884.424392
2010-11-09,1.0,0.0,3497467902.8574705
2010-11-10,1.0,0.0,3550854615.1749535
2010-11-11,1.0,0.0,3491424039.1700454
2010-11-12,1.0,0.0,3313132391.5398602
2010-11-15,1.0,0.0,3277876868.343503
2010-11-16,1.0,0.0,3114694678.963151
2010-11-17,1.0,0.0,3144913555.273316
2010-11-18,1.0,0.0,3290971611.5536227
2010-11-19,1.0,0.0,3299029949.082846
2010-11-22,1.0,0.0,3385657389.1225963
2010-11-23,1.0,0.0,3225497091.3807645
2010-11-24,1.0,0.0,3413861630.7701983
2010-11-26,1.0,0.0,3392708308.770175
2010-11-29,1.0,0.0,3345365218.8905005
2010-11-30,1.0,0.0,3218445729.301616
2010-12-01,1.0,0.0,3422927024.152485
2010-12-02,1.0,0.0,3526678597.286735
2010-12-03,1.0,0.0,3555890176.3502064
2010-12-06,1.0,0.0,3549846272.3347964
2010-12-07,1.0,0.0,3552868123.745037
2010-12-08,1.0,0.0,3602225647.1422257
2010-12-09,1.0,0.0,3606254795.765918
2010-12-10,1.0,0.0,3681802046.8052506
2010-12-13,1.0,0.0,3638488145.7165728
2010-12-14,1.0,0.0,3653597563.71965
2010-12-15,1.0,0.0,3616327526.4291973
2010-12-16,1.0,0.0,3691874777.4574413
2010-12-17,1.0,0.0,3702955006.5863833
2010-12-20,1.0,0.0,3713027857.967718
2010-12-21,1.0,0.0,3774472947.946651
2010-12-22,1.0,0.0,3778502096.5463142
2010-12-23,1.0,0.0,3750297734.195402
2010-12-27,1.0,0.0,3751304870.3109536
2010-12-28,1.0,0.0,3735188074.556568
2010-12-29,1.0,0.0,3757348573.051946
2010-12-30,1.0,0.0,3729144210.6880894
2010-12-31,1.0,0.0,3694896065.0194955
2011-01-03,1.0,0.0,3862107282.198206
2011-01-04,1.0,0.0,3856063458.6023493
2011-01-05,1.0,0.0,3951756653.9365625
2011-01-06,1.0,0.0,3987012016.2400618
2011-01-07,1.0,0.0,3977946300.9872117
2011-01-10,1.0,0.0,4023274554.852195
2011-01-11,1.0,0.0,4041405864.454931
2011-01-12,1.0,0.0,4122996898.7361226
2011-01-13,1.0,0.0,4136091722.249419
2011-01-14,1.0,0.0,4225741134.2640915
2011-01-18,1.0,0.0,4259989078.3827043
2011-01-19,1.0,0.0,4116952833.2269974
2011-01-20,1.0,0.0,4024281448.926826
2011-01-21,1.0,0.0,3932617361.84195
2011-01-24,1.0,0.0,4094792092.818324
2011-01-25,1.0,0.0,4108894213.526552
2011-01-26,1.0,0.0,4173361195.090315
2011-01-27,1.0,0.0,4253944932.1265893
2011-01-28,1.0,0.0,3932617079.5190706
2011-01-31,1.0,0.0,3991040197.090338
2011-02-01,1.0,0.0,4212645544.518033
2011-02-02,1.0,0.0,4193506857.045569
2011-02-03,1.0,0.0,4209623572.171423
2011-02-04,1.0,0.0,4286178120.3242874
2011-02-07,1.0,0.0,4347623129.508096
2011-02-08,1.0,0.0,4440294433.127913
2011-02-09,1.0,0.0,4414104665.122446
2011-02-10,1.0,0.0,4435257866.321068
2011-02-11,1.0,0.0,4525914575.50103
2011-02-14,1.0,0.0,4555126073.697195
2011-02-15,1.0,0.0,4543038466.720675
2011-02-16,1.0,0.0,4626644095.371337
2011-02-17,1.0,0.0,4622614866.128292
2011-02-18,1.0,0.0,4596425098.106143
2011-02-22,1.0,0.0,4191491455.2889886
2011-02-23,1.0,0.0,4088747098.754343
2011-02-24,1.0,0.0,4146162999.7443304
2011-02-25,1.0,0.0,4324454566.79019
2011-02-28,1.0,0.0,4355680659.342782
2011-03-01,1.0,0.0,4146162797.7793503
2011-03-02,1.0,0.0,4204585995.9753575
2011-03-03,1.0,0.0,4455402962.644726
2011-03-04,1.0,0.0,4389928603.127853
2011-03-07,1.0,0.0,4214658766.1262083
2011-03-08,1.0,0.0,4258979803.271017
2011-03-09,1.0,0.0,4172352202.184767
2011-03-10,1.0,0.0,3981972987.730445
2011-03-11,1.0,0.0,4048454563.646938
2011-03-14,1.0,0.0,4009169850.9212694
2011-03-15,0.4,0.6,3842672935.6795645
2011-03-16,0.4,0.6,3729881368.0304084
2011-03-17,0.4,0.6,3766941316.8903275
2011-03-18,0.4,0.6,3758884681.064715
2011-03-21,0.4,0.6,3839852528.9329495
2011-03-22,0.4,0.6,3835824159.57837
2011-03-23,0.8,0.19999999999999996,3857654005.8561206
2011-03-24,1.0,0.0,4024891051.5267963
2011-03-25,1.0,0.0,4053582145.581638
2011-03-28,0.5,0.5,3983323899.746862
2011-03-29,0.5,0.5,4040200386.8130317
2011-03-30,1.0,0.0,4068377950.290878
2011-03-31,1.0,0.0,4085801560.222895
2011-04-01,1.0,0.0,4092577354.28088
2011-04-04,1.0,0.0,4055793724.03705
2011-04-05,1.0,0.0,4009330438.7288265
2011-04-06,1.0,0.0,4039337831.029013
2011-04-07,1.0,0.0,4038369758.9759293
2011-04-08,1.0,0.0,3978354708.0030107
2011-04-11,0.5,0.5,3939599295.773595
2011-04-12,0.4,0.6,3900528702.711415
2011-04-13,1.0,0.0,3935302547.9312744
2011-04-14,0.5,0.5,3912158559.8672833
2011-04-15,0.4,0.6,3899263448.498882
2011-04-18,0.4,0.6,3869154762.8660173
2011-04-19,0.5,0.5,3896170007.832525
2011-04-20,1.0,0.0,4024139480.935739
2011-04-21,1.0,0.0,4126124881.8491416
2011-04-25,1.0,0.0,4157000882.614348
2011-04-26,1.0,0.0,4228109943.82173
2011-04-27,1.0,0.0,4316060644.855025
2011-04-28,1.0,0.0,4309511033.507445
2011-04-29,1.0,0.0,4288926722.298181
2011-05-02,1.0,0.0,4265535301.593469
2011-05-03,1.0,0.0,4200975597.4810658
2011-05-04,1.0,0.0,4176648699.624572
2011-05-05,1.0,0.0,4113960288.8191953
2011-05-06,1.0,0.0,4149514777.016121
2011-05-09,1.0,0.0,4194425562.2095833
2011-05-10,1.0,0.0,4302024842.996153
2011-05-11,1.0,0.0,4209395739.1382565
2011-05-12,1.0,0.0,4284247386.9154544
2011-05-13,1.0,0.0,4131736896.98939
2011-05-16,0.9,0.09999999999999998,3917080835.560759
2011-05-17,0.9,0.09999999999999998,3945697359.631262
2011-05-18,0.9,0.09999999999999998,4032388629.081607
2011-05-19,0.9,0.09999999999999998,4063530142.181537
2011-05-20,0.9,0.09999999999999998,3982730479.60636
2011-05-23,0.8,0.19999999999999996,3825807430.0380063
2011-05-24,0.4,0.6,3766557953.805249
2011-05-25,0.4,0.6,3783497191.670229
2011-05-26,0.8,0.19999999999999996,3810608063.6782336
2011-05-27,0.9,0.09999999999999998,3856069654.642313
2011-05-31,1.0,0.0,4022302481.3146195
2011-06-01,0.4,0.6,3763353609.8973074
2011-06-02,0.4,0.6,3772153387.22404
2011-06-03,0.4,0.6,3703220935.515039
2011-06-06,0.30000000000000004,0.7,3668078170.43708
2011-06-07,0.30000000000000004,0.7,3661501935.7381086
2011-06-08,0.30000000000000004,0.7,3638056263.7480454
2011-06-09,0.30000000000000004,0.7,3642631013.0196133
2011-06-10,0.1,0.9,3592785910.6419826
2011-06-13,0.1,0.9,3592986128.1529675
2011-06-14,0.1,0.9,3606406461.899376
2011-06-15,0.1,0.9,3585975433.3878603
2011-06-16,0.1,0.9,3581067958.5726876
2011-06-17,0.0,1.0,3578119288.6171923
2011-06-20,0.0,1.0,3578119243.9228396
2011-06-21,0.1,0.9,3577761244.725633
2011-06-22,0.1,0.9,3569690283.6242146
2011-06-23,0.1,0.9,3579394619.4439692
2011-06-24,0.0,1.0,3560125976.791928
2011-06-27,0.1,0.9,3559769749.877558
2011-06-28,1.3,0.0,3571933132.428919
2011-06-29,1.3,0.0,3630560075.1602726
2011-06-30,1.3,0.0,3808928784.1520405
2011-07-01,1.3,0.0,4035194198.4414372
2011-07-05,1.3,0.0,4109247963.687029
2011-07-06,1.3,0.0,4164282639.293169
2011-07-07,1.3,0.0,4376179029.323178
2011-07-08,1.3,0.0,4331828033.241448
2011-07-11,1.3,0.0,4040715898.808776
2011-07-12,1.3,0.0,3916137909.938713
2011-07-13,1.3,0.0,3983146748.290634
2011-07-14,1.3,0.0,3808277212.722834
2011-07-15,1.3,0.0,4003409739.1008806
2011-07-18,1.3,0.0,3919450821.5260115
2011-07-19,1.3,0.0,4271445056.2901983
2011-07-20,1.3,0.0,4195961176.313836
2011-07-21,1.3,0.0,4303682199.77978
2011-07-22,1.3,0.0,4470076687.685932
2011-07-25,1.3,0.0,4437606688.2035675
2011-07-26,1.3,0.0,4467495552.229069
2011-07-27,1.3,0.0,4047155365.541891
2011-07-28,1.3,0.0,4074649390.175686
2011-07-29,1.3,0.0,4024311263.4199524
2011-08-01,1.3,0.0,3954721273.4966407
2011-08-02,0.0,1.0,3568586706.215707
2011-08-03,1.3,0.0,3564480598.043171
2011-08-04,0.0,1.0,2929990660.264357
2011-08-05,0.0,1.0,2929990510.255644
2011-08-08,0.0,1.0,2929990057.3822117
2011-08-09,0.0,1.0,2929989906.4112635
2011-08-10,0.0,1.0,2929989755.433757
2011-08-11,0.0,1.0,2929989604.449681
2011-08-12,0.0,1.0,2929989453.459035
2011-08-15,0.0,1.0,2929989000.4476857
2011-08-16,0.0,1.0,2929988849.430776
2011-08-17,0.0,1.0,2929988698.4072914
2011-08-18,0.0,1.0,2929988547.3772497
2011-08-19,0.0,1.0,2929988396.3406363
2011-08-22,0.0,1.0,2929987943.191373
2011-08-23,0.0,1.0,2929987792.1284823
2011-08-24,0.0,1.0,2929987641.05902
2011-08-25,0.0,1.0,2929987489.9829845
2011-08-26,0.0,1.0,2929987338.900375
2011-08-29,0.0,1.0,2929986885.6131544
2011-08-30,0.0,1.0,2929986734.50427
2011-08-31,0.0,1.0,2929986583.388816
2011-09-01,0.0,1.0,3018092242.86917
2011-09-02,0.0,1.0,3018092091.7405653
2011-09-06,0.0,1.0,3018091494.659418
2011-09-07,0.0,1.0,3018091345.3731003
2011-09-08,0.0,1.0,3018091196.0803676
2011-09-09,0.0,1.0,3018091046.7812247
2011-09-12,0.0,1.0,3018090598.8453255
2011-09-13,0.0,1.0,3018090449.5205317
2011-09-14,1.0,0.0,3015070471.390963
2011-09-15,1.0,0.0,3152375521.963967
2011-09-16,1.0,0.0,3234583589.3636436
2011-09-19,1.0,0.0,3243328753.090681
2011-09-20,1.0,0.0,3196977193.076641
2011-09-21,1.0,0.0,3034309779.7028775
2011-09-22,0.0,1.0,2735969742.094448
2011-09-23,0.0,1.0,2735969624.4014816
2011-09-26,1.0,0.0,2733231931.6753516
2011-09-27,1.0,0.0,2816710385.94931
2011-09-28,0.0,1.0,2680623559.8758264
2011-09-29,0.0,1.0,2680623444.568455
2011-09-30,0.0,1.0,2680623329.2561474
2011-10-03,0.0,1.0,2644254338.69512
2011-10-04,0.0,1.0,2644254223.362992
2011-10-05,0.0,1.0,2644254108.7502522
2011-10-06,0.4,0.6,2643194949.7358785
2011-10-07,0.4,0.6,2621383268.0186934
2011-10-10,0.30000000000000004,0.7,2727513477.4052277
2011-10-11,0.7000000000000001,0.29999999999999993,2743918758.3122916
2011-10-12,1.0,0.0,2773655374.841676
2011-10-13,1.0,0.0,2848332317.65251
2011-10-14,1.0,0.0,3005306338.1862044
2011-10-17,1.0,0.0,2865858406.6559534
2011-10-18,1.0,0.0,2970253738.6375318
2011-10-19,1.0,0.0,2798801458.2452173
2011-10-20,1.0,0.0,2762986954.1008124
2011-10-21,1.0,0.0,2861286206.2464576
2011-10-24,1.0,0.0,3040358445.8771496
2011-10-25,1.0,0.0,2868144155.4969077
2011-10-26,1.0,0.0,2856713970.669241
2011-10-27,1.0,0.0,3086840949.1606507
2011-10-28,1.0,0.0,3097509053.718932
2011-10-31,1.0,0.0,2943582932.5260367
2011-11-01,1.0,0.0,2715741913.6734576
2011-11-02,1.0,0.0,2782798756.6650043
2011-11-03,1.0,0.0,2951964936.831571
2011-11-04,0.4,0.6,2904500144.4734845
2011-11-07,1.0,0.0,2928658044.4682026
2011-11-08,1.0,0.0,3026338000.710179
2011-11-09,0.4,0.6,2711381765.6800632
2011-11-10,1.0,0.0,2705249289.7549415
2011-11-11,1.0,0.0,2857219484.0420394
2011-11-14,0.8,0.19999999999999996,2808507653.562518
2011-11-15,1.0,0.0,2880127774.281537
2011-11-16,0.4,0.6,2736541879.9842315
2011-11-17,0.0,1.0,2659935293.9143705
2011-11-18,0.4,0.6,2658870766.87448
2011-11-21,0.0,1.0,2595921064.99365
2011-11-22,0.0,1.0,2595921022.2494497
2011-11-23,0.0,1.0,2595920979.2332764
2011-11-25,0.0,1.0,2595920893.1953964
2011-11-28,0.0,1.0,2595920764.124704
2011-11-29,0.0,1.0,2595920721.0974455
2011-11-30,0.4,0.6,2594881808.856788
2011-12-01,0.8,0.19999999999999996,2622754714.4180274
2011-12-02,0.8,0.19999999999999996,2603220502.97859
2011-12-05,0.8,0.19999999999999996,2671293981.5422215
2011-12-06,0.8,0.19999999999999996,2654719492.6196923
2011-12-07,0.8,0.19999999999999996,2658271114.9559445
2011-12-08,0.7000000000000001,0.29999999999999993,2549112725.093419
2011-12-09,1.0,0.0,2632829812.678607
2011-12-12,0.4,0.6,2545327291.356965
2011-12-13,0.0,1.0,2509670834.020622
2011-12-14,0.0,1.0,2509670792.052711
2011-12-15,0.0,1.0,2509670750.083025
2011-12-16,0.0,1.0,2509670708.1115513
2011-12-19,0.0,1.0,2509670582.186378
2011-12-20,0.4,0.6,2508666180.192275
2011-12-21,0.0,1.0,2465741447.379069
2011-12-22,0.1,0.9,2465494351.4834585
2011-12-23,0.5,0.5,2470869657.2048817
2011-12-27,0.5,0.5,2480262674.408428
2011-12-28,0.0,1.0,2439317146.626265
2011-12-29,0.1,0.9,2439072560.9136043
2011-12-30,0.1,0.9,2437064882.085668
2012-01-03,1.0,0.0,2454216651.632438
2012-01-04,1.0,0.0,2483836847.245548
2012-01-05,1.0,0.0,2544455020.286848
2012-01-06,1.0,0.0,2571319840.1201887
2012-01-09,1.0,0.0,2549276552.0984244
2012-01-10,1.0,0.0,2601628597.8044233
2012-01-11,1.0,0.0,2620227290.302461
2012-01-12,1.0,0.0,2651225173.769369
2012-01-13,1.0,0.0,2620227102.3678665
2012-01-17,1.0,0.0,2691177652.573138
2012-01-18,1.0,0.0,2797948369.7391353
2012-01-19,1.0,0.0,2853744635.123726
2012-01-20,1.0,0.0,2841345350.1534653
2012-01-23,1.0,0.0,2841345068.1372514
2012-01-24,1.0,0.0,2825501563.436253
2012-01-25,1.0,0.0,2933649968.460042
2012-01-26,1.0,0.0,2901963053.06345
2012-01-27,1.0,0.0,2930894404.641369
2012-01-30,1.0,0.0,2935716030.141453
2012-01-31,1.0,0.0,2946048595.2439985
2012-02-01,1.0,0.0,3018377115.2069306
2012-02-02,1.0,0.0,3049374998.589582
2012-02-03,1.0,0.0,3170611438.4930673
2012-02-06,1.0,0.0,3167855780.5365434
2012-02-07,1.0,0.0,3181632565.3256783
2012-02-08,1.0,0.0,3234673454.8582516
2012-02-09,1.0,0.0,3306313130.84613
2012-02-10,1.0,0.0,3235362110.641874
2012-02-13,1.0,0.0,3322845009.1258807
2012-02-14,1.0,0.0,3351776360.631539
2012-02-15,1.0,0.0,3276692276.749577
2012-02-16,1.0,0.0,3413772127.2884326
2012-02-17,1.0,0.0,3384840587.575269
2012-02-21,1.0,0.0,3413771656.699378
2012-02-22,1.0,0.0,3368307862.335623
2012-02-23,1.0,0.0,3432370254.8949556
2012-02-24,1.0,0.0,3466123513.9610085
2012-02-27,1.0,0.0,3482655486.1537156
2012-02-28,1.0,0.0,3586670827.3833494
2012-02-29,1.0,0.0,3539829345.1055923
2012-03-01,1.0,0.0,3625934743.8108068
2012-03-02,1.0,0.0,3614913146.5577765
2012-03-05,1.0,0.0,3501942457.3937893
2012-03-06,1.0,0.0,3401371147.5427713
2012-03-07,1.0,0.0,3479210418.908616
2012-03-08,1.0,0.0,3589425355.588517
2012-03-09,1.0,0.0,3632822429.7994337
2012-03-12,1.0,0.0,3638332898.7363253
2012-03-13,1.0,0.0,3843608299.5215364
2012-03-14,1.0,0.0,3886316529.769412
2012-03-15,1.0,0.0,3916625569.0403867
2012-03-16,1.0,0.0,3907670503.559888
2012-03-19,1.0,0.0,3993086869.793117
2012-03-20,1.0,0.0,4015129781.728731
2012-03-21,1.0,0.0,4013751999.600438
2012-03-22,1.0,0.0,3988953523.4082394
2012-03-23,1.0,0.0,3983442677.614275
2012-03-26,1.0,0.0,4192162109.548897
2012-03-27,1.0,0.0,4208005425.9699116
2012-03-28,1.0,0.0,4158408567.807815
2012-03-29,1.0,0.0,4115700149.071073
2012-03-30,1.0,0.0,4087457453.1320004
2012-04-02,1.0,0.0,4212137923.9437203
2012-04-03,1.0,0.0,4212137829.6489997
2012-04-04,1.0,0.0,4040615593.5587497
2012-04-05,1.0,0.0,4114321801.1503215
2012-04-09,1.0,0.0,4019949803.716517
2012-04-10,1.0,0.0,3825695717.4851694
2012-04-11,1.0,0.0,3880803138.593269
2012-04-12,1.0,0.0,4010994549.47756
2012-04-13,1.0,0.0,3829828498.1499524
2012-04-16,1.0,0.0,3708591681.163825
2012-04-17,1.0,0.0,3927643960.666957
2012-04-18,1.0,0.0,3898712420.708464
2012-04-19,1.0,0.0,3772653884.7917175
2012-04-20,1.0,0.0,3732011997.795228
2012-04-23,1.0,0.0,3638328938.442042
2012-04-24,1.0,0.0,3573577513.4266195
2012-04-25,1.0,0.0,3858069967.476619
2012-04-26,1.0,0.0,3926954267.3830676
2012-04-27,1.0,0.0,3994460879.3996124
2012-04-30,1.0,0.0,3911110479.1058984
2012-05-01,1.0,0.0,3933153390.872434
2012-05-02,1.0,0.0,3959329366.292567
2012-05-03,1.0,0.0,3836715050.0341125
2012-05-04,1.0,0.0,3554977782.9530025
2012-05-07,1.0,0.0,3559799407.2707033
2012-05-08,0.5,0.5,3518773834.125476
2012-05-09,0.4,0.6,3508789906.5210505
2012-05-10,0.4,0.6,3494438726.0347004
2012-05-11,0.4,0.6,3493058790.642423
2012-05-14,0.4,0.6,3454696973.9105177
2012-05-15,0.4,0.6,3442829648.1853247
2012-05-16,0.4,0.6,3413851317.1840024
2012-05-17,0.4,0.6,3333263986.3996477
2012-05-18,0.30000000000000004,0.7,3283669447.142517
2012-05-21,0.4,0.6,3366429280.696338
2012-05-22,0.4,0.6,3361485710.9136667
2012-05-23,0.4,0.6,3369046432.9136333
2012-05-24,0.4,0.6,3344619431.746692
2012-05-25,0.4,0.6,3337058684.612346
2012-05-29,0.4,0.6,3386203409.018484
2012-05-30,0.4,0.6,3353052483.348231
2012-05-31,0.4,0.6,3334150634.360599
2012-06-01,0.1,0.9,3265616980.3928175
2012-06-04,0.30000000000000004,0.7,3272028486.6247354
2012-06-05,0.30000000000000004,0.7,3285414583.4114594
2012-06-06,0.4,0.6,3353220710.618786
2012-06-07,0.4,0.6,3338080089.7358456
2012-06-08,0.4,0.6,3377096260.1610236
2012-06-11,0.4,0.6,3311875140.469522
2012-06-12,0.4,0.6,3352929469.7051263
2012-06-13,0.4,0.6,3326724558.121314
2012-06-14,0.4,0.6,3341282822.7907825
2012-06-15,0.4,0.6,3390489787.275456
2012-06-18,1.0,0.0,3423999985.831986
2012-06-19,1.0,0.0,3536860078.5998716
2012-06-20,1.0,0.0,3549556758.488231
2012-06-21,0.4,0.6,3281658676.2710958
2012-06-22,1.0,0.0,3320294178.235709
2012-06-25,0.4,0.6,3121933261.3881774
2012-06-26,0.4,0.6,3145994384.6104765
2012-06-27,1.0,0.0,3167352463.608684
2012-06-28,0.4,0.6,3051970442.717518
2012-06-29,1.0,0.0,3169292050.421635
2012-07-02,1.0,0.0,3194855070.753379
2012-07-03,1.0,0.0,3270905710.9278364
2012-07-05,1.0,0.0,3282409016.353656
2012-07-06,1.0,0.0,3152675347.7822213
2012-07-09,1.0,0.0,3142449792.6035776
2012-07-10,0.4,0.6,3044119887.47198
2012-07-11,0.4,0.6,3027258191.021223
2012-07-12,0.30000000000000004,0.7,2992244860.218629
2012-07-13,1.0,0.0,3029268467.9048905
2012-07-16,0.8,0.19999999999999996,3005768449.6289897
2012-07-17,1.0,0.0,3041777799.6753345
2012-07-18,1.0,0.0,3165956497.981673
2012-07-19,1.0,0.0,3269227553.7425103
2012-07-20,1.0,0.0,3143148106.4406548
2012-07-23,0.8,0.19999999999999996,3026599902.0230317
2012-07-24,0.8,0.19999999999999996,2970857230.49652
2012-07-25,0.7000000000000001,0.29999999999999993,2917884758.544936
2012-07-26,0.8,0.19999999999999996,2997706474.9953127
2012-07-27,1.0,0.0,3178603733.525664
2012-07-30,1.0,0.0,3159290444.690326
2012-07-31,1.0,0.0,3161159437.747999
2012-08-01,1.0,0.0,3130632082.3840737
2012-08-02,1.0,0.0,3097612700.21736
2012-08-03,1.0,0.0,3273923569.3811107
2012-08-06,1.0,0.0,3347438278.878551
2012-08-07,1.0,0.0,3430298142.978634
2012-08-08,1.0,0.0,3424691055.621844
2012-08-09,1.0,0.0,3453972343.485781
2012-08-10,1.0,0.0,3468301470.539092
2012-08-13,1.0,0.0,3488860610.477593
2012-08-14,1.0,0.0,3493844637.020143
2012-08-15,1.0,0.0,3518764877.974014
2012-08-16,1.0,0.0,3644612204.390155
2012-08-17,1.0,0.0,3695075720.0576534
2012-08-20,1.0,0.0,3709404792.966601
2012-08-21,1.0,0.0,3666417303.5704274
2012-08-22,1.0,0.0,3706289705.3251586
2012-08-23,1.0,0.0,3624052793.801852
2012-08-24,1.0,0.0,3688222456.8694263
2012-08-27,1.0,0.0,3706289569.9550824
2012-08-28,1.0,0.0,3705666536.1770115
2012-08-29,1.0,0.0,3706912522.4988947
2012-08-30,1.0,0.0,3593525275.9474435
2012-08-31,1.0,0.0,3670155073.014306
2012-09-04,1.0,0.0,3654579797.1669188
2012-09-05,1.0,0.0,3638381595.869277
2012-09-06,1.0,0.0,3878862155.131885
2012-09-07,1.0,0.0,3862040947.1314073
2012-09-10,1.0,0.0,3719995338.1650314
2012-09-11,1.0,0.0,3703797136.860058
2012-09-12,1.0,0.0,3735570451.4840403
2012-09-13,1.0,0.0,3884469025.7804813
2012-09-14,1.0,0.0,3984150070.7447376
2012-09-17,1.0,0.0,3991626069.846756
2012-09-18,1.0,0.0,3999102123.1481194
2012-09-19,1.0,0.0,4025891384.160409
2012-09-20,1.0,0.0,4016546256.5487456
2012-09-21,1.0,0.0,4016546229.441738
2012-09-24,1.0,0.0,3942408350.7667394
2012-09-25,1.0,0.0,3784164621.755293
2012-09-26,1.0,0.0,3684483522.579464
2012-09-27,1.0,0.0,3840858177.263491
2012-09-28,1.0,0.0,3748653158.4899187
2012-10-01,1.0,0.0,3732454902.925686
2012-10-02,1.0,0.0,3756752137.12051
2012-10-03,1.0,0.0,3827774873.8435054
2012-10-04,1.0,0.0,3872631329.1488166
2012-10-05,1.0,0.0,3805346578.3823576
2012-10-08,1.0,0.0,3705042418.2395253
2012-10-09,1.0,0.0,3514402340.7905726
2012-10-10,1.0,0.0,3472037858.0336733
2012-10-11,0.5,0.5,3439166751.3761225
2012-10-12,0.5,0.5,3438855224.8539066
2012-10-15,1.0,0.0,3471394788.24369
2012-10-16,1.0,0.0,3622453297.755951
2012-10-17,0.5,0.5,3609548500.890941
2012-10-18,0.5,0.5,3547921200.3199816
2012-10-19,0.4,0.6,3421645093.8988104
2012-10-22,0.4,0.6,3443019675.6667147
2012-10-23,0.0,1.0,3400746012.768632
2012-10-24,0.0,1.0,3400745951.9153805
2012-10-25,0.0,1.0,3400745891.059385
2012-10-26,0.0,1.0,3400745830.20064
2012-10-31,0.0,1.0,3400745525.865741
2012-11-01,0.0,1.0,3436523367.3752427
2012-11-02,0.0,1.0,3436523306.49728
2012-11-05,0.4,0.6,3435147839.6601143
2012-11-06,0.4,0.6,3443568048.6788473
2012-11-07,0.1,0.9,3343417964.456658
2012-11-08,0.0,1.0,3327471065.6463537
2012-11-09,0.0,1.0,3327471051.2872357
2012-11-12,0.0,1.0,3327471008.2059937
2012-11-13,0.0,1.0,3327470993.844284
2012-11-14,0.0,1.0,3327470979.481927
2012-11-15,0.0,1.0,3327470965.1189218
2012-11-16,0.0,1.0,3327470950.7552686
2012-11-19,0.0,1.0,3327470907.660426
2012-11-20,0.0,1.0,3327470893.2941813
2012-11-21,0.0,1.0,3327470878.9272885
2012-11-23,0.1,0.9,3327137943.831927
2012-11-26,0.1,0.9,3331374185.520407
2012-11-27,0.1,0.9,3327601227.6242504
2012-11-28,0.4,0.6,3335544494.950486
2012-11-29,1.0,0.0,3356522463.5538325
2012-11-30,1.0,0.0,3344386208.592827
2012-12-03,1.3,0.0,3327280388.5934286
2012-12-04,1.3,0.0,3299849625.372358
2012-12-05,1.3,0.0,3167025374.727653
2012-12-06,1.3,0.0,3243328352.905877
2012-12-07,1.3,0.0,3171084605.5472856
2012-12-10,1.3,0.0,3207463690.207851
2012-12-11,1.3,0.0,3370073134.44886
2012-12-12,1.3,0.0,3340152745.0758896
2012-12-13,1.3,0.0,3242183016.6455674
2012-12-14,1.3,0.0,3121806797.161936
2012-12-17,1.3,0.0,3282666333.686048
2012-12-18,1.3,0.0,3480960172.1343107
2012-12-19,1.3,0.0,3416185230.0524716
2012-12-20,1.3,0.0,3419459622.961325
2012-12-21,1.3,0.0,3282485989.9691954
2012-12-24,1.3,0.0,3245836432.423316
2012-12-26,1.3,0.0,3145331970.548784
2012-12-27,1.3,0.0,3122050510.380748
2012-12-28,1.3,0.0,3002504132.3877954
2012-12-31,1.3,0.0,3263777849.0941963
2013-01-02,1.3,0.0,3661195336.9632483
2013-01-03,1.3,0.0,3593930754.4758863
2013-01-04,1.3,0.0,3548242789.009997
2013-01-07,1.3,0.0,3553086644.195912
2013-01-08,1.3,0.0,3526485679.7543607
2013-01-09,1.3,0.0,3572913270.0839357
2013-01-10,1.3,0.0,3653365526.890103
2013-01-11,1.3,0.0,3670747664.4185276
2013-01-14,1.3,0.0,3610861619.6878176
2013-01-15,1.3,0.0,3541937272.846652
2013-01-16,1.3,0.0,3593344068.707524
2013-01-17,1.3,0.0,3663837871.6975393
2013-01-18,1.3,0.0,3637236886.8969984
2013-01-22,1.3,0.0,3656143291.8503094
2013-01-23,1.3,0.0,3732446172.3670535
2013-01-24,1.3,0.0,3543190662.4592586
2013-01-25,1.3,0.0,3611194839.2650685
2013-01-28,1.3,0.0,3643424274.971572
2013-01-29,1.3,0.0,3643379106.6043005
2013-01-30,1.3,0.0,3618437837.28827
2013-01-31,1.3,0.0,3588517346.152464
2013-02-01,1.3,0.0,3738678635.104451
2013-02-04,1.3,0.0,3497880809.962234
2013-02-05,1.3,0.0,3695344678.694463
2013-02-06,1.3,0.0,3651316385.948591
2013-02-07,1.3,0.0,3662889378.733239
2013-02-08,1.3,0.0,3804751953.782348
2013-02-11,1.3,0.0,3802956635.387887
2013-02-12,1.3,0.0,3746480280.9560633
2013-02-13,1.3,0.0,3802036369.586588
2013-02-14,1.3,0.0,3792032729.045112
2013-02-15,1.3,0.0,3750494027.8437138
2013-02-19,1.3,0.0,3854046940.8536563
2013-02-20,1.0,0.0,3631925248.681058
2013-02-21,0.6000000000000001,0.3999999999999999,3512798758.7668
2013-02-22,1.0,0.0,3573432045.032058
2013-02-25,0.6000000000000001,0.3999999999999999,3438392454.6528316
2013-02-26,0.6000000000000001,0.3999999999999999,3463443931.9658833
2013-02-27,1.3,0.0,3524746614.3233995
2013-02-28,0.6000000000000001,0.3999999999999999,3506345153.963542
2013-03-01,1.0,0.0,3531327600.3496604
2013-03-04,0.6000000000000001,0.3999999999999999,3575775496.890609
2013-03-05,1.3,0.0,3668030988.481574
2013-03-06,1.3,0.0,3637480427.0255194
2013-03-07,1.3,0.0,3679169325.6496043
2013-03-08,1.3,0.0,3684738490.907346
2013-03-11,1.3,0.0,3733552401.0620947
2013-03-12,1.0,0.0,3674357036.8737264
2013-03-13,1.0,0.0,3662627923.386601
2013-03-14,1.3,0.0,3699112452.0757675
2013-03-15,1.3,0.0,3654128433.263049
2013-03-18,1.3,0.0,3621080774.9328585
2013-03-19,1.0,0.0,3601218097.4081936
2013-03-20,1.0,0.0,3669905051.278484
2013-03-21,1.0,0.0,3552769196.5084414
2013-03-22,1.0,0.0,3650893426.992613
2013-03-25,1.0,0.0,3613483479.91098
2013-03-26,1.0,0.0,3668678348.6588526
2013-03-27,1.0,0.0,3688303174.827804
2013-03-28,1.0,0.0,3709767830.7841454
2013-04-01,1.3,0.0,3637468945.06534
2013-04-02,1.3,0.0,3744236452.4176016
2013-04-03,0.6000000000000001,0.3999999999999999,3613855937.816634
2013-04-04,1.3,0.0,3612970281.1713924
2013-04-05,0.6000000000000001,0.3999999999999999,3495660333.242015
2013-04-08,1.3,0.0,3525771955.433571
2013-04-09,1.3,0.0,3616629583.803338
2013-04-10,1.3,0.0,3890081208.9560065
2013-04-11,1.3,0.0,3881413348.6758337
2013-04-12,1.3,0.0,3875880147.1895285
2013-04-15,1.3,0.0,3575593716.1754284
2013-04-16,1.3,0.0,3769111474.935009
2013-04-17,1.3,0.0,3486944436.1072745
2013-04-18,1.3,0.0,3290196905.3690267
2013-04-19,1.3,0.0,3470392348.7981124
2013-04-22,1.3,0.0,3609742067.817322
2013-04-23,1.3,0.0,3746835914.989391
2013-04-24,1.3,0.0,3735033366.06407
2013-04-25,1.3,0.0,3813352316.6159215
2013-04-26,1.3,0.0,3771770484.631708
2013-04-29,1.3,0.0,3900148845.61959
2013-04-30,1.3,0.0,4009030729.5295844
2013-05-01,1.3,0.0,3943938929.936966
2013-05-02,1.3,0.0,4125701676.0993133
2013-05-03,1.3,0.0,4306680754.896558
2013-05-06,1.3,0.0,4375500513.492725
2013-05-07,1.3,0.0,4362130606.368882
2013-05-08,1.3,0.0,4446718851.034887
2013-05-09,1.3,0.0,4427863283.022824
2013-05-10,1.3,0.0,4521071840.965483
2013-05-13,1.3,0.0,4542871640.85815
2013-05-14,1.3,0.0,4625108877.0228405
2013-05-15,1.3,0.0,4666595519.020273
2013-05-16,1.3,0.0,4646172605.602758
2013-05-17,1.3,0.0,4806776358.501819
2013-05-20,1.3,0.0,4779988869.214133
2013-05-21,1.3,0.0,4801883867.615598
2013-05-22,1.3,0.0,4658425500.057755
2013-05-23,1.3,0.0,4596468314.4290905
2013-05-24,1.3,0.0,4593286019.01913
2013-05-28,1.3,0.0,4709861579.199905
2013-05-29,1.3,0.0,4622827093.350931
2013-05-30,1.3,0.0,4715251943.354502
2013-05-31,1.3,0.0,4549850930.093613
2013-06-03,1.3,0.0,4582621908.681456
2013-06-04,1.3,0.0,4497938405.707456
2013-06-05,1.3,0.0,4284733802.6482463
2013-06-06,1.3,0.0,4349730354.596344
2013-06-07,1.3,0.0,4576161942.074199
2013-06-10,1.3,0.0,4578369931.7614765
2013-06-11,1.3,0.0,4415319890.6881485
2013-06-12,1.3,0.0,4225625229.6099415
2013-06-13,1.3,0.0,4415224538.3879795
2013-06-14,1.3,0.0,4318786035.57009
2013-06-17,1.3,0.0,4467539378.637381
2013-06-18,1.3,0.0,4598363784.371378
2013-06-19,1.3,0.0,4420424086.798592
2013-06-20,1.3,0.0,4016005135.215121
2013-06-21,1.3,0.0,3943860239.6035876
2013-06-24,1.3,0.0,3789335093.217608
2013-06-25,1.3,0.0,3892731200.883385
2013-06-26,1.3,0.0,4028257580.8973656
2013-06-27,1.3,0.0,4084633770.401743
2013-06-28,1.3,0.0,4098692035.271862
2013-07-01,1.3,0.0,4209045692.177946
2013-07-02,1.3,0.0,4211348970.019925
2013-07-03,1.3,0.0,4282614786.084874
2013-07-05,1.3,0.0,4400852789.622567
2013-07-08,1.3,0.0,4418733904.29172
2013-07-09,1.3,0.0,4518995321.078849
2013-07-10,1.3,0.0,4612987413.874615
2013-07-11,1.3,0.0,4966372696.120915
2013-07-12,1.3,0.0,5029801840.611643
2013-07-15,1.3,0.0,5076678523.895568
2013-07-16,1.3,0.0,5053120819.139119
2013-07-17,1.3,0.0,5096174656.910122
2013-07-18,1.3,0.0,5051457986.62419
2013-07-19,1.3,0.0,4864897907.315163
2013-07-22,1.3,0.0,4907856219.481273
2013-07-23,1.3,0.0,4774585367.341605
2013-07-24,1.3,0.0,4830177833.825917
2013-07-25,1.3,0.0,4936708538.2090645
2013-07-26,1.3,0.0,5036186253.36792
2013-07-29,1.3,0.0,5007830984.502364
2013-07-30,1.3,0.0,5097904708.316507
2013-07-31,1.3,0.0,5137040189.947908
2013-08-01,1.3,0.0,5325855728.632906
2013-08-02,1.3,0.0,5432386415.879276
2013-08-05,1.3,0.0,5446349024.51982
2013-08-06,1.3,0.0,5330318777.480079
2013-08-07,1.3,0.0,5293438716.668046
2013-08-08,1.3,0.0,5378026764.5788145
2013-08-09,1.3,0.0,5309016424.993582
2013-08-12,1.3,0.0,5348839941.266867
2013-08-13,1.3,0.0,5455370604.940129
2013-08-14,1.3,0.0,5382441928.480963
2013-08-15,1.3,0.0,5058740375.832574
2013-08-16,1.3,0.0,5037533600.357841
2013-08-19,1.3,0.0,5013096522.639624
2013-08-20,1.3,0.0,5096117214.363993
2013-08-21,1.3,0.0,5034943501.367915
2013-08-22,1.3,0.0,5208869355.645179
2013-08-23,1.3,0.0,5341260950.514197
2013-08-26,1.3,0.0,5346603106.557425
2013-08-27,1.3,0.0,4942967674.57533
2013-08-28,1.3,0.0,5020502692.523187
2013-08-29,1.3,0.0,5146624952.672338
2013-08-30,1.3,0.0,5030594654.176139
2013-09-03,1.3,0.0,5130712405.340639
2013-09-04,1.3,0.0,5332850180.062654
2013-09-05,1.3,0.0,5361014271.269873
2013-09-06,1.3,0.0,5383692703.711548
2013-09-09,1.3,0.0,5610812030.13346
2013-09-10,1.3,0.0,5711856977.130211
2013-09-11,1.3,0.0,5677327836.949814
2013-09-12,1.3,0.0,5647500686.011393
2013-09-13,1.3,0.0,5669395438.198395
2013-09-16,1.3,0.0,5612044240.551012
2013-09-17,1.3,0.0,5746003112.240266
2013-09-18,1.3,0.0,5995944436.028629
2013-09-19,1.3,0.0,6039781801.813764
2013-09-20,1.3,0.0,5962151054.585944
2013-09-23,1.3,0.0,5922040446.94116
2013-09-24,1.3,0.0,5923559879.494419
2013-09-25,1.3,0.0,5857684100.000313
2013-09-26,1.3,0.0,6015936574.536686
2013-09-27,1.3,0.0,5982191065.234122
2013-09-30,1.3,0.0,5938162086.330189
2013-10-01,1.3,0.0,6148136455.398396
2013-10-02,1.3,0.0,6134766231.37149
2013-10-03,1.3,0.0,5883945440.084314
2013-10-04,1.3,0.0,6063356858.683027
2013-10-07,1.3,0.0,5886104745.3260565
2013-10-08,1.3,0.0,5492656871.182048
2013-10-09,1.3,0.0,5420511739.759913
2013-10-10,1.3,0.0,5832671719.18916
2013-10-11,1.3,0.0,5987789500.572558
2013-10-14,1.3,0.0,6134191082.650108
2013-10-15,1.3,0.0,6057343946.943744
2013-10-16,1.3,0.0,6300232223.495796
2013-10-17,1.3,0.0,6419301391.338115
2013-10-18,1.3,0.0,6789927096.307525
2013-10-21,1.3,0.0,6834452153.1594
2013-10-22,1.3,0.0,6861832478.17864
2013-10-23,1.3,0.0,6734047085.231877
2013-10-24,1.3,0.0,6831173611.544288
2013-10-25,1.3,0.0,6989426023.754782
2013-10-28,1.3,0.0,7005739087.117689
2013-10-29,1.3,0.0,7044090710.3221245
2013-10-30,1.3,0.0,7018181782.401389
2013-10-31,1.3,0.0,6966411899.693612
2013-11-01,1.3,0.0,6962445593.949573
2013-11-04,1.3,0.0,7001484903.849836
2013-11-05,1.3,0.0,7035134520.6068945
2013-11-06,1.3,0.0,7020980556.097345
2013-11-07,1.3,0.0,6572676051.24468
2013-11-08,1.3,0.0,6874339170.682597
2013-11-11,1.3,0.0,6835795577.487821
2013-11-12,1.3,0.0,6874930835.800874
2013-11-13,1.3,0.0,7159353309.387371
2013-11-14,1.3,0.0,7222782185.568789
2013-11-15,1.3,0.0,7280725402.977917
2013-11-18,1.3,0.0,7049400117.659246
2013-11-19,1.3,0.0,6969418245.732187
2013-11-20,1.3,0.0,6912946328.593871
2013-11-21,1.3,0.0,7157401858.1570835
2013-11-22,1.3,0.0,7287442261.783797
2013-11-25,1.3,0.0,7342154740.707751
2013-11-26,1.3,0.0,7481599118.49733
2013-11-27,1.3,0.0,7652390103.388901
2013-11-29,1.3,0.0,7795704763.168297
2013-12-02,1.3,0.0,7739920399.236165
2013-12-03,1.3,0.0,7714795063.355418
2013-12-04,1.3,0.0,7736689639.203832
2013-12-05,1.3,0.0,7709996968.551449
2013-12-06,1.3,0.0,7890975582.063456
2013-12-09,1.3,0.0,7998193541.016962
2013-12-10,1.3,0.0,7981688507.598855
2013-12-11,1.3,0.0,7643097061.923452
2013-12-12,1.3,0.0,7572519123.229073
2013-12-13,1.3,0.0,7530936795.940962
2013-12-16,1.3,0.0,7678905301.668698
2013-12-17,1.3,0.0,7623216991.593567
2013-12-18,1.3,0.0,7924096359.646212
2013-12-19,1.3,0.0,7842547092.623577
2013-12-20,1.3,0.0,8111296181.877385
2013-12-23,1.3,0.0,8408161036.297289
2013-12-24,1.3,0.0,8421435251.492538
2013-12-26,1.3,0.0,8513811554.850674
2013-12-27,1.3,0.0,8443233583.817431
2013-12-30,1.3,0.0,8393718360.675346
2013-12-31,1.3,0.0,8579398911.680023
2014-01-02,1.3,0.0,8353607100.897083
2014-01-03,1.3,0.0,8148238694.965449
2014-01-06,1.3,0.0,8050136182.17624
2014-01-07,1.3,0.0,8286754958.119796
2014-01-08,1.3,0.0,8356453037.619027
2014-01-09,1.3,0.0,8259230420.673838
2014-01-10,1.3,0.0,8352438452.7990265
2014-01-13,1.3,0.0,7933033149.823944
2014-01-14,1.3,0.0,8448636733.036805
2014-01-15,1.3,0.0,8671149517.550499
2014-01-16,1.3,0.0,8691476670.206438
2014-01-17,1.3,0.0,8518238508.549846
2014-01-21,1.3,0.0,8732770178.287516
2014-01-22,1.3,0.0,8823627188.815517
2014-01-23,1.3,0.0,8704461915.17117
2014-01-24,1.3,0.0,8125285148.540218
2014-01-27,1.3,0.0,7857127144.551134
2014-01-28,1.3,0.0,7853944314.355331
2014-01-29,1.3,0.0,7572560324.855458
2014-01-30,1.3,0.0,8028605315.935865
2014-01-31,1.3,0.0,7964296591.211788
2014-02-03,1.3,0.0,7365431814.217439
2014-02-04,1.3,0.0,7529953328.418998
2014-02-05,1.3,0.0,7450754953.497075
2014-02-06,1.3,0.0,7777495166.275803
2014-02-07,1.3,0.0,8246862449.007266
2014-02-10,1.3,0.0,8418340549.099617
2014-02-11,1.3,0.0,8743513420.611263
2014-02-12,1.3,0.0,8789701467.586092
2014-02-13,1.3,0.0,9043560798.71864
2014-02-14,1.3,0.0,9072508206.280249
2014-02-18,1.3,0.0,9231399402.637882
2014-02-19,1.3,0.0,9005655599.188814
2014-02-20,1.3,0.0,9152152778.48917
2014-02-21,1.3,0.0,9098815321.622465
2014-02-24,1.3,0.0,9277346318.01072
2014-02-25,1.3,0.0,9240465822.354195
2014-02-26,1.3,0.0,9205936320.229336
2014-02-27,1.3,0.0,9408073715.822355
2014-02-28,1.3,0.0,9355519909.050169
2014-03-03,1.3,0.0,9126544939.699736
2014-03-04,1.3,0.0,9537137276.028633
2014-03-05,1.3,0.0,9624075869.62932
2014-03-06,1.3,0.0,9583277028.349777
2014-03-07,1.3,0.0,9431197722.049143
2014-03-10,1.3,0.0,9452995581.315306
2014-03-11,1.3,0.0,9322075227.607775
2014-03-12,1.3,0.0,9438793084.856354
2014-03-13,1.3,0.0,8992055638.56989
2014-03-14,1.3,0.0,8785119750.925419
2014-03-17,1.3,0.0,9048286456.017212
2014-03-18,1.3,0.0,9411858848.16914
2014-03-19,1.3,0.0,9239404219.88418
2014-03-20,1.3,0.0,9320073459.174295
2014-03-21,1.3,0.0,8939163875.009598
2014-03-24,1.3,0.0,8686678812.38778
2014-03-25,1.3,0.0,8776752023.62994
2014-03-26,1.3,0.0,8402111750.491234
2014-03-27,1.3,0.0,8233575431.043385
2014-03-28,1.3,0.0,8294653022.228068
2014-03-31,1.3,0.0,8481020443.7142105
2014-04-01,1.3,0.0,8998974856.13797
2014-04-02,1.3,0.0,9078076736.816132
2014-04-03,1.3,0.0,8839010531.38301
2014-04-04,1.3,0.0,8051378661.80917
2014-04-07,1.3,0.0,7777734546.982006
2014-04-08,1.3,0.0,8025324439.412055
2014-04-09,1.3,0.0,8491556929.233978
2014-04-10,1.3,0.0,7608317888.431648
2014-04-11,1.3,0.0,7304991116.692858
2014-04-14,1.3,0.0,7492925777.655479
2014-04-15,1.3,0.0,7578296952.019196
2014-04-16,1.3,0.0,7914440998.2611885
2014-04-17,1.3,0.0,7919094649.45687
2014-04-21,1.3,0.0,8122654227.172638
2014-04-22,1.3,0.0,8347517797.551304
2014-04-23,1.3,0.0,8091210913.6871395
2014-04-24,1.3,0.0,8361527063.150572
2014-04-25,1.3,0.0,7906169206.17658
2014-04-28,1.3,0.0,8002414944.022871
2014-04-29,1.3,0.0,8202984877.050722
2014-04-30,1.3,0.0,8285221357.969714
2014-05-01,1.3,0.0,8369025167.182764
2014-05-02,1.3,0.0,8322740545.815875
2014-05-05,1.3,0.0,8455818503.994451
2014-05-06,1.3,0.0,8087447463.84907
2014-05-07,1.3,0.0,8005114230.992579
2014-05-08,1.3,0.0,7973719236.007189
2014-05-09,1.3,0.0,8079465654.345953
2014-05-12,1.3,0.0,8526009659.524009
2014-05-13,1.3,0.0,8545552893.730647
2014-05-14,1.3,0.0,8402877422.86909
2014-05-15,1.3,0.0,8183402757.161001
2014-05-16,1.3,0.0,8355760704.978893
2014-05-19,1.3,0.0,8557801112.390796
2014-05-20,1.3,0.0,8451957894.382718
2014-05-21,1.3,0.0,8721490320.040894
2014-05-22,1.3,0.0,8842910014.795158
2014-05-23,1.3,0.0,9064638856.996773
2014-05-27,1.3,0.0,9446090129.844637
2014-05-28,1.3,0.0,9346516216.319635
2014-05-29,1.3,0.0,9558057397.485937
2014-05-30,1.3,0.0,9548604981.228065
2014-06-02,1.3,0.0,9521815049.886993
2014-06-03,1.3,0.0,9506093303.090836
2014-06-04,1.3,0.0,9618108986.839592
2014-06-05,1.3,0.0,9896261697.471395
2014-06-06,1.3,0.0,10074105256.312756
2014-06-09,1.3,0.0,10053584601.208145
2014-06-10,1.3,0.0,10117013027.576355
2014-06-11,1.3,0.0,10099723932.938442
2014-06-12,1.3,0.0,9807368339.909016
2014-06-13,1.3,0.0,9881768072.998291
2014-06-16,1.3,0.0,9922373260.313284
2014-06-17,1.3,0.0,9937998092.355532
2014-06-18,1.3,0.0,10138567916.832972
2014-06-19,1.3,0.0,10094634186.942518
2014-06-20,1.3,0.0,10135336299.868849
2014-06-23,1.3,0.0,10147729493.210398
2014-06-24,1.3,0.0,10116334396.153305
2014-06-25,1.3,0.0,10322389862.034004
2014-06-26,1.3,0.0,10352904313.908653
2014-06-27,1.3,0.0,10466487278.136614
2014-06-30,1.3,0.0,10551761292.340002
2014-07-01,1.3,0.0,10942761739.782785
2014-07-02,1.3,0.0,10988949483.23819
2014-07-03,1.3,0.0,11220865884.358719
2014-07-07,1.3,0.0,11102338383.181572
2014-07-08,1.3,0.0,10677543309.519596
2014-07-09,1.3,0.0,10943940967.7702
2014-07-10,1.3,0.0,10830260986.619993
2014-07-11,1.3,0.0,11037100082.933605
2014-07-14,1.3,0.0,11268919404.049063
2014-07-15,1.3,0.0,11139566107.391851
2014-07-16,1.3,0.0,11277442652.463293
2014-07-17,1.3,0.0,10784468684.087702
2014-07-18,1.3,0.0,11346308114.98985
2014-07-21,1.3,0.0,11300709898.491768
2014-07-22,1.3,0.0,11546732232.436556
2014-07-23,1.3,0.0,11783350581.42783
2014-07-24,1.3,0.0,11737849444.940968
2014-07-25,1.3,0.0,11581067843.41939
2014-07-28,1.3,0.0,11595811804.023514
2014-07-29,1.3,0.0,11532286356.328636
2014-07-30,1.3,0.0,11683485179.857765
2014-07-31,1.3,0.0,10905257036.778019
2014-08-01,1.3,0.0,10766499720.336714
2014-08-04,1.3,0.0,11009290217.546648
2014-08-05,1.3,0.0,10726338489.817438
2014-08-06,1.3,0.0,10705914612.426481
2014-08-07,1.3,0.0,10592234570.321566
2014-08-08,1.3,0.0,10841391528.172922
2014-08-11,1.3,0.0,11057537361.77181
2014-08-12,1.3,0.0,11029276818.995834
2014-08-13,1.3,0.0,11422628168.530066
2014-08-14,1.3,0.0,11615361216.648909
2014-08-15,1.3,0.0,11788502631.80389
2014-08-18,1.3,0.0,12099471912.64318
2014-08-19,1.3,0.0,12326686220.047043
2014-08-20,1.3,0.0,12326637608.167591
2014-08-21,1.3,0.0,12402604521.553553
2014-08-22,1.3,0.0,12455061475.818008
2014-08-25,1.3,0.0,12606163003.680838
2014-08-26,1.3,0.0,12652350627.374228
2014-08-27,1.3,0.0,12653869330.69803
2014-08-28,1.3,0.0,12598180469.949871
2014-08-29,1.3,0.0,12757999545.654175
2014-09-02,1.3,0.0,12873003786.863768
2014-09-03,1.3,0.0,12633937248.885809
2014-09-04,1.3,0.0,12590003351.343533
2014-09-05,1.3,0.0,12801544317.054043
2014-09-08,1.3,0.0,12871144569.264095
2014-09-09,1.3,0.0,12532552533.8118
2014-09-10,1.3,0.0,12848320964.390491
2014-09-11,1.3,0.0,12837300991.296892
2014-09-12,1.3,0.0,12617826064.47115
2014-09-15,1.3,0.0,12205472153.559381
2014-09-16,1.3,0.0,12564342158.773027
2014-09-17,1.3,0.0,12631688695.726448
2014-09-18,1.3,0.0,12927081812.832659
2014-09-19,1.3,0.0,12895686526.265797
2014-09-22,1.3,0.0,12516246509.242577
2014-09-23,1.3,0.0,12397864373.260284
2014-09-24,1.3,0.0,12835100884.152184
2014-09-25,1.3,0.0,11951077812.733572
2014-09-26,1.3,0.0,12367939023.243048
2014-09-29,1.3,0.0,12323124014.180029
2014-09-30,1.3,0.0,12372446222.432884
2014-10-01,1.3,0.0,11728224698.71989
2014-10-02,1.3,0.0,11721906671.176495
2014-10-03,1.3,0.0,12108204922.376804
2014-10-06,1.3,0.0,12017153618.802929
2014-10-07,1.3,0.0,11463837248.827488
2014-10-08,1.3,0.0,12188678869.06858
2014-10-09,1.3,0.0,11527216692.792229
2014-10-10,1.3,0.0,10582851365.79872
2014-10-13,1.3,0.0,10036490516.912807
2014-10-14,1.3,0.0,10056817081.024134
2014-10-15,1.3,0.0,9818534116.590977
2014-10-16,1.3,0.0,9649213690.335226
2014-10-17,1.3,0.0,10069209515.901278
2014-10-20,1.3,0.0,10549450074.251797
2014-10-21,1.3,0.0,11460020325.927591
2014-10-22,1.3,0.0,11265622599.154512
2014-10-23,1.3,0.0,11829812814.183392
2014-10-24,1.3,0.0,12126773183.121586
2014-10-27,1.3,0.0,12176781483.535816
2014-10-28,1.3,0.0,12769183635.964321
2014-10-29,1.3,0.0,12602997842.218672
2014-10-30,1.3,0.0,12688368585.563463
2014-10-31,1.3,0.0,13256477109.259335
2014-11-03,1.3,0.0,13403659852.449894
2014-11-04,1.3,0.0,13250012689.286104
2014-11-05,1.3,0.0,13248396578.825344
2014-11-06,1.3,0.0,13371383237.968784
2014-11-07,1.3,0.0,13335285852.952307
2014-11-10,1.3,0.0,13482468550.21214
2014-11-11,1.3,0.0,13621128503.046064
2014-11-12,1.3,0.0,13701797226.569195
2014-11-13,1.3,0.0,13892179080.299385
2014-11-14,1.3,0.0,14030055361.338327
2014-11-17,1.3,0.0,13888849207.500639
2014-11-18,1.3,0.0,14224209118.097616
2014-11-19,1.3,0.0,14029811330.084932
2014-11-20,1.3,0.0,14230380816.505426
2014-11-21,1.3,0.0,14340828799.127155
2014-11-24,1.3,0.0,14689413368.950092
2014-11-25,1.3,0.0,14741086450.46182
2014-11-26,1.3,0.0,15063907699.84615
2014-11-28,1.3,0.0,15305178932.64856
2014-12-01,1.3,0.0,14700042869.893055
2014-12-02,1.3,0.0,14869265720.787588
2014-12-03,1.3,0.0,15014194947.319134
2014-12-04,1.3,0.0,14965558859.506855
2014-12-05,1.3,0.0,14976481327.090364
2014-12-08,1.3,0.0,14629954744.705894
2014-12-09,1.3,0.0,14781936945.178947
2014-12-10,1.3,0.0,14013112496.575512
2014-12-11,1.3,0.0,14249730537.657806
2014-12-12,1.3,0.0,13742650271.958084
2014-12-15,1.3,0.0,13297381824.415318
2014-12-16,1.3,0.0,12583413928.864197
2014-12-17,1.3,0.0,13317659378.734877
2014-12-18,1.3,0.0,14373991236.516499
2014-12-19,1.3,0.0,14546348711.096188
2014-12-22,1.3,0.0,14690396471.543139
2014-12-23,1.3,0.0,14539883862.022615
2014-12-24,1.3,0.0,14572748914.456005
2014-12-26,1.3,0.0,14890035552.023659
2014-12-29,1.3,0.0,14893023524.788244
2014-12-30,1.3,0.0,14563051561.933588
2014-12-31,1.3,0.0,14072428224.45093
2015-01-02,1.3,0.0,13947727640.81929
2015-01-05,1.3,0.0,13271277811.920534
2015-01-06,1.3,0.0,12701504272.909721
2015-01-07,1.3,0.0,13231996716.580456
2015-01-08,1.3,0.0,14048526967.516018
2015-01-09,1.3,0.0,13742064939.672932
2015-01-12,1.3,0.0,13285824994.734762
2015-01-13,1.3,0.0,13274021085.120352
2015-01-14,1.3,0.0,13052978556.530235
2015-01-15,1.3,0.0,12491041650.090408
2015-01-16,1.3,0.0,12974514160.133783
2015-01-20,1.3,0.0,13285433484.150307
2015-01-21,1.3,0.0,13506378130.70502
2015-01-22,1.3,0.0,14318990024.766193
2015-01-23,1.3,0.0,14421601216.991087
2015-01-26,1.3,0.0,14386973074.377298
2015-01-27,1.3,0.0,13188699973.710602
2015-01-28,1.3,0.0,12943363792.221626
2015-01-29,1.3,0.0,13349253415.82424
2015-01-30,1.3,0.0,13017714054.491154
2015-02-02,1.3,0.0,13387457125.171757
2015-02-03,1.3,0.0,13783159089.78764
2015-02-04,1.3,0.0,13743926848.784763
2015-02-05,1.3,0.0,14138061478.545721
2015-02-06,1.3,0.0,13860595002.807243
2015-02-09,1.3,0.0,13695878339.559772
2015-02-10,1.3,0.0,14403479050.89558
2015-02-11,1.3,0.0,14577403737.456509
2015-02-12,1.3,0.0,15125136737.194765
2015-02-13,1.3,0.0,15534944654.011063
2015-02-17,1.3,0.0,15579417553.421848
2015-02-18,1.3,0.0,15650682079.290653
2015-02-19,1.3,0.0,15902973271.413582
2015-02-20,1.3,0.0,16229712658.321186
2015-02-23,1.3,0.0,16297744476.51676
2015-02-24,1.3,0.0,16333744053.786442
2015-02-25,1.3,0.0,16193418951.79476
2015-02-26,1.3,0.0,16456681441.77193
2015-02-27,1.3,0.0,16224667503.31087
2015-03-02,1.3,0.0,16691584878.123178
2015-03-03,1.3,0.0,16436060973.926214
2015-03-04,1.3,0.0,16241662955.57907
2015-03-05,1.3,0.0,16317629439.8634
2015-03-06,1.3,0.0,15718860157.719963
2015-03-09,1.3,0.0,15880148046.112818
2015-03-10,1.3,0.0,14940484379.51683
2015-03-11,1.3,0.0,14659099505.090921
2015-03-12,1.3,0.0,14960761560.621326
2015-03-13,1.3,0.0,14753824878.778446
2015-03-16,1.3,0.0,15360234572.411192
2015-03-17,1.3,0.0,15451874334.929132
2015-03-18,1.3,0.0,15928293723.86054
2015-03-19,1.3,0.0,16010529499.201351
2015-03-20,1.3,0.0,16365480772.866335
2015-03-23,1.3,0.0,16218788132.925615
2015-03-24,1.3,0.0,16043198036.135578
2015-03-25,1.3,0.0,14848059471.103289
2015-03-26,1.3,0.0,14717138288.100811
2015-03-27,1.3,0.0,14869903916.661304
2015-03-30,1.3,0.0,15443399578.150179
2015-03-31,1.3,0.0,14931617081.684809
2015-04-01,1.3,0.0,14661203474.286728
2015-04-02,1.3,0.0,14687015322.153301
2015-04-06,1.3,0.0,15066896518.282703
2015-04-07,1.3,0.0,14992399205.521378
2015-04-08,1.3,0.0,15374778720.45954
2015-04-09,1.3,0.0,15681142705.750313
2015-04-10,1.3,0.0,15881711882.60069
2015-04-13,1.3,0.0,15756178065.204191
2015-04-14,1.3,0.0,15611150866.199848
2015-04-15,1.3,0.0,15906543525.035065
2015-04-16,1.3,0.0,15847719497.07793
2015-04-17,1.3,0.0,15055384810.334465
2015-04-20,1.3,0.0,15776993061.809568
2015-04-21,1.3,0.0,15993235519.054539
2015-04-22,1.3,0.0,16270603862.144495
2015-04-23,1.3,0.0,16479009662.668213
2015-04-24,1.3,0.0,17167018582.600212
2015-04-27,1.3,0.0,17050104990.207525
2015-04-28,1.3,0.0,16931722378.22059
2015-04-29,1.3,0.0,16587644177.388361
2015-04-30,1.3,0.0,15756909865.657093
2015-05-01,1.3,0.0,16437865783.0771
2015-05-04,1.3,0.0,16500411482.380718
2015-05-05,1.3,0.0,15665758833.468973
2015-05-06,1.3,0.0,15308358308.270153
2015-05-07,1.3,0.0,15589644944.450974
2015-05-08,1.3,0.0,16201638306.074148
2015-05-11,1.3,0.0,16011060089.330978
2015-05-12,1.3,0.0,15790017301.162344
2015-05-13,1.3,0.0,15877738611.956594
2015-05-14,1.3,0.0,16629224371.534344
2015-05-15,1.3,0.0,16627607841.538187
2015-05-18,1.3,0.0,16845319164.028809
2015-05-19,1.3,0.0,16793548050.39899
2015-05-20,1.3,0.0,16823278118.627596
2015-05-21,1.3,0.0,17104564723.926651
2015-05-22,1.3,0.0,17055144599.371565
2015-05-26,1.3,0.0,16425664536.58626
2015-05-27,1.3,0.0,17269622764.784023
2015-05-28,1.3,0.0,17133999451.53421
2015-05-29,1.3,0.0,16825969785.170816
2015-06-01,1.3,0.0,16982555126.925997
2015-06-02,1.3,0.0,16817936189.077309
2015-06-03,1.3,0.0,16974619993.891697
2015-06-04,1.3,0.0,16581170804.060814
2015-06-05,1.3,0.0,16447114803.61282
2015-06-08,1.3,0.0,15910156369.220558
2015-06-09,1.3,0.0,15826254934.748812
2015-06-10,1.3,0.0,16497023115.899405
2015-06-11,1.3,0.0,16593364680.230865
2015-06-12,1.3,0.0,16143491576.073223
2015-06-15,1.3,0.0,15905109548.46164
2015-06-16,1.3,0.0,16165237135.1098
2015-06-17,1.3,0.0,16310165930.534136
2015-06-18,1.3,0.0,17045978308.219023
2015-06-19,1.3,0.0,16768511539.504292
2015-06-22,1.3,0.0,17199379573.10739
2015-06-23,1.3,0.0,17244782870.88789
2015-06-24,1.3,0.0,16963397764.96794
2015-06-25,1.3,0.0,16845015024.967644
2015-06-26,1.3,0.0,16511908009.355803
2015-06-29,1.3,0.0,15266516066.601822
2015-06-30,1.3,0.0,15452979090.561909
2015-07-01,1.3,0.0,15792256832.432951
2015-07-02,1.3,0.0,15856468075.874651
2015-07-06,1.3,0.0,15712860094.29157
2015-07-07,1.3,0.0,15798230287.926165
2015-07-08,1.3,0.0,14951822519.224054
2015-07-09,1.3,0.0,14904753284.330776
2015-07-10,1.3,0.0,15649185930.9323
2015-07-13,1.3,0.0,16504800380.679577
2015-07-14,1.3,0.0,16857400402.738213
2015-07-15,1.3,0.0,16943554243.911528
2015-07-16,1.3,0.0,17648019950.441345
2015-07-17,1.3,0.0,18505300374.88054
2015-07-20,1.3,0.0,18724578610.28462
2015-07-21,1.3,0.0,18670456361.76504
2015-07-22,1.3,0.0,18021532200.40607
2015-07-23,1.3,0.0,17792652600.860653
2015-07-24,1.3,0.0,17255792563.16523
2015-07-27,1.3,0.0,16783878018.01407
2015-07-28,1.3,0.0,17255595124.268272
2015-07-29,1.3,0.0,17460866049.63577
2015-07-30,1.3,0.0,17719426208.524525
2015-07-31,1.3,0.0,17661385611.717262
2015-08-03,1.3,0.0,17488831138.476162
2015-08-04,1.3,0.0,17368880979.533844
2015-08-05,1.3,0.0,17801414806.50909
2015-08-06,1.3,0.0,16893881085.589367
2015-08-07,1.3,0.0,16822518164.351028
2015-08-10,1.3,0.0,17427359554.154713
2015-08-11,1.3,0.0,16721227786.63075
2015-08-12,1.3,0.0,16877911436.65502
2015-08-13,1.3,0.0,16797144519.35261
2015-08-14,1.3,0.0,16893485942.129957
2015-08-17,1.3,0.0,17335324917.29305
2015-08-18,1.3,0.0,17041401045.976393
2015-08-19,1.3,0.0,16700457258.560793
2015-08-20,0.0,1.0,15218384968.845196
2015-08-21,0.0,1.0,15218384261.073612
2015-08-24,0.0,1.0,15218382150.334867
2015-08-25,0.0,1.0,15218381446.692574
2015-08-26,0.0,1.0,15218380743.018919
2015-08-27,0.0,1.0,15218380039.313911
2015-08-28,0.0,1.0,15218379335.577534
2015-08-31,0.0,1.0,15218377224.180191
2015-09-01,0.0,1.0,15245924978.090624
2015-09-02,0.0,1.0,15245924274.197409
2015-09-03,0.0,1.0,15245923570.272814
2015-09-04,0.0,1.0,15245922866.31687
2015-09-08,0.0,1.0,15245920050.179253
2015-09-09,0.0,1.0,15245919346.066412
2015-09-10,0.0,1.0,15245918641.922194
2015-09-11,0.0,1.0,15245917937.746584
2015-09-14,0.0,1.0,15245915825.031475
2015-09-15,0.0,1.0,15245915120.730326
2015-09-16,0.0,1.0,15245914416.39778
2015-09-17,0.0,1.0,15245913712.033852
2015-09-18,0.0,1.0,15245913007.63854
2015-09-21,0.0,1.0,15245910894.264215
2015-09-22,0.0,1.0,15245910189.743309
2015-09-23,0.0,1.0,15245909485.191011
2015-09-24,0.0,1.0,15245908780.607304
2015-09-25,0.0,1.0,15245908075.992205
2015-09-28,0.0,1.0,15245905961.95846
2015-09-29,0.0,1.0,15245905257.217737
2015-09-30,0.0,1.0,15245904552.445602
2015-10-01,0.0,1.0,15408568337.626886
2015-10-02,0.0,1.0,15408567632.791931
2015-10-05,1.0,0.0,15393149069.339037
2015-10-06,0.0,1.0,15157720016.591053
2015-10-07,0.0,1.0,15157719348.206127
2015-10-08,0.0,1.0,15157718679.791777
2015-10-09,1.0,0.0,15142552702.029434
2015-10-12,1.0,0.0,15270305766.330122
2015-10-13,1.0,0.0,14970424940.034208
2015-10-14,1.0,0.0,14906929238.646135
2015-10-15,1.0,0.0,15635973956.1121
2015-10-16,1.0,0.0,15830283390.923634
2015-10-19,1.0,0.0,16114861537.494009
2015-10-20,1.0,0.0,15847110727.974016
2015-10-21,1.0,0.0,15592364925.298176
2015-10-22,1.0,0.0,16517249746.066153
2015-10-23,1.0,0.0,17891954804.549377
2015-10-26,1.0,0.0,17944737827.99081
2015-10-27,1.0,0.0,18061782221.64171
2015-10-28,1.0,0.0,18481001774.97261
2015-10-29,1.0,0.0,18412916070.71738
2015-10-30,1.0,0.0,18160465268.98976
2015-11-02,1.0,0.0,18780878591.824448
2015-11-03,1.0,0.0,18959888018.019917
2015-11-04,1.0,0.0,18967537353.61656
2015-11-05,1.0,0.0,18800001596.592747
2015-11-06,1.0,0.0,18862730961.24212
2015-11-09,1.0,0.0,18255318634.512886
2015-11-10,1.0,0.0,18126032897.558277
2015-11-11,1.0,0.0,18045707186.451202
2015-11-12,1.0,0.0,17520916240.400322
2015-11-13,0.9,0.09999999999999998,16488038462.804077
2015-11-16,1.0,0.0,17105470194.25637
2015-11-17,1.0,0.0,17164079603.862934
2015-11-18,1.0,0.0,18148262134.525578
2015-11-19,1.0,0.0,18175663897.774246
2015-11-20,1.0,0.0,18536454663.50653
2015-11-23,1.0,0.0,18387266672.958965
2015-11-24,1.0,0.0,18329418280.30462
2015-11-25,1.0,0.0,18370520961.44453
2015-11-27,1.0,0.0,18436741919.48595
2015-11-30,1.0,0.0,18320283899.43503
2015-12-01,1.0,0.0,18864514732.71052
2015-12-02,1.0,0.0,18521230550.230255
2015-12-03,1.0,0.0,17576628303.900715
2015-12-04,1.0,0.0,18784592493.715694
2015-12-07,1.0,0.0,18554721319.783634
2015-12-08,1.0,0.0,18556243571.363003
2015-12-09,1.0,0.0,17691563346.15838
2015-12-10,1.0,0.0,17942746768.543392
2015-12-11,1.0,0.0,16711947570.281788
2015-12-14,1.0,0.0,17087200270.659313
2015-12-15,1.0,0.0,17377202960.44118
2015-12-16,1.0,0.0,18145215452.872177
2015-12-17,1.0,0.0,17389381408.81916
2015-12-18,0.6000000000000001,0.3999999999999999,16427548418.566187
2015-12-21,1.0,0.0,16713690737.69208
2015-12-22,1.0,0.0,17030287998.229073
2015-12-23,1.0,0.0,17420582550.63601
2015-12-24,1.0,0.0,17384485628.566147
2015-12-28,0.5,0.5,17371279119.71048
2015-12-29,1.0,0.0,17758754232.995293
2015-12-30,0.5,0.5,17296613361.133907
2015-12-31,0.5,0.5,16975587249.269363
2016-01-04,0.4,0.6,16595893052.175497
2016-01-05,0.4,0.6,16536353327.345158
2016-01-06,0.0,1.0,16353825494.926569
2016-01-07,0.0,1.0,16353825175.092129
2016-01-08,0.0,1.0,16353824855.241713
2016-01-11,0.0,1.0,16353823895.594587
2016-01-12,0.0,1.0,16353823575.680254
2016-01-13,0.0,1.0,16353823255.749943
2016-01-14,0.0,1.0,16353822935.803648
2016-01-15,0.0,1.0,16353822615.841368
2016-01-19,0.0,1.0,16353821335.832424
2016-01-20,0.0,1.0,16353821015.790222
2016-01-21,0.0,1.0,16353820695.73203
2016-01-22,0.0,1.0,16353820375.657854
2016-01-25,0.0,1.0,16353819415.339367
2016-01-26,0.0,1.0,16353819095.20123
2016-01-27,0.0,1.0,16353818775.047096
2016-01-28,0.0,1.0,16353818454.876976
2016-01-29,0.0,1.0,16353818134.690853
2016-02-01,0.0,0.0,16824719106.601389
2016-02-02,0.0,0.0,16824875564.912388
2016-02-03,0.0,0.0,16825050396.940395
2016-02-04,0.0,0.0,16825225230.781193
2016-02-05,0.0,0.0,16825400066.434782
2016-02-08,0.0,0.0,16825924584.332426
2016-02-09,0.0,0.0,16826099427.257246
2016-02-10,0.0,0.0,16826274272.006868
2016-02-11,0.0,0.0,16826449118.569284
2016-02-12,0.0,0.0,16826623966.944489
2016-02-16,0.0,0.0,16827323378.662218
2016-02-17,0.0,0.0,16827498236.12367
2016-02-18,0.0,0.0,16827673095.4077
2016-02-19,0.0,0.0,16827847956.504519
2016-02-22,0.0,0.0,16828372550.684523
2016-02-23,0.0,0.0,16828547419.052835
2016-02-24,0.0,0.0,16828722289.229647
2016-02-25,1.0,0.0,16820482712.654675
2016-02-26,1.0,0.0,16781585028.761421
2016-02-29,1.0,0.0,16337182607.75244
2016-03-01,1.0,0.0,17901824240.706528
2016-03-02,1.0,0.0,17921272438.45998
2016-03-03,1.0,0.0,17820139147.228542
2016-03-04,1.0,0.0,17851256521.289417
2016-03-07,1.0,0.0,17519656137.8823
2016-03-08,1.0,0.0,17055805948.289747
2016-03-09,1.0,0.0,17382542456.472813
2016-03-10,1.0,0.0,17316416694.141693
2016-03-11,1.0,0.0,18213970412.129807
2016-03-14,1.0,0.0,18320936572.796947
2016-03-15,1.0,0.0,18309266966.662037
2016-03-16,1.0,0.0,18776033590.906666
2016-03-17,1.0,0.0,18722549436.1359
2016-03-18,1.0,0.0,18830488887.53556
2016-03-21,1.0,0.0,19054146811.254654
2016-03-22,1.0,0.0,19224321869.773266
2016-03-23,1.0,0.0,18766306268.02736
2016-03-24,1.0,0.0,18760471249.87065
2016-03-28,1.0,0.0,18693371765.7072
2016-03-29,1.0,0.0,19587035757.850033
2016-03-30,1.0,0.0,19880709599.243877
2016-03-31,1.0,0.0,19764989836.959232
2016-04-01,1.0,0.0,20423325439.285908
2016-04-04,1.0,0.0,20170491994.40707
2016-04-05,1.0,0.0,19627874863.829243
2016-04-06,1.0,0.0,20568215561.20149
2016-04-07,1.0,0.0,19680385296.855118
2016-04-08,1.0,0.0,19633708161.13977
2016-04-11,1.0,0.0,19423661695.754448
2016-04-12,1.0,0.0,19876814280.33003
2016-04-13,1.0,0.0,20652814077.268375
2016-04-14,1.0,0.0,20666427685.90275
2016-04-15,1.0,0.0,20508893374.696743
2016-04-18,1.0,0.0,20811318236.942795
2016-04-19,1.0,0.0,20452490633.589767
2016-04-20,1.0,0.0,20503056633.871307
2016-04-21,1.0,0.0,20508890791.451057
2016-04-22,1.0,0.0,19579245978.18321
2016-04-25,1.0,0.0,19564658215.75874
2016-04-26,0.6000000000000001,0.3999999999999999,19287571959.551746
2016-04-27,0.6000000000000001,0.3999999999999999,19009966605.962757
2016-04-28,0.2,0.8,18602132086.413475
2016-04-29,0.2,0.8,18542782696.483925
2016-05-02,0.2,0.8,18662027525.483776
2016-05-03,0.2,0.8,18562049943.314274
2016-05-04,0.1,0.9,18488020827.97954
2016-05-05,0.2,0.8,18485143841.5024
2016-05-06,0.2,0.8,18538547652.7087
2016-05-09,0.2,0.8,18571616712.161858
2016-05-10,0.6000000000000001,0.3999999999999999,18722888540.64985
2016-05-11,0.2,0.8,18408841069.987255
2016-05-12,0.1,0.9,18355361157.22317
2016-05-13,0.1,0.9,18333122663.3983
2016-05-16,0.1,0.9,18403028759.95144
2016-05-17,0.1,0.9,18330828652.527233
2016-05-18,0.1,0.9,18351371660.128754
2016-05-19,0.0,1.0,18320649762.96961
2016-05-20,0.1,0.9,18318816705.53488
2016-05-23,0.1,0.9,18309892440.09346
2016-05-24,1.0,0.0,18404905474.82832
2016-05-25,1.0,0.0,18801756426.508316
2016-05-26,1.0,0.0,18959562536.064877
2016-05-27,1.0,0.0,19245294986.84884
2016-05-31,1.0,0.0,19360145214.828796
2016-06-01,1.0,0.0,19367614528.915436
2016-06-02,1.0,0.0,19476864654.626858
2016-06-03,1.0,0.0,19209805907.80115
2016-06-06,1.0,0.0,19416166325.683655
2016-06-07,1.0,0.0,19278901457.78656
2016-06-08,1.0,0.0,19363873591.4691
2016-06-09,1.0,0.0,19278899782.692196
2016-06-10,1.0,0.0,18629929549.58802
2016-06-13,0.1,0.9,18134559517.991302
2016-06-14,1.0,0.0,18119163968.192245
2016-06-15,0.1,0.9,17940886589.827595
2016-06-16,0.1,0.9,17953823934.081326
2016-06-17,0.0,1.0,17890093046.43146
2016-06-20,0.0,1.0,17890092780.260857
2016-06-21,0.0,1.0,17890092691.528267
2016-06-22,0.0,1.0,17890092602.791145
2016-06-23,0.6000000000000001,0.3999999999999999,17879357588.991528
2016-06-24,0.0,1.0,16555119438.399424
2016-06-27,0.0,1.0,16555117997.158243
2016-06-28,0.0,1.0,16555117516.695492
2016-06-29,0.0,1.0,16555117036.208216
2016-06-30,0.4,0.6,16548489800.700773
2016-07-01,0.4,0.6,16779510629.798058
2016-07-05,0.4,0.6,16660411455.147112
2016-07-06,1.0,0.0,16805791401.282951
2016-07-07,1.0,0.0,16965375083.525255
2016-07-08,1.0,0.0,17749493684.388363
2016-07-11,1.0,0.0,18053133420.81405
2016-07-12,1.0,0.0,18336933992.820538
2016-07-13,1.0,0.0,18208403499.726753
2016-07-14,1.0,0.0,18578465800.775158
2016-07-15,1.0,0.0,18474088591.774933
2016-07-18,1.0,0.0,18842424624.465145
2016-07-19,1.0,0.0,18647472599.809193
2016-07-20,1.0,0.0,19285808878.183754
2016-07-21,1.0,0.0,19171080261.53305
2016-07-22,1.0,0.0,19394497622.90796
2016-07-25,1.0,0.0,19410885800.333977
2016-07-26,1.0,0.0,19476444197.35907
2016-07-27,1.0,0.0,19856857905.554142
2016-07-28,1.0,0.0,20072511711.15136
2016-07-29,1.0,0.0,20204491639.499966
2016-08-01,1.0,0.0,20521070633.619274
2016-08-02,1.0,0.0,20058707248.39768
2016-08-03,1.0,0.0,20248482535.107227
2016-08-04,1.0,0.0,20430494266.171696
2016-08-05,1.0,0.0,21021386593.1196
2016-08-08,1.0,0.0,20954963509.500134
2016-08-09,1.0,0.0,21092981758.593483
2016-08-10,1.0,0.0,20930809190.409924
2016-08-11,1.0,0.0,21200807884.965427
2016-08-12,1.0,0.0,21240487762.810913
2016-08-15,1.0,0.0,21507897570.231358
2016-08-16,1.0,0.0,21168888457.243893
2016-08-17,1.0,0.0,21268088928.032124
2016-08-18,1.0,0.0,21288791225.317413
2016-08-19,1.0,0.0,21259461719.701084
2016-08-22,1.0,0.0,21280162981.352352
2016-08-23,1.0,0.0,21406967205.291603
2016-08-24,1.0,0.0,20993773005.070023
2016-08-25,1.0,0.0,20894571498.727425
2016-08-26,1.0,0.0,20995497203.8585
2016-08-29,1.0,0.0,21054153625.753662
2016-08-30,1.0,0.0,20863514686.43759
2016-08-31,1.0,0.0,20809169279.064938
2016-09-01,1.0,0.0,20901468811.127094
2016-09-02,1.0,0.0,21146451603.660698
2016-09-06,1.0,0.0,21538940398.392853
2016-09-07,1.0,0.0,21577757658.25667
2016-09-08,1.0,0.0,21207694322.18393
2016-09-09,1.0,0.0,19599775173.572342
2016-09-12,1.0,0.0,20604722762.52255
2016-09-13,1.0,0.0,20118206092.038708
2016-09-14,1.0,0.0,20376990760.908478
2016-09-15,1.0,0.0,21322418793.347305
2016-09-16,1.0,0.0,21299127608.023464
2016-09-19,1.0,0.0,21019638050.19167
2016-09-20,1.0,0.0,21136090865.895218
2016-09-21,1.0,0.0,21751136475.740868
2016-09-22,1.0,0.0,22260080158.77315
2016-09-23,1.0,0.0,21858962599.8273
2016-09-26,1.0,0.0,21316374767.69729
2016-09-27,1.0,0.0,21920206352.600956
2016-09-28,1.0,0.0,22040109637.255447
2016-09-29,1.0,0.0,21572570546.74684
2016-09-30,1.0,0.0,22016817932.74505
2016-10-03,1.0,0.0,21966784573.188213
2016-10-04,1.0,0.0,21841704547.0534
2016-10-05,1.0,0.0,22069434992.890236
2016-10-06,1.0,0.0,22035792399.5428
2016-10-07,1.0,0.0,21891734792.92724
2016-10-10,1.0,0.0,22283361485.77737
2016-10-11,1.0,0.0,21362085699.909966
2016-10-12,1.0,0.0,21318091698.911377
2016-10-13,0.5,0.5,21057393138.5971
2016-10-14,1.0,0.0,21070574486.251472
2016-10-17,0.5,0.5,20914629084.983593
2016-10-18,1.0,0.0,21172607162.85197
2016-10-19,1.0,0.0,21181098534.3918
2016-10-20,1.0,0.0,21091932964.03722
2016-10-21,1.0,0.0,21321213943.221058
2016-10-24,1.0,0.0,22098221914.48589
2016-10-25,1.0,0.0,21877431770.17311
2016-10-26,1.0,0.0,21457930978.903656
2016-10-27,1.0,0.0,21157316899.444626
2016-10-28,1.0,0.0,20791315128.447193
2016-10-31,1.0,0.0,20673275997.153927
2016-11-01,0.4,0.6,20236525620.476135
2016-11-02,0.4,0.6,20025355461.85521
2016-11-03,0.4,0.6,19798228756.231354
2016-11-04,0.4,0.6,19711315905.882084
2016-11-07,0.4,0.6,20253836390.127293
2016-11-08,1.0,0.0,20400918534.756645
2016-11-09,1.0,0.0,20687305364.331646
2016-11-10,0.8,0.19999999999999996,19698587244.115402
2016-11-11,0.8,0.19999999999999996,19685197049.25769
2016-11-14,0.4,0.6,19146060186.106922
2016-11-15,0.4,0.6,19500665835.11749
2016-11-16,0.9,0.09999999999999998,19621589344.243023
2016-11-17,1.0,0.0,20029018195.15721
2016-11-18,0.5,0.5,19793920626.50433
2016-11-21,1.0,0.0,20081686958.89472
2016-11-22,1.0,0.0,20262777950.713127
2016-11-23,1.0,0.0,20018662898.092503
2016-11-25,1.0,0.0,20211719775.751244
2016-11-28,1.0,0.0,20099234085.691147
2016-11-29,1.0,0.0,20292291476.32185
2016-11-30,1.0,0.0,19634936778.101055
2016-12-01,0.4,0.6,18545226065.160812
2016-12-02,0.4,0.6,18574886329.592487
2016-12-05,0.4,0.6,18747108723.359776
2016-12-06,0.4,0.6,18802283651.39897
2016-12-07,1.0,0.0,19076281589.331425
2016-12-08,1.0,0.0,19193222218.35796
2016-12-09,1.0,0.0,19641878535.06378
2016-12-12,1.0,0.0,19369013783.186752
2016-12-13,1.0,0.0,20126456131.63693
2016-12-14,1.0,0.0,19978941396.52165
2016-12-15,1.0,0.0,20100467956.47621
2016-12-16,1.0,0.0,19855884344.934258
2016-12-19,1.0,0.0,20098936848.57779
2016-12-20,1.0,0.0,20341990584.275352
2016-12-21,1.0,0.0,20270908035.030552
2016-12-22,1.0,0.0,20094349068.921143
2016-12-23,1.0,0.0,20157022845.299026
2016-12-27,1.0,0.0,20451284296.551754
2016-12-28,1.0,0.0,19977404126.27348
2016-12-29,1.0,0.0,19880334633.4788
2016-12-30,1.0,0.0,19299449402.579617
2017-01-03,1.0,0.0,19766447593.483868
2017-01-04,1.0,0.0,20103512917.584034
2017-01-05,1.0,0.0,20460450610.03844
2017-01-06,1.3,0.0,20976283196.696465
2017-01-09,1.3,0.0,21251317149.42499
2017-01-10,1.3,0.0,21408870116.384277
2017-01-11,1.3,0.0,21621043056.57653
2017-01-12,1.3,0.0,21478682571.536495
2017-01-13,1.3,0.0,21798109276.64557
2017-01-17,1.3,0.0,21532552843.03723
2017-01-18,1.3,0.0,21720891469.685184
2017-01-19,1.3,0.0,21646061022.20674
2017-01-20,1.3,0.0,21827447974.86487
2017-01-23,1.3,0.0,21888966601.424194
2017-01-24,1.3,0.0,22476527603.056747
2017-01-25,1.3,0.0,23316333641.728645
2017-01-26,1.3,0.0,23438135032.24578
2017-01-27,1.3,0.0,23579798218.924828
2017-01-30,1.3,0.0,22900470723.62199
2017-01-31,1.3,0.0,22738248056.57103
2017-02-01,1.3,0.0,23290057635.983635
2017-02-02,1.3,0.0,23215226918.347374
2017-02-03,1.3,0.0,23471095408.80558
2017-02-06,1.3,0.0,23580281581.859524
2017-02-07,1.3,0.0,23887790715.281578
2017-02-08,1.3,0.0,24056267121.177307
2017-02-09,1.3,0.0,24371720942.161385
2017-02-10,1.3,0.0,24675257654.55734
2017-02-13,1.3,0.0,25218424089.86025
2017-02-14,1.3,0.0,25514015998.81185
2017-02-15,1.3,0.0,26061852944.780357
2017-02-16,1.3,0.0,26033697223.106586
2017-02-17,1.3,0.0,26439522149.901344
2017-02-21,1.3,0.0,26958504724.315285
2017-02-22,1.3,0.0,26962127791.440823
2017-02-23,1.3,0.0,26603272707.105442
2017-02-24,1.3,0.0,26780686620.847168
2017-02-27,1.3,0.0,26877954487.53554
2017-02-28,1.3,0.0,26617415293.076435
2017-03-01,1.3,0.0,27681659170.42836
2017-03-02,1.3,0.0,27145040702.416573
2017-03-03,1.3,0.0,27318482117.744385
2017-03-06,1.3,0.0,27085050351.022305
2017-03-07,1.3,0.0,26918854644.64351
2017-03-08,1.3,0.0,27088323600.188763
2017-03-09,1.3,0.0,27190262363.830612
2017-03-10,1.3,0.0,27556363253.740433
2017-03-13,1.3,0.0,27752939385.546696
2017-03-14,1.3,0.0,27500344646.514984
2017-03-15,1.3,0.0,28090883954.3882
2017-03-16,1.3,0.0,28070672417.535187
2017-03-17,1.3,0.0,27987896142.63507
2017-03-20,1.3,0.0,28089135153.91047
2017-03-21,1.3,0.0,26554460091.515858
2017-03-22,1.3,0.0,27201605437.984093
2017-03-23,1.3,0.0,26933121072.416397
2017-03-24,1.3,0.0,27113513716.874344
2017-03-27,1.3,0.0,27290227220.412575
2017-03-28,1.3,0.0,27920489907.58623
2017-03-29,1.3,0.0,28373982417.808228
2017-03-30,1.3,0.0,28547423310.68846
2017-03-31,1.3,0.0,28464646764.77718
2017-04-03,1.3,0.0,28388121714.56724
2017-04-04,1.3,0.0,28545673058.24471
2017-04-05,1.3,0.0,28147093549.687935
2017-04-06,1.3,0.0,28174549963.364555
2017-04-07,1.3,0.0,28134476185.10672
2017-04-10,1.3,0.0,28173149257.76348
2017-04-11,1.3,0.0,27738818365.135677
2017-04-12,1.3,0.0,27288598000.762558
2017-04-13,1.3,0.0,26890018337.205116
2017-04-17,1.3,0.0,27677131162.750908
2017-04-18,1.3,0.0,27578464815.72056
2017-04-19,1.3,0.0,27696292237.812702
2017-04-20,1.3,0.0,28520207180.101147
2017-04-21,1.3,0.0,28503967309.068386
2017-04-24,1.3,0.0,29769106672.27603
2017-04-25,1.3,0.0,30569187339.06536
2017-04-26,1.3,0.0,30406963027.452644
2017-04-27,1.3,0.0,31050135313.325863
2017-04-28,1.3,0.0,31262306184.33458
2017-05-01,1.3,0.0,32207669911.374523
2017-05-02,1.3,0.0,32436723247.93332
2017-05-03,1.3,0.0,32053039558.16848
2017-05-04,1.3,0.0,32092412518.288086
2017-05-05,1.3,0.0,32510153043.50734
2017-05-08,1.3,0.0,32741484097.352196
2017-05-09,1.3,0.0,33171141634.226624
2017-05-10,1.3,0.0,33234348656.466797
2017-05-11,1.3,0.0,33139654226.39564
2017-05-12,1.3,0.0,33395520819.77343
2017-05-15,1.3,0.0,33764891083.47481
2017-05-16,1.3,0.0,34269030292.444893
2017-05-17,1.3,0.0,31197049608.529705
2017-05-18,1.3,0.0,32147086535.73221
2017-05-19,1.3,0.0,32611502055.53423
2017-05-22,1.3,0.0,33620422369.28479
2017-05-23,1.3,0.0,33718387316.179737
2017-05-24,1.3,0.0,34270194726.899757
2017-05-25,1.3,0.0,35339402410.91394
2017-05-26,1.3,0.0,35515821470.60186
2017-05-30,1.3,0.0,35601808872.74796
2017-05-31,1.3,0.0,35549816957.51136
2017-06-01,1.3,0.0,36050976583.38839
2017-06-02,1.3,0.0,37497558605.70163
2017-06-05,1.3,0.0,37460753519.55065
2017-06-06,1.3,0.0,36963856821.41808
2017-06-07,1.3,0.0,37436216698.26767
2017-06-08,1.3,0.0,37555036240.50049
2017-06-09,1.3,0.0,34379773669.347206
2017-06-12,1.3,0.0,33640852998.487038
2017-06-13,1.3,0.0,34574999968.11836
2017-06-14,1.3,0.0,34026462394.257996
2017-06-15,1.3,0.0,33481897164.043007
2017-06-16,1.3,0.0,33003868996.16952
2017-06-19,1.3,0.0,34908555554.58262
2017-06-20,1.3,0.0,33972712462.56826
2017-06-21,1.3,0.0,35144207971.3462
2017-06-22,1.3,0.0,35096187991.46126
2017-06-23,1.3,0.0,35561595921.747406
2017-06-26,1.3,0.0,35004410045.42972
2017-06-27,1.3,0.0,32727894273.710682
2017-06-28,1.3,0.0,34369121581.90323
2017-06-29,1.3,0.0,32294203198.175316
2017-06-30,1.3,0.0,32159784165.370827
2017-07-03,1.3,0.0,31109031766.193367
2017-07-05,1.3,0.0,32176893705.81311
2017-07-06,1.3,0.0,31159616859.038563
2017-07-07,1.3,0.0,32283443699.32012
2017-07-10,1.3,0.0,33090763727.520794
2017-07-11,1.3,0.0,33413166236.122925
2017-07-12,1.3,0.0,34828961666.29097
2017-07-13,1.3,0.0,35100716506.51934
2017-07-14,1.3,0.0,36074586503.76074
2017-07-17,1.3,0.0,36097364412.30434
2017-07-18,1.3,0.0,36941139440.36479
2017-07-19,1.3,0.0,37733273728.74762
2017-07-20,1.3,0.0,37898767719.901306
2017-07-21,1.3,0.0,37831878450.69442
2017-07-24,1.3,0.0,38405821329.06901
2017-07-25,1.3,0.0,38106548741.03494
2017-07-26,1.3,0.0,38504425856.13611
2017-07-27,1.3,0.0,37702649297.99612
2017-07-28,1.3,0.0,37560284993.61629
2017-07-31,1.3,0.0,36988200710.65528
2017-08-01,1.3,0.0,37271872269.89811
2017-08-02,1.3,0.0,37590301986.69671
2017-08-03,1.3,0.0,37133127790.305374
2017-08-04,1.3,0.0,37301600761.385635
2017-08-07,1.3,0.0,38074160975.54269
2017-08-08,1.3,0.0,37907962278.11931
2017-08-09,1.3,0.0,37733818835.006386
2017-08-10,1.3,0.0,34870385559.18012
2017-08-11,1.3,0.0,35812476105.87225
2017-08-14,1.3,0.0,37452004155.189514
2017-08-15,1.3,0.0,37531098742.127014
2017-08-16,1.3,0.0,37759156925.4969
2017-08-17,1.3,0.0,35045680219.811165
2017-08-18,1.3,0.0,34899343142.74096
2017-08-21,1.3,0.0,34822809926.56117
2017-08-22,1.3,0.0,36656695772.72316
2017-08-23,1.3,0.0,36174693916.79499
2017-08-24,1.3,0.0,35819807660.28522
2017-08-25,1.3,0.0,35535430829.13336
2017-08-28,1.3,0.0,35900822596.96459
2017-08-29,1.3,0.0,36421842304.58955
2017-08-30,1.3,0.0,37904173860.92235
2017-08-31,1.3,0.0,39162066883.03408
2017-09-01,1.3,0.0,39129934971.525406
2017-09-05,1.3,0.0,37910000370.66744
2017-09-06,1.3,0.0,38291987213.81857
2017-09-07,1.3,0.0,38567713324.72469
2017-09-08,1.3,0.0,37459070878.57052
2017-09-11,1.3,0.0,38854296957.57412
2017-09-12,1.3,0.0,39236283683.486496
2017-09-13,1.3,0.0,39425610779.89885
2017-09-14,1.3,0.0,38651639806.98431
2017-09-15,1.3,0.0,39014757749.57625
2017-09-18,1.3,0.0,38903464715.54441
2017-09-19,1.3,0.0,39095770966.9915
2017-09-20,1.3,0.0,38717050004.428894
2017-09-21,1.3,0.0,37848735271.23917
2017-09-22,1.3,0.0,37738148778.2733
2017-09-25,1.3,0.0,36352719871.92235
2017-09-26,1.3,0.0,36644335063.78583
2017-09-27,1.3,0.0,37810863207.078354
2017-09-28,1.3,0.0,37736027864.59685
2017-09-29,1.3,0.0,38670172727.89339
2017-10-02,1.3,0.0,38795234476.47602
2017-10-03,1.3,0.0,39078904805.22194
2017-10-04,1.3,0.0,39196728955.31533
2017-10-05,1.3,0.0,40510234376.498886
2017-10-06,1.3,0.0,40679699207.65095
2017-10-09,1.3,0.0,40560460215.16761
2017-10-10,1.3,0.0,40658422432.38106
2017-10-11,1.3,0.0,41068215132.73363
2017-10-12,1.3,0.0,40811643904.84744
2017-10-13,1.3,0.0,41339614368.032616
2017-10-16,1.3,0.0,41831125789.85249
2017-10-17,1.3,0.0,42000590405.679985
2017-10-18,1.3,0.0,41814528505.20226
2017-10-19,1.3,0.0,41281877905.374985
2017-10-20,1.3,0.0,41629105710.81672
2017-10-23,1.3,0.0,40732275820.7892
2017-10-24,1.3,0.0,40973242835.17765
2017-10-25,1.3,0.0,40396896123.82161
2017-10-26,1.3,0.0,39962561373.410355
2017-10-27,1.3,0.0,43957411450.86023
2017-10-30,1.3,0.0,44314854795.702835
2017-10-31,1.3,0.0,44851762723.29068
2017-11-01,1.3,0.0,44783878350.54232
2017-11-02,1.3,0.0,44523334348.23979
2017-11-03,1.3,0.0,45943099914.20603
2017-11-06,1.3,0.0,46474333732.766556
2017-11-07,1.3,0.0,46560378312.22618
2017-11-08,1.3,0.0,47222415520.40498
2017-11-09,1.3,0.0,46363037644.78633
2017-11-10,1.3,0.0,46346793815.813965
2017-11-13,1.3,0.0,46503632001.25278
2017-11-14,1.3,0.0,45969987801.125916
2017-11-15,1.3,0.0,45200981068.19301
2017-11-16,1.3,0.0,47133181218.12936
2017-11-17,1.3,0.0,46532999877.37469
2017-11-20,1.3,0.0,46401841326.78081
2017-11-21,1.3,0.0,48065906869.93408
2017-11-22,1.3,0.0,48283039137.248634
2017-11-24,1.3,0.0,48897053042.92298
2017-11-27,1.3,0.0,48805617711.21742
2017-11-28,1.3,0.0,49211437107.657234
2017-11-29,1.3,0.0,46351974022.94016
2017-11-30,1.3,0.0,47660512892.755844
2017-12-01,1.3,0.0,46938181112.21589
2017-12-04,1.3,0.0,45095926335.57163
2017-12-05,1.3,0.0,45170053276.4271
2017-12-06,1.3,0.0,45851951750.70642
2017-12-07,1.3,0.0,46368004046.26383
2017-12-08,1.3,0.0,47065791933.63821
2017-12-11,1.3,0.0,48292187233.125694
2017-12-12,1.3,0.0,48086262438.538086
2017-12-13,1.3,0.0,48358014286.10748
2017-12-14,1.3,0.0,48279205071.17467
2017-12-15,1.3,0.0,50057475582.05393
2017-12-18,1.3,0.0,51507315892.95045
2017-12-19,1.3,0.0,50564517607.299675
2017-12-20,1.3,0.0,50327806841.58171
2017-12-21,1.3,0.0,50299645118.53683
2017-12-22,1.3,0.0,50109609579.8456
2017-12-26,1.3,0.0,49193551977.18233
2017-12-27,1.3,0.0,49193196677.85228
2017-12-28,1.3,0.0,49342798065.582375
2017-12-29,1.3,0.0,48289766507.58451
2018-01-02,1.3,0.0,51095812571.56382
2018-01-03,1.3,0.0,52779739085.56064
2018-01-04,1.3,0.0,53126965399.471855
2018-01-05,1.3,0.0,54925097313.02701
2018-01-08,1.3,0.0,55606284127.15602
2018-01-09,1.3,0.0,55652603838.509834
2018-01-10,1.3,0.0,55210322869.88905
2018-01-11,1.3,0.0,56444379106.37019
2018-01-12,1.3,0.0,57777744400.473625
2018-01-16,1.3,0.0,57278783270.45609
2018-01-17,1.3,0.0,59286457101.01648
2018-01-18,1.3,0.0,59348666087.64454
2018-01-19,1.3,0.0,59979916067.50274
2018-01-22,1.3,0.0,62053415318.87938
2018-01-23,1.3,0.0,63787989068.767975
2018-01-24,1.3,0.0,62364534140.91967
2018-01-25,1.3,0.0,62276786283.028854
2018-01-26,1.3,0.0,65345080881.950966
2018-01-29,1.3,0.0,64393625225.387566
2018-01-30,1.3,0.0,62582864777.93002
2018-01-31,1.3,0.0,63434580673.11317
2018-02-01,1.3,0.0,61687377995.733604
2018-02-02,1.3,0.0,57525971629.56288
2018-02-05,1.3,0.0,50141273532.06148
2018-02-06,1.3,0.0,54502572100.72931
2018-02-07,1.3,0.0,52092977759.57511
2018-02-08,1.3,0.0,44839086608.162254
2018-02-09,1.3,0.0,47252934111.92042
2018-02-12,1.3,0.0,50256958176.68296
2018-02-13,1.3,0.0,50946800019.73047
2018-02-14,1.3,0.0,54307062931.587204
2018-02-15,1.3,0.0,57481617849.186386
2018-02-16,1.3,0.0,56767229280.11665
2018-02-20,1.3,0.0,57081606735.5566
2018-02-21,1.3,0.0,56509230048.44047
2018-02-22,1.3,0.0,56520790716.11195
2018-02-23,1.3,0.0,60271338124.30007
2018-02-26,1.3,0.0,62947641405.92185
2018-02-27,1.3,0.0,60462571771.729256
2018-02-28,1.3,0.0,59117570325.18172
2018-03-01,1.3,0.0,55962164379.780174
2018-03-02,1.3,0.0,57676875565.30201
2018-03-05,1.3,0.0,59687807614.76227
2018-03-06,1.3,0.0,60523633387.28045
2018-03-07,1.3,0.0,61023794458.80057
2018-03-08,1.3,0.0,62029438714.02831
2018-03-09,1.3,0.0,66016341449.98022
2018-03-12,1.3,0.0,67099726303.05406
2018-03-13,1.3,0.0,64429941508.82426
2018-03-14,1.3,0.0,64188263634.768105
2018-03-15,1.3,0.0,63873097023.769615
2018-03-16,1.3,0.0,63406980595.53592
2018-03-19,1.3,0.0,59020421056.49171
2018-03-20,1.3,0.0,59500720055.91459
2018-03-21,1.3,0.0,58546002868.64482
2018-03-22,1.3,0.0,53796685818.1013
2018-03-23,1.3,0.0,48930184036.59596
2018-03-26,1.3,0.0,55160757536.63644
2018-03-27,1.3,0.0,49251510364.495415
2018-03-28,1.3,0.0,47330515716.85076
2018-03-29,1.3,0.0,50308437832.51617
2018-04-02,1.3,0.0,45266080421.41096
2018-04-03,1.3,0.0,47001645881.283966
2018-04-04,1.3,0.0,49528704667.45085
2018-04-05,1.3,0.0,50408225841.4928
2018-04-06,1.3,0.0,46164391698.008896
2018-04-09,1.3,0.0,47215995987.016975
2018-04-10,0.7000000000000001,0.0,50750129085.236
2018-04-11,0.7000000000000001,0.0,50152777029.234665
2018-04-12,0.4,0.0,51370425964.05098
2018-04-13,0.8,0.0,51056606543.711975
2018-04-16,0.8,0.0,51959738842.76958
2018-04-17,1.0,0.0,54626337934.9718
2018-04-18,1.0,0.0,55006392886.39056
2018-04-19,1.0,0.0,53510522260.825905
2018-04-20,0.4,0.0,50928775051.348274
2018-04-23,0.4,0.0,50772976269.38419
2018-04-24,0.4,0.0,49485277007.94989
2018-04-25,0.4,0.0,49561466054.83667
2018-04-26,0.4,0.0,50741009797.520584
2018-04-27,0.4,0.0,50789719460.051285
2018-04-30,0.4,0.0,50362605318.306625
2018-05-01,0.4,0.0,51007864164.41545
2018-05-02,0.4,0.0,50652729657.60965
2018-05-03,0.4,0.0,50655532806.34047
2018-05-04,1.0,0.0,51771797707.29107
2018-05-07,1.0,0.0,53002919278.464775
2018-05-08,1.0,0.0,52827164176.55864
2018-05-09,1.0,0.0,54597436462.40486
2018-05-10,1.0,0.0,56297237424.75461
2018-05-11,1.0,0.0,56128274739.21839
2018-05-14,1.0,0.0,56377892093.177956
2018-05-15,1.0,0.0,54554126885.82862
2018-05-16,1.0,0.0,55558554186.64736
2018-05-17,1.0,0.0,54931103372.39627
2018-05-18,1.0,0.0,54051484087.61398
2018-05-21,1.0,0.0,54995626047.93908
2018-05-22,1.0,0.0,54708645120.78577
2018-05-23,1.0,0.0,56084957235.76537
2018-05-24,1.0,0.0,56037408997.46705
2018-05-25,1.0,0.0,56179199374.88984
2018-05-29,1.0,0.0,55460896020.77494
2018-05-30,1.0,0.0,56644473310.76524
2018-05-31,1.0,0.0,56523057539.93011
2018-06-01,1.0,0.0,59153419589.2577
2018-06-04,1.0,0.0,60670671704.831566
2018-06-05,1.0,0.0,61298119875.876976
2018-06-06,1.0,0.0,62309339591.01222
2018-06-07,1.0,0.0,60862553508.532104
2018-06-08,1.0,0.0,60822646737.3228
2018-06-11,1.0,0.0,61298111937.3615
2018-06-12,1.0,0.0,62268577151.5422
2018-06-13,1.0,0.0,62198104504.5598
2018-06-14,1.0,0.0,64089791235.01941
2018-06-15,1.0,0.0,63452151792.39203
2018-06-18,1.0,0.0,63311205173.456505
2018-06-19,1.0,0.0,62744037053.75467
2018-06-20,1.0,0.0,64059217415.133766
2018-06-21,1.0,0.0,62400168308.81767
2018-06-22,1.0,0.0,61773566542.54666
2018-06-25,1.0,0.0,57828017510.639946
2018-06-26,1.0,0.0,58465654304.35351
2018-06-27,1.0,0.0,56118023953.21549
2018-06-28,1.0,0.0,57494336064.084114
2018-06-29,1.0,0.0,57757540886.229
2018-07-02,1.0,0.0,59052341344.90069
2018-07-03,1.0,0.0,57018860265.98668
2018-07-05,1.0,0.0,59112620065.21388
2018-07-06,1.0,0.0,61773547985.74383
2018-07-09,1.0,0.0,63492874486.4858
2018-07-10,1.0,0.0,63644853483.71985
2018-07-11,1.0,0.0,62714291067.43215
2018-07-12,1.0,0.0,65809084604.72706
2018-07-13,1.0,0.0,66001818101.88705
2018-07-16,1.0,0.0,65556910825.49883
2018-07-17,1.0,0.0,66770204933.11481
2018-07-18,1.0,0.0,66345677561.037704
2018-07-19,1.0,0.0,65364172018.496864
2018-07-20,1.0,0.0,65273322117.14672
2018-07-23,1.0,0.0,65839635876.28818
2018-07-24,1.0,0.0,66679347063.96536
2018-07-25,1.0,0.0,69461689431.03836
2018-07-26,1.0,0.0,66426326884.53275
2018-07-27,1.0,0.0,63655019537.57495
2018-07-30,1.0,0.0,60913426355.77189
2018-07-31,1.0,0.0,62127569513.87201
2018-08-01,1.0,0.0,62976620273.610275
2018-08-02,1.0,0.0,65485567867.124954
2018-08-03,1.0,0.0,66072261531.14919
2018-08-06,1.0,0.0,67286402029.340645
2018-08-07,1.0,0.0,67943567016.28848
2018-08-08,1.0,0.0,68126111885.40027
2018-08-09,1.0,0.0,68064978804.86949
2018-08-10,1.0,0.0,66477250068.29746
2018-08-13,1.0,0.0,66284511252.69352
2018-08-14,1.0,0.0,67508843034.25426
2018-08-15,1.0,0.0,65050835905.93758
2018-08-16,1.0,0.0,65647718193.53688
2018-08-17,1.0,0.0,65637528237.42432
2018-08-20,1.0,0.0,65505921169.81267
2018-08-21,1.0,0.0,66183463405.28754
2018-08-22,1.0,0.0,66952703266.253746
2018-08-23,1.0,0.0,66619024463.563034
2018-08-24,1.0,0.0,68469956685.617714
2018-08-27,1.0,0.0,70533149265.52042
2018-08-28,1.0,0.0,70847297206.12141
2018-08-29,1.0,0.0,73325678921.33304
2018-08-30,1.0,0.0,72910491117.2987
2018-08-31,1.0,0.0,73123601858.97008
2018-09-04,1.0,0.0,72253318136.03212
2018-09-05,1.0,0.0,69380124533.80644
2018-09-06,1.0,0.0,67488435146.28831
2018-09-07,1.0,0.0,66821078870.91649
2018-09-10,1.0,0.0,67407769863.309525
2018-09-11,1.0,0.0,68904647362.2029
2018-09-12,1.0,0.0,68307762409.63818
2018-09-13,1.0,0.0,70331052203.44835
2018-09-14,1.0,0.0,69795299001.05756
2018-09-17,1.0,0.0,66851631405.191765
2018-09-18,1.0,0.0,68439357476.79642
2018-09-19,1.0,0.0,68287375818.033745
2018-09-20,1.0,0.0,70432080059.75716
2018-09-21,1.0,0.0,69309631863.09778
2018-09-24,1.0,0.0,69906511475.72131
2018-09-25,1.0,0.0,70189244485.80807
2018-09-26,1.0,0.0,70118771826.77771
2018-09-27,1.0,0.0,72061401670.52509
2018-09-28,1.0,0.0,71950174510.99472
2018-10-01,1.0,0.0,72364507922.074
2018-10-02,1.0,0.0,71950169166.3284
2018-10-03,1.0,0.0,72162430852.11023
2018-10-04,1.0,0.0,68045375936.236626
2018-10-05,0.5,0.0,65469103435.78714
2018-10-08,0.4,0.0,64883981115.4013
2018-10-09,0.4,0.0,65085842705.179214
2018-10-10,0.1,0.0,61688024188.62359
2018-10-11,0.1,0.0,61441273247.81142
2018-10-12,0.4,0.0,61935481980.99014
2018-10-15,0.30000000000000004,0.0,61003976672.1248
2018-10-16,0.4,0.0,62580499350.532906
2018-10-17,0.4,0.0,62665524220.53061
2018-10-18,0.30000000000000004,0.0,60923364961.73065
2018-10-19,0.30000000000000004,0.0,60851671143.82623
2018-10-22,0.4,0.0,61130422732.515594
2018-10-23,0.30000000000000004,0.0,60860761113.19901
2018-10-24,0.0,0.0,58372313327.137985
2018-10-25,0.0,0.0,58375777969.0394
2018-10-26,0.0,0.0,58379242816.57867
2018-10-29,0.0,0.0,58389638593.13096
2018-10-30,0.0,0.0,58393104263.34314
2018-10-31,0.0,0.0,58396570139.2575
2018-11-01,0.0,0.0,58400036220.88725
2018-11-02,0.0,0.0,58403502508.25075
2018-11-05,0.0,0.0,58413949585.03379
2018-11-06,0.0,0.0,58417432359.22036
2018-11-07,0.0,0.0,58420915341.06373
2018-11-08,0.0,0.0,58424398530.56806
2018-11-09,0.0,0.0,58427881927.733345
2018-11-12,0.0,0.0,58438333365.43622
2018-11-13,0.0,0.0,58441817593.446266
2018-11-14,0.0,0.0,58445302029.173294
2018-11-15,0.0,0.0,58448786672.67141
2018-11-16,0.0,0.0,58452271523.92225
2018-11-19,0.0,0.0,58462727324.41718
2018-11-20,0.0,0.0,58466213006.84422
2018-11-21,0.0,0.0,58469698897.09731
2018-11-23,0.0,0.0,58476671301.14167
2018-11-26,0.0,0.0,58487131466.188934
2018-11-27,0.0,0.0,58490618603.644806
2018-11-28,0.0,0.0,58494105949.02965
2018-11-29,0.0,0.0,58497593502.31405
2018-11-30,0.0,0.0,58501081263.55307
2018-12-03,1.0,0.0,58482290022.07615
2018-12-04,0.0,0.0,52021932160.11597
2018-12-06,0.0,0.0,52028135679.81696
2018-12-07,0.0,0.0,52031335321.649475
2018-12-10,0.0,0.0,52040935427.831696
2018-12-11,0.0,0.0,52044135856.82217
2018-12-12,0.0,0.0,52047336482.63087
2018-12-13,0.0,0.0,52050537305.28165
2018-12-14,0.0,0.0,52053738324.7745
2018-12-17,0.0,0.0,52063342564.399475
2018-12-18,0.0,0.0,52066544371.393654
2018-12-19,0.0,0.0,52069746375.29857
2018-12-20,0.0,0.0,52072948576.10056
2018-12-21,0.0,0.0,52076150973.85463
2018-12-24,0.0,0.0,52085759348.79259
2018-12-26,0.0,0.0,52092165916.95234
2018-12-27,0.0,0.0,52095369496.53584
2018-12-28,0.0,0.0,52098573273.11952
2018-12-31,0.0,0.0,52108185785.13073
2019-01-02,0.0,0.0,52114595111.75418
2019-01-03,0.0,0.0,52117800070.68641
2019-01-04,0.0,0.0,52121186627.80698
2019-01-07,0.0,0.0,52131347619.60681
2019-01-08,0.0,0.0,52134735057.03695
2019-01-09,1.0,0.0,52112053653.216385
2019-01-10,1.0,0.0,52613267884.51857
2019-01-11,1.0,0.0,51987006638.94798
2019-01-14,0.0,0.0,50607227469.68378
2019-01-15,1.0,0.0,50585210613.52783
2019-01-16,1.0,0.0,50655826360.17137
2019-01-17,1.0,0.0,51843406364.92168
2019-01-18,1.0,0.0,53266712575.30415
2019-01-22,1.0,0.0,50323605574.73341
2019-01-23,1.0,0.0,50371344936.57791
2019-01-24,1.0,0.0,51261531962.30437
2019-01-25,1.0,0.0,53088656059.34517
2019-01-28,1.0,0.0,51131225420.516045
2019-01-29,1.0,0.0,49683048267.23482
2019-01-30,1.0,0.0,53408912139.6038
2019-01-31,1.0,0.0,55759209164.547195
2019-02-01,1.0,0.0,55047054763.06172
2019-02-04,1.0,0.0,57064146982.59302
2019-02-05,1.0,0.0,58571001716.64203
2019-02-06,1.0,0.0,58108498274.45341
2019-02-07,1.0,0.0,55735319551.16931
2019-02-08,1.0,0.0,56019779739.80979
2019-02-11,1.0,0.0,55889475841.42063
2019-02-12,1.0,0.0,58310391262.25913
2019-02-13,1.0,0.0,58428749017.49297
2019-02-14,1.0,0.0,58642590805.22172
2019-02-15,1.0,0.0,59342804384.612946
2019-02-19,1.0,0.0,59698869610.24321
2019-02-20,1.0,0.0,59651124931.511635
2019-02-21,1.0,0.0,58974777036.740326
2019-02-22,1.0,0.0,60255851813.55219
2019-02-25,1.0,0.0,60920253551.219444
2019-02-26,1.0,0.0,61110224327.406
2019-02-27,1.0,0.0,60920248222.901
2019-02-28,1.0,0.0,60541293303.25197
2019-03-01,1.0,0.0,61751749678.87033
2019-03-04,1.0,0.0,61762682561.377174
2019-03-05,1.0,0.0,61917841448.65956
2019-03-06,1.0,0.0,60849611165.74857
2019-03-07,1.0,0.0,58630599362.565895
2019-03-08,1.0,0.0,58298391831.72704
2019-03-11,1.0,0.0,61940701829.79208
2019-03-12,1.0,0.0,62949249258.033226
2019-03-13,1.0,0.0,64314867183.55494
2019-03-14,1.0,0.0,64029407042.08387
2019-03-15,1.0,0.0,65619810294.201096
2019-03-18,1.0,0.0,66212598989.68032
2019-03-19,1.0,0.0,66878000673.18247
2019-03-20,1.0,0.0,67648832642.59246
2019-03-21,1.0,0.0,70782894422.87335
2019-03-22,1.0,0.0,66152910787.95716
2019-03-25,1.0,0.0,65738144006.72699
2019-03-26,1.0,0.0,66640266519.52108
2019-03-27,1.0,0.0,65334320774.14167
2019-03-28,1.0,0.0,65750071494.4342
2019-03-29,1.0,0.0,67234049831.10314
2019-04-01,1.0,0.0,69880739844.7998
2019-04-02,1.0,0.0,70652566435.91022
2019-04-03,1.0,0.0,71874958306.3916
2019-04-04,1.0,0.0,71768530720.49103
2019-04-05,1.0,0.0,72848691166.59248
2019-04-08,1.0,0.0,73418603461.57317
2019-04-09,1.0,0.0,72610965008.58824
2019-04-10,1.0,0.0,73786609486.06134
2019-04-11,1.0,0.0,73228621993.20517
2019-04-12,1.0,0.0,74130744501.23401
2019-04-15,1.0,0.0,74189419364.84767
2019-04-16,1.0,0.0,74913503935.64462
2019-04-17,1.0,0.0,75661459514.35432
2019-04-18,1.0,0.0,75899172292.64848
2019-04-22,1.0,0.0,76539700296.50255
2019-04-23,1.0,0.0,79447982115.03403
2019-04-24,1.0,0.0,78677144795.47028
2019-04-25,1.0,0.0,79555396291.65594
2019-04-26,1.0,0.0,79839856458.74876
2019-04-29,1.0,0.0,80267537312.22481
2019-04-30,1.0,0.0,78427477748.97714
2019-05-01,1.0,0.0,77525349882.38237
2019-05-02,1.0,0.0,76575479999.11958
2019-05-03,1.0,0.0,80183978055.18175
2019-05-06,1.0,0.0,78747731012.98271
2019-05-07,1.0,0.0,74165489381.545
2019-05-08,1.0,0.0,73513012473.67143
2019-05-09,1.0,0.0,72349298140.04031
2019-05-10,1.0,0.0,72551204399.861
2019-05-13,1.0,0.0,65049732019.936676
2019-05-14,1.0,0.0,67090700534.868065
2019-05-15,1.0,0.0,69880621931.5872
2019-05-16,1.0,0.0,72064816495.11618
2019-05-17,1.0,0.0,69820939038.48
2019-05-20,1.0,0.0,66319849775.72762
2019-05-21,0.5,0.5,68279901041.35138
2019-05-22,1.0,0.0,67800829674.17919
2019-05-23,0.8,0.19999999999999996,64587899653.18628
2019-05-24,0.4,0.6,64486121504.77358
2019-05-28,0.4,0.6,64208945424.11155
2019-05-29,0.4,0.6,63569422874.71695
2019-05-30,0.4,0.6,63865383084.37875
2019-05-31,0.30000000000000004,0.7,62647969362.54416
2019-06-03,0.0,1.0,62781147753.38024
2019-06-04,0.4,0.6,62756024658.87731
2019-06-05,0.4,0.6,63309172649.253334
2019-06-06,0.4,0.6,63902482030.602974
2019-06-07,0.5,0.5,65394673274.91973
2019-06-10,0.5,0.5,66587782302.76114
2019-06-11,1.0,0.0,66683370665.20523
2019-06-12,0.5,0.5,65519939638.34507
2019-06-13,1.0,0.0,66023529824.79984
2019-06-14,0.5,0.5,65131183063.55348
2019-06-17,1.0,0.0,65692168035.45352
2019-06-18,1.0,0.0,68537643089.73268
2019-06-19,1.0,0.0,69343796021.79568
2019-06-20,1.0,0.0,71247973289.7117
2019-06-21,1.0,0.0,70923255003.00647
2019-06-24,1.0,0.0,70900721232.14415
2019-06-25,1.0,0.0,67271606629.67439
2019-06-26,1.0,0.0,68122806711.511345
2019-06-27,1.0,0.0,68862327394.69574
2019-06-28,1.0,0.0,69153253519.65627
2019-07-01,1.0,0.0,71908627463.7193
2019-07-02,1.0,0.0,72782351119.55582
2019-07-03,1.0,0.0,74395598857.88486
2019-07-05,1.0,0.0,73914150613.517
2019-07-08,1.0,0.0,72357198204.08447
2019-07-09,1.0,0.0,73443018865.96925
2019-07-10,1.0,0.0,75616540557.98126
2019-07-11,1.0,0.0,75414763450.54367
2019-07-12,1.0,0.0,76679834238.04327
2019-07-15,1.0,0.0,77330192281.63284
2019-07-16,1.0,0.0,76232164539.01947
2019-07-17,1.0,0.0,75101289914.19844
2019-07-18,1.0,0.0,75426001396.25073
2019-07-19,1.0,0.0,73599711357.78775
2019-07-22,1.0,0.0,75335893459.72076
2019-07-23,1.0,0.0,76792414640.39421
2019-07-24,1.0,0.0,78427247465.0535
2019-07-25,1.0,0.0,76187086713.11798
2019-07-26,1.0,0.0,78449764221.61537
2019-07-29,1.0,0.0,77721491694.8161
2019-07-30,1.0,0.0,76679772887.54378
2019-07-31,1.0,0.0,73442943889.83974
2019-08-01,1.0,0.0,72412486869.91945
2019-08-02,0.9,0.09999999999999998,69090837699.91722
2019-08-05,0.8,0.19999999999999996,62555921416.18914
2019-08-06,0.8,0.19999999999999996,64612457389.59392
2019-08-07,0.8,0.19999999999999996,65373883998.66057
2019-08-08,1.0,0.0,68858017502.77904
2019-08-09,1.0,0.0,66821008532.08336
2019-08-12,0.8,0.19999999999999996,64572567541.50238
2019-08-13,0.8,0.19999999999999996,67963953744.6693
2019-08-14,0.8,0.19999999999999996,63031564848.66562
2019-08-15,0.4,0.6,62793847536.606094
2019-08-16,0.4,0.6,63952809399.70446
2019-08-19,0.8,0.19999999999999996,65158835948.80387
2019-08-20,0.4,0.6,64060374941.283295
2019-08-21,0.8,0.19999999999999996,64687830729.40408
2019-08-22,0.4,0.6,64161302815.77633
2019-08-23,0.4,0.6,61811051272.94754
2019-08-26,0.4,0.6,62756328794.5856
2019-08-27,0.4,0.6,62609873685.51396
2019-08-28,0.4,0.6,62852323829.386406
2019-08-29,0.4,0.6,63960526117.72484
2019-08-30,0.4,0.6,63780786324.08892
2019-09-03,0.5,0.5,62844263013.35844
2019-09-04,0.5,0.5,64165971857.86112
2019-09-05,1.0,0.0,65943157005.44013
2019-09-06,1.0,0.0,65759118531.8664
2019-09-09,1.0,0.0,65340535828.79998
2019-09-10,1.0,0.0,64798698144.49661
2019-09-11,1.0,0.0,66545748226.50411
2019-09-12,1.0,0.0,67373476894.1181
2019-09-13,1.0,0.0,66657875477.98598
2019-09-16,1.0,0.0,65738545071.29341
2019-09-17,1.0,0.0,66607360728.053665
2019-09-18,1.0,0.0,66566270739.093605
2019-09-19,1.0,0.0,66862436464.14805
2019-09-20,1.0,0.0,64757581177.21025
2019-09-23,1.0,0.0,64819202664.48605
2019-09-24,0.5,0.5,62223543586.47415
2019-09-25,1.0,0.0,63188284814.6447
2019-09-26,0.5,0.5,62523902345.94777
2019-09-27,0.4,0.6,61383630297.3826
2019-09-30,0.5,0.5,62032109547.24076
2019-10-01,0.4,0.6,61292317467.01337
2019-10-02,0.30000000000000004,0.7,60031317816.1395
2019-10-03,0.8,0.19999999999999996,60594908544.38764
2019-10-04,0.9,0.09999999999999998,62629880675.87984
2019-10-07,0.8,0.19999999999999996,62100016611.73064
2019-10-08,0.4,0.6,59814735157.28928
2019-10-09,0.8,0.19999999999999996,60516428948.692276
2019-10-10,0.8,0.19999999999999996,61576376291.22137
2019-10-11,1.0,0.0,63417663985.076256
2019-10-14,1.0,0.0,63488032123.53067
2019-10-15,1.0,0.0,65897413584.348946
2019-10-16,1.0,0.0,65407325992.80981
2019-10-17,1.0,0.0,65857199186.10114
2019-10-18,1.0,0.0,63968061228.20869
2019-10-21,1.0,0.0,65657809219.57675
2019-10-22,1.0,0.0,64138121088.525314
2019-10-23,1.0,0.0,64438036188.09252
2019-10-24,1.0,0.0,66287797501.569954
2019-10-25,1.0,0.0,67797430402.57843
2019-10-28,1.0,0.0,69866681275.65262
2019-10-29,1.0,0.0,68257353389.918976
2019-10-30,1.0,0.0,69217419200.49954
2019-10-31,1.0,0.0,69266845640.91417
2019-11-01,1.0,0.0,71146766123.18091
2019-11-04,1.0,0.0,72416799000.60378
2019-11-05,1.0,0.0,72506437666.62346
2019-11-06,1.0,0.0,72046509242.60545
2019-11-07,1.0,0.0,72776192507.07954
2019-11-08,1.0,0.0,73636565506.25879
2019-11-11,1.0,0.0,73326592998.05324
2019-11-12,1.0,0.0,73926424281.94635
2019-11-13,1.0,0.0,73816677326.13931
2019-11-14,1.0,0.0,73796570124.23392
2019-11-15,1.0,0.0,75186404099.62273
2019-11-18,1.0,0.0,75575956772.4443
2019-11-19,1.0,0.0,75885924925.89832
2019-11-20,1.0,0.0,74556407111.24742
2019-11-21,1.0,0.0,73975842007.48413
2019-11-22,1.0,0.0,74176064293.59886
2019-11-25,1.0,0.0,76745454720.50127
2019-11-26,1.0,0.0,77205380966.40985
2019-11-27,1.0,0.0,78765279146.81097
2019-11-29,1.0,0.0,77715570314.28368
2019-12-02,1.0,0.0,75215706987.26057
2019-12-03,1.0,0.0,73525954645.91988
2019-12-04,1.0,0.0,74615872433.17195
2019-12-05,1.0,0.0,75006265037.24696
2019-12-06,1.0,0.0,77326006738.98616
2019-12-09,1.0,0.0,76375989623.91492
2019-12-10,1.0,0.0,76205924326.32666
2019-12-11,1.0,0.0,77355322697.32274
2019-12-12,1.0,0.0,79125497308.53426
2019-12-13,1.0,0.0,79835074456.4403
2019-12-16,1.0,0.0,82124654803.94322
2019-12-17,1.0,0.0,82235237333.61105
2019-12-18,1.0,0.0,82424568805.94666
2019-12-19,1.0,0.0,84104265907.76253
2019-12-20,1.0,0.0,85104543939.44777
2019-12-23,1.0,0.0,85734532203.83846
2019-12-24,1.0,0.0,85845114732.81998
2019-12-26,1.0,0.0,88076053340.43726
2019-12-27,1.0,0.0,87815510532.47295
2019-12-30,1.0,0.0,86065437662.91405
2019-12-31,1.0,0.0,86555523074.96318
2020-01-02,1.0,0.0,90846500513.77173
2020-01-03,1.0,0.0,88375960779.41646
2020-01-06,1.3,0.0,90042991067.83577
2020-01-07,1.3,0.0,89896825813.55951
2020-01-08,1.3,0.0,92586243733.30522
2020-01-09,1.3,0.0,95600163682.12505
2020-01-10,1.3,0.0,94595918007.7991
2020-01-13,1.3,0.0,98839833949.3567
2020-01-14,1.3,0.0,97368434840.34729
2020-01-15,1.3,0.0,97444410321.33307
2020-01-16,1.3,0.0,100913503037.85104
2020-01-17,1.3,0.0,102822153524.01923
2020-01-21,1.3,0.0,102747102592.6999
2020-01-22,1.3,0.0,103628887496.53256
2020-01-23,1.3,0.0,104835174429.16559
2020-01-24,1.3,0.0,101413492858.43115
2020-01-27,1.3,0.0,93462430980.39973
2020-01-28,1.3,0.0,99063653293.07544
2020-01-29,1.3,0.0,99516396786.90175
2020-01-30,1.3,0.0,100943735736.7644
2020-01-31,1.3,0.0,94649445501.10124
2020-02-03,1.3,0.0,100232736175.28265
2020-02-04,1.3,0.0,108927617642.543
2020-02-05,1.3,0.0,110498694533.2714
2020-02-06,1.3,0.0,113850177828.40155
2020-02-07,1.3,0.0,112027047895.36543
2020-02-10,1.3,0.0,117038643785.22885
2020-02-11,1.3,0.0,117139658851.68411
2020-02-12,1.3,0.0,121363376741.65204
2020-02-13,1.3,0.0,120788163534.73251
2020-02-14,1.3,0.0,121787548260.0756
2020-02-18,1.3,0.0,122036975132.20496
2020-02-19,1.3,0.0,126351072990.95651
2020-02-20,1.3,0.0,121980924260.44395
2020-02-21,1.3,0.0,113449959589.40396
2020-02-24,1.3,0.0,97242583947.13081
2020-02-25,1.0,0.0,87164823723.06116
2020-02-26,1.0,0.0,88363813001.2359
2020-02-27,0.4,0.6,75104079924.07204
2020-02-28,0.0,1.0,75541457965.37468
2020-03-02,0.0,1.0,80008981944.33694
2020-03-03,0.0,1.0,80008979408.27354
2020-03-04,0.0,1.0,80008977629.76877
2020-03-05,0.0,1.0,80008975851.16034
2020-03-06,0.0,1.0,80008974072.44824
2020-03-09,0.0,1.0,80008968735.68996
2020-03-10,0.0,1.0,80008966956.56317
2020-03-11,0.0,1.0,80008965177.33269
2020-03-12,0.0,1.0,80008963397.99852
2020-03-13,0.0,1.0,80008961618.56064
2020-03-16,0.0,1.0,80008956279.62474
2020-03-17,0.0,1.0,80008954499.77199
2020-03-18,0.0,1.0,80008952719.8155
2020-03-19,0.0,1.0,80008950939.75528
2020-03-20,0.0,1.0,80008949159.59132
2020-03-23,0.0,1.0,80008943818.4769
2020-03-24,0.0,1.0,80008942037.8979
2020-03-25,0.0,1.0,80008940257.21512
2020-03-26,0.1,0.9,80000922304.23611
2020-03-27,0.0,1.0,79162584129.55086
2020-03-30,0.2,0.8,79146746776.53323
2020-03-31,0.0,1.0,78691854302.05603
2020-04-01,0.0,1.0,80321781458.6424
2020-04-02,0.0,1.0,80321780561.9236
2020-04-03,0.0,1.0,80321779913.50652
2020-04-06,0.2,0.8,80305705917.7583
2020-04-07,0.2,0.8,80274231189.5398
2020-04-08,0.2,0.8,81298186302.40953
2020-04-09,0.8,0.19999999999999996,81312894232.11534
2020-04-13,0.8,0.19999999999999996,83575548794.63106
2020-04-14,0.8,0.19999999999999996,92314071586.95552
2020-04-15,0.8,0.19999999999999996,89790138684.273
2020-04-16,0.8,0.19999999999999996,93731098668.89482
2020-04-17,0.8,0.19999999999999996,95671661440.39677
2020-04-20,0.8,0.19999999999999996,93099858556.92749
2020-04-21,0.7000000000000001,0.29999999999999993,84589535555.73796
2020-04-22,0.7000000000000001,0.29999999999999993,89827752956.32486
2020-04-23,0.7000000000000001,0.29999999999999993,89405413165.55702
2020-04-24,0.7000000000000001,0.29999999999999993,92499113705.24889
2020-04-27,0.7000000000000001,0.29999999999999993,93808451077.04152
2020-04-28,0.8,0.19999999999999996,90099365522.61658
2020-04-29,0.8,0.19999999999999996,97596998246.05544
2020-04-30,0.8,0.19999999999999996,98124986716.9746
2020-05-01,0.7000000000000001,0.29999999999999993,90920318476.61147
2020-05-04,0.7000000000000001,0.29999999999999993,93165825407.64871
2020-05-05,0.7000000000000001,0.29999999999999993,95270306816.58249
2020-05-06,0.8,0.19999999999999996,96605462518.21214
2020-05-07,0.8,0.19999999999999996,99621042301.6897
2020-05-08,0.9,0.09999999999999998,102852144019.36916
2020-05-11,0.9,0.09999999999999998,105153741332.63533
2020-05-12,0.9,0.09999999999999998,99509640956.30714
2020-05-13,0.9,0.09999999999999998,96130852573.06921
2020-05-14,0.9,0.09999999999999998,98977784335.629
2020-05-15,0.9,0.09999999999999998,100499741852.31927
2020-05-18,0.9,0.09999999999999998,105723954500.97693
2020-05-19,1.0,0.0,104982759497.95541
2020-05-20,1.0,0.0,111130089094.11407
2020-05-21,1.0,0.0,107713372979.85002
2020-05-22,1.0,0.0,108687935243.29608
2020-05-26,1.0,0.0,108235129615.37984
2020-05-27,1.0,0.0,109757883395.66115
2020-05-28,1.0,0.0,109057990648.1758
2020-05-29,1.0,0.0,113558447196.46407
2020-06-01,1.0,0.0,114958230524.16103
2020-06-02,1.0,0.0,117249831526.18575
2020-06-03,1.0,0.0,118841540214.1287
2020-06-04,1.0,0.0,116425819511.01994
2020-06-05,1.0,0.0,123328205347.18144
2020-06-08,1.0,0.0,126072609376.3901
2020-06-09,1.0,0.0,128884819932.09769
2020-06-10,1.0,0.0,133535828028.84047
2020-06-11,0.9,0.09999999999999998,113863092293.17503
2020-06-12,0.0,1.0,115980948498.14088
2020-06-15,0.9,0.09999999999999998,115876500060.33173
2020-06-16,0.9,0.09999999999999998,121393759197.34987
2020-06-17,0.9,0.09999999999999998,122464342853.0511
2020-06-18,0.9,0.09999999999999998,123319812984.33412
2020-06-19,0.9,0.09999999999999998,123165444626.6981
2020-06-22,0.9,0.09999999999999998,127137064197.89828
2020-06-23,0.9,0.09999999999999998,130156616217.76602
2020-06-24,0.9,0.09999999999999998,123165422193.38239
2020-06-25,0.9,0.09999999999999998,126126216352.08072
2020-06-26,0.9,0.09999999999999998,117886168811.66815
2020-06-29,0.9,0.09999999999999998,121287140002.05568
2020-06-30,0.9,0.09999999999999998,127600119912.30746
2020-07-01,1.0,0.0,131867765152.43144
2020-07-02,1.0,0.0,134671316754.09555
2020-07-06,1.0,0.0,144568388826.15347
2020-07-07,1.0,0.0,141725518778.65466
2020-07-08,1.0,0.0,147176444863.2282
2020-07-09,1.0,0.0,150853717416.2394
2020-07-10,1.0,0.0,154048259143.52652
2020-07-13,0.9,0.09999999999999998,144514609124.51617
2020-07-14,0.9,0.09999999999999998,147272504215.50412
2020-07-15,1.0,0.0,147914606144.57666
2020-07-16,1.0,0.0,144741873222.4306
2020-07-17,1.0,0.0,145418242923.1359
2020-07-20,1.0,0.0,157797669576.0839
2020-07-21,1.0,0.0,152752665174.25345
2020-07-22,1.0,0.0,154520376365.52103
2020-07-23,0.9,0.09999999999999998,142400078510.9825
2020-07-24,1.0,0.0,138594633470.4528
2020-07-27,1.0,0.0,146040567051.95065
2020-07-28,1.0,0.0,140550868408.63666
2020-07-29,1.0,0.0,145336058215.28986
2020-07-30,1.0,0.0,147696431145.23032
2020-07-31,1.0,0.0,155664466167.44443
2020-08-03,1.0,0.0,161467640927.42172
2020-08-04,1.0,0.0,163566963752.03644
2020-08-05,1.0,0.0,164871121402.64822
2020-08-06,1.0,0.0,171183290485.48825
2020-08-07,1.0,0.0,165588734895.88943
2020-08-10,1.0,0.0,163358338426.4674
2020-08-11,1.0,0.0,154086143907.12158
2020-08-12,1.0,0.0,165614946054.24014
2020-08-13,1.0,0.0,166774925403.86316
2020-08-14,1.0,0.0,166292145932.49744
2020-08-17,1.0,0.0,171782934373.00943
2020-08-18,1.0,0.0,176829174284.3233
2020-08-19,1.0,0.0,173373263489.24814
2020-08-20,1.0,0.0,180506811982.1967
2020-08-21,1.0,0.0,184276200123.6802
2020-08-24,1.0,0.0,187692787100.19766
2020-08-25,1.0,0.0,192073840760.0181
2020-08-26,1.0,0.0,204371593844.23566
2020-08-27,1.0,0.0,202519120515.15256
2020-08-28,1.0,0.0,205649536641.64734
2020-08-31,1.0,0.0,210408510978.6179
2020-09-01,1.0,0.0,221336570205.30438
2020-09-02,1.0,0.0,227583203696.1639
2020-09-03,0.9,0.09999999999999998,192615986124.2376
2020-09-04,0.0,1.0,185302660100.00107
2020-09-08,0.8,0.19999999999999996,185154306136.0132
2020-09-09,0.0,1.0,197731537793.36847
2020-09-10,0.30000000000000004,0.7,197672130923.25467
2020-09-11,0.5,0.5,196335401222.594
2020-09-14,0.30000000000000004,0.7,201350937799.16864
2020-09-15,0.30000000000000004,0.7,203919152036.64484
2020-09-16,0.30000000000000004,0.7,200893044302.09512
2020-09-17,0.4,0.6,198108997770.11014
2020-09-18,0.4,0.6,195048014591.50302
2020-09-21,0.4,0.6,195950363209.8387
2020-09-22,0.4,0.6,200162979460.54688
2020-09-23,0.4,0.6,192634068943.1217
2020-09-24,0.4,0.6,193713383360.57495
2020-09-25,0.4,0.6,198959293413.81076
2020-09-28,0.5,0.5,203691264724.44818
2020-09-29,0.5,0.5,202623227250.3128
2020-09-30,0.7000000000000001,0.29999999999999993,204577443242.5792
2020-10-01,0.7000000000000001,0.29999999999999993,210670536656.4847
2020-10-02,0.7000000000000001,0.29999999999999993,198305189170.53156
2020-10-05,0.8,0.19999999999999996,206963201317.05008
2020-10-06,0.7000000000000001,0.29999999999999993,198050434601.2084
2020-10-07,0.9,0.09999999999999998,205300842119.60468
2020-10-08,0.9,0.09999999999999998,208021564272.26263
2020-10-09,0.9,0.09999999999999998,216365115679.5938
2020-10-12,0.9,0.09999999999999998,234633492203.54984
2020-10-13,0.9,0.09999999999999998,234661395382.7282
2020-10-14,0.9,0.09999999999999998,229372260062.67096
2020-10-15,0.9,0.09999999999999998,225055144026.4466
2020-10-16,0.9,0.09999999999999998,221918171020.25037
2020-10-19,0.9,0.09999999999999998,211908460217.48
2020-10-20,0.9,0.09999999999999998,213144411286.07556
2020-10-21,0.9,0.09999999999999998,212644447532.98245
2020-10-22,1.0,0.0,212721598340.4841
2020-10-23,0.8,0.19999999999999996,213922990252.2147
2020-10-26,0.7000000000000001,0.29999999999999993,206100329087.1225
2020-10-27,0.8,0.19999999999999996,209488197487.60577
2020-10-28,0.6000000000000001,0.3999999999999999,189786476963.62305
2020-10-29,0.6000000000000001,0.3999999999999999,195579050052.1512
2020-10-30,0.6000000000000001,0.3999999999999999,187254704389.42816
2020-11-02,0.6000000000000001,0.3999999999999999,186762152958.66397
2020-11-03,0.6000000000000001,0.3999999999999999,192365716896.1776
2020-11-04,0.9,0.09999999999999998,208125977446.3346
2020-11-05,0.9,0.09999999999999998,222584578696.3453
2020-11-06,0.9,0.09999999999999998,223266839595.25723
2020-11-09,0.9,0.09999999999999998,210907672826.18918
2020-11-10,0.8,0.19999999999999996,200629735940.0923
2020-11-11,0.7000000000000001,0.29999999999999993,211396086047.26462
2020-11-12,0.8,0.19999999999999996,209209393583.75916
2020-11-13,0.7000000000000001,0.29999999999999993,213577584538.33795
2020-11-16,0.7000000000000001,0.29999999999999993,217018668441.3339
2020-11-17,0.8,0.19999999999999996,215586080646.6203
2020-11-18,0.8,0.19999999999999996,211588101143.47153
2020-11-19,0.9,0.09999999999999998,215740333374.19193
2020-11-20,0.9,0.09999999999999998,211798412262.68716
2020-11-23,0.9,0.09999999999999998,211837066574.86072
2020-11-24,1.0,0.0,219595518650.33286
2020-11-25,1.0,0.0,223733736745.54065
2020-11-27,1.0,0.0,229846150141.76227
2020-11-30,1.0,0.0,231030420147.52975
2020-12-01,1.0,0.0,240110252262.9177
2020-12-02,1.0,0.0,241075305072.3632
2020-12-03,1.0,0.0,242055054131.64328
2020-12-04,1.0,0.0,245023695673.9475
2020-12-07,1.0,0.0,249175383466.10107
2020-12-08,1.0,0.0,251456975326.59436
2020-12-09,1.0,0.0,234612622662.4061
2020-12-10,1.0,0.0,237493086705.21933
2020-12-11,1.0,0.0,235826286099.21252
2020-12-14,1.0,0.0,240856074820.54257
2020-12-15,1.0,0.0,248342588511.43344
2020-12-16,1.0,0.0,252508974418.05508
2020-12-17,1.0,0.0,257685727503.53302
2020-12-18,1.0,0.0,254878742844.4528
2020-12-21,1.0,0.0,253928382553.35745
2020-12-22,1.0,0.0,255930745665.66394
2020-12-23,1.0,0.0,252070529765.35037
2020-12-24,1.0,0.0,255346567866.7308
2020-12-28,1.0,0.0,263008209068.19247
2020-12-29,1.0,0.0,263782210628.17624
2020-12-30,1.0,0.0,263739345632.5753
2020-12-31,1.0,0.0,265800493744.01822
2021-01-04,1.0,0.0,254175756358.5751
2021-01-05,1.0,0.0,260551478495.5774
2021-01-06,1.0,0.0,249775452341.0876
2021-01-07,1.0,0.0,267818772191.15878
2021-01-08,1.0,0.0,278199222418.93945
2021-01-11,1.0,0.0,265903357221.91016
2021-01-12,1.0,0.0,264747251297.76395
2021-01-13,1.0,0.0,269894611882.40292
2021-01-14,1.0,0.0,265785784420.8186
2021-01-15,1.0,0.0,259323107604.23712
2021-01-19,1.0,0.0,270566959709.14462
2021-01-20,1.0,0.0,289429595489.2145
2021-01-21,1.0,0.0,296623408868.60474
2021-01-22,1.0,0.0,293932769519.6215
2021-01-25,1.0,0.0,302091634771.723
2021-01-26,1.0,0.0,302413726646.9245
2021-01-27,1.0,0.0,278024074357.5078
2021-01-28,1.0,0.0,282118203700.50946
2021-01-29,1.0,0.0,264542712602.98895
2021-02-01,1.0,0.0,283989522445.62463
2021-02-02,1.0,0.0,297734189206.2492
2021-02-03,1.0,0.0,294312411425.5069
2021-02-04,1.0,0.0,304723478839.4366
2021-02-05,1.0,0.0,307911339439.83185
2021-02-08,1.0,0.0,313935574395.91315
2021-02-09,1.0,0.0,313788610962.0431
2021-02-10,1.0,0.0,311565802233.3086
2021-02-11,1.0,0.0,316596817505.26685
2021-02-12,1.0,0.0,321976868711.71265
2021-02-16,1.0,0.0,319286226555.7485
2021-02-17,1.0,0.0,314841834720.64795
2021-02-18,1.0,0.0,310600741008.7758
2021-02-19,1.0,0.0,306507834483.1015
2021-02-22,1.0,0.0,282761141253.4865
2021-02-23,1.0,0.0,280246856901.7084
2021-02-24,1.0,0.0,287002232158.458
2021-02-25,1.0,0.0,257028004915.42227
2021-02-26,1.0,0.0,260888218946.74353
2021-03-01,1.0,0.0,283639235632.848
2021-03-02,0.9,0.09999999999999998,270013289953.71695
2021-03-03,0.6000000000000001,0.3999999999999999,248861360639.5809
2021-03-04,0.6000000000000001,0.3999999999999999,241476737853.90793
2021-03-05,0.6000000000000001,0.3999999999999999,247834167680.28717
2021-03-08,0.6000000000000001,0.3999999999999999,235154150136.70923
2021-03-09,0.8,0.19999999999999996,251078515953.00116
2021-03-10,0.6000000000000001,0.3999999999999999,249316172153.62415
2021-03-11,0.5,0.5,259667771891.18246
2021-03-12,0.5,0.5,256434830253.0833
2021-03-15,0.4,0.6,260456584443.68277
2021-03-16,0.30000000000000004,0.7,262139879432.6554
2021-03-17,0.4,0.6,263105410765.11926
2021-03-18,0.1,0.9,253374117584.23166
2021-03-19,0.0,1.0,253672036687.87582
2021-03-22,0.0,1.0,253672033405.66864
2021-03-23,0.2,0.8,253621285086.41992
2021-03-24,0.0,1.0,251011185981.6032
2021-03-25,0.2,0.8,250960957615.3106
2021-03-26,0.4,0.6,253129410518.12982
2021-03-29,0.4,0.6,253072472634.1355
2021-03-30,0.4,0.6,251632913732.35846
2021-03-31,1.0,0.0,255959490848.33524
2021-04-01,1.0,0.0,268980542795.8685
2021-04-05,1.0,0.0,285145480997.889
2021-04-06,1.0,0.0,284472032282.81085
2021-04-07,1.0,0.0,286576973505.9337
2021-04-08,1.0,0.0,295529165059.3938
2021-04-09,1.0,0.0,300889664712.413
2021-04-12,1.0,0.0,299710827529.1651
2021-04-13,1.0,0.0,309981696539.3513
2021-04-14,1.0,0.0,299093786335.04114
2021-04-15,1.0,0.0,312311112018.0086
2021-04-16,1.0,0.0,313629782989.5534
2021-04-19,1.0,0.0,305071288260.85516
2021-04-20,1.0,0.0,298392098177.4257
2021-04-21,1.0,0.0,305940991255.82245
2021-04-22,1.0,0.0,294799218009.23334
2021-04-23,1.0,0.0,305912771274.6409
2021-04-26,1.0,0.0,311974907180.8482
2021-04-27,1.0,0.0,307876658002.79706
2021-04-28,1.0,0.0,304705714095.81366
2021-04-29,1.0,0.0,307764992296.7896
2021-04-30,1.0,0.0,301983725185.63165
2021-05-03,1.0,0.0,297043954058.0651
2021-05-04,1.0,0.0,281384358928.4954
2021-05-05,1.0,0.0,278101762293.61884
2021-05-06,1.0,0.0,284190942887.4929
2021-05-07,1.0,0.0,291151014743.53156
2021-05-10,0.9,0.0,269247645388.22214
2021-05-11,0.8,0.0,268022838210.5803
2021-05-12,0.8,0.0,251702330025.5713
2021-05-13,0.8,0.0,255878463822.43103
2021-05-14,0.9,0.0,269019468443.06018
2021-05-17,0.8,0.0,264919621732.20044
2021-05-18,0.8,0.0,260471766653.78998
2021-05-19,0.8,0.0,261235755782.7314
2021-05-20,0.9,0.0,273263885143.01868
2021-05-21,1.0,0.0,269186726564.92868
2021-05-24,1.0,0.0,282668660647.8883
2021-05-25,1.0,0.0,284036257165.02246
2021-05-26,1.0,0.0,286910548261.01874
2021-05-27,1.0,0.0,283561688125.033
2021-05-28,1.0,0.0,286324935012.2957
2021-06-01,1.0,0.0,283533631954.16925
2021-06-02,1.0,0.0,285012272679.79126
2021-06-03,0.5,0.0,275984906361.30054
2021-06-04,1.0,0.0,282991073195.1701
2021-06-07,1.0,0.0,285495768408.44006
2021-06-08,1.0,0.0,285821821623.32684
2021-06-09,1.0,0.0,286149014894.5256
2021-06-10,1.0,0.0,294913765848.77435
2021-06-11,1.0,0.0,297255438842.2176
2021-06-14,1.0,0.0,305585822441.0751
2021-06-15,1.0,0.0,299923159196.5452
2021-06-16,1.0,0.0,296710477232.95337
2021-06-17,1.0,0.0,307790682807.94214
2021-06-18,1.0,0.0,300440736037.6922
2021-06-21,1.0,0.0,305939219446.8055
2021-06-22,1.0,0.0,314487359676.7161
2021-06-23,1.0,0.0,315031163669.02576
2021-06-24,1.0,0.0,320830627831.38184
2021-06-25,1.0,0.0,319822815013.985
2021-06-28,1.0,0.0,331146986808.6843
2021-06-29,1.0,0.0,334877248538.9966
2021-06-30,1.0,0.0,333406572807.9442
2021-07-01,1.0,0.0,333570738006.0572
2021-07-02,1.0,0.0,344894915656.4972
2021-07-06,1.0,0.0,349522393013.9572
2021-07-07,1.0,0.0,351754620586.3117
2021-07-08,1.0,0.0,345656455780.3562
2021-07-09,1.0,0.0,351509502593.3433
2021-07-12,1.0,0.0,355920372154.6444
2021-07-13,1.0,0.0,355728839743.2203
2021-07-14,1.0,0.0,357662372528.46106
2021-07-15,1.0,0.0,350257703045.92737
2021-07-16,1.0,0.0,341654834248.9854
2021-07-19,1.0,0.0,333461239850.7556
2021-07-20,1.0,0.0,344459361358.2498
2021-07-21,1.0,0.0,352326887892.23834
2021-07-22,1.0,0.0,359730411456.63196
2021-07-23,1.0,0.0,371681620144.2875
2021-07-26,1.0,0.0,373233228158.7655
2021-07-27,1.0,0.0,361038041530.47614
2021-07-28,1.0,0.0,364984913980.03326
2021-07-29,1.0,0.0,366781639991.08386
2021-07-30,1.0,0.0,361283144867.75385
2021-08-02,1.0,0.0,361173690652.30206
2021-08-03,1.0,0.0,367462239020.7508
2021-08-04,1.0,0.0,369286326385.5203
2021-08-05,1.0,0.0,376228127091.5745
2021-08-06,1.0,0.0,371328161596.2977
2021-08-09,1.0,0.0,373315271164.1218
2021-08-10,1.0,0.0,367734691976.0282
2021-08-11,1.0,0.0,365747570674.2262
2021-08-12,1.0,0.0,369557636349.59204
2021-08-13,1.0,0.0,373260536719.8452
2021-08-16,1.0,0.0,373913780254.88293
2021-08-17,1.0,0.0,364086490841.64813
2021-08-18,1.0,0.0,353496503672.5743
2021-08-19,1.0,0.0,358533270072.25415
2021-08-20,1.0,0.0,369612335582.8517
2021-08-23,1.0,0.0,386082722108.9736
2021-08-24,1.0,0.0,389893927839.2819
2021-08-25,1.0,0.0,390329426462.33453
2021-08-26,1.0,0.0,383713676028.3201
2021-08-27,1.0,0.0,394929548310.37177
2021-08-30,1.0,0.0,408023087670.3119
2021-08-31,1.0,0.0,406880748185.13025
2021-09-01,1.0,0.0,409112975750.5192
2021-09-02,1.0,0.0,408540664483.1114
2021-09-03,1.0,0.0,412216203496.28516
2021-09-07,1.0,0.0,413903475273.83734
2021-09-08,1.0,0.0,409656762112.30695
2021-09-09,1.0,0.0,405274382234.76245
2021-09-10,1.0,0.0,396155067865.32367
2021-09-13,1.0,0.0,395256694580.444
2021-09-14,1.0,0.0,391853623180.8397
2021-09-15,1.0,0.0,400537430116.06744
2021-09-16,1.0,0.0,401326346231.55396
2021-09-17,1.0,0.0,387144041228.7641
2021-09-20,1.0,0.0,363323693238.1331
2021-09-21,1.0,0.0,363786553212.28766
2021-09-22,1.0,0.0,374431257216.64136
2021-09-23,1.0,0.0,384829709030.6847
2021-09-24,1.0,0.0,385918459987.8543
2021-09-27,1.0,0.0,376608750312.59515
2021-09-28,0.4,0.0,345090899270.2875
2021-09-29,0.4,0.0,344176641842.0819
2021-09-30,0.4,0.0,342631033307.56573
2021-10-01,0.4,0.0,345102632972.7976
2021-10-04,0.4,0.0,336612278414.82275
2021-10-05,0.4,0.0,341599249509.836
2021-10-06,0.4,0.0,344255957173.30786
2021-10-07,0.4,0.0,347968601075.2611
2021-10-08,0.4,0.0,345802926364.3321
2021-10-11,0.4,0.0,342723105216.70807
2021-10-12,0.4,0.0,341341175929.5377
2021-10-13,0.4,0.0,344487553513.1917
2021-10-14,0.5,0.0,352060575899.1587
2021-10-15,1.0,0.0,355236387240.5002
2021-10-18,1.0,0.0,365893333696.48334
2021-10-19,1.0,0.0,373930730949.99725
2021-10-20,1.0,0.0,372753077959.05756
2021-10-21,1.0,0.0,379429709225.435
2021-10-22,1.0,0.0,369821008955.68945
2021-10-25,1.0,0.0,380922041004.2808
2021-10-26,1.0,0.0,384482397544.2066
2021-10-27,1.0,0.0,387519719937.54834
2021-10-28,1.0,0.0,400244687369.794
2021-10-29,1.0,0.0,406162535344.88525
2021-11-01,1.0,0.0,410168066422.5729
2021-11-02,1.0,0.0,415639635785.7071
2021-11-03,1.0,0.0,428836101504.10846
2021-11-04,1.0,0.0,444834144254.01855
2021-11-05,1.0,0.0,446483287967.97424
2021-11-08,1.0,0.0,444649915835.3422
2021-11-09,1.0,0.0,435486397666.33514
2021-11-10,1.0,0.0,416399485314.5341
2021-11-11,1.0,0.0,419776725075.2305
2021-11-12,1.0,0.0,433103675201.86365
2021-11-15,1.0,0.0,432973179437.7109
2021-11-16,1.0,0.0,441927257077.46893
2021-11-17,1.0,0.0,442451383946.2279
2021-11-18,1.0,0.0,455987767031.9831
2021-11-19,1.0,0.0,463711563094.136
2021-11-22,1.0,0.0,447635653160.4003
2021-11-23,1.0,0.0,441534680840.17706
2021-11-24,1.0,0.0,445619168029.4556
2021-11-26,1.0,0.0,421033266051.32965
2021-11-29,1.0,0.0,447190444549.34296
2021-11-30,1.0,0.0,427971951276.9512
2021-12-01,1.0,0.0,406004513339.66113
2021-12-02,1.0,0.0,413650457356.94104
2021-12-03,1.0,0.0,392861765137.15204
2021-12-06,1.0,0.0,402051584340.91595
2021-12-07,1.0,0.0,438314184863.2738
2021-12-08,1.0,0.0,444415149608.4915
2021-12-09,0.8,0.0,425180406111.04584
2021-12-10,0.8,0.0,435714529555.6616
2021-12-13,0.8,0.0,420636411830.755
2021-12-14,0.8,0.0,410647292855.62335
2021-12-15,0.8,0.0,432196839780.4408
2021-12-16,0.8,0.0,405705634168.77954
2021-12-17,0.8,0.0,400805886408.5393
2021-12-20,0.8,0.0,391361771910.64453
2021-12-21,0.8,0.0,411842226384.088
2021-12-22,1.0,0.0,423465208778.3639
2021-12-23,1.0,0.0,433525994899.51825
2021-12-27,1.0,0.0,454249959889.11597
2021-12-28,1.0,0.0,448905198756.0096
2021-12-29,1.0,0.0,448198560716.9917
2021-12-30,1.0,0.0,444005923844.16736
2021-12-31,1.0,0.0,435753420529.7181
2022-01-03,1.0,0.0,448329125668.9214
2022-01-04,1.0,0.0,430905713241.0647
2022-01-05,0.5,0.0,391166021537.2799
2022-01-06,0.5,0.0,390629398950.5808
2022-01-07,0.4,0.0,384233536222.02344
2022-01-10,0.4,0.0,384800234931.15295
2022-01-11,0.5,0.0,391568698167.80634
2022-01-12,0.5,0.0,393799911670.5436
2022-01-13,0.4,0.0,379413845371.9351
2022-01-14,0.4,0.0,381708096798.7563
2022-01-18,0.30000000000000004,0.0,370589925261.31256
2022-01-19,0.1,0.0,366687228888.4104
2022-01-20,0.0,0.0,365251787535.7881
2022-01-21,0.0,0.0,365252587768.4998
2022-01-24,0.0,0.0,365254988477.0644
2022-01-25,0.0,0.0,365255788716.76605
2022-01-26,0.0,0.0,365256588958.2216
2022-01-27,0.0,0.0,365257389201.4275
2022-01-28,0.0,0.0,365258189446.4028
2022-01-31,0.1,0.0,365242327162.2732
2022-02-01,0.1,0.0,365940100101.2608
2022-02-02,0.1,0.0,366821073596.5952
2022-02-03,0.0,0.0,362220814525.2901
2022-02-04,0.0,0.0,362221608117.4059
2022-02-07,0.0,0.0,362223988904.1436
2022-02-08,0.0,0.0,362224782503.21063
2022-02-09,0.0,0.0,362225576104.014
2022-02-10,0.0,0.0,362226369706.5485
2022-02-11,0.0,0.0,362227163310.83325
2022-02-14,0.0,0.0,362229544134.0973
2022-02-15,0.0,0.0,362230337745.3334
2022-02-16,0.0,0.0,362231131358.312
2022-02-17,0.0,0.0,362231924973.0219
2022-02-18,0.0,0.0,362232718589.4631
2022-02-22,0.0,0.0,362235893072.6608
2022-02-23,0.0,0.0,362236686697.8073
2022-02-24,0.0,0.0,362237480324.6926
2022-02-25,0.0,0.0,362238273953.30914
2022-02-28,0.0,0.0,362240654849.6256
2022-03-01,0.0,0.0,362241448485.2062
2022-03-02,0.0,0.0,362242242122.51666
2022-03-03,0.0,0.0,362244225034.6953
2022-03-04,0.0,0.0,362246207957.7367
2022-03-07,0.0,0.0,362252156791.95557
2022-03-08,0.0,0.0,362254139758.408
2022-03-09,0.0,0.0,362256122735.7059
2022-03-10,0.0,0.0,362258105723.8665
2022-03-11,0.0,0.0,362260088722.88983
2022-03-14,0.0,0.0,362266037785.056
2022-03-15,0.0,0.0,362268020827.49097
2022-03-16,0.0,0.0,362270003880.7898
2022-03-17,0.0,0.0,362271986944.9324
2022-03-18,1.0,0.0,362092833034.92773
2022-03-21,1.0,0.0,359503312559.5072
2022-03-22,1.0,0.0,380761420509.4201
2022-03-23,1.0,0.0,364682286578.90594
2022-03-24,1.0,0.0,388324442337.81085
2022-03-25,1.0,0.0,387710944706.854
2022-03-28,1.0,0.0,405358009581.61
2022-03-29,1.0,0.0,426139593310.70764
2022-03-30,1.0,0.0,413330499820.3253
2022-03-31,1.0,0.0,396228408208.9206
2022-04-01,1.0,0.0,394524897094.3122
2022-04-04,1.0,0.0,419189993783.9505
2022-04-05,1.0,0.0,391458844012.1754
2022-04-06,1.0,0.0,365703700354.0318
2022-04-07,1.0,0.0,368089166509.8661
2022-04-08,0.0,0.0,352853531087.7533
2022-04-11,0.0,0.0,352859325674.75104
2022-04-12,0.0,0.0,352862510671.78925
2022-04-13,0.0,0.0,352865695697.5744
2022-04-14,0.0,0.0,352868880752.1135
2022-04-18,0.0,0.0,352881621257.7832
2022-04-19,0.0,0.0,352884806456.0671
2022-04-20,0.0,0.0,352887991683.09186
2022-04-21,0.0,0.0,352891176938.8706
2022-04-22,0.0,0.0,352894362223.40326
2022-04-25,0.0,0.0,352903918249.51764
2022-04-26,0.0,0.0,352907103649.064
2022-04-27,0.0,0.0,352910289077.3474
2022-04-28,0.0,0.0,352913474534.4037
2022-04-29,0.0,0.0,352916660020.19495
2022-05-02,0.0,0.0,352926216650.09064
2022-05-03,0.0,0.0,352929402250.9037
2022-05-04,0.0,0.0,352936819170.50085
2022-05-05,0.0,0.0,352944236245.9547
2022-05-06,0.0,0.0,352951653477.28424
2022-05-09,0.0,0.0,352973906106.53894
2022-05-10,0.0,0.0,352981323961.3921
2022-05-11,0.0,0.0,352988741972.13776
2022-05-12,0.0,0.0,352996160138.7781
2022-05-13,0.0,0.0,353003578461.294
2022-05-16,0.0,0.0,353025834364.2909
2022-05-17,0.0,0.0,353033253310.43585
2022-05-18,0.0,0.0,353040672412.48206
2022-05-19,0.0,0.0,353048091670.44183
2022-05-20,0.0,0.0,353055511084.3342
2022-05-23,0.0,0.0,353077770261.52936
2022-05-24,0.0,0.0,353085190299.118
2022-05-25,0.0,0.0,353092610492.63556
2022-05-26,0.0,0.0,353100030842.10486
2022-05-27,0.0,0.0,353107451347.50684
2022-05-31,0.0,0.0,353137134928.61926
2022-06-01,0.0,0.0,353144556213.77515
2022-06-02,0.0,0.0,353151977654.88696
2022-06-03,0.0,0.0,353163614814.0366
2022-06-06,0.0,0.0,353198528592.37225
2022-06-07,0.0,0.0,353210167285.4818
2022-06-08,0.0,0.0,353221806362.11847
2022-06-09,0.0,0.0,353233445822.28656
2022-06-10,0.0,0.0,353245085665.9863
2022-06-13,0.0,0.0,353280007498.5228
2022-06-14,0.0,0.0,353291648876.5497
2022-06-15,0.0,0.0,353303290638.1925
2022-06-16,0.0,0.0,353314932783.4429
2022-06-17,0.0,0.0,353326575312.3389
2022-06-21,0.0,0.0,353373149264.5183
2022-06-22,0.0,0.0,353384793711.7754
2022-06-23,0.0,0.0,353396438542.7352
2022-06-24,0.0,0.0,353408083757.43567
2022-06-27,0.0,0.0,353443021703.9613
2022-06-28,0.0,0.0,353454668453.67267
2022-06-29,0.0,0.0,353466315587.1713
2022-06-30,0.0,0.0,353477963104.46765
2022-07-01,0.0,0.0,353489611005.5807
2022-07-05,0.0,0.0,353536206448.4504
2022-07-06,0.0,0.0,353552343992.2825
2022-07-07,1.0,0.0,353391698031.59424
2022-07-08,1.0,0.0,355047884989.033
2022-07-11,0.0,0.0,332209462999.9241
2022-07-12,0.0,0.0,332224627061.40607
2022-07-13,0.0,0.0,332239791815.0723
2022-07-14,0.0,0.0,332254957260.9607
2022-07-15,1.0,0.0,332103988337.37164
2022-07-18,0.0,0.0,324251708370.5035
2022-07-19,1.0,0.0,324104375937.0368
2022-07-20,1.0,0.0,340397015463.2412
2022-07-21,1.0,0.0,354866900965.3533
2022-07-22,1.0,0.0,336295791095.6737
2022-07-25,1.0,0.0,331283175799.68744
2022-07-26,1.0,0.0,311228096027.0109
2022-07-27,1.0,0.0,350080895283.7897
2022-07-28,1.0,0.0,360108414297.6554
2022-07-29,1.0,0.0,379932043281.5658
2022-08-01,1.0,0.0,379364180244.10596
2022-08-02,1.0,0.0,375830791050.2206
2022-08-03,1.0,0.0,405910990112.5146
2022-08-04,1.0,0.0,411722793989.14404
2022-08-05,1.0,0.0,401924284288.8823
2022-08-08,1.0,0.0,397820660150.5106
2022-08-09,1.0,0.0,384149991048.6564
2022-08-10,1.0,0.0,415709388393.4238
2022-08-11,1.0,0.0,409441868154.43854
2022-08-12,1.0,0.0,432572221042.75256
2022-08-15,1.0,0.0,442940882092.52026
2022-08-16,1.0,0.0,440092218542.3434
2022-08-17,1.0,0.0,424825446759.0433
2022-08-18,1.0,0.0,427671696626.18933
2022-08-19,1.0,0.0,402606429065.5648
2022-08-22,0.0,0.0,370746909846.73016
2022-08-23,0.2,0.0,370726756608.49133
2022-08-24,0.2,0.0,371311446912.83636
2022-08-25,0.2,0.0,375259350432.34424
2022-08-26,0.0,0.0,365672172176.39545
2022-08-29,0.0,0.0,365741404075.48346
2022-08-30,0.0,0.0,365764484287.84045
2022-08-31,0.0,0.0,365787565956.68634
2022-09-01,0.0,0.0,365810649082.099
2022-09-02,0.0,0.0,365833733664.1732
2022-09-06,0.0,0.0,365935089889.42584
2022-09-07,0.0,0.0,365960433333.13324
2022-09-08,0.0,0.0,365985778532.03754
2022-09-09,0.0,0.0,366011125486.282
2022-09-12,0.0,0.0,366087176882.1422
2022-09-13,0.0,0.0,366112530858.89
2022-09-14,0.0,0.0,366137886591.5586
2022-09-15,0.0,0.0,366163244080.30597
2022-09-16,0.0,0.0,366188603325.208
2022-09-19,0.0,0.0,366264691598.20953
2022-09-20,0.0,0.0,366290057869.02997
2022-09-21,0.0,0.0,366315425896.6374
2022-09-22,0.0,0.0,366340795681.1571
2022-09-23,0.0,0.0,366366167222.7028
2022-09-26,0.0,0.0,366442292390.6909
2022-09-27,0.0,0.0,366467670961.55164
2022-09-28,0.0,0.0,366493051290.04596
2022-09-29,0.0,0.0,366518433376.30505
2022-09-30,0.0,0.0,366543817220.4426
2022-10-03,0.0,0.0,366619979301.32025
2022-10-04,0.0,0.0,366645370178.1823
2022-10-05,0.0,0.0,366675843391.2283
2022-10-06,0.0,0.0,366706319136.9891
2022-10-07,0.0,0.0,366736797415.7111
2022-10-10,0.0,0.0,366828247451.7058
2022-10-11,0.0,0.0,366858735864.32666
2022-10-12,0.0,0.0,366889226810.9426
2022-10-13,0.0,0.0,366919720291.789
2022-10-14,0.0,0.0,366950216307.03625
2022-10-17,0.0,0.0,367041719561.4622
2022-10-18,0.0,0.0,367072225716.5155
2022-10-19,0.0,0.0,367102734407.06354
2022-10-20,0.0,0.0,367133245633.28156
2022-10-21,0.0,0.0,367163759395.39703
2022-10-24,0.0,0.0,367255315899.22906
2022-10-25,0.7000000000000001,0.0,367157289763.10724
2022-10-26,0.0,0.0,350057735765.9798
2022-10-27,0.0,0.0,350086830321.16345
2022-10-28,0.7000000000000001,0.0,349993386719.9452
2022-10-31,0.0,0.0,341430107652.384
2022-11-01,0.0,0.0,341458485134.41876
2022-11-02,0.0,0.0,341486864975.0083
2022-11-03,0.0,0.0,341521579663.18964
2022-11-04,0.0,0.0,341556297880.37854
2022-11-07,0.0,0.0,341660473709.52234
2022-11-08,0.0,0.0,341695206046.3267
2022-11-09,0.0,0.0,341729941913.94476
2022-11-10,0.6000000000000001,0.0,341662151908.31415
2022-11-11,0.6000000000000001,0.0,353338435619.58057
2022-11-14,0.6000000000000001,0.0,347642989732.24115
2022-11-15,0.6000000000000001,0.0,356166468377.9165
2022-11-16,0.6000000000000001,0.0,347288435083.49133
2022-11-17,0.6000000000000001,0.0,345678883010.78644
2022-11-18,0.6000000000000001,0.0,345500608325.21606
2022-11-21,0.6000000000000001,0.0,339232681708.65015
2022-11-22,0.6000000000000001,0.0,347754168458.62946
2022-11-23,0.6000000000000001,0.0,354077697153.2288
2022-11-25,0.6000000000000001,0.0,349613504194.5101
2022-11-28,0.6000000000000001,0.0,340286880421.68555
2022-11-29,0.6000000000000001,0.0,335424445366.89667
2022-11-30,0.6000000000000001,0.0,362110136704.3476
2022-12-01,0.6000000000000001,0.0,363367159938.7765
2022-12-02,0.6000000000000001,0.0,360704690380.46533
2022-12-05,0.0,0.0,349363599813.33685
2022-12-06,0.0,0.0,349402062354.18585
2022-12-07,0.0,0.0,349440529129.4729
2022-12-08,0.0,0.0,349479000139.7116
2022-12-09,0.0,0.0,349517475385.33685
2022-12-12,0.6000000000000001,0.0,349528036661.277
2022-12-13,0.6000000000000001,0.0,356131439239.9257
2022-12-14,0.6000000000000001,0.0,351011540873.6551
2022-12-15,0.0,0.0,330003105699.5609
2022-12-16,0.0,0.0,330039436782.56744
2022-12-19,0.0,0.0,330148454032.0407
2022-12-20,0.0,0.0,330184801116.8629
2022-12-21,0.0,0.0,330221152203.2517
2022-12-22,0.0,0.0,330257507291.637
2022-12-23,0.0,0.0,330293866382.4724
2022-12-27,0.0,0.0,330439342779.1569
2022-12-28,0.0,0.0,330475721888.83777
2022-12-29,0.0,0.0,330512105003.6121
2022-12-30,0.0,0.0,330548492123.91614
2023-01-03,0.0,0.0,330694080669.2369
2023-01-04,0.0,0.0,330730487823.81464
2023-01-05,0.0,0.0,330768898978.621
2023-01-06,0.0,0.0,330807314594.5228
2023-01-09,0.0,0.0,330922588213.87085
2023-01-10,0.0,0.0,330961021679.2878
2023-01-11,0.0,0.0,330999459608.3759
2023-01-12,0.6000000000000001,0.0,330938590631.05774
2023-01-13,0.6000000000000001,0.0,334885855133.1454
2023-01-17,0.6000000000000001,0.0,336055746395.254
2023-01-18,0.6000000000000001,0.0,328511719352.4986
2023-01-19,0.0,0.0,322285511563.24414
2023-01-20,0.6000000000000001,0.0,322226245032.9671
2023-01-23,0.6000000000000001,0.0,334979515688.09937
2023-01-24,0.7000000000000001,0.0,333747199323.98145
2023-01-25,0.7000000000000001,0.0,332028361217.27057
2023-01-26,0.7000000000000001,0.0,345453349855.5632
2023-01-27,0.7000000000000001,0.0,352494995499.3711
2023-01-30,0.7000000000000001,0.0,337386068169.8738
2023-01-31,0.7000000000000001,0.0,347999057299.6716
2023-02-01,0.7000000000000001,0.0,364019752132.40186
2023-02-02,0.6000000000000001,0.0,391260325066.5931
2023-02-03,0.6000000000000001,0.0,379150919508.8479
2023-02-06,0.6000000000000001,0.0,373538091729.79614
2023-02-07,0.6000000000000001,0.0,386991558880.5842
2023-02-08,0.6000000000000001,0.0,374623260474.8905
2023-02-09,0.6000000000000001,0.0,368795824684.25806
2023-02-10,0.6000000000000001,0.0,364453215592.04614
2023-02-13,0.6000000000000001,0.0,374370209539.0836
2023-02-14,0.6000000000000001,0.0,379100122887.1163
2023-02-15,0.6000000000000001,0.0,384091745691.2624
2023-02-16,0.6000000000000001,0.0,371112816155.13885
2023-02-17,0.6000000000000001,0.0,366506698986.2478
2023-02-21,0.6000000000000001,0.0,351840658656.2456
2023-02-22,0.0,0.0,351936752060.52997
2023-02-23,0.2,0.0,351944643913.65875
2023-02-24,0.2,0.0,348417555763.0573
2023-02-27,0.2,0.0,349964422677.85156
2023-02-28,0.2,0.0,349661237858.23737
2023-03-01,0.2,0.0,348037421373.56995
2023-03-02,0.2,0.0,349668832680.3505
2023-03-03,0.6000000000000001,0.0,353777956135.9129
2023-03-06,0.9,0.0,354682692705.5047
2023-03-07,0.6000000000000001,0.0,342712416044.9473
2023-03-08,0.6000000000000001,0.0,345540246901.63635
2023-03-09,0.2,0.0,334519094704.92114
2023-03-10,0.2,0.0,331787497507.84283
2023-03-13,0.2,0.0,333269958422.9518
2023-03-14,0.7000000000000001,0.0,337675316202.00446
2023-03-15,0.9,0.0,341079069985.1782
2023-03-16,1.0,0.0,365377213212.35175
2023-03-17,1.0,0.0,359956863496.3103
2023-03-20,1.0,0.0,363765747570.3736
2023-03-21,1.0,0.0,379147810392.2092
2023-03-22,1.0,0.0,363674182078.5579
2023-03-23,1.0,0.0,376642115157.85846
2023-03-24,1.0,0.0,380475420781.98987
2023-03-27,1.0,0.0,372665351715.80676
2023-03-28,1.0,0.0,366475898714.2314
2023-03-29,1.0,0.0,386515309175.5481
2023-03-30,1.0,0.0,396980604592.8285
2023-03-31,1.0,0.0,416430979604.2645
2023-04-03,1.0,0.0,413482741980.333
2023-04-04,1.0,0.0,409356439045.5189
2023-04-05,1.0,0.0,396242004518.4906
2023-04-06,1.0,0.0,404198558279.4575
2023-04-10,1.0,0.0,403316519916.7616
2023-04-11,1.0,0.0,395506456424.84143
2023-04-12,1.0,0.0,385044207413.53766
2023-04-13,1.0,0.0,407146767937.9562
2023-04-14,1.0,0.0,404790623342.6156
2023-04-17,1.0,0.0,405230102530.3231
2023-04-18,1.0,0.0,405526143452.0769
2023-04-19,1.0,0.0,404641061478.29285
2023-04-20,1.0,0.0,395210387498.30505
2023-04-21,1.0,0.0,395948968004.6962
2023-04-24,1.0,0.0,393589765800.9006
2023-04-25,1.0,0.0,371337651812.8579
2023-04-26,1.0,0.0,377527099217.7643
2023-04-27,1.0,0.0,408031807875.7026
2023-04-28,1.0,0.0,416284405349.65
2023-05-01,1.0,0.0,415103274034.15674
2023-05-02,1.0,0.0,404051989564.7185
2023-05-03,1.0,0.0,396095430199.75885
2023-05-04,1.0,0.0,391673083528.1447
2023-05-05,1.0,0.0,415695350246.6239
2023-05-08,1.0,0.0,419083058647.41595
2023-05-09,1.0,0.0,410980003416.7443
2023-05-10,1.0,0.0,424240928199.9765
2023-05-11,1.0,0.0,427778190079.06854
2023-05-12,1.0,0.0,423355843403.7781
2023-05-15,1.0,0.0,429841328896.99817
2023-05-16,1.0,0.0,431461936566.7876
2023-05-17,1.0,0.0,446935559276.85913
2023-05-18,1.0,0.0,470954773992.2157
2023-05-19,1.0,0.0,467713550208.7841
2023-05-22,1.0,0.0,472575373211.24695
2023-05-23,1.0,0.0,454303063487.296
2023-05-24,1.0,0.0,446935539561.64453
2023-05-25,1.0,0.0,479207354553.6113
2023-05-26,1.0,0.0,515458973822.0787
2023-05-30,1.0,0.0,522679987787.2726
2023-05-31,1.0,0.0,512068190893.3555
2023-06-01,1.0,0.0,530636538701.4528
2023-06-02,1.0,0.0,542572896713.20135
2023-06-05,1.0,0.0,543754011139.5393
2023-06-06,1.0,0.0,543161920869.58966
2023-06-07,1.0,0.0,515458939960.951
2023-06-08,1.0,0.0,533142208593.79333
2023-06-09,1.0,0.0,539627699701.5022
2023-06-12,1.0,0.0,567184173444.4456
2023-06-13,1.0,0.0,579856062763.0367
2023-06-14,1.0,0.0,592234960355.2544
2023-06-15,1.0,0.0,613012954089.7996
2023-06-16,1.0,0.0,601223086290.5571
2023-06-20,1.0,0.0,598277897727.2601
2023-06-21,1.0,0.0,574298353328.9376
2023-06-22,1.0,0.0,593370280656.2396
2023-06-23,1.0,0.0,575778566281.286
2023-06-26,1.0,0.0,553010659082.3923
2023-06-27,1.0,0.0,580359602664.3722
2023-06-28,1.0,0.0,583909072509.8876
2023-06-29,1.0,0.0,579917057409.8693
2023-06-30,1.0,0.0,606081826098.234
2023-07-03,1.0,0.0,610220325719.1266
2023-07-05,1.0,0.0,609777780459.0594
2023-07-06,1.0,0.0,595439495034.5531
2023-07-07,1.0,0.0,589378225866.5763
2023-07-10,1.0,0.0,589820756935.2404
2023-07-11,1.0,0.0,598247318212.2899
2023-07-12,1.0,0.0,620423126626.6903
2023-07-13,1.0,0.0,651318490883.6316
2023-07-14,1.0,0.0,650726400596.081
2023-07-17,1.0,0.0,668760643198.2467
2023-07-18,1.0,0.0,684728689417.1138
2023-07-19,1.0,0.0,684728686573.3518
2023-07-20,1.0,0.0,636684144673.966
2023-07-21,1.0,0.0,631065415085.4962
2023-07-24,1.0,0.0,633577200198.8885
2023-07-25,1.0,0.0,646291817458.0262
2023-07-26,1.0,0.0,639638460835.1056
2023-07-27,1.0,0.0,634169279103.9441
2023-07-28,1.0,0.0,668467620170.482
2023-07-31,1.0,0.0,669795230381.8727
2023-08-01,1.0,0.0,664622092371.4384
2023-08-02,1.0,0.0,621161650177.6537
2023-08-03,1.0,0.0,616727095475.3551
2023-08-04,1.0,0.0,608150980646.949
2023-08-07,1.0,0.0,623230889983.5116
2023-08-08,1.0,0.0,607265890065.4149
2023-08-09,1.0,0.0,587012834158.2546
2023-08-10,1.0,0.0,589674172814.6049
2023-08-11,1.0,0.0,577847681023.6051
2023-08-14,1.0,0.0,597066098478.8651
2023-08-15,1.0,0.0,578732748773.0515
2023-08-16,0.5,0.0,559377483812.5828
2023-08-17,0.5,0.0,549951409530.7212
2023-08-18,0.5,0.0,548733814773.1909
2023-08-21,1.0,0.0,561722040332.1761
2023-08-22,0.5,0.0,559080382287.777
2023-08-23,1.0,0.0,572154638493.6697
2023-08-24,1.0,0.0,534460442758.43585
2023-08-25,1.0,0.0,547122165824.89484
2023-08-28,1.0,0.0,559350196393.0333
2023-08-29,1.0,0.0,595027609828.6724
2023-08-30,1.0,0.0,604953824955.4697
2023-08-31,1.0,0.0,610421845307.8219
2023-09-01,1.0,0.0,608265491255.7004
2023-09-05,1.0,0.0,609845509531.1484
2023-09-06,1.0,0.0,593732421796.1432
2023-09-07,1.0,0.0,580785513686.5747
2023-09-08,1.0,0.0,582511145321.3229
2023-09-11,1.0,0.0,602366520246.4116
2023-09-12,1.0,0.0,583087252853.8226
2023-09-13,1.0,0.0,588843377671.9307
2023-09-14,1.0,0.0,602651578448.8611
2023-09-15,0.5,0.0,571580382720.7981
2023-09-18,0.5,0.0,572348204305.7883
2023-09-19,0.5,0.0,570663639873.3776
2023-09-20,0.4,0.0,558331432318.0974
2023-09-21,0.4,0.0,545659655353.788
2023-09-22,0.4,0.0,545883813817.7251
2023-09-25,0.4,0.0,548808096588.96045
2023-09-26,0.4,0.0,539330210715.7289
2023-09-27,0.4,0.0,540620645053.7681
2023-09-28,0.4,0.0,545638064330.57153
2023-09-29,0.4,0.0,546159260058.2815
2023-10-02,0.4,0.0,551331800526.49
2023-10-03,0.4,0.0,539960043820.91406
2023-10-04,0.4,0.0,548290643791.03827
2023-10-05,0.4,0.0,546090285509.82043
2023-10-06,0.4,0.0,556728655624.9496
2023-10-09,0.4,0.0,560125486012.6866
2023-10-10,0.8,0.0,563730243217.899
2023-10-11,1.0,0.0,573292676579.9594
2023-10-12,1.0,0.0,566588372978.9952
2023-10-13,0.4,0.0,545001629241.5276
2023-10-16,1.0,0.0,552321639729.7449
2023-10-17,1.0,0.0,547036752046.45984
2023-10-18,0.8,0.0,523837278710.0492
2023-10-19,0.4,0.0,512554347047.1924
2023-10-20,0.4,0.0,503349973103.9783
2023-10-23,0.4,0.0,505204203876.20245
2023-10-24,0.4,0.0,510819777862.06116
2023-10-25,0.30000000000000004,0.0,495967195028.07983
2023-10-26,0.1,0.0,487298356384.3015
2023-10-27,0.30000000000000004,0.0,488006874799.45874
2023-10-30,0.30000000000000004,0.0,492877957303.2781
2023-10-31,0.30000000000000004,0.0,495124642361.6527
2023-11-01,0.4,0.0,503059184260.4848
2023-11-02,0.4,0.0,513785241708.87585
2023-11-03,1.0,0.0,521150009821.7269
2023-11-06,0.4,0.0,526956227273.5685
2023-11-07,1.0,0.0,532778537180.93854
2023-11-08,1.0,0.0,533732395471.6414
2023-11-09,1.0,0.0,521051282087.6894
2023-11-10,1.0,0.0,555826042317.725
2023-11-13,1.0,0.0,550778772449.4116
2023-11-14,1.0,0.0,585418866271.8541
2023-11-15,1.0,0.0,587054473109.7489
2023-11-16,1.0,0.0,588008331358.9832
2023-11-17,1.0,0.0,588417912956.1411
2023-11-20,1.0,0.0,609417366637.2167
2023-11-21,1.0,0.0,598371888681.4198
2023-11-22,1.0,0.0,605326817763.9177
2023-11-24,1.0,0.0,602327627713.348
2023-11-27,1.0,0.0,600554434157.5582
2023-11-28,1.0,0.0,605326645521.8751
2023-11-29,1.0,0.0,603146704659.3966
2023-11-30,1.0,0.0,598099491971.5117
2023-12-01,1.0,0.0,603146647193.3989
2023-12-04,1.0,0.0,585962568882.2311
2023-12-05,1.0,0.0,590190503563.2461
2023-12-06,1.0,0.0,579689302176.3516
2023-12-07,1.0,0.0,603962889640.8628
2023-12-08,1.0,0.0,611189956963.5972
2023-12-11,1.0,0.0,626738227199.008
2023-12-12,1.0,0.0,641874139179.1433
2023-12-13,1.0,0.0,664512091122.0033
2023-12-14,1.0,0.0,663420703475.2026
2023-12-15,1.0,0.0,671329519344.9314
2023-12-18,1.0,0.0,685376820367.3323
2023-12-19,1.0,0.0,695603020290.0604
2023-12-20,1.0,0.0,664691444571.8693
2023-12-21,1.0,0.0,686743036580.2152
2023-12-22,1.0,0.0,689481224267.9779
2023-12-26,1.0,0.0,702083638205.8248
2023-12-27,1.0,0.0,705781323873.8398
2023-12-28,1.0,0.0,703999770921.3027
2023-12-29,1.0,0.0,694275706688.5829
2024-01-02,1.0,0.0,659074358694.8549
2024-01-03,1.0,0.0,637979401395.5765
2024-01-04,1.0,0.0,627295839125.102
2024-01-05,1.0,0.0,629624416479.6454
2024-01-08,1.0,0.0,667566584191.0757
2024-01-09,1.0,0.0,671948823924.2731
2024-01-10,1.0,0.0,685235878483.2837
2024-01-11,1.0,0.0,688521148263.0471
2024-01-12,1.0,0.0,689343145377.9406
2024-01-16,1.0,0.0,688933419245.9186
2024-01-17,1.0,0.0,677015415027.7871
2024-01-18,1.0,0.0,706052825707.905
2024-01-19,1.0,0.0,746870739683.2125
2024-01-22,1.0,0.0,749883813082.881
2024-01-23,1.0,0.0,758785793351.605
2024-01-24,1.0,0.0,771250821767.3882
2024-01-25,1.0,0.0,773441927080.4668
2024-01-26,1.0,0.0,759198122092.0399
2024-01-29,1.0,0.0,781524599696.7582
2024-01-30,1.0,0.0,765908880871.1799
2024-01-31,1.0,0.0,720846112113.8401
2024-02-01,1.0,0.0,746323280117.8243
2024-02-02,1.0,0.0,783853089740.4292
2024-02-05,1.0,0.0,779880344101.0209
2024-02-06,1.0,0.0,775360574405.8488
2024-02-07,1.0,0.0,798509136105.485
2024-02-08,1.0,0.0,801794405738.151
2024-02-09,1.0,0.0,825352577687.2828
2024-02-12,1.0,0.0,815628454998.5117
2024-02-13,1.0,0.0,777004422794.4185
2024-02-14,1.0,0.0,801656759110.4291
2024-02-15,1.0,0.0,808370410471.6565
2024-02-16,1.0,0.0,786181288547.9955
2024-02-20,1.0,0.0,767961932017.4503
2024-02-21,1.0,0.0,758375339437.6273
2024-02-22,1.0,0.0,823983090614.9229
2024-02-23,1.0,0.0,816450160424.1395
2024-02-26,1.0,0.0,815353102921.9172
2024-02-27,1.0,0.0,820422702080.2238
2024-02-28,1.0,0.0,807135589374.5264
2024-02-29,1.0,0.0,826586436418.9126
2024-03-01,1.0,0.0,864525856153.8627
2024-03-04,1.0,0.0,854254650935.8566
2024-03-05,1.0,0.0,808504522316.227
2024-03-06,1.0,0.0,823435628719.9197
2024-03-07,1.0,0.0,860143412093.3109
2024-03-08,1.0,0.0,822476072219.0688
2024-03-11,1.0,0.0,812889421023.108
2024-03-12,1.0,0.0,847406070033.8344
2024-03-13,1.0,0.0,827680220632.3444
2024-03-14,1.0,0.0,820969316405.5323
2024-03-15,1.0,0.0,790972349445.7161
2024-03-18,1.0,0.0,813298826274.3182
2024-03-19,1.0,0.0,818915507518.0444
2024-03-20,1.0,0.0,847989390017.4685
2024-03-21,1.0,0.0,858984310075.7642
2024-03-22,1.0,0.0,860771415927.268
2024-03-25,1.0,0.0,851975929531.3713
2024-03-26,1.0,0.0,844002527864.0837
2024-03-27,1.0,0.0,851425983089.0303
2024-03-28,1.0,0.0,846064548206.2367
2024-04-01,1.0,0.0,851288364319.4464
2024-04-02,1.0,0.0,828467993463.7471
2024-04-03,1.0,0.0,833966841539.2875
2024-04-04,1.0,0.0,794652643832.447
2024-04-05,1.0,0.0,822694083947.599
2024-04-08,1.0,0.0,823243883466.4749
2024-04-09,1.0,0.0,831767114114.9562
2024-04-10,1.0,0.0,809911852322.5006
2024-04-11,1.0,0.0,847988743776.4292
2024-04-12,1.0,0.0,807024882787.9713
2024-04-15,1.0,0.0,766470573156.0002
2024-04-16,0.5,0.0,766416282255.4269
2024-04-17,0.4,0.0,752212777470.6948
2024-04-18,0.4,0.0,746898468976.4971
2024-04-19,0.4,0.0,728643246990.7927
2024-04-22,0.4,0.0,736903747992.2866
2024-04-23,0.4,0.0,749684823723.355
2024-04-24,0.4,0.0,752662456519.8871
2024-04-25,0.4,0.0,747908474603.8203
2024-04-26,0.5,0.0,761551591966.5457
2024-04-29,0.5,0.0,766259376878.7732
2024-04-30,0.4,0.0,744237840616.0337
2024-05-01,0.4,0.0,737867021512.8994
2024-05-02,0.4,0.0,748711700153.3005
2024-05-03,1.0,0.0,766558855552.2935
2024-05-06,1.0,0.0,791713975752.1719
2024-05-07,1.0,0.0,791713935296.1677
2024-05-08,1.0,0.0,790226219258.8423
2024-05-09,1.0,0.0,794553962276.1832
2024-05-10,1.0,0.0,799960891092.1963
2024-05-13,1.0,0.0,805235255740.281
2024-05-14,1.0,0.0,820247214206.9615
2024-05-15,1.0,0.0,858112519146.2754
2024-05-16,1.0,0.0,852837992498.3187
2024-05-17,1.0,0.0,850944546693.0217
2024-05-20,1.0,0.0,868526045481.0698
2024-05-21,1.0,0.0,872989031644.408
2024-05-22,1.0,0.0,872448018142.4114
2024-05-23,1.0,0.0,859464627105.0897
2024-05-24,1.0,0.0,883537882176.3682
2024-05-28,1.0,0.0,893137229328.136
2024-05-29,1.3,0.0,874345323234.2468
2024-05-30,1.0,0.0,837606159700.8256
2024-05-31,1.3,0.0,836543876072.7007
2024-06-03,1.3,0.0,847018695224.2234
2024-06-04,1.3,0.0,855149072098.8054
2024-06-05,1.0,0.0,921772883969.4585
2024-06-06,1.0,0.0,920679364582.4293
2024-06-07,1.3,0.0,917124638375.7253
2024-06-10,1.3,0.0,929589581412.0325
2024-06-11,1.3,0.0,954409728220.8248
2024-06-12,1.3,0.0,1002863449165.1625
2024-06-13,1.3,0.0,1023241856627.0876
2024-06-14,1.3,0.0,1042024861288.7893
2024-06-17,1.3,0.0,1089664421449.8755
2024-06-18,1.3,0.0,1090325167106.5459
2024-06-20,1.3,0.0,1058070844237.9426
2024-06-21,1.3,0.0,1045761736604.3943
2024-06-24,1.3,0.0,1000842887007.4231
2024-06-25,1.3,0.0,1043429792451.0334
2024-06-26,1.3,0.0,1051635953105.3007
2024-06-27,1.3,0.0,1061216318886.8655
2024-06-28,1.3,0.0,1040121604495.6748
2024-07-01,1.3,0.0,1061552816162.3423
2024-07-02,1.3,0.0,1102518883186.8286
2024-07-03,1.3,0.0,1136352805819.7732
2024-07-05,1.3,0.0,1179052711397.0718
2024-07-08,1.3,0.0,1188532783043.353
2024-07-09,1.3,0.0,1191695206048.1714
2024-07-10,1.3,0.0,1237654057854.9783
2024-07-11,1.3,0.0,1138091233411.3628
2024-07-12,1.3,0.0,1161047389622.5698
2024-07-15,1.3,0.0,1171596909705.7188
2024-07-16,1.3,0.0,1172616365260.4663
2024-07-17,1.0,0.0,1044915667270.5156
2024-07-18,1.0,0.0,1029272866523.1337
2024-07-19,1.0,0.0,1001368582534.0428
2024-07-22,1.3,0.0,1044902127392.5635
2024-07-23,1.3,0.0,1030188814799.1525
2024-07-24,0.8,0.0,884978784614.4167
2024-07-25,1.0,0.0,861328027748.3922
2024-07-26,0.8,0.0,885881322874.5985
2024-07-29,0.8,0.0,890095433514.7083
2024-07-30,0.8,0.0,861042608634.6572
2024-07-31,0.8,0.0,920858034066.8903
2024-08-01,0.8,0.0,867301902007.241
2024-08-02,0.4,0.0,816853172510.3184
2024-08-05,0.1,0.0,788467636538.6115
2024-08-06,0.30000000000000004,0.0,790461225453.1509
2024-08-07,0.1,0.0,782826176521.4109
2024-08-08,0.4,0.0,789979317916.2462
2024-08-09,0.4,0.0,794346320869.8446
2024-08-12,0.4,0.0,796726680681.5139
2024-08-13,0.4,0.0,820254204491.0979
2024-08-14,0.4,0.0,820920414824.5662
2024-08-15,1.0,0.0,846824801675.0668
2024-08-16,1.0,0.0,849051108688.6488
2024-08-19,1.0,0.0,881963224397.8843
2024-08-20,1.0,0.0,876519315549.2897
2024-08-21,1.0,0.0,888521437125.354
2024-08-22,1.0,0.0,845833334958.7858
2024-08-23,1.0,0.0,872436287179.6869
2024-08-26,1.0,0.0,846824328899.9769
2024-08-27,1.0,0.0,853998918720.6355
2024-08-28,0.5,0.0,824839883233.9503
2024-08-29,0.5,0.0,822734454315.642
2024-08-30,1.0,0.0,836563604727.6971
2024-09-03,0.4,0.6,759761094482.4497
2024-09-04,0.4,0.6,757175928398.145
2024-09-05,0.4,0.6,758151575853.032
2024-09-06,0.30000000000000004,0.7,733561848126.1124
2024-09-09,0.4,0.6,741680371549.1669
2024-09-10,0.4,0.6,749660954258.3076
2024-09-11,0.4,0.6,769086852837.4343
2024-09-12,0.4,0.6,778673759856.4445
2024-09-13,1.0,0.0,782595608076.3073
2024-09-16,0.4,0.6,771667124784.2404
2024-09-17,0.4,0.6,771853206992.7983
2024-09-18,0.4,0.6,767809497942.624
2024-09-19,1.0,0.0,790400433155.8226
2024-09-20,1.0,0.0,785356416789.6547
2024-09-23,1.0,0.0,791183808104.9738
2024-09-24,1.0,0.0,802387914468.9314
2024-09-25,1.0,0.0,805199131818.4215
2024-09-26,1.0,0.0,822285550693.9718
2024-09-27,1.0,0.0,808121899410.0098
2024-09-30,1.0,0.0,814416321435.3623
2024-10-01,1.0,0.0,779906065408.8384
2024-10-02,1.0,0.0,782828914460.5698
2024-10-03,1.0,0.0,781029054785.3302
2024-10-04,1.0,0.0,808570133595.3796
2024-10-07,1.0,0.0,781928617133.8866
2024-10-08,1.0,0.0,815878272639.2924
2024-10-09,1.0,0.0,835550448389.8745
2024-10-10,1.0,0.0,832627435987.2908
2024-10-11,1.0,0.0,834762027690.9318
2024-10-14,1.0,0.0,856119907872.16
2024-10-15,1.0,0.0,821946825252.499
2024-10-16,1.0,0.0,821497938022.6173
2024-10-17,1.0,0.0,823969703247.9886
2024-10-18,1.0,0.0,838584274748.5166
2024-10-21,1.0,0.0,843192827828.1326
2024-10-22,1.0,0.0,845664592981.5095
2024-10-23,1.0,0.0,806545537928.7286
2024-10-24,1.0,0.0,825768908052.7394
2024-10-25,1.0,0.0,839706854036.3052
2024-10-28,1.0,0.0,840494865322.2295
2024-10-29,1.0,0.0,863764318670.6376
2024-10-30,1.0,0.0,844540784591.3578
2024-10-31,1.0,0.0,780240784222.7832
2024-11-01,1.0,0.0,796878397169.7719
2024-11-04,1.0,0.0,789458053357.0022
2024-11-05,1.0,0.0,819473256965.2427
2024-11-06,1.0,0.0,886019398430.1376
2024-11-07,1.0,0.0,927500782882.9076
2024-11-08,1.0,0.0,929749284185.7056
2024-11-11,1.0,0.0,928063169606.3354
2024-11-12,1.0,0.0,923003205077.0461
2024-11-13,1.0,0.0,918957039557.4716
2024-11-14,1.0,0.0,899510241656.1997
2024-11-15,1.0,0.0,834421983852.1226
2024-11-18,1.0,0.0,851284973811.3551
2024-11-19,1.0,0.0,868371391908.8838
2024-11-20,1.0,0.0,867359788760.3799
2024-11-21,1.0,0.0,875902956625.2334
2024-11-22,1.0,0.0,879162978549.6251
2024-11-25,1.0,0.0,883208814699.144
2024-11-26,1.0,0.0,896923496614.8755
2024-11-27,1.0,0.0,875228115071.7432
2024-11-29,1.0,0.0,897597596510.064
2024-12-02,1.0,0.0,926712745752.9136
2024-12-03,1.0,0.0,934918739835.7664
2024-12-04,1.0,0.0,969091658123.2986
2024-12-05,1.0,0.0,961108762591.0911
2024-12-06,1.0,0.0,985840819824.4675
2024-12-09,1.0,0.0,962796578518.7211
2024-12-10,1.0,0.0,952341835854.9539
2024-12-11,1.0,0.0,1003264080840.2164
2024-12-12,1.0,0.0,983366198922.2086
2024-12-13,1.0,0.0,1004500978168.1058
2024-12-16,1.0,0.0,1048228501949.3529
2024-12-17,1.0,0.0,1034176481298.0352
2024-12-18,1.0,0.0,922325888700.1189
2024-12-19,1.0,0.0,909285388843.8206
2024-12-20,1.0,0.0,932892015046.8346
2024-12-23,1.0,0.0,958890585699.7427
2024-12-24,1.0,0.0,997011624390.6168
2024-12-26,1.0,0.0,994867672459.5128
2024-12-27,1.0,0.0,954377140032.1511
2024-12-30,1.0,0.0,916030228044.7524
2024-12-31,1.0,0.0,892006525551.7356
2025-01-02,1.0,0.0,886367814533.198
2025-01-03,1.0,0.0,928888057383.1877
2025-01-06,1.0,0.0,960579849359.5547
2025-01-07,1.0,0.0,908812226502.8234
2025-01-08,1.0,0.0,909488768882.0432
2025-01-10,0.5,0.0,865849357030.9672
2025-01-13,0.5,0.0,861517845366.9227
2025-01-14,0.5,0.0,860045986899.9902
2025-01-15,1.0,0.0,888737902027.4497
2025-01-16,1.0,0.0,870601830941.4371
2025-01-17,1.0,0.0,913576369139.5493
2025-01-21,1.0,0.0,928743991712.286
2025-01-22,1.0,0.0,964796242600.8398
2025-01-23,1.0,0.0,970730549517.7648
2025-01-24,1.0,0.0,953253849564.8223
2025-01-27,1.0,0.0,869613514065.0427
2025-01-28,1.0,0.0,908192244373.3478
2025-01-29,1.0,0.0,902586445646.5413
2025-01-30,1.0,0.0,913906727173.9668
2025-01-31,1.0,0.0,908960299611.5494
2025-02-03,1.0,0.0,886978939217.8383
2025-02-04,1.0,0.0,919181528027.6659
2025-02-05,1.0,0.0,931161180698.5435
2025-02-06,1.0,0.0,945121166993.7025
2025-02-07,1.0,0.0,909071068823.4133
2025-02-10,1.0,0.0,941053799724.096
2025-02-11,1.0,0.0,934349048971.1483
2025-02-12,1.0,0.0,936218343590.9825
2025-02-13,1.0,0.0,975676235381.9863
2025-02-14,1.0,0.0,987105301974.186
2025-02-18,1.0,0.0,993261517904.4788
2025-02-19,1.0,0.0,993370269249.704
2025-02-20,1.0,0.0,981281763907.4299
2025-02-21,1.0,0.0,919840325169.5812
2025-02-24,1.0,0.0,886758439616.5131
2025-02-25,0.4,0.0,852650264429.331
2025-02-26,0.4,0.0,854907011260.509
2025-02-27,0.4,0.0,826485312951.498
2025-02-28,0.4,0.0,840961073304.6875
2025-03-03,0.30000000000000004,0.0,819835399629.5895
2025-03-04,0.30000000000000004,0.0,817199598467.25
2025-03-05,0.4,0.0,826702868268.1798
2025-03-06,0.1,0.0,799232821119.2518
2025-03-07,0.1,0.0,800974495087.0089
2025-03-10,0.0,0.0,791990021057.0493
2025-03-11,0.0,0.0,792082003055.7661
2025-03-12,0.0,0.0,792173995737.3027
2025-03-13,0.0,0.0,792265999102.9056
2025-03-14,0.0,0.0,792358013153.8013
2025-03-17,0.0,0.0,792634119430.7548
2025-03-18,0.0,0.0,792726176235.2737
2025-03-19,0.0,0.0,792818243731.3068
2025-03-20,0.0,0.0,792910321920.1019
2025-03-21,0.0,0.0,793002410802.8857
2025-03-24,0.1,0.0,793239077690.4739
2025-03-25,0.1,0.0,794737539625.303
2025-03-26,0.0,0.0,790292417685.7648
2025-03-27,0.0,0.0,790384202524.2169
2025-03-28,0.0,0.0,790475998022.6017
2025-03-31,0.0,0.0,790751448489.6982
2025-04-01,0.0,0.0,790843286640.1575
2025-04-02,0.0,0.0,790935135456.7388
2025-04-03,0.0,0.0,791026994940.6754
2025-04-04,0.0,0.0,791118865093.1931
2025-04-07,0.0,0.0,791394539574.6768
2025-04-08,0.0,0.0,791486452413.9645
2025-04-09,0.0,0.0,791578375928.0414
2025-04-10,0.0,0.0,791670310118.1494
2025-04-11,0.0,0.0,791762254985.5151
2025-04-14,0.0,0.0,792038153663.6628
2025-04-15,0.0,0.0,792130141252.5134
2025-04-16,0.0,0.0,792222139524.8379
2025-04-17,0.0,0.0,792314148481.87
2025-04-21,0.0,0.0,792682291181.9336
2025-04-22,0.0,0.0,792774353581.1434
2025-04-23,0.0,0.0,792866426672.5049
2025-04-24,0.0,0.0,792958510457.2684
2025-04-25,1.0,0.0,792654079634.2109
2025-04-28,1.0,0.0,792066735586.7902
2025-04-29,1.0,0.0,807525570916.2107
2025-04-30,1.0,0.0,807673781873.4766
2025-05-01,1.0,0.0,835501513991.1255
2025-05-02,1.0,0.0,874669131352.4636
2025-05-05,1.0,0.0,859503629179.2537
2025-05-06,1.0,0.0,835059353571.4674
2025-05-07,1.0,0.0,844777075369.7704
2025-05-08,1.0,0.0,869956659530.4839
2025-05-09,1.0,0.0,867895609284.0286
2025-05-12,1.0,0.0,973026598851.0565
2025-05-13,1.0,0.0,1017641749896.3633
2025-05-14,1.0,0.0,1035603425865.0753
2025-05-15,1.0,0.0,1038844602243.3567
2025-05-16,1.0,0.0,1051655289520.0674
2025-05-19,1.0,0.0,1054451524648.2227
2025-05-20,1.0,0.0,1043408122718.9015
2025-05-21,1.0,0.0,999970132258.3984
2025-05-22,1.0,0.0,1005124024570.6825
2025-05-23,1.0,0.0,976118884908.8724
2025-05-27,1.0,0.0,1044143121791.3513
2025-05-28,1.0,0.0,1030745151560.5835
2025-05-29,1.0,0.0,1035750771247.4323
2025-05-30,1.0,0.0,1030303175569.6211
2025-06-02,1.0,0.0,1054008806455.8325
2025-06-03,1.0,0.0,1078598265585.346
2025-06-04,1.0,0.0,1087286975560.9064
2025-06-05,1.0,0.0,1061958995218.2515
2025-06-06,1.0,0.0,1092292533224.6581
2025-06-09,1.0,0.0,1097149756307.0283
2025-06-10,1.0,0.0,1118352670139.288
2025-06-11,1.0,0.0,1106867415775.0442
2025-06-12,1.0,0.0,1114082296444.8513
2025-06-13,1.0,0.0,1071972827885.0037
2025-06-16,1.0,0.0,1115704150081.357
2025-06-17,1.0,0.0,1082719374716.3153
2025-06-18,1.0,0.0,1081248448867.3539
2025-06-20,1.0,0.0,1066376587105.5176
2025-06-23,1.0,0.0,1099506421186.215
2025-06-24,1.0,0.0,1149569105617.0293
2025-06-25,1.0,0.0,1158397191595.0737
2025-06-26,1.0,0.0,1190145249614.3088
2025-06-27,1.0,0.0,1201808306886.371
2025-06-30,1.0,0.0,1225137324665.622
2025-07-01,1.0,0.0,1193982232534.0784
2025-07-02,1.0,0.0,1217756192313.9119
2025-07-03,1.0,0.0,1251864749392.5583
2025-07-07,1.0,0.0,1223956639522.1167
2025-07-08,1.0,0.0,1225581644495.9268
2025-07-09,1.0,0.0,1250977705995.1345
2025-07-10,1.0,0.0,1245218737549.8696
2025-07-11,1.0,0.0,1235767782395.0654
2025-07-14,1.0,0.0,1248910475018.222
2025-07-15,1.0,0.0,1252157581711.343
2025-07-16,1.0,0.0,1255701233511.2424
2025-07-17,1.0,0.0,1284937554191.159
2025-07-18,1.0,0.0,1280507107790.2131
2025-07-21,1.0,0.0,1299998831153.423
2025-07-22,1.0,0.0,1279768460908.9966
2025-07-23,1.0,0.0,1296600299309.4785
2025-07-24,1.0,0.0,1305164459853.4946
2025-07-25,1.0,0.0,1312548370824.3274
2025-07-28,1.0,0.0,1325394517924.2937
2025-07-29,1.0,0.0,1319339004178.5886
2025-07-30,1.0,0.0,1323917598299.276
2025-07-31,1.0,0.0,1302065126180.5933
2025-08-01,1.0,0.0,1223955080009.455
2025-08-04,1.0,0.0,1290988916035.618
2025-08-05,1.0,0.0,1264115935046.8232
2025-08-06,1.0,0.0,1311367371357.5115
2025-08-07,1.0,0.0,1324655495470.8518
2025-08-08,1.0,0.0,1360386153987.825
2025-08-11,1.0,0.0,1348426301688.6777
2025-08-12,1.0,0.0,1398186509626.293
2025-08-13,1.0,0.0,1400253366474.6663
2025-08-14,1.0,0.0,1396416010044.6917
2025-08-15,1.0,0.0,1376630457242.023
2025-08-18,1.0,0.0,1374856929488.9766
2025-08-19,1.0,0.0,1318747565332.7805
2025-08-20,1.0,0.0,1294679900999.86
2025-08-21,1.0,0.0,1276667687935.2275
2025-08-22,1.0,0.0,1334105448840.6099
2025-08-25,1.0,0.0,1322439175798.2468
2025-08-26,1.0,0.0,1337794219188.4954
2025-08-27,1.0,0.0,1343849607716.9617
2025-08-28,1.0,0.0,1368358998832.705
2025-08-29,1.0,0.0,1319043483197.1333
2025-09-02,1.0,0.0,1285376464952.3284
2025-09-03,1.0,0.0,1315351182505.8604
2025-09-04,1.0,0.0,1350936533652.9753
2025-09-05,1.0,0.0,1355366854855.532
2025-09-08,1.0,0.0,1374707338780.35
2025-09-09,1.0,0.0,1385928543110.7026
2025-09-10,1.0,0.0,1387405274904.569
2025-09-11,1.0,0.0,1410737381771.435
2025-09-12,1.0,0.0,1428307617015.8079
2025-09-15,1.0,0.0,1464776546662.0583
2025-09-16,1.0,0.0,1460790917352.213
2025-09-17,1.0,0.0,1451488234094.5496
2025-09-18,1.0,0.0,1490617299246.6086
2025-09-19,1.0,0.0,1520147198969.2305
2025-09-22,1.0,0.0,1545839678878.2375
2025-09-23,1.0,0.0,1514684585930.3088
2025-09-24,1.0,0.0,1498398265111.6707
2025-09-25,1.0,0.0,1478295408634.467
2025-09-26,1.0,0.0,1496031709007.1865
2025-09-29,1.0,0.0,1515986040707.3037
2025-09-30,1.0,0.0,1527809231418.7424
2025-10-01,1.0,0.0,1549385791000.6057
2025-10-02,1.0,0.0,1568305306329.2332
2025-10-03,1.0,0.0,1547022200210.205
2025-10-06,1.0,0.0,1581605102299.3662
2025-10-07,1.0,0.0,1556036919208.355
2025-10-08,1.0,0.0,1608801128619.234
2025-10-09,1.0,0.0,1602446103603.7578
2025-10-10,1.0,0.0,1434251581272.9392
2025-10-13,1.0,0.0,1525293707878.1194
2025-10-14,1.0,0.0,1494257232771.0078
2025-10-15,1.0,0.0,1524851729207.007
2025-10-16,1.0,0.0,1507853699893.2627
2025-10-17,1.0,0.0,1536526583954.9966
2025-10-20,1.0,0.0,1594168833887.6558
2025-10-21,1.0,0.0,1592392465352.4614
2025-10-22,1.0,0.0,1545541239106.2197
2025-10-23,1.0,0.0,1584264037105.6865
2025-10-24,1.0,0.0,1633629839324.9084
2025-10-27,1.0,0.0,1720383923133.622
2025-10-28,1.0,0.0,1759699811316.8398
2025-10-29,1.0,0.0,1782163040522.0608
2025-10-30,1.0,0.0,1700580450157.9019
2025-10-31,1.0,0.0,1724671712032.786
2025-11-03,1.0,0.0,1748318029402.028
2025-11-04,1.0,0.0,1641312626154.935
2025-11-05,1.0,0.0,1673238609957.3503
2025-11-06,1.0,0.0,1579387948056.523
2025-11-07,1.0,0.0,1562980043308.1733
2025-11-10,1.0,0.0,1665403570656.9712
2025-11-11,1.0,0.0,1651658641014.975
2025-11-12,1.0,0.0,1648260170476.2502
2025-11-13,1.0,0.0,1546426513971.46
2025-11-14,1.0,0.0,1547609665462.2507
2025-11-17,1.0,0.0,1507851671068.2952
2025-11-18,0.5,0.0,1452953426611.2996
2025-11-19,0.5,0.0,1465521776225.4888
2025-11-20,0.4,0.0,1412714886436.5132
2025-11-21,0.4,0.0,1425334360130.957
2025-11-24,1.0,0.0,1468973977444.9124
2025-11-25,1.0,0.0,1495726448304.676
2025-11-26,1.0,0.0,1534847996934.9448
2025-11-28,1.0,0.0,1568503541278.6023
2025-12-01,1.0,0.0,1554408497143.768
2025-12-02,1.0,0.0,1590367071095.798
2025-12-03,1.0,0.0,1601587489480.5874
2025-12-04,1.0,0.0,1596407191799.8247
2025-12-05,1.0,0.0,1614819337144.6858
2025-12-08,1.0,0.0,1604750159252.1433
2025-12-09,1.0,0.0,1610790340856.986
2025-12-10,1.0,0.0,1629202486158.07
2025-12-11,1.0,0.0,1613667486812.6753
2025-12-12,1.0,0.0,1519026376630.965
2025-12-15,1.0,0.0,1496010935624.5464
2025-12-16,1.0,0.0,1504928385144.2373
2025-12-17,0.4,0.6,1419792262839.5815
2025-12-18,0.5,0.5,1443933660278.0027
2025-12-19,1.0,0.0,1471385829441.9526
2025-12-22,1.0,0.0,1491465949462.1387
2025-12-23,1.0,0.0,1512368589354.6602
2025-12-24,1.0,0.0,1524380319678.7021
2025-12-26,1.0,0.0,1523003152584.7793
2025-12-29,0.5,0.5,1499663512431.5312
2025-12-30,0.5,0.5,1494293366346.2817
2025-12-31,0.5,0.5,1475294027503.4807
2026-01-02,0.5,0.5,1468609717557.0002
2026-01-05,0.5,0.5,1485818624827.152
2026-01-06,1.0,0.0,1504483230729.8735
2026-01-07,1.0,0.0,1508860203132.3174
2026-01-08,1.0,0.0,1482046746392.8389
2026-01-09,1.0,0.0,1525006115149.4988
2026-01-12,1.0,0.0,1528560638569.475
2026-01-13,1.0,0.0,1520625887895.8196
2026-01-14,1.0,0.0,1472192913939.8044
2026-01-15,1.0,0.0,1487242604245.441
2026-01-16,1.0,0.0,1480675518216.1208
2026-01-20,0.8,0.19999999999999996,1387091829044.4597
2026-01-21,1.0,0.0,1430571429821.2346
2026-01-22,1.0,0.0,1462317898531.126
2026-01-23,1.0,0.0,1475342625898.792
2026-01-26,1.0,0.0,1494338773235.1526
2026-01-27,1.0,0.0,1533956636069.862
2026-01-28,1.0,0.0,1548065854525.398
2026-01-29,1.0,0.0,1520388189799.8918
2026-01-30,1.0,0.0,1465032898467.1438
2026-02-02,1.0,0.0,1494879392879.5894
2026-02-03,0.4,0.6,1424016178724.158
2026-02-04,0.4,0.6,1394064940801.164
2026-02-05,0.4,0.6,1371058527891.032
2026-02-06,0.4,0.6,1403071564591.8281
2026-02-09,0.4,0.6,1415551026823.376
2026-02-10,0.4,0.6,1407737573518.0017
2026-02-11,0.4,0.6,1411861523306.2617
2026-02-12,0.4,0.6,1377785130928.7896
2026-02-13,0.4,0.6,1380064446458.0938
2026-02-17,0.4,0.6,1378761753377.3745
2026-02-18,0.4,0.6,1390047927519.0215
2026-02-19,0.8,0.19999999999999996,1383392708384.959
2026-02-20,0.8,0.19999999999999996,1411282460090.1624
2026-02-23,0.4,0.6,1369469761086.3604
2026-02-24,0.4,0.6,1386963406893.6082
2026-02-25,1.0,0.0,1409884536743.9124
2026-02-26,0.4,0.6,1359569220143.7292
2026-02-27,0.4,0.6,1353807109890.962
2026-03-02,0.4,0.6,1350776014919.9775
2026-03-03,0.30000000000000004,0.7,1333257386758.535
2026-03-04,0.4,0.6,1351097716188.204
2026-03-05,0.4,0.6,1346151366520.8472
2026-03-06,0.30000000000000004,0.7,1321732697000.9773
2026-03-09,0.4,0.6,1337041917936.8113
2026-03-10,0.4,0.6,1337150374428.851
2026-03-11,0.4,0.6,1336607990667.5916
2026-03-12,0.1,0.9,1308942093057.4617
2026-03-13,0.1,0.9,1306425775087.3655
2026-03-16,0.30000000000000004,0.7,1310442706980.2173
2026-03-17,0.30000000000000004,0.7,1316241869252.8074
2026-03-18,0.1,0.9,1298922636187.9666
2026-03-19,0.1,0.9,1297767218987.8352
2026-03-20,0.0,1.0,1290290466506.9805
2026-03-23,0.0,1.0,1290290416533.1035
2026-03-24,0.0,1.0,1290290399870.5688
2026-03-25,0.0,1.0,1290290383205.746
2026-03-26,0.0,1.0,1290290366538.6348
2026-03-27,0.0,1.0,1290290349869.2344
2026-03-30,0.0,1.0,1290290299847.2966
2026-03-31,0.0,1.0,1290290283168.7375
2026-04-01,0.0,1.0,1287715589918.5972
2026-04-02,0.0,1.0,1287715573235.4568
2026-04-06,0.0,1.0,1287715506479.9805
2026-04-07,0.0,1.0,1287715489785.381
2026-04-08,1.0,0.0,1286427696816.6506
2026-04-09,1.0,0.0,1312181829425.9844
2026-04-10,1.0,0.0,1317815407744.0232
2026-04-13,1.0,0.0,1357787711445.2166
2026-04-14,1.0,0.0,1431562900117.005
2026-04-15,1.0,0.0,1491656111862.9238
2026-04-16,1.0,0.0,1512581311278.0935
2026-04-17,1.0,0.0,1570528330520.2468
2026-04-20,1.0,0.0,1556845822332.2966
2026-04-21,1.0,0.0,1538603009319.438
2026-04-22,1.0,0.0,1613987842138.0603
2026-04-23,1.0,0.0,1587428533312.8464
2026-04-24,1.0,0.0,1677031891098.156
2026-04-27,1.0,0.0,1679177551755.9712
2026-04-28,1.0,0.0,1628205303631.7505
