date,tqqq_alloc,bond_alloc,equity
1985-02-04,1.0,0.0,999500.0
1985-02-05,1.0,0.0,1011624.1041428987
1985-02-06,1.0,0.0,1020426.5008955947
1985-02-07,1.0,0.0,1053311.2759581292
1985-02-08,1.0,0.0,1054639.8310909998
1985-02-11,1.0,0.0,1033048.3496403222
1985-02-12,1.0,0.0,1012121.4653467609
1985-02-13,1.0,0.0,1033048.093726051
1985-02-14,1.0,0.0,1011124.6971598484
1985-02-15,1.0,0.0,986710.0200427637
1985-02-19,1.0,0.0,964121.8975286467
1985-02-20,1.0,0.0,972426.0377201377
1985-02-21,1.0,0.0,966280.7508734016
1985-02-22,1.0,0.0,958640.6956829997
1985-02-25,1.0,0.0,926585.8346818332
1985-02-26,1.0,0.0,950501.9992573566
1985-02-27,1.0,0.0,923928.2119648407
1985-02-28,1.0,0.0,922267.2298213834
1985-03-01,1.0,0.0,951165.9553348656
1985-03-04,1.0,0.0,956646.3867854759
1985-03-05,1.0,0.0,944189.8555657287
1985-03-06,1.0,0.0,895692.7994833642
1985-03-07,1.0,0.0,853506.9873475418
1985-03-08,1.0,0.0,835403.5535213158
1985-03-11,1.0,0.0,822946.7645508536
1985-03-12,1.0,0.0,832579.5870288647
1985-03-13,1.0,0.0,769633.1037107995
1985-03-14,1.0,0.0,754187.035573232
1985-03-15,1.0,0.0,765812.8823670255
1985-03-18,1.0,0.0,765314.2391924924
1985-03-19,1.0,0.0,788898.2323417742
1985-03-20,1.0,0.0,784081.6275507587
1985-03-21,1.0,0.0,784247.583763135
1985-03-22,1.0,0.0,776441.4422843255
1985-03-25,1.0,0.0,730435.4076183195
1985-03-26,1.0,0.0,734255.2417590041
1985-03-27,1.0,0.0,755347.9541260822
1985-03-28,1.0,0.0,755015.6540037178
1985-03-29,1.0,0.0,773284.9150507629
1985-04-01,1.0,0.0,799526.0147183193
1985-04-02,1.0,0.0,783581.6898499934
1985-04-03,1.0,0.0,747707.120803086
1985-04-04,0.5,0.0,742704.5390920348
1985-04-08,0.5,0.0,734812.3537294025
1985-04-09,0.5,0.0,736387.0021564354
1985-04-10,0.5,0.0,753065.1079562794
1985-04-11,0.5,0.0,754224.864995043
1985-04-12,0.5,0.0,756546.435779118
1985-04-15,0.5,0.0,758864.0459387004
1985-04-16,0.5,0.0,763509.2984780616
1985-04-17,0.5,0.0,769316.3804277214
1985-04-18,0.5,0.0,764003.3407197397
1985-04-19,0.5,0.0,760681.9945623368
1985-04-22,0.5,0.0,750552.0970425545
1985-04-23,0.5,0.0,756774.2064893062
1985-04-24,0.5,0.0,756357.4496427048
1985-04-25,0.5,0.0,761251.8156574359
1985-04-26,0.5,0.0,757930.5893827865
1985-04-29,0.5,0.0,742075.0187932389
1985-04-30,0.5,0.0,733857.690519612
1985-05-01,0.5,0.0,728461.9045931913
1985-05-02,0.5,0.0,723978.9844545588
1985-05-03,0.5,0.0,732356.0644263999
1985-05-06,0.4,0.0,724428.5766370932
1985-05-07,0.4,0.0,728292.2342266771
1985-05-08,0.4,0.0,729000.8700468296
1985-05-09,0.4,0.0,740066.2887289131
1985-05-10,1.0,0.0,764906.1402542716
1985-05-13,1.0,0.0,772536.5487631102
1985-05-14,1.0,0.0,760136.8180164108
1985-05-15,1.0,0.0,764746.9002760126
1985-05-16,1.0,0.0,778736.2252153262
1985-05-17,1.0,0.0,798925.3885316047
1985-05-20,1.0,0.0,831991.0311813515
1985-05-21,1.0,0.0,820227.1812014731
1985-05-22,1.0,0.0,808781.271638466
1985-05-23,1.0,0.0,788909.9406597808
1985-05-24,1.0,0.0,783504.8992451715
1985-05-28,1.0,0.0,754095.1929108485
1985-05-29,1.0,0.0,754095.1387438063
1985-05-30,1.0,0.0,737085.2715436534
1985-05-31,1.0,0.0,753777.089939155
1985-06-03,1.0,0.0,755843.5400735935
1985-06-04,0.9,0.0,761369.2635548746
1985-06-05,1.0,0.0,754910.7513306603
1985-06-06,1.0,0.0,756819.5884448667
1985-06-07,0.8,0.0,742588.0151566765
1985-06-10,0.8,0.0,740645.6184238812
1985-06-11,0.8,0.0,729604.4252340798
1985-06-12,0.4,0.0,705700.8088786155
1985-06-13,0.4,0.0,690053.1863228381
1985-06-14,0.4,0.0,695811.2016882037
1985-06-17,0.4,0.0,690970.5195722156
1985-06-18,0.4,0.0,692021.94201062
1985-06-19,0.4,0.0,693460.2333039163
1985-06-20,0.4,0.0,689289.2239467399
1985-06-21,0.4,0.0,697755.3021963047
1985-06-24,0.4,0.0,708453.3848520726
1985-06-25,1.0,0.0,725153.5056706506
1985-06-26,1.0,0.0,748467.1173790785
1985-06-27,1.0,0.0,769915.636116921
1985-06-28,1.0,0.0,769449.3125784093
1985-07-01,1.0,0.0,774111.8940070684
1985-07-02,1.0,0.0,761677.8906027087
1985-07-03,1.0,0.0,751575.2533847672
1985-07-05,1.0,0.0,759968.0709461238
1985-07-08,1.0,0.0,742560.3854466021
1985-07-09,1.0,0.0,731836.0505041503
1985-07-10,1.0,0.0,741316.8892687411
1985-07-11,1.0,0.0,759967.7684015393
1985-07-12,1.0,0.0,777064.4033901555
1985-07-15,1.0,0.0,785768.0190611649
1985-07-16,1.0,0.0,811879.2699688784
1985-07-17,1.0,0.0,848093.1077241203
1985-07-18,1.0,0.0,821360.0581120818
1985-07-19,1.0,0.0,831773.4432483665
1985-07-22,1.0,0.0,823224.9488002756
1985-07-23,1.0,0.0,830996.1188638539
1985-07-24,1.0,0.0,814831.9292791054
1985-07-25,1.0,0.0,827421.2561286215
1985-07-26,1.0,0.0,821204.2289661642
1985-07-29,1.0,0.0,773333.3577208912
1985-07-30,1.0,0.0,773177.8826261355
1985-07-31,1.0,0.0,775664.6225441647
1985-08-01,1.0,0.0,799289.082648512
1985-08-02,1.0,0.0,796802.2413193852
1985-08-05,0.6000000000000001,0.0,773489.0156031236
1985-08-06,0.6000000000000001,0.0,761803.712285279
1985-08-07,0.6000000000000001,0.0,749375.5035863181
1985-08-08,0.6000000000000001,0.0,752236.831876145
1985-08-09,0.6000000000000001,0.0,754818.49365093
1985-08-12,0.6000000000000001,0.0,748579.2257339455
1985-08-13,0.4,0.0,734687.1433616005
1985-08-14,0.4,0.0,735681.6957853525
1985-08-15,0.4,0.0,733129.8533574515
1985-08-16,0.4,0.0,726257.8628673118
1985-08-19,0.4,0.0,722600.2894253419
1985-08-20,0.4,0.0,731461.5502067283
1985-08-21,0.5,0.0,737320.3212743218
1985-08-22,0.4,0.0,729246.6329727543
1985-08-23,0.0,0.0,726397.7810624867
1985-08-26,0.0,0.0,726851.8935273362
1985-08-27,0.0,0.0,727003.3226747572
1985-08-28,0.0,0.0,727154.7901202996
1985-08-29,0.0,0.0,727306.277519398
1985-08-30,0.0,0.0,727457.8048256091
1985-09-03,0.0,0.0,728064.2232490598
1985-09-04,0.0,0.0,728215.9051914023
1985-09-05,0.0,0.0,728367.9812214343
1985-09-06,0.0,0.0,728520.0971585793
1985-09-09,0.0,0.0,728976.630091166
1985-09-10,0.0,0.0,729128.874256065
1985-09-11,0.0,0.0,729281.1498204271
1985-09-12,0.0,0.0,729433.4553151234
1985-09-13,0.0,0.0,729585.790740154
1985-09-16,0.0,0.0,730042.9822719966
1985-09-17,0.0,0.0,730195.4492955854
1985-09-18,0.0,0.0,730347.9443464809
1985-09-19,0.0,0.0,730500.4693277102
1985-09-20,0.0,0.0,730653.0342160512
1985-09-23,0.30000000000000004,0.0,731001.2476485773
1985-09-24,0.0,0.0,717932.1336791666
1985-09-25,0.0,0.0,718082.0717737606
1985-09-26,0.0,0.0,718232.0401737016
1985-09-27,0.0,0.0,718382.0384955101
1985-09-30,0.0,0.0,718832.2172296157
1985-10-01,0.0,0.0,718982.3399847633
1985-10-02,0.0,0.0,719132.4978896584
1985-10-03,0.0,0.0,719283.9623827661
1985-10-04,0.0,0.0,719435.4567977411
1985-10-07,0.0,0.0,719890.1255551616
1985-10-08,0.0,0.0,720041.7516342888
1985-10-09,0.0,0.0,720193.4056300372
1985-10-10,0.0,0.0,720345.0895476525
1985-10-11,0.0,0.0,720496.8133610905
1985-10-14,0.0,0.0,720952.1405280844
1985-10-15,0.0,0.0,721103.9894017323
1985-10-16,1.0,0.0,720895.2448581813
1985-10-17,1.0,0.0,728537.6016022805
1985-10-18,1.0,0.0,719939.7598638475
1985-10-21,1.0,0.0,707329.4544415295
1985-10-22,1.0,0.0,721085.7681416873
1985-10-23,1.0,0.0,732358.2867609306
1985-10-24,1.0,0.0,739809.5821907602
1985-10-25,1.0,0.0,709048.6459270585
1985-10-28,1.0,0.0,706755.6425878858
1985-10-29,1.0,0.0,735796.8488004311
1985-10-30,1.0,0.0,742292.8383046241
1985-10-31,1.0,0.0,736178.7913349805
1985-11-01,1.0,0.0,750890.4106038262
1985-11-04,1.0,0.0,745731.489420408
1985-11-05,1.0,0.0,752800.662265614
1985-11-06,1.0,0.0,770569.2599564042
1985-11-07,1.0,0.0,774772.515381538
1985-11-08,1.0,0.0,806488.5775875885
1985-11-11,1.0,0.0,829033.5238960973
1985-11-12,1.0,0.0,857883.6686372571
1985-11-13,1.0,0.0,843362.930409163
1985-11-14,1.0,0.0,856737.1212786649
1985-11-15,1.0,0.0,863233.1104249322
1985-11-18,1.0,0.0,857883.1271429025
1985-11-19,1.0,0.0,870302.0121085073
1985-11-20,1.0,0.0,861704.1696324926
1985-11-21,1.0,0.0,890936.4364885559
1985-11-22,1.0,0.0,898196.6701112074
1985-11-25,1.0,0.0,879281.3441145337
1985-11-26,1.0,0.0,896094.6355651343
1985-11-27,1.0,0.0,934879.9602042165
1985-11-29,1.0,0.0,940611.6138729982
1985-12-02,1.0,0.0,920358.8592956557
1985-12-03,1.0,0.0,920740.8909701548
1985-12-04,1.0,0.0,979778.6982374829
1985-12-05,1.0,0.0,991051.2158932424
1985-12-06,1.0,0.0,955513.7497292085
1985-12-09,1.0,0.0,966595.0246492825
1985-12-10,1.0,0.0,977103.297558915
1985-12-11,1.0,0.0,1004042.8300646214
1985-12-12,1.0,0.0,1016843.836829408
1985-12-13,1.0,0.0,1071678.2984099856
1985-12-16,1.0,0.0,1082568.5116978826
1985-12-17,1.0,0.0,1055437.736253329
1985-12-18,1.0,0.0,1045120.3427215229
1985-12-19,1.0,0.0,1063271.0617621853
1985-12-20,1.0,0.0,1070531.2947539375
1985-12-23,1.0,0.0,1032509.8510280077
1985-12-24,1.0,0.0,1015123.1945013256
1985-12-26,1.0,0.0,1021810.1527433395
1985-12-27,1.0,0.0,1047794.3790955858
1985-12-30,1.0,0.0,1058111.4079582985
1985-12-31,1.0,0.0,1065753.763017707
1986-01-02,1.0,0.0,1039769.2628635574
1986-01-03,1.0,0.0,1022191.5449519076
1986-01-06,1.0,0.0,1017032.6195114711
1986-01-07,1.0,0.0,1073204.508634504
1986-01-08,1.0,0.0,1032890.5127649516
1986-01-09,1.0,0.0,976336.3184124037
1986-01-10,1.0,0.0,992958.5476875466
1986-01-13,1.0,0.0,981494.6035442287
1986-01-14,1.0,0.0,982640.8789015603
1986-01-15,1.0,0.0,1035755.7893090189
1986-01-16,1.0,0.0,1071102.0119665926
1986-01-17,1.0,0.0,1063268.4128129045
1986-01-20,1.0,0.0,1034417.9027812164
1986-01-21,1.0,0.0,1021616.7134191489
1986-01-22,1.0,0.0,986270.307348258
1986-01-23,1.0,0.0,977672.463424433
1986-01-24,1.0,0.0,998115.9155479419
1986-01-27,1.0,0.0,1011107.7987174679
1986-01-28,1.0,0.0,1038047.3301338098
1986-01-29,1.0,0.0,1062694.127627044
1986-01-30,1.0,0.0,1041104.1247752436
1986-01-31,1.0,0.0,1057726.353571834
1986-02-03,1.0,0.0,1088295.8628305057
1986-02-04,1.0,0.0,1096320.3394096321
1986-02-05,1.0,0.0,1122686.6871680785
1986-02-06,1.0,0.0,1144849.6894198102
1986-02-07,1.0,0.0,1163764.651956602
1986-02-10,1.0,0.0,1180768.8184915273
1986-02-11,1.0,0.0,1183443.5824764487
1986-02-12,1.0,0.0,1192996.5481392797
1986-02-13,1.0,0.0,1205033.308837822
1986-02-14,1.0,0.0,1230062.2282816598
1986-02-18,1.0,0.0,1244391.4457257292
1986-02-19,1.0,0.0,1214394.7514482802
1986-02-20,1.0,0.0,1221463.9218689709
1986-02-21,1.0,0.0,1252224.6759028637
1986-02-24,1.0,0.0,1226049.019685868
1986-02-25,1.0,0.0,1204267.955079897
1986-02-26,1.0,0.0,1189747.2144684682
1986-02-27,1.0,0.0,1231398.4543907575
1986-02-28,1.0,0.0,1227959.2609179842
1986-03-03,1.0,0.0,1209234.9893939092
1986-03-04,1.0,0.0,1229296.3183068715
1986-03-05,1.0,0.0,1220507.412285018
1986-03-06,1.0,0.0,1234072.6617677987
1986-03-07,1.0,0.0,1231015.5904505476
1986-03-10,1.0,0.0,1275341.5007002014
1986-03-11,1.0,0.0,1352721.1769586673
1986-03-12,1.0,0.0,1387494.2148806322
1986-03-13,1.0,0.0,1397620.3633515711
1986-03-14,1.0,0.0,1396282.842298055
1986-03-17,1.0,0.0,1377367.5086471606
1986-03-18,1.0,0.0,1411949.485272211
1986-03-19,1.0,0.0,1406790.7409360632
1986-03-20,1.0,0.0,1415197.3388200852
1986-03-21,1.0,0.0,1420164.8358305714
1986-03-24,1.0,0.0,1392842.8107265085
1986-03-25,1.0,0.0,1403160.0200784118
1986-03-26,1.0,0.0,1395708.541680037
1986-03-27,1.0,0.0,1426469.2949297389
1986-03-31,1.0,0.0,1439652.1416420378
1986-04-01,1.0,0.0,1426850.950670649
1986-04-02,1.0,0.0,1439460.8937374386
1986-04-03,1.0,0.0,1432391.5374703421
1986-04-04,1.0,0.0,1383097.6651833248
1986-04-07,1.0,0.0,1354438.2109972406
1986-04-08,1.0,0.0,1433728.498191054
1986-04-09,1.0,0.0,1436403.2608608054
1986-04-10,1.0,0.0,1513782.9364245832
1986-04-11,1.0,0.0,1539767.1603673033
1986-04-14,1.0,0.0,1576832.7441677095
1986-04-15,1.0,0.0,1606447.1300261568
1986-04-16,1.0,0.0,1729108.2999807894
1986-04-17,1.0,0.0,1733120.490572954
1986-04-18,1.0,0.0,1686501.474177445
1986-04-21,1.0,0.0,1713249.754937733
1986-04-22,1.0,0.0,1690513.3832435447
1986-04-23,1.0,0.0,1676565.8248104258
1986-04-24,1.0,0.0,1752034.888464678
1986-04-25,1.0,0.0,1770758.7880638186
1986-04-28,1.0,0.0,1751079.2068538193
1986-04-29,1.0,0.0,1695862.4380757543
1986-04-30,1.0,0.0,1587339.6060929594
1986-05-01,1.0,0.0,1564603.2341887283
1986-05-02,1.0,0.0,1588103.662583325
1986-05-05,1.0,0.0,1652682.0517178136
1986-05-06,1.0,0.0,1651153.4682742243
1986-05-07,1.0,0.0,1622494.2003206615
1986-05-08,1.0,0.0,1649815.8517420576
1986-05-09,1.0,0.0,1672552.0353394975
1986-05-12,1.0,0.0,1666246.7342324017
1986-05-13,1.0,0.0,1642937.1785723127
1986-05-14,1.0,0.0,1640453.2891496108
1986-05-15,1.0,0.0,1600521.4126656547
1986-05-16,1.0,0.0,1575683.3676683884
1986-05-19,1.0,0.0,1584280.8364207782
1986-05-20,1.0,0.0,1635294.0711970627
1986-05-21,1.0,0.0,1647712.9519619215
1986-05-22,1.0,0.0,1715539.568626589
1986-05-23,1.0,0.0,1731588.611353242
1986-05-27,1.0,0.0,1763304.3851042949
1986-05-28,1.0,0.0,1766361.2689451936
1986-05-29,1.0,0.0,1775723.170988322
1986-05-30,1.0,0.0,1825207.916262718
1986-06-02,1.0,0.0,1786231.155597254
1986-06-03,1.0,0.0,1787759.5500300694
1986-06-04,1.0,0.0,1777060.0303045302
1986-06-05,1.0,0.0,1793682.2562003587
1986-06-06,1.0,0.0,1776677.7182019292
1986-06-09,1.0,0.0,1667772.573083232
1986-06-10,1.0,0.0,1650768.034990459
1986-06-11,1.0,0.0,1710187.9602165574
1986-06-12,1.0,0.0,1719740.9230880868
1986-06-13,1.0,0.0,1782599.9491173779
1986-06-16,1.0,0.0,1730248.9063763772
1986-06-17,0.5,0.5,1656434.6254149682
1986-06-18,1.0,0.0,1653600.5238545118
1986-06-19,1.0,0.0,1677685.589202419
1986-06-20,1.0,0.0,1686287.2659346585
1986-06-23,1.0,0.0,1684183.9658193183
1986-06-24,1.0,0.0,1722605.5018046296
1986-06-25,1.0,0.0,1760262.4259577969
1986-06-26,1.0,0.0,1749939.9608041835
1986-06-27,1.0,0.0,1745543.2369018493
1986-06-30,1.0,0.0,1776891.7011287431
1986-07-01,1.0,0.0,1799065.2364100209
1986-07-02,1.0,0.0,1818944.9362971345
1986-07-03,1.0,0.0,1836339.64784483
1986-07-07,1.0,0.0,1604279.1459316374
1986-07-08,0.4,0.6,1469207.101732335
1986-07-09,0.4,0.6,1493584.19625658
1986-07-10,0.4,0.6,1479981.6205357576
1986-07-11,0.4,0.6,1462863.820854836
1986-07-14,0.4,0.6,1421750.4216989526
1986-07-15,0.30000000000000004,0.7,1388418.0984612226
1986-07-16,0.4,0.6,1397821.9177756838
1986-07-17,0.4,0.6,1409596.7428583498
1986-07-18,0.4,0.6,1401197.8681209607
1986-07-21,0.30000000000000004,0.7,1392827.2519003951
1986-07-22,0.30000000000000004,0.7,1395434.3740957964
1986-07-23,0.30000000000000004,0.7,1393199.6441315578
1986-07-24,0.30000000000000004,0.7,1393820.3654307877
1986-07-25,0.4,0.6,1401818.330075585
1986-07-28,0.30000000000000004,0.7,1370151.6510520584
1986-07-29,0.1,0.9,1358616.5982098347
1986-07-30,0.1,0.9,1359434.3669619495
1986-07-31,0.1,0.9,1359864.7450090633
1986-08-01,0.1,0.9,1376530.2669214422
1986-08-04,0.1,0.9,1371752.2801165835
1986-08-05,0.1,0.9,1369836.794864189
1986-08-06,0.1,0.9,1366178.0514860032
1986-08-07,0.1,0.9,1366500.823543649
1986-08-08,0.1,0.9,1370719.0242166715
1986-08-11,0.1,0.9,1379241.4587845993
1986-08-12,0.30000000000000004,0.7,1383510.079010234
1986-08-13,0.30000000000000004,0.7,1398331.797681552
1986-08-14,0.4,0.6,1408026.7646821102
1986-08-15,0.4,0.6,1402980.4669349603
1986-08-18,0.30000000000000004,0.7,1396839.871613002
1986-08-19,0.30000000000000004,0.7,1392584.487633735
1986-08-20,0.4,0.6,1401931.2539987424
1986-08-21,1.0,0.0,1403661.1811959087
1986-08-22,1.0,0.0,1429099.0882876797
1986-08-25,1.0,0.0,1398853.3039209226
1986-08-26,1.0,0.0,1432904.1032312808
1986-08-27,1.0,0.0,1456739.611572552
1986-08-28,1.0,0.0,1456739.4410319733
1986-08-29,1.0,0.0,1445923.0800555549
1986-09-02,1.0,0.0,1377620.1580236014
1986-09-03,1.0,0.0,1390038.5762549932
1986-09-04,1.0,0.0,1433102.867255511
1986-09-05,0.30000000000000004,0.7,1382459.5188174797
1986-09-08,0.1,0.9,1356022.949170019
1986-09-09,0.1,0.9,1353739.746651377
1986-09-10,0.0,1.0,1350739.699985238
1986-09-11,0.0,1.0,1350739.6745217284
1986-09-12,0.0,1.0,1350739.6490533967
1986-09-15,0.0,1.0,1350739.5726166083
1986-09-16,0.0,1.0,1350739.5471277032
1986-09-17,0.0,1.0,1350739.5216341172
1986-09-18,0.0,1.0,1350739.496134908
1986-09-19,0.0,1.0,1350739.4706310267
1986-09-22,0.0,1.0,1350739.394090415
1986-09-23,0.0,1.0,1350739.3685668954
1986-09-24,0.0,1.0,1350739.3430377431
1986-09-25,0.0,1.0,1350739.317503916
1986-09-26,0.0,1.0,1350739.2919654136
1986-09-29,0.0,1.0,1350739.2153180514
1986-09-30,0.0,1.0,1350739.1897595762
1986-10-01,0.0,1.0,1360939.6546283397
1986-10-02,0.0,1.0,1360939.6290598714
1986-10-03,0.0,1.0,1360939.60362006
1986-10-06,0.0,1.0,1360939.527268927
1986-10-07,0.0,1.0,1360939.5018092094
1986-10-08,0.0,1.0,1360939.4763450972
1986-10-09,0.0,1.0,1360939.4508753617
1986-10-10,0.0,1.0,1360939.425400955
1986-10-13,0.0,1.0,1360939.3489460042
1986-10-14,0.0,1.0,1360939.3234516738
1986-10-15,0.0,1.0,1360939.297951997
1986-10-16,0.0,1.0,1360939.2724476457
1986-10-17,0.0,1.0,1360939.24693862
1986-10-20,0.0,1.0,1360939.1703826417
1986-10-21,0.0,1.0,1360939.1448533586
1986-10-22,0.0,1.0,1360939.1193190466
1986-10-23,1.0,0.0,1359578.0889637826
1986-10-24,1.0,0.0,1353633.8207482018
1986-10-27,1.0,0.0,1346975.7428034537
1986-10-28,1.0,0.0,1367185.0907895935
1986-10-29,1.0,0.0,1384779.0770835578
1986-10-30,1.0,0.0,1431855.3218216593
1986-10-31,1.0,0.0,1422106.8908595543
1986-11-03,1.0,0.0,1430903.221529661
1986-11-04,1.0,0.0,1464427.1375083688
1986-11-05,1.0,0.0,1470133.115984089
1986-11-06,1.0,0.0,1445881.3156143907
1986-11-07,1.0,0.0,1430188.8805628498
1986-11-10,1.0,0.0,1411167.2726995954
1986-11-11,1.0,0.0,1441362.5462293248
1986-11-12,1.0,0.0,1447306.2844933653
1986-11-13,1.0,0.0,1381684.2178092776
1986-11-14,1.0,0.0,1383586.033434447
1986-11-17,1.0,0.0,1373599.3101558404
1986-11-18,0.4,0.6,1299112.7781543052
1986-11-19,0.0,1.0,1285875.2425887391
1986-11-20,0.4,0.6,1285360.5405691632
1986-11-21,0.4,0.6,1302449.7165864776
1986-11-24,0.5,0.5,1319798.8785008327
1986-11-25,0.5,0.5,1336883.9882430546
1986-11-26,1.0,0.0,1351075.8479870788
1986-11-28,1.0,0.0,1379873.0542007994
1986-12-01,1.0,0.0,1348457.238791048
1986-12-02,1.0,0.0,1402997.7684298784
1986-12-03,1.0,0.0,1436594.6841382422
1986-12-04,1.0,0.0,1432667.624908594
1986-12-05,1.0,0.0,1404960.8373655996
1986-12-08,1.0,0.0,1370272.581732867
1986-12-09,1.0,0.0,1342129.4687952818
1986-12-10,1.0,0.0,1343656.4755291562
1986-12-11,1.0,0.0,1318785.8022116208
1986-12-12,1.0,0.0,1288242.900102095
1986-12-15,0.6000000000000001,0.3999999999999999,1262648.2075702017
1986-12-16,0.6000000000000001,0.3999999999999999,1268797.0689180559
1986-12-17,0.4,0.6,1245136.35111444
1986-12-18,0.4,0.6,1242848.3736344697
1986-12-19,0.6000000000000001,0.3999999999999999,1251841.741875355
1986-12-22,0.6000000000000001,0.3999999999999999,1256291.507889876
1986-12-23,0.4,0.6,1235502.5154048444
1986-12-24,0.6000000000000001,0.3999999999999999,1234815.1604120776
1986-12-26,0.6000000000000001,0.3999999999999999,1236531.6381354097
1986-12-29,0.0,1.0,1213231.6997899944
1986-12-30,0.0,1.0,1213231.5404794915
1986-12-31,0.0,1.0,1213231.3811264338
1987-01-02,0.1,0.9,1222787.8150373332
1987-01-05,1.0,0.0,1233285.0583476336
1987-01-06,1.0,0.0,1274162.5114351835
1987-01-07,1.0,0.0,1373839.4098178104
1987-01-08,1.0,0.0,1446331.6330708317
1987-01-09,1.0,0.0,1481570.7830180447
1987-01-12,1.0,0.0,1546410.5359408169
1987-01-13,1.0,0.0,1554666.3785601107
1987-01-14,1.0,0.0,1642663.9346808752
1987-01-15,1.0,0.0,1686561.9067359495
1987-01-16,1.0,0.0,1635414.199953796
1987-01-19,1.0,0.0,1753415.0941134107
1987-01-20,1.0,0.0,1754421.689667865
1987-01-21,1.0,0.0,1681928.9784820797
1987-01-22,1.0,0.0,1794292.0577571027
1987-01-23,1.0,0.0,1755427.796371669
1987-01-26,1.0,0.0,1671456.6219816913
1987-01-27,1.0,0.0,1747170.7316249136
1987-01-28,1.0,0.0,1776771.5775670526
1987-01-29,1.0,0.0,1715756.8398693323
1987-01-30,1.0,0.0,1743746.7419949865
1987-02-02,1.0,0.0,1856914.802757865
1987-02-03,1.0,0.0,1896584.0465511691
1987-02-04,1.0,0.0,1960216.0779495942
1987-02-05,1.0,0.0,1997468.9060721747
1987-02-06,1.0,0.0,1996059.085143945
1987-02-09,1.0,0.0,1960416.2197239976
1987-02-10,1.0,0.0,1915309.5504940313
1987-02-11,1.0,0.0,2036130.0831533945
1987-02-12,1.0,0.0,2044788.660075682
1987-02-13,1.0,0.0,2141243.669040033
1987-02-17,1.0,0.0,2304552.104660168
1987-02-18,1.0,0.0,2211318.4917132966
1987-02-19,1.0,0.0,2160976.254942606
1987-02-20,1.0,0.0,2116876.424986748
1987-02-23,1.0,0.0,2080830.8213570083
1987-02-24,1.0,0.0,2123117.8475351273
1987-02-25,1.0,0.0,2194200.492442687
1987-02-26,1.0,0.0,2237091.6224024347
1987-02-27,1.0,0.0,2256624.0685389303
1987-03-02,1.0,0.0,2192789.684798877
1987-03-03,1.0,0.0,2173458.113757197
1987-03-04,1.0,0.0,2270114.4896506863
1987-03-05,1.0,0.0,2320657.6018426595
1987-03-06,1.0,0.0,2304749.286017198
1987-03-09,1.0,0.0,2235477.9661162025
1987-03-10,1.0,0.0,2307164.714205186
1987-03-11,1.0,0.0,2337571.029717152
1987-03-12,1.0,0.0,2315823.042621803
1987-03-13,1.0,0.0,2254002.8307305556
1987-03-16,1.0,0.0,2236684.444271129
1987-03-17,1.0,0.0,2351866.672098563
1987-03-18,1.0,0.0,2355893.7840061304
1987-03-19,1.0,0.0,2427379.1636394453
1987-03-20,1.0,0.0,2498260.4393274453
1987-03-23,1.0,0.0,2479935.211901046
1987-03-24,1.0,0.0,2509133.318920522
1987-03-25,1.0,0.0,2508126.2313566213
1987-03-26,1.0,0.0,2526853.2041632384
1987-03-27,1.0,0.0,2459596.056490357
1987-03-30,1.0,0.0,2254401.3577627186
1987-03-31,1.0,0.0,2334344.1912063155
1987-04-01,1.0,0.0,2334142.575112543
1987-04-02,1.0,0.0,2392539.0363493017
1987-04-03,1.0,0.0,2532690.890721817
1987-04-06,1.0,0.0,2513358.8211737433
1987-04-07,1.0,0.0,2374414.677882473
1987-04-08,1.0,0.0,2443080.904929285
1987-04-09,1.0,0.0,2420326.076481297
1987-04-10,1.0,0.0,2401598.6072487887
1987-04-13,1.0,0.0,2234059.7153924787
1987-04-14,1.0,0.0,2078804.7666707058
1987-04-15,1.0,0.0,2172440.620809314
1987-04-16,1.0,0.0,2217144.0597565626
1987-04-20,1.0,0.0,2156934.0422918303
1987-04-21,1.0,0.0,2244931.593121161
1987-04-22,1.0,0.0,2218753.508577343
1987-04-23,1.0,0.0,2210497.172731988
1987-04-24,1.0,0.0,2086655.625768792
1987-04-27,0.5,0.5,2055622.1610748412
1987-04-28,0.5,0.5,2084401.7651346375
1987-04-29,0.5,0.5,2100502.1566680195
1987-04-30,1.0,0.0,2144857.713024785
1987-05-01,1.0,0.0,2178447.287471908
1987-05-04,1.0,0.0,2198716.3466922385
1987-05-05,1.0,0.0,2313770.8086046823
1987-05-06,1.0,0.0,2296010.477349453
1987-05-07,1.0,0.0,2320913.0374456197
1987-05-08,1.0,0.0,2332109.4197187265
1987-05-11,1.0,0.0,2289445.8870804515
1987-05-12,1.0,0.0,2278249.0773122814
1987-05-13,1.0,0.0,2324579.6052188496
1987-05-14,1.0,0.0,2339443.837617204
1987-05-15,1.0,0.0,2233848.141324393
1987-05-18,0.5,0.0,2144317.1366711794
1987-05-19,0.4,0.0,2074467.092562
1987-05-20,0.4,0.0,2077392.918358636
1987-05-21,0.4,0.0,2090316.5867391876
1987-05-22,0.4,0.0,2075848.4534949323
1987-05-26,0.5,0.0,2124576.807132343
1987-05-27,0.5,0.0,2137517.654448104
1987-05-28,0.5,0.0,2174505.9269827744
1987-05-29,1.0,0.0,2185080.5005761078
1987-06-01,0.5,0.0,2082102.795237233
1987-06-02,0.5,0.0,2058798.5603315546
1987-06-03,0.5,0.0,2079188.4784637257
1987-06-04,0.5,0.0,2087080.0430173771
1987-06-05,0.5,0.0,2077022.8554170798
1987-06-08,1.0,0.0,2107318.7384050805
1987-06-09,1.0,0.0,2171440.3719124054
1987-06-10,1.0,0.0,2188911.1116236136
1987-06-11,1.0,0.0,2175157.3487062166
1987-06-12,1.0,0.0,2197832.1721358276
1987-06-15,1.0,0.0,2170138.672985307
1987-06-16,1.0,0.0,2221621.817171952
1987-06-17,1.0,0.0,2226454.067562443
1987-06-18,1.0,0.0,2261767.3799943617
1987-06-19,1.0,0.0,2249128.7776882756
1987-06-22,1.0,0.0,2277565.0386566496
1987-06-23,1.0,0.0,2238534.2971465737
1987-06-24,1.0,0.0,2239463.4845398623
1987-06-25,1.0,0.0,2218461.176031891
1987-06-26,1.0,0.0,2207123.594495883
1987-06-29,1.0,0.0,2193369.6044062646
1987-06-30,1.0,0.0,2141700.373574988
1987-07-01,1.0,0.0,2148205.3648327817
1987-07-02,1.0,0.0,2177942.8728845404
1987-07-06,0.4,0.0,2129351.2447607927
1987-07-07,0.4,0.0,2111815.3415658134
1987-07-08,0.4,0.0,2106612.632140721
1987-07-09,0.4,0.0,2114193.993560235
1987-07-10,0.5,0.0,2123897.0528222127
1987-07-13,1.0,0.0,2151734.5409226753
1987-07-14,1.0,0.0,2305085.8980247425
1987-07-15,1.0,0.0,2299556.2847695574
1987-07-16,1.0,0.0,2339552.8892075643
1987-07-17,1.0,0.0,2331995.79252408
1987-07-20,1.0,0.0,2258821.734496907
1987-07-21,1.0,0.0,2234123.1873214324
1987-07-22,1.0,0.0,2248131.1410150733
1987-07-23,1.0,0.0,2172376.875946478
1987-07-24,1.0,0.0,2222879.53043406
1987-07-27,1.0,0.0,2227302.79035771
1987-07-28,1.0,0.0,2245365.7106667846
1987-07-29,1.0,0.0,2277621.014612559
1987-07-30,1.0,0.0,2340841.5192487612
1987-07-31,1.0,0.0,2331625.57218918
1987-08-03,1.0,0.0,2290522.6138882353
1987-08-04,1.0,0.0,2311718.9174337755
1987-08-05,1.0,0.0,2393924.0390296974
1987-08-06,1.0,0.0,2523682.861698825
1987-08-07,1.0,0.0,2591879.9162564217
1987-08-10,1.0,0.0,2678139.7770532295
1987-08-11,1.0,0.0,2768454.8320243964
1987-08-12,1.0,0.0,2713712.6669571786
1987-08-13,1.0,0.0,2688645.485883876
1987-08-14,1.0,0.0,2686802.2053222763
1987-08-17,1.0,0.0,2699335.3972421917
1987-08-18,1.0,0.0,2582847.147271265
1987-08-19,1.0,0.0,2637773.4012318193
1987-08-20,1.0,0.0,2772508.7736765337
1987-08-21,1.0,0.0,2836097.9111217977
1987-08-24,1.0,0.0,2790018.401179514
1987-08-25,1.0,0.0,2837571.9881575876
1987-08-26,1.0,0.0,2853607.424384018
1987-08-27,1.0,0.0,2830567.7263510735
1987-08-28,1.0,0.0,2756472.310448939
1987-08-31,1.0,0.0,2783566.5183516056
1987-09-01,1.0,0.0,2674635.251548281
1987-09-02,1.0,0.0,2627818.702820713
1987-09-03,1.0,0.0,2598696.554477142
1987-09-04,1.0,0.0,2560727.20590506
1987-09-08,1.0,0.0,2402398.727890984
1987-09-09,1.0,0.0,2461932.898113866
1987-09-10,1.0,0.0,2590954.45324927
1987-09-11,1.0,0.0,2634821.7063951837
1987-09-14,1.0,0.0,2586899.028210364
1987-09-15,1.0,0.0,2475203.0110020963
1987-09-16,1.0,0.0,2438523.8788339244
1987-09-17,1.0,0.0,2464328.098083274
1987-09-18,1.0,0.0,2448661.066351172
1987-09-21,1.0,0.0,2286277.7350123003
1987-09-22,1.0,0.0,2429675.9901865725
1987-09-23,1.0,0.0,2523861.694200721
1987-09-24,1.0,0.0,2543030.51312592
1987-09-25,1.0,0.0,2559065.948621024
1987-09-28,1.0,0.0,2538975.0867191087
1987-09-29,1.0,0.0,2519621.721299679
1987-09-30,1.0,0.0,2568096.8907543872
1987-10-01,1.0,0.0,2723844.3626601403
1987-10-02,1.0,0.0,2817108.4830994713
1987-10-05,1.0,0.0,2881618.97263574
1987-10-06,1.0,0.0,2647536.685422871
1987-10-07,1.0,0.0,2600720.135840361
1987-10-08,0.5,0.0,2475318.379447473
1987-10-09,0.5,0.0,2453513.40805154
1987-10-12,0.4,0.0,2402161.872119356
1987-10-13,0.5,0.0,2424915.982544104
1987-10-14,0.4,0.0,2356686.7857590117
1987-10-15,0.30000000000000004,0.0,2292810.9974558214
1987-10-16,0.0,0.0,2187881.923697645
1987-10-19,0.0,0.0,2189147.6377920746
1987-10-20,0.0,0.0,2189569.7035331847
1987-10-21,0.0,0.0,2189991.8540765145
1987-10-22,0.0,0.0,2190414.084374346
1987-10-23,0.0,0.0,2190836.404395991
1987-10-26,0.0,0.0,2192103.8181404583
1987-10-27,0.0,0.0,2192526.4555647615
1987-10-28,0.0,0.0,2192949.174357654
1987-10-29,0.0,0.0,2193371.972905047
1987-10-30,0.0,0.0,2193794.8611762533
1987-11-02,0.0,0.0,2195063.9799968633
1987-11-03,0.0,0.0,2195487.189103012
1987-11-04,0.0,0.0,2195876.7399906227
1987-11-05,0.0,0.0,2196266.3606634215
1987-11-06,0.0,0.0,2196656.051121407
1987-11-09,0.0,0.0,2197825.5393327046
1987-11-10,0.0,0.0,2198215.5050001037
1987-11-11,0.0,0.0,2198605.5443847678
1987-11-12,0.0,0.0,2198995.6535546198
1987-11-13,0.0,0.0,2199385.822540347
1987-11-16,0.0,0.0,2200556.776505053
1987-11-17,0.0,0.0,2200947.2274338393
1987-11-18,0.0,0.0,2201337.7453474863
1987-11-19,0.0,0.0,2201728.3330463218
1987-11-20,0.0,0.0,2202118.990530345
1987-11-23,0.0,0.0,2203291.38033332
1987-11-24,0.0,0.0,2203682.3165210905
1987-11-25,0.0,0.0,2204073.3229307365
1987-11-27,0.0,0.0,2204855.544710379
1987-11-30,0.0,0.0,2206029.3996883994
1987-12-01,0.0,0.0,2206420.821136116
1987-12-02,0.0,0.0,2206812.3160428302
1987-12-03,0.0,0.0,2207208.4068026636
1987-12-04,0.0,0.0,2207604.567347685
1987-12-07,0.0,0.0,2208793.501621108
1987-12-08,0.0,0.0,2209189.949309877
1987-12-09,0.0,0.0,2209586.468752311
1987-12-10,0.0,0.0,2209983.067949246
1987-12-11,0.0,0.0,2210379.7269620574
1987-12-14,0.4,0.0,2211127.842876087
1987-12-15,0.4,0.0,2225463.593318135
1987-12-16,0.4,0.0,2301728.3882834683
1987-12-17,0.4,0.0,2279057.8606522195
1987-12-18,0.4,0.0,2370679.113213581
1987-12-21,0.4,0.0,2396568.4321130943
1987-12-22,0.4,0.0,2386485.321623278
1987-12-23,0.4,0.0,2437324.2717571994
1987-12-24,0.4,0.0,2439324.9552224865
1987-12-28,0.4,0.0,2325735.801984663
1987-12-29,0.4,0.0,2355932.0134321353
1987-12-30,0.4,0.0,2414323.589496008
1987-12-31,0.4,0.0,2392408.9014906036
1988-01-04,0.4,0.0,2506145.6857203906
1988-01-05,0.4,0.0,2559250.8935717307
1988-01-06,0.4,0.0,2601281.4581758473
1988-01-07,0.4,0.0,2658668.450478024
1988-01-08,0.30000000000000004,0.0,2410009.31495921
1988-01-11,0.0,0.0,2419511.258721547
1988-01-12,0.30000000000000004,0.0,2419586.258499857
1988-01-13,0.0,0.0,2416501.230161421
1988-01-14,0.30000000000000004,0.0,2416576.1366351536
1988-01-15,0.30000000000000004,0.0,2469332.0351705607
1988-01-18,0.30000000000000004,0.0,2458024.5281725633
1988-01-19,0.30000000000000004,0.0,2443269.387164996
1988-01-20,0.0,0.0,2363680.0055107144
1988-01-21,0.0,0.0,2364107.887506525
1988-01-22,0.0,0.0,2364535.8499788092
1988-01-25,0.0,0.0,2365820.2088770717
1988-01-26,0.0,0.0,2366248.4845471797
1988-01-27,0.0,0.0,2366676.845364577
1988-01-28,0.2,0.0,2366868.565364846
1988-01-29,0.30000000000000004,0.0,2380067.937332145
1988-02-01,0.2,0.0,2373507.5539585524
1988-02-02,0.5,0.0,2376413.1522523565
1988-02-03,0.5,0.0,2322192.010122843
1988-02-04,0.5,0.0,2339149.0860322863
1988-02-05,0.2,0.0,2352130.4599463446
1988-02-08,0.2,0.0,2351649.156364262
1988-02-09,0.5,0.0,2360655.1062565427
1988-02-10,0.5,0.0,2434154.9195884634
1988-02-11,0.5,0.0,2449967.2886455497
1988-02-12,0.5,0.0,2472468.1007042737
1988-02-16,0.5,0.0,2510357.8760870253
1988-02-17,0.5,0.0,2516137.861032767
1988-02-18,0.5,0.0,2514114.736983271
1988-02-19,0.5,0.0,2545533.6786843417
1988-02-22,0.5,0.0,2621676.246283277
1988-02-23,0.5,0.0,2648636.391389897
1988-02-24,0.5,0.0,2678383.4014459187
1988-02-25,0.5,0.0,2633721.96570836
1988-02-26,0.5,0.0,2629469.6724371165
1988-02-29,0.5,0.0,2679974.137371313
1988-03-01,0.5,0.0,2679066.184618106
1988-03-02,0.5,0.0,2742812.836318382
1988-03-03,0.5,0.0,2778969.854671808
1988-03-04,0.7000000000000001,0.0,2802135.2658241647
1988-03-07,0.7000000000000001,0.0,2837055.1597921136
1988-03-08,0.7000000000000001,0.0,2875061.8821376865
1988-03-09,0.7000000000000001,0.0,2928618.220433385
1988-03-10,0.7000000000000001,0.0,2830735.053228823
1988-03-11,0.7000000000000001,0.0,2811275.9609686
1988-03-14,0.7000000000000001,0.0,2854309.2240017247
1988-03-15,0.7000000000000001,0.0,2823019.0133594037
1988-03-16,0.7000000000000001,0.0,2892125.1358627183
1988-03-17,0.7000000000000001,0.0,2918976.943626465
1988-03-18,0.7000000000000001,0.0,2910673.1648702566
1988-03-21,0.7000000000000001,0.0,2836746.967040063
1988-03-22,0.7000000000000001,0.0,2873063.874280038
1988-03-23,0.7000000000000001,0.0,2845830.2929111607
1988-03-24,0.2,0.0,2693881.9197931364
1988-03-25,0.2,0.0,2676445.5036429
1988-03-28,0.2,0.0,2676885.8314645556
1988-03-29,0.2,0.0,2684348.0761247263
1988-03-30,0.2,0.0,2670454.842138602
1988-03-31,0.2,0.0,2680574.361261519
1988-04-04,0.2,0.0,2664957.8680858295
1988-04-05,0.2,0.0,2678226.919143288
1988-04-06,0.2,0.0,2711588.296995615
1988-04-07,0.2,0.0,2718476.7451033127
1988-04-08,0.6000000000000001,0.0,2733098.3139867918
1988-04-11,0.6000000000000001,0.0,2760458.8142843926
1988-04-12,0.7000000000000001,0.0,2763906.288084443
1988-04-13,0.8,0.0,2771751.782241989
1988-04-14,0.2,0.0,2507394.360373231
1988-04-15,0.2,0.0,2506229.2945055524
1988-04-18,0.2,0.0,2510672.5039539468
1988-04-19,0.5,0.0,2517262.596270739
1988-04-20,0.5,0.0,2486097.9517795574
1988-04-21,0.5,0.0,2466971.5442653345
1988-04-22,0.5,0.0,2492693.3982727886
1988-04-25,0.5,0.0,2515805.337226757
1988-04-26,0.7000000000000001,0.0,2565594.658872883
1988-04-27,0.7000000000000001,0.0,2578721.6449499787
1988-04-28,0.6000000000000001,0.0,2562825.1147079607
1988-04-29,0.6000000000000001,0.0,2541015.7176994802
1988-05-02,0.6000000000000001,0.0,2561901.1693536825
1988-05-03,1.0,0.0,2619210.0418950785
1988-05-04,1.0,0.0,2600902.9894589977
1988-05-05,0.7000000000000001,0.0,2557497.62989544
1988-05-06,0.7000000000000001,0.0,2541301.596020088
1988-05-09,0.4,0.0,2472829.706926109
1988-05-10,0.4,0.0,2461961.3947837995
1988-05-11,0.30000000000000004,0.0,2402320.144283252
1988-05-12,0.4,0.0,2413454.426732496
1988-05-13,0.4,0.0,2449318.9258534354
1988-05-16,0.4,0.0,2468989.072136582
1988-05-17,0.4,0.0,2452715.2469058554
1988-05-18,0.30000000000000004,0.0,2386693.5033968706
1988-05-19,0.30000000000000004,0.0,2387301.066384056
1988-05-20,0.30000000000000004,0.0,2381293.6456826236
1988-05-23,0.30000000000000004,0.0,2353716.6827657144
1988-05-24,0.30000000000000004,0.0,2372552.6460885564
1988-05-25,0.30000000000000004,0.0,2369926.5433462425
1988-05-26,0.30000000000000004,0.0,2380236.5763956336
1988-05-27,0.30000000000000004,0.0,2376728.5876784753
1988-05-31,0.30000000000000004,0.0,2424290.547972535
1988-06-01,0.7000000000000001,0.0,2466767.686484443
1988-06-02,0.7000000000000001,0.0,2459215.0087613803
1988-06-03,1.0,0.0,2503217.9964517355
1988-06-06,1.0,0.0,2575099.780625698
1988-06-07,1.0,0.0,2574189.793778078
1988-06-08,1.0,0.0,2712039.45386577
1988-06-09,1.0,0.0,2699300.7757608453
1988-06-10,1.0,0.0,2764358.4898630125
1988-06-13,1.0,0.0,2782556.2134686015
1988-06-14,1.0,0.0,2827596.1423532874
1988-06-15,1.0,0.0,2840789.594866692
1988-06-16,1.0,0.0,2765722.8129021097
1988-06-17,1.0,0.0,2737970.795780479
1988-06-20,1.0,0.0,2702939.4084791252
1988-06-21,1.0,0.0,2771636.7196504865
1988-06-22,1.0,0.0,2868085.9601922897
1988-06-23,1.0,0.0,2870360.6206481108
1988-06-24,1.0,0.0,2881279.3246640298
1988-06-27,1.0,0.0,2776185.6889554323
1988-06-28,1.0,0.0,2912670.499641858
1988-06-29,1.0,0.0,2891742.727203308
1988-06-30,1.0,0.0,2946791.5483231475
1988-07-01,1.0,0.0,2988191.8795576603
1988-07-05,1.0,0.0,3078271.5603705565
1988-07-06,1.0,0.0,3005024.576638979
1988-07-07,1.0,0.0,2953615.176669809
1988-07-08,1.0,0.0,2893106.7834367864
1988-07-11,1.0,0.0,2869904.0860411357
1988-07-12,1.0,0.0,2847156.5146832354
1988-07-13,1.0,0.0,2885827.1476948354
1988-07-14,1.0,0.0,2909484.441834592
1988-07-15,1.0,0.0,2899475.460954317
1988-07-18,1.0,0.0,2910393.9877817915
1988-07-19,1.0,0.0,2768904.554456396
1988-07-20,1.0,0.0,2743427.284958564
1988-07-21,1.0,0.0,2614676.442131595
1988-07-22,1.0,0.0,2589654.1222541085
1988-07-25,1.0,0.0,2576005.3668865263
1988-07-26,1.0,0.0,2494114.3391565145
1988-07-27,0.8,0.0,2394695.5433479277
1988-07-28,0.8,0.0,2420991.5353499493
1988-07-29,1.0,0.0,2515464.7289612773
1988-08-01,1.0,0.0,2525352.975771257
1988-08-02,1.0,0.0,2485799.2336461754
1988-08-03,1.0,0.0,2506025.4912356865
1988-08-04,1.0,0.0,2508722.2752064615
1988-08-05,1.0,0.0,2453436.954163152
1988-08-08,0.4,0.0,2447757.9013692904
1988-08-09,0.4,0.0,2405811.8446994973
1988-08-10,0.30000000000000004,0.0,2332513.3109968835
1988-08-11,0.30000000000000004,0.0,2356164.5564709622
1988-08-12,0.30000000000000004,0.0,2344856.0837554596
1988-08-15,0.1,0.0,2300225.184018528
1988-08-16,0.30000000000000004,0.0,2310649.8839115053
1988-08-17,0.30000000000000004,0.0,2313604.706992288
1988-08-18,0.30000000000000004,0.0,2321205.5477186553
1988-08-19,0.30000000000000004,0.0,2312110.0834807097
1988-08-22,0.0,0.0,2277090.6407558313
1988-08-23,0.0,0.0,2277571.3984049624
1988-08-24,0.1,0.0,2277938.359055668
1988-08-25,0.0,0.0,2272431.509909324
1988-08-26,0.0,0.0,2272911.287989325
1988-08-29,0.1,0.0,2274237.495707694
1988-08-30,0.0,0.0,2272830.5144901853
1988-08-31,0.0,0.0,2273310.371208085
1988-09-01,0.0,0.0,2273790.3308208864
1988-09-02,0.0,0.0,2274270.3896480934
1988-09-06,0.0,0.0,2276233.16803364
1988-09-07,0.0,0.0,2276724.1305659884
1988-09-08,0.0,0.0,2277215.202190171
1988-09-09,0.0,0.0,2277706.3829502
1988-09-12,0.0,0.0,2279180.5407898542
1988-09-13,0.30000000000000004,0.0,2279330.1876035193
1988-09-14,0.30000000000000004,0.0,2292241.965821229
1988-09-15,0.30000000000000004,0.0,2273527.5077867936
1988-09-16,0.30000000000000004,0.0,2287682.3921689694
1988-09-19,0.30000000000000004,0.0,2281810.3248856645
1988-09-20,0.30000000000000004,0.0,2289750.7284666616
1988-09-21,0.30000000000000004,0.0,2301420.069210196
1988-09-22,0.6000000000000001,0.0,2306398.6897113076
1988-09-23,0.5,0.0,2286784.5636507953
1988-09-26,0.5,0.0,2255630.169073648
1988-09-27,0.5,0.0,2253841.125315587
1988-09-28,0.5,0.0,2276934.2756834934
1988-09-29,0.6000000000000001,0.0,2310096.1661004443
1988-09-30,0.6000000000000001,0.0,2321864.4247495034
1988-10-03,0.5,0.5,2260720.8575182487
1988-10-04,0.30000000000000004,0.7,2249806.4782976513
1988-10-05,0.0,1.0,2243650.811201774
1988-10-06,0.30000000000000004,0.7,2242977.211607175
1988-10-07,0.0,1.0,2239017.494295819
1988-10-10,0.4,0.6,2238121.043404978
1988-10-11,0.4,0.6,2248022.184746435
1988-10-12,0.1,0.9,2210571.620783956
1988-10-13,0.5,0.5,2215443.768543607
1988-10-14,0.5,0.5,2224734.3638286837
1988-10-17,0.5,0.5,2231934.0723231123
1988-10-18,1.0,0.0,2252891.825098505
1988-10-19,0.5,0.5,2250395.568977055
1988-10-20,1.0,0.0,2312699.6616213317
1988-10-21,1.0,0.0,2286950.7467790856
1988-10-24,1.0,0.0,2234564.744733
1988-10-25,1.0,0.0,2194609.6907817055
1988-10-26,1.0,0.0,2154210.6949185715
1988-10-27,0.4,0.6,2075274.1086366584
1988-10-28,0.4,0.6,2083437.8873509818
1988-10-31,0.4,0.6,2081129.6838348396
1988-11-01,0.4,0.6,2074544.1280741664
1988-11-02,0.4,0.6,2065669.788763731
1988-11-03,0.4,0.6,2068331.6732757415
1988-11-04,0.4,0.6,2057860.008719263
1988-11-07,0.0,1.0,2025128.5575398703
1988-11-08,0.0,1.0,2025128.3557171833
1988-11-09,0.0,1.0,2025128.1538473333
1988-11-10,0.0,1.0,2025127.9519216428
1988-11-11,0.0,1.0,2025127.7499476022
1988-11-14,0.0,1.0,2025127.1437018926
1988-11-15,0.0,1.0,2025126.9415182467
1988-11-16,0.0,1.0,2025126.7392836371
1988-11-17,0.0,1.0,2025126.5369931497
1988-11-18,0.0,1.0,2025126.334654277
1988-11-21,0.0,1.0,2025125.7273136766
1988-11-22,0.0,1.0,2025125.5247649953
1988-11-23,0.0,1.0,2025125.322165372
1988-11-25,0.0,1.0,2025124.916809629
1988-11-28,0.0,1.0,2025124.3083789987
1988-11-29,0.0,1.0,2025124.1054650291
1988-11-30,0.0,1.0,2025123.9025001393
1988-12-01,0.0,1.0,2021300.4714490033
1988-12-02,0.0,1.0,2021300.268375954
1988-12-05,1.0,0.0,2019277.9401783335
1988-12-06,1.0,0.0,2058393.4586523762
1988-12-07,1.0,0.0,2015183.3167937284
1988-12-08,0.0,1.0,1978179.0851027926
1988-12-09,0.0,1.0,1978178.5548850386
1988-12-12,0.0,1.0,1978176.9633918148
1988-12-13,0.0,1.0,1978176.4326091218
1988-12-14,0.0,1.0,1978175.9016770804
1988-12-15,1.0,0.0,1976196.2027967267
1988-12-16,1.0,0.0,2057722.6969593694
1988-12-19,1.0,0.0,2104896.8568246383
1988-12-20,1.0,0.0,2091613.8339309387
1988-12-21,1.0,0.0,2075124.6919802409
1988-12-22,1.0,0.0,2076956.2294023978
1988-12-23,1.0,0.0,2105810.7689669007
1988-12-27,1.0,0.0,2089778.0502856234
1988-12-28,1.0,0.0,2085197.3490251268
1988-12-29,1.0,0.0,2138784.8050819086
1988-12-30,1.0,0.0,2163517.1907606306
1989-01-03,1.0,0.0,2060003.2234137137
1989-01-04,1.0,0.0,2162140.479330644
1989-01-05,1.0,0.0,2157559.776931386
1989-01-06,1.0,0.0,2157101.2272804407
1989-01-09,1.0,0.0,2159847.7303629527
1989-01-10,1.0,0.0,2136946.347735929
1989-01-11,1.0,0.0,2154350.4598987577
1989-01-12,1.0,0.0,2203815.7610697406
1989-01-13,1.0,0.0,2205647.29535946
1989-01-16,1.0,0.0,2207477.761468571
1989-01-17,1.0,0.0,2127782.271345912
1989-01-18,1.0,0.0,2181827.7415383183
1989-01-19,1.0,0.0,2250529.755199551
1989-01-20,1.0,0.0,2239536.8128283517
1989-01-23,1.0,0.0,2158924.218117581
1989-01-24,1.0,0.0,2228542.265038913
1989-01-25,1.0,0.0,2278007.5643507214
1989-01-26,1.0,0.0,2368236.3754396783
1989-01-27,1.0,0.0,2348541.1092965156
1989-01-30,1.0,0.0,2394341.2002289533
1989-01-31,1.0,0.0,2458005.025304468
1989-02-01,1.0,0.0,2530829.1899938704
1989-02-02,1.0,0.0,2589454.8279157523
1989-02-03,1.0,0.0,2591744.376186036
1989-02-06,1.0,0.0,2568383.8989355504
1989-02-07,1.0,0.0,2671895.2009503655
1989-02-08,1.0,0.0,2585787.4698432186
1989-02-09,1.0,0.0,2528076.7918401933
1989-02-10,1.0,0.0,2405785.718403639
1989-02-13,1.0,0.0,2392043.594878218
1989-02-14,1.0,0.0,2398913.3114451887
1989-02-15,1.0,0.0,2465783.2532790788
1989-02-16,1.0,0.0,2479981.241363831
1989-02-17,1.0,0.0,2505171.6370133343
1989-02-21,1.0,0.0,2489138.8862624536
1989-02-22,1.0,0.0,2391580.72844158
1989-02-23,1.0,0.0,2416771.123225509
1989-02-24,1.0,0.0,2341655.7975215097
1989-02-27,1.0,0.0,2310051.005411749
1989-02-28,1.0,0.0,2306844.3462253623
1989-03-01,1.0,0.0,2297683.4660520745
1989-03-02,1.0,0.0,2365927.4566841875
1989-03-03,1.0,0.0,2377377.340675751
1989-03-06,1.0,0.0,2440124.0450299866
1989-03-07,1.0,0.0,2406688.2636312293
1989-03-08,1.0,0.0,2386992.9917237097
1989-03-09,1.0,0.0,2350351.0911201
1989-03-10,1.0,0.0,2334777.97181357
1989-03-13,1.0,0.0,2365921.5009618555
1989-03-14,1.0,0.0,2343936.143244999
1989-03-15,1.0,0.0,2342103.532849289
1989-03-16,1.0,0.0,2407599.419525297
1989-03-17,1.0,0.0,2207445.4530914915
1989-03-20,0.8,0.0,2127535.078177064
1989-03-21,1.0,0.0,2187454.775402958
1989-03-22,1.0,0.0,2132922.0846812637
1989-03-23,1.0,0.0,2147009.624800473
1989-03-27,1.0,0.0,2149281.589946856
1989-03-28,1.0,0.0,2178365.60428289
1989-03-29,0.5,0.0,2223253.3498029746
1989-03-30,1.0,0.0,2240674.664755079
1989-03-31,1.0,0.0,2293414.653704889
1989-04-03,1.0,0.0,2290258.8143697423
1989-04-04,0.5,0.0,2276616.748786439
1989-04-05,1.0,0.0,2285547.9890588955
1989-04-06,1.0,0.0,2287342.98172089
1989-04-07,1.0,0.0,2366777.9947184986
1989-04-10,1.0,0.0,2397743.7882996527
1989-04-11,1.0,0.0,2457432.2063562875
1989-04-12,1.0,0.0,2518018.196862004
1989-04-13,1.0,0.0,2488398.152091907
1989-04-14,1.0,0.0,2595209.1257458203
1989-04-17,1.0,0.0,2591169.5913634347
1989-04-18,1.0,0.0,2678682.756321018
1989-04-19,1.0,0.0,2726702.7316820915
1989-04-20,1.0,0.0,2706955.984014783
1989-04-21,1.0,0.0,2754527.173049083
1989-04-24,1.0,0.0,2729394.6842950056
1989-04-25,1.0,0.0,2682720.7617259915
1989-04-26,1.0,0.0,2680925.463611022
1989-04-27,1.0,0.0,2772926.490649654
1989-04-28,1.0,0.0,2807931.664538621
1989-05-01,1.0,0.0,2817355.715785062
1989-05-02,1.0,0.0,2814662.844934129
1989-05-03,1.0,0.0,2847424.0873932103
1989-05-04,1.0,0.0,2866721.742462727
1989-05-05,1.0,0.0,2921473.5108422353
1989-05-08,1.0,0.0,2901726.455304658
1989-05-09,1.0,0.0,2884223.638082796
1989-05-10,1.0,0.0,2895443.140496619
1989-05-11,1.0,0.0,2914292.0090334574
1989-05-12,1.0,0.0,3068225.5372591494
1989-05-15,1.0,0.0,3143172.378542182
1989-05-16,1.0,0.0,3111308.4011938022
1989-05-17,1.0,0.0,3219914.518473622
1989-05-18,1.0,0.0,3232031.593047942
1989-05-19,1.0,0.0,3300695.734444758
1989-05-22,1.0,0.0,3286334.112117213
1989-05-23,1.0,0.0,3202859.7163109113
1989-05-24,1.0,0.0,3262099.3463574834
1989-05-25,1.0,0.0,3298899.664115255
1989-05-26,1.0,0.0,3370256.5226928876
1989-05-30,1.0,0.0,3327172.425286651
1989-05-31,1.0,0.0,3369358.1777358446
1989-06-01,1.0,0.0,3415583.0063482216
1989-06-02,1.0,0.0,3517008.54304809
1989-06-05,1.0,0.0,3301590.68124701
1989-06-06,1.0,0.0,3345122.792182676
1989-06-07,1.0,0.0,3598686.865713585
1989-06-08,1.0,0.0,3571759.5361091937
1989-06-09,1.0,0.0,3539895.5577688934
1989-06-12,1.0,0.0,3527329.077814917
1989-06-13,1.0,0.0,3424556.8726065494
1989-06-14,1.0,0.0,3427698.2211649087
1989-06-15,1.0,0.0,3254915.3616612786
1989-06-16,1.0,0.0,3239656.4740936216
1989-06-19,1.0,0.0,3212728.833429237
1989-06-20,1.0,0.0,3153488.8936902126
1989-06-21,1.0,0.0,3144961.7995889657
1989-06-22,1.0,0.0,3201059.924718942
1989-06-23,1.0,0.0,3290817.0181785673
1989-06-26,1.0,0.0,3258503.941701141
1989-06-27,1.0,0.0,3270172.228372874
1989-06-28,1.0,0.0,3135984.9853941347
1989-06-29,1.0,0.0,2941660.385550393
1989-06-30,1.0,0.0,2846068.7595539964
1989-07-03,1.0,0.0,2880624.83269887
1989-07-05,1.0,0.0,2916078.6340304133
1989-07-06,1.0,0.0,2969035.254862142
1989-07-07,1.0,0.0,3048470.2641041614
1989-07-10,1.0,0.0,3035006.208162449
1989-07-11,1.0,0.0,3058791.722863459
1989-07-12,1.0,0.0,3097387.183606
1989-07-13,1.0,0.0,3121621.484468299
1989-07-14,1.0,0.0,3180412.326149913
1989-07-17,1.0,0.0,3216763.5425191075
1989-07-18,1.0,0.0,3108157.114666808
1989-07-19,1.0,0.0,3203748.428224931
1989-07-20,0.5,0.5,3086417.1469007377
1989-07-21,0.5,0.5,3080134.917296096
1989-07-24,0.5,0.5,3018661.5618951954
1989-07-25,0.5,0.5,3015295.8710035966
1989-07-26,0.5,0.5,3054108.0895404797
1989-07-27,1.0,0.0,3113139.107402429
1989-07-28,1.0,0.0,3127805.4163723537
1989-07-31,1.0,0.0,3174915.46929953
1989-08-01,1.0,0.0,3108248.0358421947
1989-08-02,1.0,0.0,3106025.3704716978
1989-08-03,1.0,0.0,3178914.19344305
1989-08-04,1.0,0.0,3202024.9884367404
1989-08-07,1.0,0.0,3361135.601506033
1989-08-08,1.0,0.0,3402913.156462559
1989-08-09,1.0,0.0,3313134.4948192467
1989-08-10,1.0,0.0,3290911.7280035582
1989-08-11,1.0,0.0,3237577.693656298
1989-08-14,1.0,0.0,3167798.265378613
1989-08-15,1.0,0.0,3211798.052874194
1989-08-16,1.0,0.0,3164686.2714034105
1989-08-17,1.0,0.0,3218908.33223432
1989-08-18,1.0,0.0,3241574.678856128
1989-08-21,1.0,0.0,3125128.3469168316
1989-08-22,1.0,0.0,3175350.38704545
1989-08-23,1.0,0.0,3265572.628009053
1989-08-24,1.0,0.0,3394017.283098433
1989-08-25,1.0,0.0,3410905.822065641
1989-08-28,1.0,0.0,3438015.764341372
1989-08-29,1.0,0.0,3381126.1543915183
1989-08-30,1.0,0.0,3429125.960161265
1989-08-31,1.0,0.0,3454458.9852673383
1989-09-01,1.0,0.0,3522014.444594559
1989-09-05,1.0,0.0,3522457.147568221
1989-09-06,1.0,0.0,3429122.909105991
1989-09-07,1.0,0.0,3404677.905502313
1989-09-08,1.0,0.0,3469122.2372353636
1989-09-11,1.0,0.0,3480676.540689268
1989-09-12,1.0,0.0,3541565.2985157254
1989-09-13,1.0,0.0,3552676.0283631617
1989-09-14,1.0,0.0,3445119.4952510498
1989-09-15,1.0,0.0,3421118.937347904
1989-09-18,1.0,0.0,3408673.117662165
1989-09-19,1.0,0.0,3414450.486648483
1989-09-20,1.0,0.0,3429116.7890582867
1989-09-21,1.0,0.0,3442449.751313789
1989-09-22,1.0,0.0,3497116.254435134
1989-09-25,1.0,0.0,3494003.8124017413
1989-09-26,1.0,0.0,3490447.800307477
1989-09-27,1.0,0.0,3484669.55470412
1989-09-28,1.0,0.0,3596225.231783591
1989-09-29,1.0,0.0,3599780.3661580444
1989-10-02,1.0,0.0,3679335.003525392
1989-10-03,1.0,0.0,3706445.8113052826
1989-10-04,1.0,0.0,3808668.107424911
1989-10-05,1.0,0.0,3847334.5285686683
1989-10-06,1.0,0.0,3977112.5184346614
1989-10-09,1.0,0.0,4095334.0141456467
1989-10-10,1.0,0.0,4055777.8194707297
1989-10-11,1.0,0.0,4001110.4376447266
1989-10-12,1.0,0.0,3969998.72959214
1989-10-13,1.0,0.0,3465106.8634214913
1989-10-16,1.0,0.0,3475327.8139642
1989-10-17,1.0,0.0,3440216.0851997524
1989-10-18,1.0,0.0,3542438.379595653
1989-10-19,1.0,0.0,3774439.1036378797
1989-10-20,1.0,0.0,3748216.308049157
1989-10-23,1.0,0.0,3633992.186358665
1989-10-24,1.0,0.0,3507768.8878848916
1989-10-25,1.0,0.0,3502435.0855113654
1989-10-26,1.0,0.0,3310878.125228233
1989-10-27,0.4,0.6,3162310.9613589845
1989-10-30,0.4,0.6,3165507.7836915758
1989-10-31,0.8,0.19999999999999996,3224669.396151187
1989-11-01,0.4,0.6,3255998.067154481
1989-11-02,0.4,0.6,3187450.2913741963
1989-11-03,0.4,0.6,3179680.090963131
1989-11-06,0.4,0.6,3113721.5947944717
1989-11-07,0.4,0.6,3152743.213364232
1989-11-08,0.4,0.6,3196772.074503243
1989-11-09,0.4,0.6,3200570.3307310008
1989-11-10,0.5,0.5,3231138.773772955
1989-11-13,1.0,0.0,3233232.7644874733
1989-11-14,0.4,0.6,3168558.9871528065
1989-11-15,1.0,0.0,3182516.0079286154
1989-11-16,0.4,0.6,3150369.5075656786
1989-11-17,1.0,0.0,3163337.1652076785
1989-11-20,1.0,0.0,3194627.8777898187
1989-11-21,0.5,0.5,3162181.0124066547
1989-11-22,0.5,0.5,3179530.9607173093
1989-11-24,1.0,0.0,3202582.272174611
1989-11-27,0.5,0.5,3147750.7802016153
1989-11-28,0.5,0.5,3145215.6977986307
1989-11-29,0.5,0.5,3142258.170444836
1989-11-30,0.5,0.5,3161056.551925044
1989-12-01,1.0,0.0,3190011.359929491
1989-12-04,1.0,0.0,3247550.4466153034
1989-12-05,1.0,0.0,3270230.1624305737
1989-12-06,1.0,0.0,3131628.9347867453
1989-12-07,1.0,0.0,3154728.652839864
1989-12-08,1.0,0.0,3121128.03913716
1989-12-11,0.4,0.6,2959748.142191401
1989-12-12,0.30000000000000004,0.7,2918845.921340513
1989-12-13,0.30000000000000004,0.7,2919488.5445534503
1989-12-14,0.30000000000000004,0.7,2900079.1353550414
1989-12-15,0.1,0.9,2872543.4125649123
1989-12-18,0.0,1.0,2858831.695167068
1989-12-19,0.1,0.9,2858545.604057019
1989-12-20,0.1,0.9,2866688.5037547736
1989-12-21,0.1,0.9,2878856.623555209
1989-12-22,0.30000000000000004,0.7,2883993.7554473435
1989-12-26,0.30000000000000004,0.7,2883222.940025006
1989-12-27,0.4,0.6,2929432.8300922005
1989-12-28,0.8,0.19999999999999996,2927600.339117396
1989-12-29,0.9,0.09999999999999998,2997013.8431491377
1990-01-02,1.0,0.0,3129872.1977724717
1990-01-03,1.0,0.0,3060575.5599234784
1990-01-04,1.0,0.0,3001877.2196761784
1990-01-05,1.0,0.0,2936656.8501034137
1990-01-08,1.0,0.0,2950108.305875988
1990-01-09,0.8,0.19999999999999996,2854152.4585862723
1990-01-10,0.1,0.9,2707184.6532626525
1990-01-11,0.1,0.9,2695536.7718769717
1990-01-12,0.0,1.0,2677948.1346756667
1990-01-15,0.0,1.0,2677947.9506981554
1990-01-16,0.0,1.0,2677947.8893413767
1990-01-17,0.0,1.0,2677947.8279695376
1990-01-18,0.0,1.0,2677947.7665813724
1990-01-19,0.1,0.9,2677679.789704258
1990-01-22,0.0,1.0,2655278.24397767
1990-01-23,0.0,1.0,2655278.1815155316
1990-01-24,0.0,1.0,2655278.119038046
1990-01-25,0.0,1.0,2655278.056543857
1990-01-26,0.0,1.0,2655277.994033833
1990-01-29,0.0,1.0,2655277.806411138
1990-01-30,0.0,1.0,2655277.743837686
1990-01-31,0.0,1.0,2655277.6812484656
1990-02-01,0.0,1.0,2628795.66127411
1990-02-02,0.0,1.0,2628795.5986532
1990-02-05,0.0,1.0,2628795.4105096087
1990-02-06,0.0,1.0,2628795.3477630736
1990-02-07,0.0,1.0,2628795.2850002185
1990-02-08,0.0,1.0,2628795.222221503
1990-02-09,0.0,1.0,2628795.1594277974
1990-02-12,0.0,1.0,2628794.970948486
1990-02-13,0.0,1.0,2628794.908089732
1990-02-14,0.0,1.0,2628794.845215825
1990-02-15,0.0,1.0,2628794.782325176
1990-02-16,0.0,1.0,2628794.7194186547
1990-02-20,0.0,1.0,2628794.467632909
1990-02-21,0.0,1.0,2628794.404646116
1990-02-22,0.0,1.0,2628794.3416434554
1990-02-23,0.0,1.0,2628794.2786249113
1990-02-26,0.0,1.0,2628794.0894734603
1990-02-27,0.0,1.0,2628794.0263903243
1990-02-28,0.0,1.0,2628793.9632914676
1990-03-01,1.0,0.0,2624577.930094377
1990-03-02,1.0,0.0,2714467.529120029
1990-03-05,1.0,0.0,2668130.331022344
1990-03-06,1.0,0.0,2687590.440933411
1990-03-07,1.0,0.0,2655155.1381445327
1990-03-08,1.0,0.0,2764968.8677432183
1990-03-09,1.0,0.0,2790452.5518110152
1990-03-12,1.0,0.0,2777013.3348587668
1990-03-13,1.0,0.0,2696389.4336968223
1990-03-14,1.0,0.0,2723263.172603405
1990-03-15,1.0,0.0,2767744.2834472433
1990-03-16,1.0,0.0,2940110.5178532037
1990-03-19,1.0,0.0,3015171.5097500393
1990-03-20,1.0,0.0,2891919.232813324
1990-03-21,1.0,0.0,2846510.0744994767
1990-03-22,1.0,0.0,2713527.407371091
1990-03-23,1.0,0.0,2786272.982598576
1990-03-26,1.0,0.0,2859943.915206862
1990-03-27,1.0,0.0,2898864.8012252157
1990-03-28,1.0,0.0,2766808.83686371
1990-03-29,0.5,0.5,2720037.6542758667
1990-03-30,0.5,0.5,2719805.8565080296
1990-04-02,0.5,0.5,2702084.79601306
1990-04-03,1.0,0.0,2778499.4679027186
1990-04-04,1.0,0.0,2725335.0167536535
1990-04-05,1.0,0.0,2669467.3059216747
1990-04-06,0.5,0.5,2606888.302514637
1990-04-09,0.5,0.5,2599232.0386543423
1990-04-10,0.5,0.5,2618595.0173112648
1990-04-11,0.6000000000000001,0.3999999999999999,2641538.898222732
1990-04-12,1.0,0.0,2672999.2627228284
1990-04-16,1.0,0.0,2703400.2029335704
1990-04-17,1.0,0.0,2685775.5741434917
1990-04-18,0.6000000000000001,0.3999999999999999,2557855.8390531377
1990-04-19,0.4,0.6,2506901.272466064
1990-04-20,0.0,1.0,2473088.53865614
1990-04-23,0.0,1.0,2473087.795999943
1990-04-24,0.0,1.0,2473087.548327075
1990-04-25,0.0,1.0,2473087.300590519
1990-04-26,0.0,1.0,2473087.0527893226
1990-04-27,0.0,1.0,2473086.804927072
1990-04-30,0.0,1.0,2473086.060956551
1990-05-01,0.0,1.0,2495874.7802631347
1990-05-02,0.0,1.0,2495874.5320847407
1990-05-03,0.1,0.9,2495624.2118126666
1990-05-04,0.6000000000000001,0.3999999999999999,2503494.539418829
1990-05-07,0.6000000000000001,0.3999999999999999,2551700.4864837555
1990-05-08,0.6000000000000001,0.3999999999999999,2553544.1507174624
1990-05-09,1.0,0.0,2557020.798682314
1990-05-10,1.0,0.0,2604615.6784471436
1990-05-11,1.0,0.0,2749564.239818768
1990-05-14,1.0,0.0,2858599.6022228817
1990-05-15,1.0,0.0,2880666.1829173774
1990-05-16,1.0,0.0,2902732.7635476133
1990-05-17,1.0,0.0,2959413.9864854743
1990-05-18,1.0,0.0,3030373.7493374515
1990-05-21,1.0,0.0,3175321.801852609
1990-05-22,1.0,0.0,3199119.1142155374
1990-05-23,1.0,0.0,3328923.768778039
1990-05-24,1.0,0.0,3367864.9870499102
1990-05-25,1.0,0.0,3159311.51229828
1990-05-29,1.0,0.0,3305557.35783147
1990-05-30,1.0,0.0,3324595.156352813
1990-05-31,1.0,0.0,3313345.1427342375
1990-06-01,1.0,0.0,3383872.2216547583
1990-06-04,1.0,0.0,3476465.6248756205
1990-06-05,1.0,0.0,3375650.223796982
1990-06-06,1.0,0.0,3381707.530976987
1990-06-07,1.0,0.0,3350554.0975425784
1990-06-08,1.0,0.0,3235892.8393213227
1990-06-11,1.0,0.0,3325024.776947996
1990-06-12,1.0,0.0,3455694.796278887
1990-06-13,1.0,0.0,3537038.9501651004
1990-06-14,1.0,0.0,3466944.0436095116
1990-06-15,1.0,0.0,3476030.1314148977
1990-06-18,1.0,0.0,3296898.5892999293
1990-06-19,1.0,0.0,3297331.016253176
1990-06-20,1.0,0.0,3317234.179475786
1990-06-21,1.0,0.0,3349685.150493361
1990-06-22,1.0,0.0,3245840.9671067093
1990-06-25,1.0,0.0,3126419.681721455
1990-06-26,1.0,0.0,3125121.3761019385
1990-06-27,1.0,0.0,3203869.4309024964
1990-06-28,1.0,0.0,3302520.905001934
1990-06-29,1.0,0.0,3343625.5360931065
1990-07-02,1.0,0.0,3339297.9352301927
1990-07-03,1.0,0.0,3327182.5534144826
1990-07-05,1.0,0.0,3287375.2005205033
1990-07-06,1.0,0.0,3333672.0275121415
1990-07-09,1.0,0.0,3378670.2906625355
1990-07-10,1.0,0.0,3336267.0963156302
1990-07-11,1.0,0.0,3422803.4447388803
1990-07-12,1.0,0.0,3533137.3597276188
1990-07-13,1.0,0.0,3587655.163826456
1990-07-16,1.0,0.0,3648662.6977047794
1990-07-17,1.0,0.0,3438811.170427212
1990-07-18,1.0,0.0,3295160.1466206126
1990-07-19,1.0,0.0,3216844.260225667
1990-07-20,1.0,0.0,3052857.1338949394
1990-07-23,0.5,0.0,2850512.750656087
1990-07-24,0.4,0.0,2832732.5492632566
1990-07-25,0.5,0.0,2866390.525342538
1990-07-26,0.4,0.0,2836193.033164493
1990-07-27,0.4,0.0,2812170.421883557
1990-07-30,0.4,0.0,2787147.8806270817
1990-07-31,0.4,0.0,2779037.8199131647
1990-08-01,0.4,0.0,2774560.269235778
1990-08-02,0.0,0.0,2714053.2535707643
1990-08-03,0.0,0.0,2714635.9026218746
1990-08-06,0.0,0.0,2716380.467970326
1990-08-07,0.0,0.0,2716962.2385201235
1990-08-08,0.0,0.0,2717544.1301292535
1990-08-09,0.0,0.0,2718126.1523223775
1990-08-10,0.0,0.0,2718708.295772069
1990-08-13,0.0,0.0,2720455.4640277745
1990-08-14,0.0,0.0,2721038.1053225184
1990-08-15,0.0,0.0,2721620.873708873
1990-08-16,0.0,0.0,2722203.7726792223
1990-08-17,0.0,0.0,2722786.7835787097
1990-08-20,0.0,0.0,2724536.582731577
1990-08-21,0.0,0.0,2725120.100992096
1990-08-22,0.0,0.0,2725703.7368284073
1990-08-23,0.0,0.0,2726287.503248713
1990-08-24,0.0,0.0,2726871.4002530132
1990-08-27,0.0,0.0,2728623.8303026827
1990-08-28,0.0,0.0,2729208.2193105696
1990-08-29,0.0,0.0,2729792.741254518
1990-08-30,0.0,0.0,2730377.3844550326
1990-08-31,0.0,0.0,2730962.1489121136
1990-09-04,0.0,0.0,2733302.4807918346
1990-09-05,0.0,0.0,2733887.87396584
1990-09-06,0.0,0.0,2734478.244209287
1990-09-07,0.0,0.0,2735068.7357093007
1990-09-10,0.0,0.0,2736840.9846130186
1990-09-11,0.0,0.0,2737431.992343165
1990-09-12,0.0,0.0,2738023.1181070306
1990-09-13,0.0,0.0,2738614.3837823193
1990-09-14,0.0,0.0,2739205.770714175
1990-09-17,0.0,0.0,2740980.706494884
1990-09-18,0.0,0.0,2741572.6067416077
1990-09-19,0.0,0.0,2742164.627938824
1990-09-20,0.0,0.0,2742756.789047464
1990-09-21,0.0,0.0,2743349.07141267
1990-09-24,0.0,0.0,2745126.6660796544
1990-09-25,0.0,0.0,2745719.4619492847
1990-09-26,0.0,0.0,2746312.387903415
1990-09-27,0.0,0.0,2746905.435114112
1990-09-28,0.0,0.0,2747498.612908803
1990-10-01,0.0,0.0,2749278.922438325
1990-10-02,0.0,0.0,2749872.6139347623
1990-10-03,0.0,0.0,2750460.157963405
1990-10-04,0.0,0.0,2751047.832576043
1990-10-05,0.0,0.0,2751635.637772675
1990-10-08,0.0,0.0,2753399.794015889
1990-10-09,0.0,0.0,2753988.0948641696
1990-10-10,0.0,0.0,2754576.524999576
1990-10-11,0.0,0.0,2755165.07639155
1990-10-12,0.0,0.0,2755753.758367518
1990-10-15,0.0,0.0,2757520.5455087926
1990-10-16,0.0,0.0,2758109.7295414326
1990-10-17,0.0,0.0,2758699.036453679
1990-10-18,0.0,0.0,2759288.47394992
1990-10-19,0.0,0.0,2759878.032702727
1990-10-22,0.0,0.0,2761647.478727966
1990-10-23,0.0,0.0,2762237.5428370293
1990-10-24,0.0,0.0,2762827.735856361
1990-10-25,0.0,0.0,2763418.0501322597
1990-10-26,0.0,0.0,2764008.4949921533
1990-10-29,0.0,0.0,2765780.571914729
1990-10-30,0.0,0.0,2766371.5192079097
1990-10-31,0.0,0.0,2766962.598331831
1990-11-01,0.0,0.0,2767553.7987123188
1990-11-02,0.0,0.0,2768145.1203493727
1990-11-05,1.0,0.0,2768471.6893317346
1990-11-06,1.0,0.0,2756922.2620837744
1990-11-07,0.0,0.0,2607403.5625927225
1990-11-08,1.0,0.0,2606636.85263864
1990-11-09,1.0,0.0,2804683.884412487
1990-11-12,1.0,0.0,3099849.6530772503
1990-11-13,1.0,0.0,3156978.377928241
1990-11-14,1.0,0.0,3282661.9545670785
1990-11-15,1.0,0.0,3132221.8222255227
1990-11-16,1.0,0.0,2902753.180016874
1990-11-19,1.0,0.0,2998919.44649644
1990-11-20,1.0,0.0,2817058.339994537
1990-11-21,1.0,0.0,2843718.241172417
1990-11-23,1.0,0.0,2857999.863760213
1990-11-26,1.0,0.0,2895132.7839438627
1990-11-27,1.0,0.0,3083658.3071148274
1990-11-28,1.0,0.0,3106509.6048662397
1990-11-29,1.0,0.0,3174111.9863963597
1990-11-30,1.0,0.0,3245522.9707299364
1990-12-03,1.0,0.0,3341689.2339387997
1990-12-04,1.0,0.0,3395009.354273619
1990-12-05,1.0,0.0,3571156.917456076
1990-12-06,1.0,0.0,3593056.0638630786
1990-12-07,1.0,0.0,3583534.2364203
1990-12-10,1.0,0.0,3586389.727394907
1990-12-11,1.0,0.0,3428332.3872643113
1990-12-12,1.0,0.0,3502599.8228219543
1990-12-13,1.0,0.0,3500695.2006730535
1990-12-14,1.0,0.0,3397862.6020883806
1990-12-17,1.0,0.0,3339780.445317973
1990-12-18,1.0,0.0,3552109.7348574474
1990-12-19,1.0,0.0,3613047.059782282
1990-12-20,1.0,0.0,3670175.7817473593
1990-12-21,1.0,0.0,3734921.7093969104
1990-12-24,1.0,0.0,3648275.029370724
1990-12-26,1.0,0.0,3610188.357181772
1990-12-27,1.0,0.0,3532111.6763076326
1990-12-28,0.2,0.0,3542119.088218663
1990-12-31,1.0,0.0,3553874.9110626657
1991-01-02,1.0,0.0,3510643.0656765257
1991-01-03,0.2,0.0,3328866.8540109424
1991-01-04,0.2,0.0,3333361.046123541
1991-01-07,0.2,0.0,3288793.1704780664
1991-01-08,0.2,0.0,3286274.9375710967
1991-01-09,0.2,0.0,3282441.6246252805
1991-01-10,0.2,0.0,3325015.1266457587
1991-01-11,0.2,0.0,3326254.80026346
1991-01-14,0.2,0.0,3302919.3759983703
1991-01-15,0.2,0.0,3318250.5121302344
1991-01-16,1.0,0.0,3393120.7354726717
1991-01-17,1.0,0.0,3707063.59059201
1991-01-18,1.0,0.0,3824022.5081294696
1991-01-21,1.0,0.0,3977035.930254939
1991-01-22,1.0,0.0,3841609.1775878356
1991-01-23,1.0,0.0,4049145.530352871
1991-01-24,1.0,0.0,4268993.379147265
1991-01-25,1.0,0.0,4338465.097004219
1991-01-28,1.0,0.0,4407936.222826885
1991-01-29,1.0,0.0,4538086.028317659
1991-01-30,1.0,0.0,4827405.890396912
1991-01-31,1.0,0.0,5023510.139121561
1991-02-01,1.0,0.0,5151901.159259358
1991-02-04,1.0,0.0,5308432.148947667
1991-02-05,1.0,0.0,5620616.217666717
1991-02-06,1.0,0.0,6000513.514841465
1991-02-07,1.0,0.0,5732298.481818039
1991-02-08,1.0,0.0,5803528.983913723
1991-02-11,1.0,0.0,6143853.0210674135
1991-02-12,1.0,0.0,6058551.643980993
1991-02-13,1.0,0.0,6211565.655520742
1991-02-14,1.0,0.0,5854531.971639434
1991-02-15,1.0,0.0,6047998.041644857
1991-02-19,1.0,0.0,6225634.15299001
1991-02-20,1.0,0.0,5994353.6073964555
1991-02-21,1.0,0.0,5924881.296125658
1991-02-22,1.0,0.0,6049754.744570959
1991-02-25,1.0,0.0,6149125.212535405
1991-02-26,1.0,0.0,5980281.539598765
1991-02-27,1.0,0.0,6114828.3060748065
1991-02-28,1.0,0.0,6141209.785366458
1991-03-01,1.0,0.0,6304776.506791181
1991-03-04,1.0,0.0,6376006.410868671
1991-03-05,1.0,0.0,7036429.938711804
1991-03-06,1.0,0.0,7110298.616830288
1991-03-07,1.0,0.0,7221101.783167089
1991-03-08,1.0,0.0,7076881.101760175
1991-03-11,1.0,0.0,6452511.475095642
1991-03-12,1.0,0.0,6106909.893016847
1991-03-13,1.0,0.0,6571228.875393064
1991-03-14,1.0,0.0,6469219.037343089
1991-03-15,1.0,0.0,6377761.910165349
1991-03-18,1.0,0.0,6448991.811467211
1991-03-19,1.0,0.0,6310926.877380175
1991-03-20,1.0,0.0,6474493.597549118
1991-03-21,1.0,0.0,6233539.731680353
1991-03-22,0.8,0.19999999999999996,6176901.395231711
1991-03-25,1.0,0.0,6378936.582397891
1991-03-26,1.0,0.0,7040848.588780434
1991-03-27,1.0,0.0,7187358.543366224
1991-03-28,1.0,0.0,7050440.97367107
1991-04-01,1.0,0.0,7021661.084781376
1991-04-02,1.0,0.0,7754211.950623049
1991-04-03,1.0,0.0,7860606.009049414
1991-04-04,1.0,0.0,8039383.096677668
1991-04-05,1.0,0.0,7874558.816421145
1991-04-08,1.0,0.0,7888511.349504968
1991-04-09,1.0,0.0,7650431.955053617
1991-04-10,1.0,0.0,7489096.013253621
1991-04-11,1.0,0.0,8096938.7678928105
1991-04-12,1.0,0.0,8157984.421898303
1991-04-15,1.0,0.0,8073391.38374849
1991-04-16,1.0,0.0,8394318.275104064
1991-04-17,1.0,0.0,8510305.264270253
1991-04-18,1.0,0.0,8001007.53071084
1991-04-19,1.0,0.0,7670487.1585220285
1991-04-22,1.0,0.0,7441128.06057142
1991-04-23,1.0,0.0,7503917.8832884105
1991-04-24,1.0,0.0,7697520.409430935
1991-04-25,1.0,0.0,7476882.707805772
1991-04-26,1.0,0.0,7418452.758442843
1991-04-29,1.0,0.0,6991130.434605002
1991-04-30,1.0,0.0,6791422.765233207
1991-05-01,1.0,0.0,6830666.300835579
1991-05-02,1.0,0.0,7005082.963312921
1991-05-03,1.0,0.0,7048686.922242936
1991-05-06,1.0,0.0,7061767.365529365
1991-05-07,1.0,0.0,6971942.366659316
1991-05-08,1.0,0.0,7039964.696601793
1991-05-09,1.0,0.0,7358275.33248715
1991-05-10,1.0,0.0,7148974.730916433
1991-05-13,1.0,0.0,7167287.681060494
1991-05-14,1.0,0.0,6930952.45385825
1991-05-15,1.0,0.0,6303923.285515593
1991-05-16,1.0,0.0,6489677.048107112
1991-05-17,1.0,0.0,6468746.739129019
1991-05-20,0.8,0.19999999999999996,6326202.070895485
1991-05-21,1.0,0.0,6476998.450542525
1991-05-22,1.0,0.0,6802861.315151183
1991-05-23,1.0,0.0,6913793.169514203
1991-05-24,1.0,0.0,7090590.978549006
1991-05-28,1.0,0.0,7392186.598076726
1991-05-29,1.0,0.0,7467585.50280368
1991-05-30,1.0,0.0,7698982.721311633
1991-05-31,1.0,0.0,7841114.237947382
1991-06-03,1.0,0.0,7999711.682051778
1991-06-04,1.0,0.0,8011844.603570077
1991-06-05,1.0,0.0,7685981.178366397
1991-06-06,1.0,0.0,7419050.449441298
1991-06-07,0.5,0.5,7115626.514902396
1991-06-10,0.5,0.5,7027240.868816882
1991-06-11,0.5,0.5,7059300.7743652435
1991-06-12,0.4,0.6,6901879.409856592
1991-06-13,0.4,0.6,6884721.438221134
1991-06-14,0.5,0.5,6976292.094413023
1991-06-17,0.5,0.5,6965299.549714963
1991-06-18,0.4,0.6,6881118.084233818
1991-06-19,0.4,0.6,6717432.125045432
1991-06-20,0.4,0.6,6724920.894012385
1991-06-21,0.4,0.6,6714935.576118386
1991-06-24,0.4,0.6,6433566.740279856
1991-06-25,0.4,0.6,6435349.684850462
1991-06-26,0.4,0.6,6473863.873152611
1991-06-27,0.4,0.6,6550892.375269147
1991-06-28,0.4,0.6,6519510.216182237
1991-07-01,0.4,0.6,6688314.457882936
1991-07-02,0.4,0.6,6598090.985885589
1991-07-03,0.4,0.6,6492176.4984252285
1991-07-05,0.4,0.6,6478268.302891767
1991-07-08,0.4,0.6,6669056.428522633
1991-07-09,0.4,0.6,6718625.652348243
1991-07-10,0.4,0.6,6794940.927427007
1991-07-11,0.4,0.6,6808848.749500618
1991-07-12,1.0,0.0,6911672.944948981
1991-07-15,1.0,0.0,7021729.713483323
1991-07-16,0.8,0.19999999999999996,6669634.905352522
1991-07-17,0.8,0.19999999999999996,6600242.238697877
1991-07-18,1.0,0.0,6767024.081778402
1991-07-19,1.0,0.0,6816018.2522486225
1991-07-22,0.8,0.19999999999999996,6613371.310218922
1991-07-23,0.4,0.6,6306669.2917978875
1991-07-24,0.4,0.6,6262324.626629571
1991-07-25,0.4,0.6,6357501.9199456135
1991-07-26,1.0,0.0,6441684.528851865
1991-07-29,1.0,0.0,6467865.684110409
1991-07-30,1.0,0.0,6808248.5426063
1991-07-31,1.0,0.0,7020332.970347365
1991-08-01,1.0,0.0,7177432.356255266
1991-08-02,1.0,0.0,7270818.915934537
1991-08-05,1.0,0.0,7004619.290966032
1991-08-06,1.0,0.0,7200120.927503969
1991-08-07,1.0,0.0,7337146.4084504
1991-08-08,1.0,0.0,7509955.805276046
1991-08-09,1.0,0.0,7457588.36455724
1991-08-12,1.0,0.0,7621668.507300014
1991-08-13,1.0,0.0,7798841.795612518
1991-08-14,1.0,0.0,7982124.532859576
1991-08-15,1.0,0.0,7732509.163950564
1991-08-16,1.0,0.0,7538751.615030057
1991-08-19,1.0,0.0,6923440.6082721865
1991-08-20,1.0,0.0,7091013.332753348
1991-08-21,1.0,0.0,8008302.736660293
1991-08-22,1.0,0.0,7877385.234532512
1991-08-23,1.0,0.0,8057176.856739865
1991-08-26,1.0,0.0,8046701.305593961
1991-08-27,1.0,0.0,8048446.125564069
1991-08-28,1.0,0.0,8305915.028177904
1991-08-29,1.0,0.0,8190707.536963817
1991-08-30,1.0,0.0,8085973.386881561
1991-09-03,1.0,0.0,7821518.568924305
1991-09-04,0.8,0.19999999999999996,7608781.480585059
1991-09-05,1.0,0.0,7533983.217946149
1991-09-06,1.0,0.0,7467536.892231561
1991-09-09,1.0,0.0,7574199.374418172
1991-09-10,1.0,0.0,7169402.863066307
1991-09-11,1.0,0.0,7420323.765241144
1991-09-12,1.0,0.0,7886319.979014395
1991-09-13,1.0,0.0,7380105.84085708
1991-09-16,1.0,0.0,7303167.446042091
1991-09-17,1.0,0.0,7261201.2364736935
1991-09-18,1.0,0.0,7488516.3113599
1991-09-19,1.0,0.0,7682608.370567398
1991-09-20,1.0,0.0,7932654.982343565
1991-09-23,1.0,0.0,7781401.946122644
1991-09-24,1.0,0.0,7980739.744352985
1991-09-25,1.0,0.0,8113631.511282975
1991-09-26,1.0,0.0,8019207.908113389
1991-09-27,1.0,0.0,7850469.664680427
1991-09-30,1.0,0.0,7977240.810617611
1991-10-01,1.0,0.0,8042812.2560762465
1991-10-02,1.0,0.0,7762164.907105388
1991-10-03,1.0,0.0,7378351.351673399
1991-10-04,1.0,0.0,7382722.505025691
1991-10-07,1.0,0.0,7250703.843865461
1991-10-08,1.0,0.0,7335509.6663880525
1991-10-09,0.1,0.9,7049385.678283003
1991-10-10,0.1,0.9,7068964.292864673
1991-10-11,0.5,0.5,7084428.485789944
1991-10-14,1.0,0.0,7292960.0849916525
1991-10-15,1.0,0.0,7757591.396017835
1991-10-16,1.0,0.0,8098374.820125954
1991-10-17,1.0,0.0,7670977.560600331
1991-10-18,1.0,0.0,7717925.802062222
1991-10-21,1.0,0.0,7536604.127416644
1991-10-22,1.0,0.0,7526889.936557541
1991-10-23,1.0,0.0,7411136.051654286
1991-10-24,1.0,0.0,7123775.944397851
1991-10-25,0.5,0.5,6913901.712614007
1991-10-28,1.0,0.0,7034631.814772369
1991-10-29,1.0,0.0,7304807.351816619
1991-10-30,1.0,0.0,7652062.555701432
1991-10-31,1.0,0.0,7475652.805661641
1991-11-01,1.0,0.0,7280171.797710281
1991-11-04,1.0,0.0,7045752.406795492
1991-11-05,1.0,0.0,7198321.853293667
1991-11-06,1.0,0.0,7222954.945260034
1991-11-07,1.0,0.0,7478032.402225103
1991-11-08,1.0,0.0,7679074.62864134
1991-11-11,1.0,0.0,7854687.278168995
1991-11-12,1.0,0.0,8177308.772634662
1991-11-13,1.0,0.0,8244057.558146181
1991-11-14,1.0,0.0,8093870.786049418
1991-11-15,0.8,0.19999999999999996,6755145.1820013
1991-11-18,0.0,1.0,6979518.37932102
1991-11-19,0.4,0.6,6976722.751959735
1991-11-20,0.8,0.19999999999999996,6996660.224146887
1991-11-21,0.8,0.19999999999999996,7195193.061731851
1991-11-22,0.4,0.6,7051485.011246594
1991-11-25,0.4,0.6,6952458.397236391
1991-11-26,0.4,0.6,6983505.423127907
1991-11-27,0.4,0.6,7013898.817331081
1991-11-29,0.4,0.6,7000171.602428916
1991-12-02,0.8,0.19999999999999996,7382754.236421986
1991-12-03,0.8,0.19999999999999996,7380845.528904214
1991-12-04,0.8,0.19999999999999996,7448905.12341514
1991-12-05,0.8,0.19999999999999996,7399290.80266324
1991-12-06,1.0,0.0,7504039.222370817
1991-12-09,1.0,0.0,7472376.363962386
1991-12-10,1.0,0.0,7511162.276310688
1991-12-11,1.0,0.0,7394803.607060165
1991-12-12,1.0,0.0,7627520.246287439
1991-12-13,1.0,0.0,7882400.397129637
1991-12-16,1.0,0.0,8011422.997423571
1991-12-17,1.0,0.0,7679761.64333551
1991-12-18,1.0,0.0,7732795.527165475
1991-12-19,1.0,0.0,7336226.746023722
1991-12-20,1.0,0.0,7428838.329158089
1991-12-23,1.0,0.0,7989257.851899542
1991-12-24,1.0,0.0,8285298.809689788
1991-12-26,1.0,0.0,8815639.514129886
1991-12-27,1.0,0.0,9073685.88040657
1991-12-30,1.0,0.0,9925397.269796312
1991-12-31,1.0,0.0,10296635.856146706
1992-01-02,1.0,0.0,10526977.598784532
1992-01-03,1.0,0.0,10660749.988755764
1992-01-06,1.0,0.0,10854680.013706794
1992-01-07,1.0,0.0,11115892.595527682
1992-01-08,1.0,0.0,11567078.134326363
1992-01-09,1.0,0.0,12170242.038699884
1992-01-10,1.0,0.0,11830665.143850788
1992-01-13,1.0,0.0,11943856.66129453
1992-01-14,1.0,0.0,12383960.444045542
1992-01-15,1.0,0.0,12695832.480774615
1992-01-16,1.0,0.0,12296097.482648974
1992-01-17,1.0,0.0,12061797.267886668
1992-01-20,1.0,0.0,11237788.8632808
1992-01-21,1.0,0.0,9874732.662107848
1992-01-22,1.0,0.0,11521164.721606396
1992-01-23,1.0,0.0,11491876.989400376
1992-01-24,1.0,0.0,11425386.219741927
1992-01-27,1.0,0.0,10927498.05723362
1992-01-28,1.0,0.0,10957576.873909444
1992-01-29,0.7000000000000001,0.29999999999999993,10606900.66899047
1992-01-30,0.7000000000000001,0.29999999999999993,10676151.426205967
1992-01-31,0.7000000000000001,0.29999999999999993,10668394.815507995
1992-02-03,0.7000000000000001,0.29999999999999993,10819945.55394647
1992-02-04,0.7000000000000001,0.29999999999999993,11190577.826309772
1992-02-05,0.7000000000000001,0.29999999999999993,11462596.302212333
1992-02-06,0.7000000000000001,0.29999999999999993,11331295.441201622
1992-02-07,0.8,0.19999999999999996,11167517.257059252
1992-02-10,1.0,0.0,11040266.339431562
1992-02-11,1.0,0.0,10956125.326522013
1992-02-12,1.0,0.0,12056129.321957067
1992-02-13,1.0,0.0,11424687.910676116
1992-02-14,1.0,0.0,11114370.569418931
1992-02-18,1.0,0.0,10326225.793160517
1992-02-19,1.0,0.0,10277593.691452678
1992-02-20,1.0,0.0,10936824.02300535
1992-02-21,1.0,0.0,10651980.465809083
1992-02-24,0.8,0.19999999999999996,10326472.775265638
1992-02-25,1.0,0.0,10274397.380819503
1992-02-26,1.0,0.0,11134245.388314184
1992-02-27,0.8,0.19999999999999996,11086445.857930932
1992-02-28,0.8,0.19999999999999996,10967185.99862692
1992-03-02,0.8,0.19999999999999996,11004568.52654342
1992-03-03,1.0,0.0,10928216.947313197
1992-03-04,1.0,0.0,10535247.623620236
1992-03-05,1.0,0.0,10152334.593121866
1992-03-06,0.5,0.5,9735155.130130276
1992-03-09,0.5,0.5,9747140.449940626
1992-03-10,0.5,0.5,10053013.99352619
1992-03-11,0.5,0.5,9809783.310139118
1992-03-12,0.5,0.5,9798181.80403697
1992-03-13,0.5,0.5,9868559.23874301
1992-03-16,0.5,0.5,9947055.802929895
1992-03-17,1.0,0.0,10149455.02718743
1992-03-18,0.5,0.5,10114696.658843273
1992-03-19,1.0,0.0,10104073.37127205
1992-03-20,1.0,0.0,9951207.556157513
1992-03-23,0.5,0.5,9781571.48246931
1992-03-24,0.5,0.5,9688860.770165622
1992-03-25,0.5,0.5,9717785.573362658
1992-03-26,0.5,0.5,9528656.464328423
1992-03-27,0.4,0.6,9147205.184589755
1992-03-30,0.4,0.6,9082534.749075595
1992-03-31,0.4,0.6,9104516.149106394
1992-04-01,0.4,0.6,9188729.903271375
1992-04-02,0.4,0.6,8976242.10360998
1992-04-03,0.4,0.6,8933553.334215261
1992-04-06,0.4,0.6,9194463.782477288
1992-04-07,0.30000000000000004,0.7,8801366.139857283
1992-04-08,0.30000000000000004,0.7,8747133.78902444
1992-04-09,0.4,0.6,8961988.100784963
1992-04-10,0.30000000000000004,0.7,8739532.059876116
1992-04-13,0.4,0.6,8842273.85459668
1992-04-14,0.4,0.6,8954598.732648239
1992-04-15,0.4,0.6,9141806.93832837
1992-04-16,0.4,0.6,8899104.611182468
1992-04-20,0.1,0.9,8511632.754998175
1992-04-21,0.1,0.9,8492562.649444375
1992-04-22,0.1,0.9,8524227.018509483
1992-04-23,0.1,0.9,8507019.542177454
1992-04-24,0.1,0.9,8476064.087525219
1992-04-27,0.0,1.0,8441400.215126853
1992-04-28,0.0,1.0,8441400.106072286
1992-04-29,0.1,0.9,8440555.466507703
1992-04-30,0.0,1.0,8480218.075161632
1992-05-01,0.1,0.9,8583393.228898756
1992-05-04,0.1,0.9,8610215.82494157
1992-05-05,0.30000000000000004,0.7,8642885.755508415
1992-05-06,0.30000000000000004,0.7,8650041.046284307
1992-05-07,0.30000000000000004,0.7,8589985.479624921
1992-05-08,0.1,0.9,8551793.192965982
1992-05-11,0.1,0.9,8556681.169062719
1992-05-12,0.1,0.9,8540967.326376429
1992-05-13,0.1,0.9,8530142.161879431
1992-05-14,0.1,0.9,8495746.584485317
1992-05-15,0.0,1.0,8482563.981156925
1992-05-18,0.1,0.9,8481714.996624619
1992-05-19,0.1,0.9,8496640.479893127
1992-05-20,0.1,0.9,8522876.048006492
1992-05-21,0.1,0.9,8508691.968564166
1992-05-22,0.1,0.9,8512029.250079444
1992-05-26,0.1,0.9,8490521.065246662
1992-05-27,0.1,0.9,8508505.833627786
1992-05-28,0.1,0.9,8541416.205784542
1992-05-29,1.0,0.0,8562335.531790193
1992-06-01,1.0,0.0,8859252.620860606
1992-06-02,1.0,0.0,8710791.365239013
1992-06-03,1.0,0.0,8715880.34347141
1992-06-04,1.0,0.0,8596262.777907869
1992-06-05,1.0,0.0,8373147.264405827
1992-06-08,0.1,0.9,8120653.6423827475
1992-06-09,0.0,1.0,8077339.169317129
1992-06-10,0.0,1.0,8077339.060446622
1992-06-11,0.0,1.0,8077338.952757714
1992-06-12,0.0,1.0,8077338.845054422
1992-06-15,0.0,1.0,8077338.521853365
1992-06-16,0.0,1.0,8077338.41408915
1992-06-17,0.0,1.0,8077338.306309535
1992-06-18,0.0,1.0,8077338.198515526
1992-06-19,0.0,1.0,8077338.090706247
1992-06-22,0.0,1.0,8077337.767184539
1992-06-23,0.0,1.0,8077337.659314586
1992-06-24,0.0,1.0,8077337.551428938
1992-06-25,0.0,1.0,8077337.443528887
1992-06-26,0.0,1.0,8077337.335613557
1992-06-29,0.0,1.0,8077337.01177362
1992-06-30,0.0,1.0,8077336.903797572
1992-07-01,1.0,0.0,8347793.893480781
1992-07-02,0.0,1.0,7914773.65898783
1992-07-06,0.0,1.0,7914769.20448395
1992-07-07,0.0,1.0,7914768.196023583
1992-07-08,0.0,1.0,7914767.187442567
1992-07-09,0.0,1.0,7914766.17871735
1992-07-10,0.0,1.0,7914765.169876422
1992-07-13,1.0,0.0,7906843.411224107
1992-07-14,1.0,0.0,8236106.44954119
1992-07-15,1.0,0.0,8244980.4842019025
1992-07-16,1.0,0.0,8393192.67262364
1992-07-17,1.0,0.0,7925476.970477781
1992-07-20,0.0,1.0,7518567.013807094
1992-07-21,1.0,0.0,7511043.724801025
1992-07-22,0.0,1.0,7210867.78018628
1992-07-23,0.0,1.0,7210866.861933764
1992-07-24,0.0,1.0,7210865.94356673
1992-07-27,0.0,1.0,7210863.187758863
1992-07-28,1.0,0.0,7203647.792974695
1992-07-29,1.0,0.0,7436875.832009759
1992-07-30,1.0,0.0,7493779.574033282
1992-07-31,1.0,0.0,7488969.8120269375
1992-08-03,1.0,0.0,7620408.807284552
1992-08-04,1.0,0.0,7494576.45921541
1992-08-05,0.0,1.0,7160402.932727381
1992-08-06,0.0,1.0,7160402.020919482
1992-08-07,0.0,1.0,7160401.099616176
1992-08-10,1.0,0.0,7153234.348767899
1992-08-11,0.0,1.0,7022434.336017459
1992-08-12,0.0,1.0,7022433.432575058
1992-08-13,0.0,1.0,7022432.529026568
1992-08-14,0.0,1.0,7022431.625351053
1992-08-17,0.0,1.0,7022428.913623304
1992-08-18,0.0,1.0,7022428.009488143
1992-08-19,0.0,1.0,7022427.105233775
1992-08-20,0.0,1.0,7022426.200861725
1992-08-21,0.0,1.0,7022425.29638139
1992-08-24,0.0,1.0,7022422.5822104355
1992-08-25,0.0,1.0,7022421.677260734
1992-08-26,0.0,1.0,7022420.772191789
1992-08-27,0.0,1.0,7022419.867014498
1992-08-28,0.0,1.0,7022418.961710039
1992-08-31,0.0,1.0,7022416.245122635
1992-09-01,0.0,1.0,7144775.834399708
1992-09-02,1.0,0.0,7137626.627110987
1992-09-03,1.0,0.0,7247396.313276978
1992-09-04,1.0,0.0,7119060.644160968
1992-09-08,1.0,0.0,7073050.172076332
1992-09-09,1.0,0.0,7363618.500099605
1992-09-10,1.0,0.0,7705843.583023472
1992-09-11,1.0,0.0,7730056.767745771
1992-09-14,1.0,0.0,8422577.381427836
1992-09-15,1.0,0.0,8050486.398269108
1992-09-16,1.0,0.0,7939100.600476942
1992-09-17,1.0,0.0,7994792.119580039
1992-09-18,1.0,0.0,8043219.407390471
1992-09-21,1.0,0.0,7990752.75480688
1992-09-22,1.0,0.0,7613818.950037874
1992-09-23,1.0,0.0,7723588.633841876
1992-09-24,1.0,0.0,7847079.643079445
1992-09-25,1.0,0.0,7302261.384145081
1992-09-28,1.0,0.0,7132759.893488948
1992-09-29,1.0,0.0,7324050.393096961
1992-09-30,1.0,0.0,7500812.430237632
1992-10-01,0.1,0.9,7193266.12131323
1992-10-02,0.0,1.0,7159924.715981294
1992-10-05,0.0,1.0,7159924.45232445
1992-10-06,0.6000000000000001,0.3999999999999999,7155628.071165465
1992-10-07,0.2,0.8,7043212.170747614
1992-10-08,0.6000000000000001,0.3999999999999999,7081089.876597693
1992-10-09,0.2,0.8,6964383.804868972
1992-10-12,0.1,0.9,6997026.773935783
1992-10-13,0.6000000000000001,0.3999999999999999,7007118.869874738
1992-10-14,0.5,0.5,6983005.727894858
1992-10-15,0.6000000000000001,0.3999999999999999,7067203.076318086
1992-10-16,1.0,0.0,7236397.53224815
1992-10-19,1.0,0.0,7673016.722000437
1992-10-20,1.0,0.0,7712570.819908542
1992-10-21,1.0,0.0,7902736.078928107
1992-10-22,1.0,0.0,7901975.067956477
1992-10-23,1.0,0.0,7851770.998987172
1992-10-26,1.0,0.0,7974236.604217622
1992-10-27,1.0,0.0,7733866.927558289
1992-10-28,1.0,0.0,7928596.1608575815
1992-10-29,1.0,0.0,8247313.370215749
1992-10-30,1.0,0.0,8099744.509896348
1992-11-02,1.0,0.0,8184176.992720585
1992-11-03,1.0,0.0,7857091.798732028
1992-11-04,1.0,0.0,7984122.075453877
1992-11-05,1.0,0.0,8619274.855421292
1992-11-06,1.0,0.0,8744023.144766884
1992-11-09,1.0,0.0,8930384.39231751
1992-11-10,1.0,0.0,9226281.728257325
1992-11-11,1.0,0.0,9502401.840972198
1992-11-12,1.0,0.0,9412643.324779034
1992-11-13,1.0,0.0,9547280.225414269
1992-11-16,1.0,0.0,9226279.631202249
1992-11-17,1.0,0.0,8709028.82909286
1992-11-18,1.0,0.0,9176075.2114545
1992-11-19,1.0,0.0,9368522.456516791
1992-11-20,1.0,0.0,9532064.529193224
1992-11-23,1.0,0.0,9088597.282834578
1992-11-24,1.0,0.0,9605086.722892316
1992-11-25,1.0,0.0,9575420.538114714
1992-11-27,1.0,0.0,9544232.67834281
1992-11-30,1.0,0.0,9675826.228213448
1992-12-01,1.0,0.0,9814266.440223066
1992-12-02,1.0,0.0,9719183.286157198
1992-12-03,1.0,0.0,9983132.799042493
1992-12-04,1.0,0.0,10284354.77095818
1992-12-07,1.0,0.0,10577208.75509776
1992-12-08,1.0,0.0,10463109.040020999
1992-12-09,1.0,0.0,10219696.711788677
1992-12-10,1.0,0.0,9936729.93714937
1992-12-11,1.0,0.0,9625618.652554166
1992-12-14,1.0,0.0,9500108.299246483
1992-12-15,1.0,0.0,9296250.417118644
1992-12-16,1.0,0.0,9454467.851662192
1992-12-17,1.0,0.0,10092663.27953839
1992-12-18,1.0,0.0,10178617.783138543
1992-12-21,1.0,0.0,10298040.731406236
1992-12-22,1.0,0.0,9977040.834744442
1992-12-23,1.0,0.0,10045500.102236614
1992-12-24,1.0,0.0,10132215.268007254
1992-12-28,1.0,0.0,10256962.501075696
1992-12-29,1.0,0.0,10317815.144007394
1992-12-30,1.0,0.0,10324660.75436062
1992-12-31,1.0,0.0,10342916.301121624
1993-01-04,1.0,0.0,10010505.412503615
1993-01-05,1.0,0.0,10333025.931077056
1993-01-06,1.0,0.0,10909607.70125144
1993-01-07,1.0,0.0,10642614.836431816
1993-01-08,1.0,0.0,10772687.760066798
1993-01-11,1.0,0.0,11234408.799138384
1993-01-12,1.0,0.0,10967415.93410192
1993-01-13,1.0,0.0,11674070.979515163
1993-01-14,1.0,0.0,12182193.130636036
1993-01-15,1.0,0.0,11976053.25987522
1993-01-18,1.0,0.0,11926609.14502675
1993-01-19,1.0,0.0,11664180.254266921
1993-01-20,1.0,0.0,11632992.742205776
1993-01-21,1.0,0.0,11964641.209245898
1993-01-22,1.0,0.0,11817072.34529677
1993-01-25,1.0,0.0,12116772.284939714
1993-01-26,1.0,0.0,11952468.847355202
1993-01-27,1.0,0.0,11308948.078781411
1993-01-28,1.0,0.0,11127910.067648374
1993-01-29,1.0,0.0,11114978.45351794
1993-02-01,1.0,0.0,11553118.95452137
1993-02-02,1.0,0.0,11731113.610165255
1993-02-03,1.0,0.0,11642876.41524019
1993-02-04,1.0,0.0,11426087.269589335
1993-02-05,1.0,0.0,10941544.948509373
1993-02-08,1.0,0.0,10647167.528439218
1993-02-09,1.0,0.0,10400712.547797935
1993-02-10,1.0,0.0,10771154.797902102
1993-02-11,1.0,0.0,10682156.9401988
1993-02-12,1.0,0.0,10228801.778447114
1993-02-16,0.4,0.6,9004811.584839595
1993-02-17,0.4,0.6,8973177.437478768
1993-02-18,0.4,0.6,9045264.61755555
1993-02-19,0.4,0.6,9032793.069419147
1993-02-22,0.4,0.6,8794627.487263387
1993-02-23,0.4,0.6,8819872.781574411
1993-02-24,0.4,0.6,9086019.20055865
1993-02-25,0.4,0.6,9133468.76504006
1993-02-26,0.4,0.6,9115218.022699505
1993-03-01,0.4,0.6,9185296.700694894
1993-03-02,0.4,0.6,9407034.578522388
1993-03-03,0.4,0.6,9528092.813855851
1993-03-04,0.4,0.6,9379353.95612205
1993-03-05,0.4,0.6,9379353.292752415
1993-03-08,0.5,0.5,9502664.101241713
1993-03-09,0.4,0.6,9498800.541604543
1993-03-10,0.5,0.5,9555608.16678754
1993-03-11,0.5,0.5,9572581.709667133
1993-03-12,0.5,0.5,9607612.333022816
1993-03-15,1.0,0.0,9667478.538909849
1993-03-16,1.0,0.0,9608248.407196764
1993-03-17,0.4,0.6,8969175.905676361
1993-03-18,0.4,0.6,8963184.120808415
1993-03-19,0.4,0.6,8842790.37206234
1993-03-22,0.4,0.6,8778312.472843911
1993-03-23,0.4,0.6,8739797.436020946
1993-03-24,0.4,0.6,8749496.693086952
1993-03-25,0.4,0.6,8918673.999356968
1993-03-26,0.4,0.6,8865609.086591894
1993-03-29,0.4,0.6,8827663.311961465
1993-03-30,0.4,0.6,9012531.660242444
1993-03-31,0.4,0.6,9063027.62703107
1993-04-01,0.4,0.6,8936272.776256964
1993-04-02,0.30000000000000004,0.7,8541717.471753953
1993-04-05,0.30000000000000004,0.7,8620378.79401487
1993-04-06,0.30000000000000004,0.7,8523977.503399575
1993-04-07,0.30000000000000004,0.7,8627147.75155304
1993-04-08,0.30000000000000004,0.7,8542650.72814627
1993-04-12,0.4,0.6,8708790.025908697
1993-04-13,0.30000000000000004,0.7,8612983.26034554
1993-04-14,0.4,0.6,8625073.99823357
1993-04-15,0.30000000000000004,0.7,8545821.432863675
1993-04-16,0.30000000000000004,0.7,8472407.200804736
1993-04-19,0.1,0.9,8399937.258069364
1993-04-20,0.1,0.9,8411646.777338402
1993-04-21,0.1,0.9,8419851.349955672
1993-04-22,0.1,0.9,8406627.953383993
1993-04-23,0.1,0.9,8370144.456430697
1993-04-26,0.0,1.0,8322621.905182444
1993-04-27,0.1,0.9,8321789.170354666
1993-04-28,0.1,0.9,8359308.420079234
1993-04-29,0.1,0.9,8353774.013038459
1993-04-30,0.1,0.9,8360854.571575055
1993-05-03,0.30000000000000004,0.7,8396916.466583354
1993-05-04,1.0,0.0,8572278.57396849
1993-05-05,1.0,0.0,8719769.757365115
1993-05-06,1.0,0.0,8449844.58328351
1993-05-07,1.0,0.0,8555808.924781624
1993-05-10,1.0,0.0,8671079.600328203
1993-05-11,1.0,0.0,8532894.75131614
1993-05-12,1.0,0.0,8381822.261682956
1993-05-13,1.0,0.0,8145548.148415239
1993-05-14,1.0,0.0,8290175.41093602
1993-05-17,1.0,0.0,8491363.688297082
1993-05-18,1.0,0.0,8729784.334389854
1993-05-19,1.0,0.0,9364857.91692746
1993-05-20,1.0,0.0,9807332.871355107
1993-05-21,1.0,0.0,9503756.634609785
1993-05-24,1.0,0.0,9533109.703042997
1993-05-25,1.0,0.0,9462226.975657513
1993-05-26,1.0,0.0,10088708.797247784
1993-05-27,1.0,0.0,9954819.827068316
1993-05-28,1.0,0.0,9581077.546809647
1993-06-01,1.0,0.0,9923313.181490824
1993-06-02,1.0,0.0,9932620.216772921
1993-06-03,1.0,0.0,9878921.009345183
1993-06-04,1.0,0.0,9601836.032524398
1993-06-07,1.0,0.0,9264607.322142726
1993-06-08,1.0,0.0,8986090.384924939
1993-06-09,1.0,0.0,8945994.797558084
1993-06-10,0.9,0.09999999999999998,8889971.59100673
1993-06-11,1.0,0.0,9122194.333728401
1993-06-14,1.0,0.0,9425393.128513277
1993-06-15,1.0,0.0,9409698.00929972
1993-06-16,1.0,0.0,9255601.41236313
1993-06-17,1.0,0.0,9175699.422021432
1993-06-18,1.0,0.0,8715550.07280309
1993-06-21,0.6000000000000001,0.3999999999999999,8702079.348616645
1993-06-22,0.6000000000000001,0.3999999999999999,8627178.57074038
1993-06-23,0.6000000000000001,0.3999999999999999,8570681.874332128
1993-06-24,1.0,0.0,8690037.56061353
1993-06-25,1.0,0.0,9007553.185261918
1993-06-28,1.0,0.0,9469198.843049668
1993-06-29,1.0,0.0,9273694.1561621
1993-06-30,1.0,0.0,9283683.001438595
1993-07-01,1.0,0.0,9098167.58337511
1993-07-02,1.0,0.0,9130989.043239146
1993-07-06,1.0,0.0,8871266.355602855
1993-07-07,0.6000000000000001,0.3999999999999999,8648039.671392526
1993-07-08,0.6000000000000001,0.3999999999999999,8770001.89197011
1993-07-09,0.6000000000000001,0.3999999999999999,8845746.688533992
1993-07-12,0.6000000000000001,0.3999999999999999,8862435.043695966
1993-07-13,0.6000000000000001,0.3999999999999999,8820496.58922456
1993-07-14,0.6000000000000001,0.3999999999999999,8897097.263719348
1993-07-15,0.6000000000000001,0.3999999999999999,8748174.035666943
1993-07-16,0.0,1.0,8328198.486195011
1993-07-19,0.0,1.0,8328196.699482477
1993-07-20,0.1,0.9,8327360.845856675
1993-07-21,0.0,1.0,8304313.907922003
1993-07-22,0.0,1.0,8304313.808940487
1993-07-23,0.0,1.0,8304313.709947846
1993-07-26,0.1,0.9,8303482.576222697
1993-07-27,0.0,1.0,8271680.505100979
1993-07-28,0.1,0.9,8270852.839885876
1993-07-29,0.1,0.9,8274193.144798315
1993-07-30,0.0,1.0,8242008.43678368
1993-08-02,0.0,1.0,8360062.492680269
1993-08-03,0.1,0.9,8359225.989273891
1993-08-04,0.1,0.9,8386278.354980937
1993-08-05,1.0,0.0,8394971.932728749
1993-08-06,1.0,0.0,8443020.084002784
1993-08-09,1.0,0.0,8381433.3311789865
1993-08-10,0.1,0.9,8117628.942622723
1993-08-11,1.0,0.0,8117418.5321445
1993-08-12,1.0,0.0,8092618.52672903
1993-08-13,1.0,0.0,8160982.776119955
1993-08-16,1.0,0.0,8847982.712734427
1993-08-17,1.0,0.0,9099994.4857697
1993-08-18,1.0,0.0,9217956.971051037
1993-08-19,1.0,0.0,8805754.523583975
1993-08-20,1.0,0.0,8845968.421814967
1993-08-23,1.0,0.0,8815804.667259144
1993-08-24,1.0,0.0,8849316.100676548
1993-08-25,1.0,0.0,8628133.887458365
1993-08-26,1.0,0.0,8394216.991805932
1993-08-27,1.0,0.0,8517541.447622674
1993-08-30,1.0,0.0,8710569.754732551
1993-08-31,1.0,0.0,8944484.872425744
1993-09-01,1.0,0.0,9050382.920308895
1993-09-02,1.0,0.0,9076521.641934613
1993-09-03,1.0,0.0,9010836.601414733
1993-09-07,1.0,0.0,8499435.00967158
1993-09-08,1.0,0.0,8368736.064103253
1993-09-09,1.0,0.0,8603991.673700936
1993-09-10,1.0,0.0,8764849.928546932
1993-09-13,1.0,0.0,8545676.671608677
1993-09-14,0.9,0.09999999999999998,8304893.313695919
1993-09-15,1.0,0.0,8493910.171423249
1993-09-16,1.0,0.0,8381697.74364029
1993-09-17,1.0,0.0,8409750.72460996
1993-09-20,1.0,0.0,8493909.667445557
1993-09-21,1.0,0.0,8365666.907171151
1993-09-22,1.0,0.0,8936747.399155023
1993-09-23,1.0,0.0,9153156.786106933
1993-09-24,1.0,0.0,9221285.598066607
1993-09-27,1.0,0.0,9545231.596581254
1993-09-28,1.0,0.0,9805056.467137251
1993-09-29,1.0,0.0,9867841.834892265
1993-09-30,1.0,0.0,9545231.29379063
1993-10-01,1.0,0.0,9549238.775943482
1993-10-04,1.0,0.0,9657443.21691013
1993-10-05,1.0,0.0,9426339.156703336
1993-10-06,1.0,0.0,9359546.003894543
1993-10-07,1.0,0.0,9177868.80198989
1993-10-08,1.0,0.0,9416319.895849625
1993-10-11,1.0,0.0,9364221.01225607
1993-10-12,1.0,0.0,9502482.52837755
1993-10-13,1.0,0.0,9777669.800661977
1993-10-14,1.0,0.0,10205813.161539625
1993-10-15,1.0,0.0,10239209.586309604
1993-10-18,1.0,0.0,10032150.822299052
1993-10-19,1.0,0.0,9479104.252279222
1993-10-20,1.0,0.0,9565267.187904114
1993-10-21,1.0,0.0,9817744.822480772
1993-10-22,1.0,0.0,9877858.46788191
1993-10-25,1.0,0.0,9815072.695485841
1993-10-26,1.0,0.0,9598663.106415674
1993-10-27,1.0,0.0,10018123.370400578
1993-10-28,1.0,0.0,9937303.676445188
1993-10-29,1.0,0.0,10067550.026142724
1993-11-01,1.0,0.0,10376801.551974334
1993-11-02,1.0,0.0,10396171.435646642
1993-11-03,1.0,0.0,9809728.339546038
1993-11-04,1.0,0.0,9012219.19976791
1993-11-05,1.0,0.0,9451049.448662031
1993-11-08,1.0,0.0,9537880.111765267
1993-11-09,1.0,0.0,9614024.089375297
1993-11-10,1.0,0.0,10139017.375020567
1993-11-11,1.0,0.0,10265256.141450563
1993-11-12,1.0,0.0,10302660.148983832
1993-11-15,1.0,0.0,9982053.195892448
1993-11-16,1.0,0.0,10151039.515408237
1993-11-17,1.0,0.0,9561256.766545601
1993-11-18,1.0,0.0,9256012.418307928
1993-11-19,1.0,0.0,9167845.4883845
1993-11-22,0.4,0.6,8639668.256231299
1993-11-23,1.0,0.0,8851406.135903403
1993-11-24,1.0,0.0,9114090.073741032
1993-11-26,1.0,0.0,9202294.171989363
1993-11-29,0.5,0.5,8971172.035207316
1993-11-30,1.0,0.0,9090874.222886134
1993-12-01,1.0,0.0,9524227.75926072
1993-12-02,1.0,0.0,9755180.194839992
1993-12-03,1.0,0.0,10166326.71376099
1993-12-06,1.0,0.0,9952503.226981994
1993-12-07,1.0,0.0,9798322.533256887
1993-12-08,1.0,0.0,9633990.060118718
1993-12-09,1.0,0.0,9076910.623430427
1993-12-10,1.0,0.0,9053434.088598462
1993-12-13,1.0,0.0,9107998.26691448
1993-12-14,0.5,0.5,8752111.868882244
1993-12-15,0.5,0.5,8823137.34702831
1993-12-16,0.5,0.5,8864357.27543748
1993-12-17,1.0,0.0,8958275.620858245
1993-12-20,1.0,0.0,9002245.048178112
1993-12-21,1.0,0.0,8915541.15039443
1993-12-22,1.0,0.0,8905012.360076398
1993-12-23,1.0,0.0,9033828.278588867
1993-12-27,1.0,0.0,9136631.613689307
1993-12-28,1.0,0.0,9336668.160878576
1993-12-29,1.0,0.0,9378780.704593062
1993-12-30,1.0,0.0,9542897.282253532
1993-12-31,1.0,0.0,9579436.037487032
1994-01-03,1.0,0.0,9377539.464708425
1994-01-04,1.0,0.0,9563951.195478525
1994-01-05,1.0,0.0,9768322.910887726
1994-01-06,1.0,0.0,9994370.469839837
1994-01-07,1.0,0.0,10033386.463903876
1994-01-10,1.0,0.0,10337466.010545157
1994-01-11,1.0,0.0,10253239.35071515
1994-01-12,1.0,0.0,10296590.513186745
1994-01-13,1.0,0.0,10257573.469894363
1994-01-14,1.0,0.0,10536881.672632769
1994-01-17,1.0,0.0,10459466.370498234
1994-01-18,1.0,0.0,10468136.182824366
1994-01-19,1.0,0.0,10115129.061783008
1994-01-20,1.0,0.0,10496623.38399973
1994-01-21,1.0,0.0,10497242.168512566
1994-01-24,1.0,0.0,10313305.576483456
1994-01-25,1.0,0.0,10101501.093410254
1994-01-26,1.0,0.0,10151045.35317591
1994-01-27,1.0,0.0,10352320.518117858
1994-01-28,1.0,0.0,10544925.345554726
1994-01-31,1.0,0.0,10653922.295790108
1994-02-01,1.0,0.0,10359130.296758374
1994-02-02,1.0,0.0,10473702.086900767
1994-02-03,1.0,0.0,10338072.710790021
1994-02-04,1.0,0.0,9383096.446325054
1994-02-07,1.0,0.0,9531729.223547067
1994-02-08,1.0,0.0,9659925.82929265
1994-02-09,1.0,0.0,9833332.051638382
1994-02-10,1.0,0.0,9640106.862078039
1994-02-11,1.0,0.0,9674168.375404794
1994-02-14,1.0,0.0,9907646.596275415
1994-02-15,1.0,0.0,10136790.7018006
1994-02-16,1.0,0.0,10167755.665725967
1994-02-17,1.0,0.0,10063091.779599067
1994-02-18,1.0,0.0,10100249.841571458
1994-02-22,1.0,0.0,10285421.368051665
1994-02-23,1.0,0.0,10164036.116479453
1994-02-24,1.0,0.0,9703269.084962375
1994-02-25,1.0,0.0,9964617.300357053
1994-02-28,1.0,0.0,10382030.534319537
1994-03-01,1.0,0.0,10190663.273013718
1994-03-02,1.0,0.0,10074232.499538416
1994-03-03,1.0,0.0,10069896.80293178
1994-03-04,1.0,0.0,10349205.002586618
1994-03-07,1.0,0.0,10595069.415831117
1994-03-08,1.0,0.0,10336197.383997489
1994-03-09,1.0,0.0,10416087.822165228
1994-03-10,1.0,0.0,10161550.958926413
1994-03-11,1.0,0.0,10133062.178939879
1994-03-14,1.0,0.0,10388835.547934946
1994-03-15,1.0,0.0,10377687.442580154
1994-03-16,1.0,0.0,10561002.619795175
1994-03-17,1.0,0.0,10796959.131417705
1994-03-18,1.0,0.0,10720783.495056516
1994-03-21,1.0,0.0,10367775.312315756
1994-03-22,1.0,0.0,10189413.555846697
1994-03-23,1.0,0.0,10172691.661630362
1994-03-24,0.5,0.5,9674878.444038495
1994-03-25,0.4,0.6,9526051.764340928
1994-03-28,0.4,0.6,9354857.052164733
1994-03-29,0.0,1.0,9047595.110064393
1994-03-30,0.0,1.0,9047594.678147472
1994-03-31,0.0,1.0,9047594.24617314
1994-04-04,0.0,0.0,8779499.458989082
1994-04-05,0.1,0.0,8779850.74016555
1994-04-06,0.1,0.0,8776502.07452225
1994-04-07,0.30000000000000004,0.0,8790975.441435998
1994-04-08,0.1,0.0,8666838.623969903
1994-04-11,0.0,0.0,8661249.733857935
1994-04-12,0.0,0.0,8662079.847899294
1994-04-13,0.0,0.0,8662910.04674068
1994-04-14,0.0,0.0,8663740.321075276
1994-04-15,0.0,0.0,8664570.680339735
1994-04-18,0.0,0.0,8667062.251708765
1994-04-19,0.0,0.0,8667892.926495034
1994-04-20,0.0,0.0,8668723.682100425
1994-04-21,0.0,0.0,8669554.513199024
1994-04-22,0.0,0.0,8670385.429227486
1994-04-25,0.0,0.0,8672878.671048474
1994-04-26,0.0,0.0,8673709.90265207
1994-04-28,0.0,0.0,8675372.60706618
1994-04-29,0.0,0.0,8676204.081953522
1994-05-02,0.0,0.0,8678698.965910131
1994-05-03,0.0,0.0,8679530.757474475
1994-05-04,0.0,0.0,8680465.75033171
1994-05-05,0.0,0.0,8681400.837555455
1994-05-06,0.0,0.0,8682336.01914572
1994-05-09,0.0,0.0,8685142.20590754
1994-05-10,0.0,0.0,8686077.796533417
1994-05-11,0.0,0.0,8687013.487704253
1994-05-12,0.0,0.0,8687949.282678254
1994-05-13,0.0,0.0,8688885.17201877
1994-05-16,0.0,0.0,8691693.482260814
1994-05-17,0.0,0.0,8692629.777567891
1994-05-18,0.0,0.0,8693566.176489696
1994-05-19,0.0,0.0,8694502.679214666
1994-05-20,0.0,0.0,8695439.276306149
1994-05-23,0.0,0.0,8698249.681714335
1994-05-24,0.0,0.0,8699186.684846789
1994-05-25,1.0,0.0,8695773.7296218
1994-05-26,0.0,0.0,8519243.462596003
1994-05-27,1.0,0.0,8515901.104563927
1994-05-31,1.0,0.0,8650294.83276118
1994-06-01,1.0,0.0,8672693.578500686
1994-06-02,1.0,0.0,8767190.303286413
1994-06-03,1.0,0.0,8909985.674198912
1994-06-06,1.0,0.0,8907183.872314153
1994-06-07,1.0,0.0,8706988.856666429
1994-06-08,0.0,0.0,8081360.815550896
1994-06-09,0.0,0.0,8082231.367868429
1994-06-10,1.0,0.0,8079111.481812199
1994-06-13,1.0,0.0,7897519.227362575
1994-06-14,1.0,0.0,8244376.669374676
1994-06-15,1.0,0.0,8266819.806804826
1994-06-16,0.0,0.0,8260644.433619092
1994-06-17,0.0,0.0,8261586.470159283
1994-06-20,0.0,0.0,8264413.21567795
1994-06-21,0.0,0.0,8265355.677449669
1994-06-22,0.0,0.0,8266298.241873892
1994-06-23,0.0,0.0,8267240.919194728
1994-06-24,0.0,0.0,8268183.700004127
1994-06-27,0.0,0.0,8271012.703713815
1994-06-28,0.0,0.0,8271955.918215887
1994-06-29,0.0,0.0,8272899.235284618
1994-06-30,0.0,0.0,8273842.665249963
1994-07-01,0.0,0.0,8274786.198703873
1994-07-05,0.0,0.0,8278561.429828609
1994-07-06,0.0,0.0,8279507.681380916
1994-07-07,0.0,0.0,8280454.036504479
1994-07-08,0.0,0.0,8281400.504524566
1994-07-11,0.0,0.0,8284240.543644564
1994-07-12,0.0,0.0,8285187.4428887395
1994-07-13,1.0,0.0,8281991.389346365
1994-07-14,0.0,0.0,8164894.55124879
1994-07-15,0.0,0.0,8165827.815213832
1994-07-18,0.0,0.0,8168628.238967747
1994-07-19,0.0,0.0,8169561.923462784
1994-07-20,0.0,0.0,8170495.7142796535
1994-07-21,0.0,0.0,8171429.6178754615
1994-07-22,0.0,0.0,8172363.624851963
1994-07-25,0.0,0.0,8175166.276245345
1994-07-26,0.0,0.0,8176100.706419631
1994-07-27,0.0,0.0,8177035.249096212
1994-07-28,0.0,0.0,8177969.895153487
1994-07-29,1.0,0.0,8174815.19226916
1994-08-01,1.0,0.0,8397907.702675397
1994-08-02,1.0,0.0,8339931.88719203
1994-08-03,1.0,0.0,8182150.685191122
1994-08-04,1.0,0.0,7984007.0106441155
1994-08-05,0.0,0.0,7950672.484302298
1994-08-08,1.0,0.0,7949422.403790049
1994-08-09,1.0,0.0,8060106.71835714
1994-08-10,1.0,0.0,8269901.06349804
1994-08-11,1.0,0.0,8303178.273633948
1994-08-12,1.0,0.0,8463779.318694219
1994-08-15,1.0,0.0,8468118.071995353
1994-08-16,1.0,0.0,8696721.619474566
1994-08-17,1.0,0.0,9130056.106121983
1994-08-18,1.0,0.0,9036009.48058396
1994-08-19,1.0,0.0,8925323.944694137
1994-08-22,1.0,0.0,8829829.234478423
1994-08-23,1.0,0.0,9097498.048863571
1994-08-24,1.0,0.0,9213969.80907099
1994-08-25,1.0,0.0,9426657.876328861
1994-08-26,1.0,0.0,9983699.042746166
1994-08-29,1.0,0.0,9917141.565791072
1994-08-30,1.0,0.0,10159490.298691658
1994-08-31,1.0,0.0,9862883.025314067
1994-09-01,1.0,0.0,9390482.047811965
1994-09-02,1.0,0.0,9371672.232467609
1994-09-06,1.0,0.0,9531548.006405165
1994-09-07,1.0,0.0,9771003.015030758
1994-09-08,1.0,0.0,10039395.258793674
1994-09-09,1.0,0.0,9590144.068724582
1994-09-12,1.0,0.0,9355027.192598922
1994-09-13,1.0,0.0,9710231.141585492
1994-09-14,1.0,0.0,9786914.201376004
1994-09-15,1.0,0.0,10469108.908288764
1994-09-16,1.0,0.0,10261483.631742768
1994-09-19,1.0,0.0,10211565.059120763
1994-09-20,0.6000000000000001,0.0,9671395.201794364
1994-09-21,0.6000000000000001,0.0,9531260.459029388
1994-09-22,0.6000000000000001,0.0,9522204.894484337
1994-09-23,0.6000000000000001,0.0,9375609.74940952
1994-09-26,0.6000000000000001,0.0,9319807.56684881
1994-09-27,0.6000000000000001,0.0,9335483.410118066
1994-09-28,1.0,0.0,9442941.539170044
1994-09-29,1.0,0.0,9384122.117456611
1994-09-30,1.0,0.0,9568666.726850348
1994-10-03,1.0,0.0,9481907.590542087
1994-10-04,0.2,0.0,8749048.426089106
1994-10-05,0.6000000000000001,0.0,8805973.42578961
1994-10-06,0.2,0.0,8632868.602101002
1994-10-07,1.0,0.0,8690513.909030244
1994-10-10,1.0,0.0,9055496.448685361
1994-10-11,1.0,0.0,9565909.06172595
1994-10-12,1.0,0.0,9529904.23990966
1994-10-13,1.0,0.0,9525667.873508038
1994-10-14,1.0,0.0,9445187.213789016
1994-10-17,1.0,0.0,9301874.46330338
1994-10-18,1.0,0.0,9378118.183718275
1994-10-19,1.0,0.0,9779106.115912456
1994-10-20,1.0,0.0,9720510.391642068
1994-10-21,1.0,0.0,9536958.742273046
1994-10-24,1.0,0.0,9408471.269032907
1994-10-25,1.0,0.0,9381643.999797365
1994-10-26,1.0,0.0,9755099.269885633
1994-10-27,1.0,0.0,9880054.62122741
1994-10-28,1.0,0.0,10329048.218670342
1994-10-31,1.0,0.0,10415174.309543781
1994-11-01,1.0,0.0,10183616.993026866
1994-11-02,1.0,0.0,10092546.84633434
1994-11-03,1.0,0.0,10032539.189378165
1994-11-04,1.0,0.0,9532714.914940827
1994-11-07,1.0,0.0,9437407.82457468
1994-11-08,1.0,0.0,9944996.57224458
1994-11-09,1.0,0.0,10004297.11429739
1994-11-10,1.0,0.0,9837688.639299078
1994-11-11,1.0,0.0,9735323.040902393
1994-11-14,1.0,0.0,10263383.642199814
1994-11-15,1.0,0.0,10228790.748508891
1994-11-16,1.0,0.0,10293739.015318874
1994-11-17,1.0,0.0,10158193.02948517
1994-11-18,1.0,0.0,10260557.477037845
1994-11-21,1.0,0.0,10019821.45300565
1994-11-22,1.0,0.0,9181133.651419856
1994-11-23,1.0,0.0,9123243.88959256
1994-11-25,1.0,0.0,9394333.557188712
1994-11-28,1.0,0.0,9575765.006589081
1994-11-29,1.0,0.0,9946396.410727294
1994-11-30,1.0,0.0,9628711.278732419
1994-12-01,1.0,0.0,9112649.791127594
1994-12-02,1.0,0.0,9409154.798790555
1994-12-05,1.0,0.0,9451511.007621294
1994-12-06,1.0,0.0,9253840.040310832
1994-12-07,0.8,0.0,8954318.715118118
1994-12-08,0.30000000000000004,0.0,8435357.281498812
1994-12-09,0.4,0.0,8480198.376318134
1994-12-12,0.4,0.0,8486944.712816456
1994-12-13,0.30000000000000004,0.0,8450181.672891872
1994-12-14,0.4,0.0,8530114.260533666
1994-12-15,0.4,0.0,8582714.77219994
1994-12-16,0.4,0.0,8536899.793828275
1994-12-19,0.4,0.0,8495919.52940223
1994-12-20,0.4,0.0,8499730.98628775
1994-12-21,0.4,0.0,8685039.855538888
1994-12-22,1.0,0.0,8735079.192964198
1994-12-23,1.0,0.0,8819340.80591442
1994-12-27,1.0,0.0,9004715.504551813
1994-12-28,0.5,0.0,8745022.016988914
1994-12-29,1.0,0.0,8939576.222537698
1994-12-30,1.0,0.0,8800458.298001025
1995-01-03,0.4,0.0,8383224.603748257
1995-01-04,0.5,0.0,8423623.469912663
1995-01-05,0.4,0.0,8369847.437558212
1995-01-06,1.0,0.0,8456319.86204377
1995-01-09,1.0,0.0,8574342.643799817
1995-01-10,1.0,0.0,8827899.599207647
1995-01-11,1.0,0.0,8792232.492067851
1995-01-12,1.0,0.0,8801959.295991689
1995-01-13,1.0,0.0,9001692.04221039
1995-01-16,1.0,0.0,9205314.76891547
1995-01-17,1.0,0.0,9416720.234802935
1995-01-18,1.0,0.0,9572356.03833658
1995-01-19,1.0,0.0,9469246.548236674
1995-01-20,1.0,0.0,8940082.777697563
1995-01-23,1.0,0.0,9050323.742534034
1995-01-24,1.0,0.0,9157971.696626967
1995-01-25,1.0,0.0,8971856.197057165
1995-01-26,1.0,0.0,8680037.732869722
1995-01-27,1.0,0.0,8721540.273318183
1995-01-30,0.4,0.0,8359768.553465253
1995-01-31,0.9,0.0,8447098.294746641
1995-02-01,0.9,0.0,8540256.939576484
1995-02-02,1.0,0.0,8767955.587391336
1995-02-03,1.0,0.0,9081837.994493064
1995-02-06,1.0,0.0,9390637.127389653
1995-02-07,1.0,0.0,9360773.735455398
1995-02-08,1.0,0.0,9695624.000832042
1995-02-09,1.0,0.0,9742642.756144483
1995-02-10,1.0,0.0,10034921.915149007
1995-02-13,1.0,0.0,9889417.45019892
1995-02-14,1.0,0.0,9955497.894845473
1995-02-15,1.0,0.0,10136583.865567837
1995-02-16,1.0,0.0,10015859.75399399
1995-02-17,1.0,0.0,9647969.069758065
1995-02-21,1.0,0.0,9585065.179864187
1995-02-22,1.0,0.0,9876708.949046103
1995-02-23,1.0,0.0,9996797.513548046
1995-02-24,1.0,0.0,9809357.48893158
1995-02-27,1.0,0.0,9552024.44551029
1995-02-28,1.0,0.0,10069231.539256752
1995-03-01,1.0,0.0,9874802.228450937
1995-03-02,1.0,0.0,9999338.520378549
1995-03-03,1.0,0.0,10340542.681887299
1995-03-06,1.0,0.0,10374853.486088794
1995-03-07,1.0,0.0,10004421.243001197
1995-03-08,1.0,0.0,10338000.728673598
1995-03-09,1.0,0.0,10332917.532529034
1995-03-10,1.0,0.0,10663320.069937492
1995-03-13,1.0,0.0,10589614.633855881
1995-03-14,1.0,0.0,10975931.460133465
1995-03-15,1.0,0.0,10770700.525124459
1995-03-16,1.0,0.0,10845041.034740506
1995-03-17,1.0,0.0,10784678.939197216
1995-03-20,1.0,0.0,10973389.426979791
1995-03-21,1.0,0.0,11005158.830179337
1995-03-22,1.0,0.0,10999440.244196547
1995-03-23,1.0,0.0,11117622.63934619
1995-03-24,1.0,0.0,11602424.86074734
1995-03-27,1.0,0.0,11725054.824941965
1995-03-28,1.0,0.0,11981752.163043953
1995-03-29,1.0,0.0,11298072.82370651
1995-03-30,1.0,0.0,11032479.87202015
1995-03-31,1.0,0.0,10932723.618162164
1995-04-03,1.0,0.0,11024854.87899532
1995-04-04,1.0,0.0,10529250.87505424
1995-04-05,1.0,0.0,10723680.027641093
1995-04-06,1.0,0.0,10374215.642459435
1995-04-07,1.0,0.0,10657599.345583938
1995-04-10,1.0,0.0,11036926.726509502
1995-04-11,1.0,0.0,11323487.37780941
1995-04-12,1.0,0.0,11590350.950040363
1995-04-13,1.0,0.0,11732042.761815533
1995-04-17,1.0,0.0,11582090.487055352
1995-04-18,1.0,0.0,11299342.014621587
1995-04-19,1.0,0.0,10816445.803396812
1995-04-20,1.0,0.0,10951783.718599264
1995-04-21,1.0,0.0,11116349.557544691
1995-04-24,1.0,0.0,11484239.924204161
1995-04-25,1.0,0.0,11681210.635082636
1995-04-26,1.0,0.0,11974125.182629477
1995-04-27,1.0,0.0,12146951.086895764
1995-04-28,1.0,0.0,12470364.337464547
1995-05-01,1.0,0.0,12183167.977849802
1995-05-02,1.0,0.0,12124076.660920257
1995-05-03,1.0,0.0,12863670.13013994
1995-05-04,1.0,0.0,12788694.072007978
1995-05-05,1.0,0.0,12474176.116976637
1995-05-08,1.0,0.0,12982487.594979536
1995-05-09,1.0,0.0,12911323.874654727
1995-05-10,1.0,0.0,12650178.649889393
1995-05-11,1.0,0.0,13179458.145863444
1995-05-12,1.0,0.0,13470466.524231909
1995-05-15,1.0,0.0,13726528.312099814
1995-05-16,1.0,0.0,14116657.475326493
1995-05-17,1.0,0.0,14423550.59479326
1995-05-18,1.0,0.0,13832002.753516423
1995-05-19,1.0,0.0,13981319.240520082
1995-05-22,1.0,0.0,14420373.246384956
1995-05-23,1.0,0.0,15113583.27108275
1995-05-24,1.0,0.0,14868958.17692859
1995-05-25,1.0,0.0,14963631.154208697
1995-05-26,1.0,0.0,14454048.57726384
1995-05-30,1.0,0.0,13223933.900202932
1995-05-31,1.0,0.0,13711913.068829924
1995-06-01,1.0,0.0,13945100.98903165
1995-06-02,1.0,0.0,14081074.293241436
1995-06-05,1.0,0.0,14773013.377949296
1995-06-06,1.0,0.0,14260889.242252583
1995-06-07,1.0,0.0,14427996.639086185
1995-06-08,1.0,0.0,14743149.823634533
1995-06-09,1.0,0.0,14694860.130136231
1995-06-12,1.0,0.0,14799063.791139744
1995-06-13,1.0,0.0,15112310.80667258
1995-06-14,1.0,0.0,15172672.742720842
1995-06-15,1.0,0.0,15694962.952056669
1995-06-16,1.0,0.0,16199462.25126408
1995-06-19,1.0,0.0,17407337.72863345
1995-06-20,1.0,0.0,18284810.750516277
1995-06-21,1.0,0.0,17864818.113396827
1995-06-22,1.0,0.0,18910034.002033547
1995-06-23,1.0,0.0,18753728.068351172
1995-06-26,1.0,0.0,17899764.141187485
1995-06-27,1.0,0.0,17023561.737497713
1995-06-28,1.0,0.0,17285977.581053093
1995-06-29,1.0,0.0,17819704.803823423
1995-06-30,1.0,0.0,17991259.927840855
1995-07-03,1.0,0.0,18075766.508845974
1995-07-05,1.0,0.0,18510372.86590052
1995-07-06,1.0,0.0,19570838.10585292
1995-07-07,1.0,0.0,21011266.354641624
1995-07-10,1.0,0.0,21665717.448608164
1995-07-11,1.0,0.0,20568399.447583888
1995-07-12,1.0,0.0,22278232.906586632
1995-07-13,1.0,0.0,22673445.1861205
1995-07-14,1.0,0.0,23430829.564377204
1995-07-17,1.0,0.0,24259377.421280712
1995-07-18,1.0,0.0,21996119.41807385
1995-07-19,1.0,0.0,18408709.39069447
1995-07-20,0.0,1.0,18703868.986058246
1995-07-21,1.0,0.0,18685152.27209508
1995-07-24,1.0,0.0,20197371.983658537
1995-07-25,1.0,0.0,21271644.440994333
1995-07-26,1.0,0.0,21720544.03169109
1995-07-27,1.0,0.0,22546213.062114045
1995-07-28,1.0,0.0,21366953.428831782
1995-07-31,0.30000000000000004,0.7,20748924.00622552
1995-08-01,0.1,0.9,20282580.44767212
1995-08-02,0.1,0.9,20198262.7507288
1995-08-03,0.1,0.9,20213043.994637433
1995-08-04,0.1,0.9,20291858.413705442
1995-08-07,0.8,0.19999999999999996,20310013.18153913
1995-08-08,1.0,0.0,20475668.154406205
1995-08-09,1.0,0.0,21526325.727894556
1995-08-10,1.0,0.0,20870231.317181632
1995-08-11,1.0,0.0,21506206.56420896
1995-08-14,1.0,0.0,22513382.58809904
1995-08-15,1.0,0.0,22422528.092272528
1995-08-16,1.0,0.0,23835951.580720402
1995-08-17,1.0,0.0,23804800.956281323
1995-08-18,1.0,0.0,23700967.357467365
1995-08-21,1.0,0.0,21701534.274761822
1995-08-22,1.0,0.0,22855375.71150856
1995-08-23,1.0,0.0,23083158.181854066
1995-08-24,1.0,0.0,22114916.3529596
1995-08-25,1.0,0.0,21754745.477929976
1995-08-28,1.0,0.0,20161558.301602457
1995-08-29,1.0,0.0,20232293.630314182
1995-08-30,1.0,0.0,20865024.098872464
1995-08-31,1.0,0.0,21284248.330492992
1995-09-01,1.0,0.0,20878001.640399527
1995-09-05,1.0,0.0,23287568.90318971
1995-09-06,1.0,0.0,23129223.07086863
1995-09-07,1.0,0.0,23702898.6216721
1995-09-08,1.0,0.0,24298638.646644454
1995-09-11,1.0,0.0,24946293.517622873
1995-09-12,1.0,0.0,24470608.627292614
1995-09-13,1.0,0.0,24664645.427893195
1995-09-14,1.0,0.0,24214918.742343932
1995-09-15,1.0,0.0,22384215.54635446
1995-09-18,1.0,0.0,22613943.312387783
1995-09-19,1.0,0.0,23736634.898848962
1995-09-20,1.0,0.0,23980641.24318028
1995-09-21,1.0,0.0,22972164.192220416
1995-09-22,1.0,0.0,22703495.985908873
1995-09-25,1.0,0.0,22149934.910482794
1995-09-26,0.5,0.5,21317690.70888529
1995-09-27,1.0,0.0,21050417.350080416
1995-09-28,1.0,0.0,23146609.825321496
1995-09-29,1.0,0.0,21924867.10218633
1995-10-02,1.0,0.0,20651913.53697523
1995-10-03,1.0,0.0,20563940.912576266
1995-10-04,0.4,0.6,19015002.0009106
1995-10-05,0.8,0.19999999999999996,19565476.204438113
1995-10-06,0.8,0.19999999999999996,19119731.214761835
1995-10-09,0.4,0.6,17456462.9413523
1995-10-10,0.4,0.6,17599302.71918338
1995-10-11,0.4,0.6,18122447.041375194
1995-10-12,0.4,0.6,18474752.443835698
1995-10-13,0.4,0.6,18340465.05107646
1995-10-16,0.4,0.6,18272540.47981694
1995-10-17,1.0,0.0,19120925.59852277
1995-10-18,1.0,0.0,19942166.111857545
1995-10-19,1.0,0.0,20260581.703764047
1995-10-20,1.0,0.0,19300172.638465554
1995-10-23,1.0,0.0,19425586.48292835
1995-10-24,1.0,0.0,19509197.72480761
1995-10-25,0.8,0.19999999999999996,18519307.599833347
1995-10-26,0.8,0.19999999999999996,18369575.061059546
1995-10-27,1.0,0.0,19193288.75731113
1995-10-30,1.0,0.0,20499671.336124144
1995-10-31,1.0,0.0,19645386.91782473
1995-11-01,1.0,0.0,19843924.91631394
1995-11-02,1.0,0.0,21198525.46083765
1995-11-03,1.0,0.0,21913264.105283048
1995-11-06,1.0,0.0,21267727.53432995
1995-11-07,1.0,0.0,19235824.93752144
1995-11-08,1.0,0.0,19466129.128667668
1995-11-09,1.0,0.0,21234257.44267509
1995-11-10,1.0,0.0,20877454.30514372
1995-11-13,1.0,0.0,20326081.805244673
1995-11-14,0.8,0.19999999999999996,18642712.45801553
1995-11-15,1.0,0.0,18767384.91583845
1995-11-16,1.0,0.0,18587943.211797707
1995-11-17,0.4,0.6,18294493.45425767
1995-11-20,0.4,0.6,17651121.28496575
1995-11-21,0.4,0.6,17736689.988945402
1995-11-22,0.4,0.6,17550152.521123305
1995-11-24,0.4,0.6,17868209.149350706
1995-11-27,0.4,0.6,17706795.37282184
1995-11-28,0.8,0.19999999999999996,18543915.068711713
1995-11-29,1.0,0.0,18650143.281276315
1995-11-30,0.8,0.19999999999999996,18089566.91007397
1995-12-01,0.8,0.19999999999999996,17667033.744126942
1995-12-04,0.8,0.19999999999999996,18443844.28891102
1995-12-05,0.8,0.19999999999999996,17935110.954848845
1995-12-06,0.8,0.19999999999999996,17836902.752887946
1995-12-07,0.8,0.19999999999999996,17624119.109805934
1995-12-08,1.0,0.0,18485271.531074625
1995-12-11,1.0,0.0,18172993.213438407
1995-12-12,0.8,0.19999999999999996,17147063.1646458
1995-12-13,0.8,0.19999999999999996,17315489.587649688
1995-12-14,0.4,0.6,15794919.327280786
1995-12-15,0.30000000000000004,0.7,15689321.742591552
1995-12-18,0.1,0.9,15301824.732403379
1995-12-19,0.0,1.0,15525210.886206
1995-12-20,0.0,1.0,15525210.556517402
1995-12-21,0.0,1.0,15525210.226764368
1995-12-22,0.2,0.8,15522103.97737274
1995-12-26,0.4,0.6,15515932.28008909
1995-12-27,0.2,0.8,15359344.366095496
1995-12-28,0.4,0.6,15221008.944157878
1995-12-29,0.4,0.6,15354046.493330643
1996-01-02,0.4,0.6,15748893.955154095
1996-01-03,0.1,0.9,15284197.126817811
1996-01-04,0.1,0.9,15212783.897230638
1996-01-05,0.0,1.0,15223434.20396603
1996-01-08,0.0,1.0,15223433.381005011
1996-01-09,0.0,1.0,15223433.10658287
1996-01-10,0.0,1.0,15223432.832109166
1996-01-11,0.0,1.0,15223432.557584466
1996-01-12,0.0,1.0,15223432.283008767
1996-01-15,0.0,1.0,15223431.45897202
1996-01-16,0.0,1.0,15223431.184190484
1996-01-17,0.0,1.0,15223430.909357965
1996-01-18,0.0,1.0,15223430.63447354
1996-01-19,0.0,1.0,15223430.359538082
1996-01-22,0.0,1.0,15223429.534421757
1996-01-23,0.0,1.0,15223429.259280583
1996-01-24,1.0,0.0,15208204.818840293
1996-01-25,1.0,0.0,14425578.297085715
1996-01-26,1.0,0.0,14780737.779919129
1996-01-29,1.0,0.0,14710013.41028108
1996-01-30,1.0,0.0,15297374.11652052
1996-01-31,1.0,0.0,15905316.294490842
1996-02-01,1.0,0.0,16709046.323459031
1996-02-02,1.0,0.0,16662603.228402875
1996-02-05,1.0,0.0,17822545.342915867
1996-02-06,1.0,0.0,18138125.06553915
1996-02-07,1.0,0.0,17765544.791953832
1996-02-08,1.0,0.0,18513335.431040116
1996-02-09,1.0,0.0,18433645.338596795
1996-02-12,1.0,0.0,18626785.9755953
1996-02-13,1.0,0.0,18013560.792346023
1996-02-14,1.0,0.0,17921205.175841864
1996-02-15,1.0,0.0,18142321.213275608
1996-02-16,1.0,0.0,18028328.663324162
1996-02-20,1.0,0.0,17825668.886032347
1996-02-21,1.0,0.0,18723334.854659315
1996-02-22,1.0,0.0,20159285.481945693
1996-02-23,1.0,0.0,20072207.16121311
1996-02-26,1.0,0.0,19623628.02520429
1996-02-27,1.0,0.0,18983488.60151293
1996-02-28,1.0,0.0,19004594.940002155
1996-02-29,1.0,0.0,18216691.09899095
1996-03-01,1.0,0.0,16620304.808537237
1996-03-04,1.0,0.0,16342710.200089803
1996-03-05,1.0,0.0,17507935.301182
1996-03-06,1.0,0.0,16812384.217112694
1996-03-07,1.0,0.0,16945897.05367778
1996-03-08,0.4,0.6,15438919.687617386
1996-03-11,0.4,0.6,15867005.92488278
1996-03-12,0.4,0.6,15652114.999382652
1996-03-13,0.8,0.19999999999999996,16146503.687669775
1996-03-14,0.8,0.19999999999999996,15875695.81499597
1996-03-15,0.8,0.19999999999999996,16562397.474462163
1996-03-18,0.8,0.19999999999999996,17298909.588620428
1996-03-19,0.8,0.19999999999999996,17033636.452139005
1996-03-20,0.8,0.19999999999999996,16096288.086340446
1996-03-21,0.8,0.19999999999999996,15854339.913293075
1996-03-22,0.8,0.19999999999999996,15933011.158198746
1996-03-25,0.8,0.19999999999999996,14989730.533751976
1996-03-26,0.8,0.19999999999999996,15235234.57003526
1996-03-27,0.8,0.19999999999999996,15587084.627669455
1996-03-28,0.8,0.19999999999999996,15581944.136912834
1996-03-29,1.0,0.0,15670434.064764187
1996-04-01,1.0,0.0,15917308.66237797
1996-04-02,1.0,0.0,16128845.270865537
1996-04-03,1.0,0.0,16337395.47183982
1996-04-04,1.0,0.0,16284137.289935406
1996-04-08,0.5,0.5,15683485.802673798
1996-04-09,0.5,0.5,15696920.45087798
1996-04-10,0.5,0.5,15617546.743847242
1996-04-11,0.5,0.5,15420483.0621179
1996-04-12,0.5,0.5,15453574.192768814
1996-04-15,0.5,0.5,15677504.406090293
1996-04-16,1.0,0.0,16237459.411821045
1996-04-17,1.0,0.0,15822070.615969881
1996-04-18,1.0,0.0,16787941.074128665
1996-04-19,1.0,0.0,16745150.927988492
1996-04-22,1.0,0.0,17632652.678901233
1996-04-23,1.0,0.0,18461022.21457577
1996-04-24,1.0,0.0,19257660.768176764
1996-04-25,1.0,0.0,19480257.013980478
1996-04-26,1.0,0.0,19467755.53056418
1996-04-29,1.0,0.0,19488424.54549636
1996-04-30,1.0,0.0,19454769.07319925
1996-05-01,1.0,0.0,20025925.345120966
1996-05-02,1.0,0.0,18531202.39105311
1996-05-03,1.0,0.0,18889376.46629145
1996-05-06,1.0,0.0,19039373.265537467
1996-05-07,1.0,0.0,18847543.654822797
1996-05-08,1.0,0.0,19070139.897381093
1996-05-09,1.0,0.0,18974945.54899497
1996-05-10,1.0,0.0,19824469.06830833
1996-05-13,1.0,0.0,21228320.41681526
1996-05-14,1.0,0.0,21856688.607262123
1996-05-15,1.0,0.0,21348510.721208073
1996-05-16,1.0,0.0,21810050.870351147
1996-05-17,1.0,0.0,21381200.438357156
1996-05-20,1.0,0.0,21598505.3703619
1996-05-21,1.0,0.0,21081673.57867166
1996-05-22,1.0,0.0,21123499.37581858
1996-05-23,1.0,0.0,21449461.691777583
1996-05-24,1.0,0.0,21142727.460808333
1996-05-28,1.0,0.0,20778296.313101705
1996-05-29,1.0,0.0,20041270.73644364
1996-05-30,1.0,0.0,20648484.934998676
1996-05-31,1.0,0.0,21394642.371896874
1996-06-03,1.0,0.0,21092232.27288534
1996-06-04,1.0,0.0,21388386.693817124
1996-06-05,1.0,0.0,22003774.022547852
1996-06-06,1.0,0.0,20827322.422860578
1996-06-07,1.0,0.0,21221554.4232228
1996-06-10,1.0,0.0,20969144.653931666
1996-06-11,1.0,0.0,21150394.457104392
1996-06-12,1.0,0.0,21710973.724561084
1996-06-13,1.0,0.0,21202315.058779143
1996-06-14,1.0,0.0,20206153.12653659
1996-06-17,1.0,0.0,19956627.98667476
1996-06-18,1.0,0.0,18854215.34155941
1996-06-19,1.0,0.0,18984503.262819488
1996-06-20,1.0,0.0,18695557.605786026
1996-06-21,1.0,0.0,19368156.85226606
1996-06-24,1.0,0.0,19759020.6130234
1996-06-25,1.0,0.0,18949398.389341116
1996-06-26,0.5,0.0,18224157.918449875
1996-06-27,1.0,0.0,18691103.4173953
1996-06-28,1.0,0.0,19195415.299106367
1996-07-01,1.0,0.0,20016092.720013343
1996-07-02,1.0,0.0,19402573.95611571
1996-07-03,1.0,0.0,18850453.856433436
1996-07-05,0.5,0.0,17479841.441181272
1996-07-08,0.4,0.0,17411186.672137413
1996-07-09,0.5,0.0,17559728.586370748
1996-07-10,0.4,0.0,17423747.63444707
1996-07-11,0.4,0.0,16732305.28411229
1996-07-12,0.4,0.0,16709272.864644198
1996-07-15,0.0,0.0,15875821.808169568
1996-07-16,0.0,0.0,15878109.504813144
1996-07-17,0.4,0.0,15877221.445449665
1996-07-18,0.4,0.0,16250891.031074593
1996-07-19,0.4,0.0,15913847.550145397
1996-07-22,0.30000000000000004,0.0,15641120.069899071
1996-07-23,0.0,0.0,15058699.036207065
1996-07-24,0.0,0.0,15060868.985986792
1996-07-25,0.0,0.0,15063039.239771668
1996-07-26,0.0,0.0,15065209.813080711
1996-07-29,0.0,0.0,15071723.430100704
1996-07-30,0.0,0.0,15073895.253580863
1996-07-31,0.0,0.0,15076067.387995988
1996-08-01,0.0,0.0,15078239.841935279
1996-08-02,1.0,0.0,15072872.39996634
1996-08-05,1.0,0.0,14603263.861310098
1996-08-06,1.0,0.0,15303246.441399854
1996-08-07,1.0,0.0,16025744.300803166
1996-08-08,1.0,0.0,15675549.912073106
1996-08-09,1.0,0.0,15722589.384000313
1996-08-12,1.0,0.0,15789729.022552023
1996-08-13,1.0,0.0,15064011.934089098
1996-08-14,1.0,0.0,15601562.85243615
1996-08-15,1.0,0.0,15587891.479734167
1996-08-16,1.0,0.0,15247748.553076643
1996-08-19,1.0,0.0,15101797.14757825
1996-08-20,1.0,0.0,14594799.915985424
1996-08-21,1.0,0.0,14887899.22585026
1996-08-22,1.0,0.0,15831931.350049807
1996-08-23,1.0,0.0,15540839.56639115
1996-08-26,1.0,0.0,15212755.626238734
1996-08-27,1.0,0.0,15620843.683796419
1996-08-28,0.9,0.0,15654632.776416633
1996-08-29,0.4,0.0,15111121.50792041
1996-08-30,0.4,0.0,14905699.703003027
1996-09-03,0.4,0.0,15058903.839517921
1996-09-04,1.0,0.0,15050145.226718726
1996-09-05,0.4,0.0,13899009.72197954
1996-09-06,0.8,0.0,14198848.62564284
1996-09-09,0.9,0.0,14591808.629066363
1996-09-10,1.0,0.0,14565259.448184624
1996-09-11,1.0,0.0,14783327.0840114
1996-09-12,1.0,0.0,15467622.039896328
1996-09-13,1.0,0.0,16962832.07469248
1996-09-16,1.0,0.0,17051934.642550614
1996-09-17,1.0,0.0,18001193.657846183
1996-09-18,1.0,0.0,18375582.272582423
1996-09-19,1.0,0.0,19057923.2160667
1996-09-20,1.0,0.0,19564793.860519808
1996-09-23,1.0,0.0,18764430.05697301
1996-09-24,1.0,0.0,19000474.60509159
1996-09-25,1.0,0.0,19693758.01697165
1996-09-26,1.0,0.0,19598011.286964137
1996-09-27,1.0,0.0,19597620.354167126
1996-09-30,1.0,0.0,19022358.75999593
1996-10-01,1.0,0.0,18774980.68017271
1996-10-02,1.0,0.0,19766055.55702171
1996-10-03,1.0,0.0,19417459.643203076
1996-10-04,1.0,0.0,20648878.025328297
1996-10-07,1.0,0.0,21103771.6827513
1996-10-08,1.0,0.0,20134190.67945407
1996-10-09,1.0,0.0,20182650.05233795
1996-10-10,1.0,0.0,19968880.982805785
1996-10-11,1.0,0.0,21090874.679417934
1996-10-14,1.0,0.0,21604779.505951654
1996-10-15,1.0,0.0,21853329.73190756
1996-10-16,1.0,0.0,21212804.389369927
1996-10-17,1.0,0.0,20220166.041450005
1996-10-18,1.0,0.0,20292464.363432657
1996-10-21,1.0,0.0,19433480.190779805
1996-10-22,1.0,0.0,18670633.681978665
1996-10-23,1.0,0.0,19653892.50938497
1996-10-24,1.0,0.0,19542513.680818435
1996-10-25,1.0,0.0,19151711.10213791
1996-10-28,1.0,0.0,18994217.322579194
1996-10-29,1.0,0.0,18182911.310102418
1996-10-30,1.0,0.0,18558081.528756406
1996-10-31,1.0,0.0,19730097.938204974
1996-11-01,1.0,0.0,19997015.878805082
1996-11-04,1.0,0.0,20043911.778891925
1996-11-05,1.0,0.0,21121353.995885227
1996-11-06,1.0,0.0,22509093.356312443
1996-11-07,1.0,0.0,23228560.53118479
1996-11-08,1.0,0.0,23500558.903441023
1996-11-11,1.0,0.0,24023452.18430987
1996-11-12,1.0,0.0,23058951.612015396
1996-11-13,1.0,0.0,23448581.52090602
1996-11-14,1.0,0.0,24409955.410727926
1996-11-15,1.0,0.0,23464994.96074714
1996-11-18,1.0,0.0,22911227.497767817
1996-11-19,1.0,0.0,23981635.270375043
1996-11-20,1.0,0.0,24202438.521704186
1996-11-21,1.0,0.0,23478672.256969187
1996-11-22,1.0,0.0,25041881.916029558
1996-11-25,1.0,0.0,25292385.889881562
1996-11-26,1.0,0.0,25673808.94706608
1996-11-27,1.0,0.0,26300655.941369675
1996-11-29,1.0,0.0,26442907.7687067
1996-12-02,1.0,0.0,27439453.614685208
1996-12-03,1.0,0.0,26770399.692343537
1996-12-04,1.0,0.0,26444079.51659304
1996-12-05,1.0,0.0,26539825.984312586
1996-12-06,1.0,0.0,25707807.441218145
1996-12-09,1.0,0.0,28438734.549503308
1996-12-10,1.0,0.0,27659083.534303773
1996-12-11,1.0,0.0,28370343.85697694
1996-12-12,1.0,0.0,27062718.734915696
1996-12-13,1.0,0.0,25612450.71942799
1996-12-16,0.8,0.0,23401684.917382933
1996-12-17,0.8,0.0,24161095.142926402
1996-12-18,1.0,0.0,25636289.91302645
1996-12-19,1.0,0.0,26284139.117203467
1996-12-20,1.0,0.0,25365905.54925422
1996-12-23,0.8,0.0,24505644.32937042
1996-12-24,0.8,0.0,25253089.453794375
1996-12-26,1.0,0.0,25795644.651699543
1996-12-27,0.8,0.0,25089528.764235422
1996-12-30,1.0,0.0,24432360.442565862
1996-12-31,1.0,0.0,23964732.453973174
1997-01-02,1.0,0.0,23448440.33486875
1997-01-03,0.8,0.0,26243215.195533648
1997-01-06,1.0,0.0,26609277.444678977
1997-01-07,1.0,0.0,27652977.532247107
1997-01-08,1.0,0.0,26539191.34424326
1997-01-09,1.0,0.0,26886207.101418223
1997-01-10,1.0,0.0,27684798.56357932
1997-01-13,1.0,0.0,27555613.15567667
1997-01-14,1.0,0.0,29167571.260775767
1997-01-15,1.0,0.0,27455977.637107197
1997-01-16,1.0,0.0,28332231.02790156
1997-01-17,1.0,0.0,29272129.316640917
1997-01-20,1.0,0.0,30881813.44241714
1997-01-21,1.0,0.0,32302458.01415069
1997-01-22,1.0,0.0,33536713.955853503
1997-01-23,1.0,0.0,32130464.306576584
1997-01-24,1.0,0.0,30596546.02247531
1997-01-27,1.0,0.0,29707410.221419457
1997-01-28,1.0,0.0,29789617.740528688
1997-01-29,1.0,0.0,29941910.415121503
1997-01-30,1.0,0.0,31864516.235432368
1997-01-31,1.0,0.0,32880182.258727957
1997-02-03,1.0,0.0,32484673.254291937
1997-02-04,1.0,0.0,32286540.15052763
1997-02-05,1.0,0.0,29213779.15231528
1997-02-06,1.0,0.0,29014509.53234379
1997-02-07,1.0,0.0,30407498.879077263
1997-02-10,0.8,0.0,27572540.640687082
1997-02-11,1.0,0.0,27532682.411710992
1997-02-12,0.8,0.0,30244134.56279307
1997-02-13,0.8,0.0,30799958.6874839
1997-02-14,1.0,0.0,30160663.648777492
1997-02-18,1.0,0.0,29905898.064532444
1997-02-19,1.0,0.0,29902485.51726
1997-02-20,0.8,0.0,28148169.73584187
1997-02-21,0.8,0.0,26909234.47766163
1997-02-24,0.8,0.0,28081238.588798054
1997-02-25,0.8,0.0,28206354.62100577
1997-02-26,0.8,0.0,28095536.66257945
1997-02-27,0.8,0.0,25624164.80680759
1997-02-28,0.8,0.0,25747158.355061512
1997-03-03,0.8,0.0,26137974.1975634
1997-03-04,0.8,0.0,26556037.438554972
1997-03-05,1.0,0.0,27273355.503970075
1997-03-06,0.4,0.0,25322316.67454975
1997-03-07,0.4,0.0,24945183.536338817
1997-03-10,0.8,0.0,25422015.99680942
1997-03-11,0.4,0.0,24954397.191240758
1997-03-12,0.4,0.0,24627292.16154599
1997-03-13,0.4,0.0,24665028.95509222
1997-03-14,0.4,0.0,24609608.54182121
1997-03-17,0.4,0.0,24378749.76068682
1997-03-18,0.4,0.0,24217802.962235026
1997-03-19,0.4,0.0,23687433.43415353
1997-03-20,0.4,0.0,24004186.824653037
1997-03-21,0.4,0.0,23705489.98966497
1997-03-24,0.30000000000000004,0.0,23373468.162693158
1997-03-25,0.4,0.0,23497307.370719902
1997-03-26,0.4,0.0,24444123.914581835
1997-03-27,0.4,0.0,23859133.218201794
1997-03-31,0.30000000000000004,0.0,23085833.54746222
1997-04-01,0.30000000000000004,0.0,23077501.082071837
1997-04-02,0.1,0.0,22738863.99743166
1997-04-03,0.30000000000000004,0.0,22918993.34680285
1997-04-04,0.4,0.0,23371190.782409
1997-04-07,0.4,0.0,23710212.830087803
1997-04-08,0.4,0.0,23988035.529317074
1997-04-09,0.4,0.0,23571474.013024423
1997-04-10,0.30000000000000004,0.0,23038965.615866292
1997-04-11,0.1,0.0,22437636.54105945
1997-04-14,0.30000000000000004,0.0,22586498.617438875
1997-04-15,0.30000000000000004,0.0,22363732.288701653
1997-04-16,0.30000000000000004,0.0,22379384.512367923
1997-04-17,0.30000000000000004,0.0,22613400.268463746
1997-04-18,0.30000000000000004,0.0,22819264.57518681
1997-04-21,0.30000000000000004,0.0,22464252.731336214
1997-04-22,0.30000000000000004,0.0,22849617.18181806
1997-04-23,1.0,0.0,23352503.946911365
1997-04-24,1.0,0.0,23321585.58256302
1997-04-25,0.30000000000000004,0.0,21699347.883354276
1997-04-28,0.4,0.0,21959775.34782036
1997-04-29,1.0,0.0,22804261.664595112
1997-04-30,1.0,0.0,24269148.02241045
1997-05-01,1.0,0.0,24870491.700963806
1997-05-02,1.0,0.0,27172914.707834516
1997-05-05,1.0,0.0,29256599.62059315
1997-05-06,1.0,0.0,27548037.88098811
1997-05-07,1.0,0.0,27026491.077848982
1997-05-08,1.0,0.0,27906063.64603545
1997-05-09,1.0,0.0,27870081.475908812
1997-05-12,1.0,0.0,28361342.384187505
1997-05-13,1.0,0.0,27051064.766406666
1997-05-14,1.0,0.0,26978745.403202824
1997-05-15,1.0,0.0,28913877.77094369
1997-05-16,1.0,0.0,27358502.230377574
1997-05-19,1.0,0.0,27189637.48030642
1997-05-20,1.0,0.0,29723977.26693181
1997-05-21,1.0,0.0,30505225.665734053
1997-05-22,1.0,0.0,30062409.44171594
1997-05-23,1.0,0.0,31283979.107094914
1997-05-27,1.0,0.0,33765946.89966062
1997-05-28,1.0,0.0,33541153.82591147
1997-05-29,1.0,0.0,32287875.721251808
1997-05-30,1.0,0.0,31103709.530445036
1997-06-02,1.0,0.0,31071643.61103707
1997-06-03,1.0,0.0,28246247.583378658
1997-06-04,1.0,0.0,27515583.79671508
1997-06-05,1.0,0.0,28275457.373305693
1997-06-06,1.0,0.0,29571482.654266544
1997-06-09,1.0,0.0,30473140.06411475
1997-06-10,1.0,0.0,29156449.994308487
1997-06-11,1.0,0.0,29867517.733294383
1997-06-12,1.0,0.0,29946247.082906645
1997-06-13,1.0,0.0,31292146.939438224
1997-06-16,1.0,0.0,32403990.062562786
1997-06-17,1.0,0.0,33719608.924895436
1997-06-18,1.0,0.0,31879235.792951796
1997-06-19,1.0,0.0,32886344.770319518
1997-06-20,1.0,0.0,32814381.6456442
1997-06-23,1.0,0.0,31557894.84224731
1997-06-24,1.0,0.0,33237598.1163309
1997-06-25,1.0,0.0,32491971.951707482
1997-06-26,1.0,0.0,31291774.640629973
1997-06-27,1.0,0.0,30855014.607034147
1997-06-30,1.0,0.0,30289646.93963096
1997-07-01,1.0,0.0,29907036.44604639
1997-07-02,1.0,0.0,32007823.648417138
1997-07-03,1.0,0.0,33033101.218542304
1997-07-07,1.0,0.0,33469498.815543376
1997-07-08,1.0,0.0,34948635.036784306
1997-07-09,1.0,0.0,35377198.91436538
1997-07-10,1.0,0.0,35352260.38643117
1997-07-11,1.0,0.0,35919404.338694304
1997-07-14,1.0,0.0,38687083.4046439
1997-07-15,1.0,0.0,40575903.65104389
1997-07-16,1.0,0.0,45659903.05903878
1997-07-17,1.0,0.0,44570498.55385112
1997-07-18,1.0,0.0,41632172.22327167
1997-07-21,1.0,0.0,40147331.08651313
1997-07-22,1.0,0.0,43823798.675936066
1997-07-23,1.0,0.0,43935302.73827094
1997-07-24,1.0,0.0,43443680.66357399
1997-07-25,1.0,0.0,43086363.70003092
1997-07-28,1.0,0.0,41847332.97449112
1997-07-29,1.0,0.0,43312575.55868117
1997-07-30,1.0,0.0,44849780.032559894
1997-07-31,1.0,0.0,45565122.72380936
1997-08-01,1.0,0.0,45776732.18539082
1997-08-04,1.0,0.0,47627787.75778577
1997-08-05,1.0,0.0,49169979.68799549
1997-08-06,1.0,0.0,49845778.96310071
1997-08-07,1.0,0.0,49006103.585905984
1997-08-08,1.0,0.0,46313943.91352057
1997-08-11,1.0,0.0,44564411.25622227
1997-08-12,1.0,0.0,43277645.9182219
1997-08-13,1.0,0.0,44245211.46816372
1997-08-14,1.0,0.0,44754287.154871576
1997-08-15,1.0,0.0,41464345.04876185
1997-08-18,1.0,0.0,42930653.87325504
1997-08-19,1.0,0.0,46647021.117942974
1997-08-20,1.0,0.0,49604582.29542536
1997-08-21,1.0,0.0,46153260.30607596
1997-08-22,1.0,0.0,45161823.71201291
1997-08-25,0.8,0.19999999999999996,44743182.141521245
1997-08-26,0.8,0.19999999999999996,43314417.60393451
1997-08-27,0.8,0.19999999999999996,43171653.62891327
1997-08-28,0.8,0.19999999999999996,41148188.620926544
1997-08-29,0.8,0.19999999999999996,41445109.75033161
1997-09-02,1.0,0.0,44128580.61769573
1997-09-03,1.0,0.0,43827874.31853304
1997-09-04,1.0,0.0,44447560.68169478
1997-09-05,1.0,0.0,45066530.22782654
1997-09-08,1.0,0.0,45854306.73323907
1997-09-09,1.0,0.0,46926662.850634776
1997-09-10,1.0,0.0,43930008.88245881
1997-09-11,1.0,0.0,44158671.72513915
1997-09-12,1.0,0.0,44256157.10857703
1997-09-15,0.5,0.5,41117067.55997729
1997-09-16,1.0,0.0,43154928.05504992
1997-09-17,1.0,0.0,42216839.48970683
1997-09-18,1.0,0.0,42269825.136911064
1997-09-19,1.0,0.0,43321406.08417259
1997-09-22,1.0,0.0,43875903.84886154
1997-09-23,1.0,0.0,45187646.04759012
1997-09-24,1.0,0.0,42874224.0657391
1997-09-25,1.0,0.0,41767252.89331439
1997-09-26,1.0,0.0,41783658.70009075
1997-09-29,1.0,0.0,43115563.40421075
1997-09-30,0.5,0.5,40572953.369576596
1997-10-01,0.5,0.5,41200080.36659553
1997-10-02,1.0,0.0,41771921.61843624
1997-10-03,1.0,0.0,43056456.40243537
1997-10-06,1.0,0.0,43204985.45292947
1997-10-07,1.0,0.0,44887879.12705886
1997-10-08,1.0,0.0,45407092.20371037
1997-10-09,1.0,0.0,45724762.68716735
1997-10-10,1.0,0.0,44452711.1130038
1997-10-13,1.0,0.0,44746742.42204386
1997-10-14,1.0,0.0,43657328.269678004
1997-10-15,1.0,0.0,42202639.26724751
1997-10-16,1.0,0.0,39951570.07037682
1997-10-17,0.4,0.6,37261868.6838892
1997-10-20,0.4,0.6,37800219.36523781
1997-10-21,0.5,0.5,38738991.306665726
1997-10-22,0.5,0.5,38109238.23061801
1997-10-23,0.4,0.6,36865320.494341664
1997-10-24,0.4,0.6,36144877.71944999
1997-10-27,0.0,1.0,32974063.06471673
1997-10-28,0.0,1.0,32974061.0504428
1997-10-29,0.0,1.0,32974059.035791952
1997-10-30,0.0,1.0,32974057.02076959
1997-10-31,0.0,1.0,32974055.005375672
1997-11-03,0.0,1.0,33496580.664246306
1997-11-04,0.0,1.0,33496578.647355776
1997-11-05,0.0,1.0,33496576.624516763
1997-11-06,0.0,1.0,33496574.601302583
1997-11-07,0.0,1.0,33496572.5777132
1997-11-10,0.0,1.0,33496566.504681617
1997-11-11,0.0,1.0,33496564.479587067
1997-11-12,0.0,1.0,33496562.454115193
1997-11-13,0.0,1.0,33496560.428267904
1997-11-14,0.0,1.0,33496558.402042188
1997-11-17,0.0,1.0,33496552.321108308
1997-11-18,0.0,1.0,33496550.29337619
1997-11-19,0.0,1.0,33496548.265266735
1997-11-20,0.0,1.0,33496546.236781616
1997-11-21,0.2,0.8,33489839.441066105
1997-11-24,0.2,0.8,32984629.12800466
1997-11-25,0.2,0.8,33122753.726301927
1997-11-26,0.4,0.6,33225686.952445645
1997-11-28,0.4,0.6,33458023.00556718
1997-12-01,1.0,0.0,34739242.77664017
1997-12-02,0.4,0.6,32077256.81520797
1997-12-03,1.0,0.0,32400799.005457804
1997-12-04,0.4,0.6,31552920.076683454
1997-12-05,1.0,0.0,32157406.612818494
1997-12-08,1.0,0.0,33281282.713976193
1997-12-09,0.4,0.6,30270335.99997713
1997-12-10,0.30000000000000004,0.7,29657265.490118854
1997-12-11,0.1,0.9,28837904.263634317
1997-12-12,0.0,1.0,28631681.212173507
1997-12-15,0.0,1.0,28631679.718319144
1997-12-16,0.1,0.9,28628814.713553723
1997-12-17,0.0,1.0,28506734.448547658
1997-12-18,0.0,1.0,28506733.940152593
1997-12-19,0.0,1.0,28506733.431663588
1997-12-22,0.0,1.0,28506731.90562936
1997-12-23,0.0,1.0,28506731.396763124
1997-12-24,0.0,1.0,28506730.88780187
1997-12-26,0.0,1.0,28506729.869598843
1997-12-29,0.0,1.0,28506728.34158427
1997-12-30,0.1,0.9,28503875.7847665
1997-12-31,0.1,0.9,28436995.618684117
1998-01-02,0.1,0.9,29211552.9662176
1998-01-05,1.0,0.0,29263807.880367666
1998-01-06,0.1,0.9,28261319.786195867
1998-01-07,0.0,1.0,28129807.24560487
1998-01-08,0.0,1.0,28129806.747457676
1998-01-09,0.0,1.0,28129806.2450895
1998-01-12,0.0,1.0,28129804.737421002
1998-01-13,0.0,1.0,28129804.23467694
1998-01-14,0.4,0.6,28118550.465029396
1998-01-15,0.0,1.0,28074634.94687838
1998-01-16,0.0,1.0,28074632.850840196
1998-01-20,1.0,0.0,28046544.226263754
1998-01-21,1.0,0.0,28002210.797215167
1998-01-22,1.0,0.0,27504671.34465625
1998-01-23,1.0,0.0,27800738.641515795
1998-01-26,1.0,0.0,27128191.61066265
1998-01-27,1.0,0.0,28665778.7594728
1998-01-28,1.0,0.0,30931142.00187326
1998-01-29,1.0,0.0,31421062.379850157
1998-01-30,1.0,0.0,31592415.311811164
1998-02-02,1.0,0.0,34220332.84921439
1998-02-03,1.0,0.0,35160481.97896445
1998-02-04,1.0,0.0,36393726.38945433
1998-02-05,1.0,0.0,35443642.51524304
1998-02-06,1.0,0.0,37282264.31152344
1998-02-09,1.0,0.0,36117806.7609156
1998-02-10,1.0,0.0,37747358.32972703
1998-02-11,1.0,0.0,37629916.46326398
1998-02-12,1.0,0.0,38204192.69297558
1998-02-13,1.0,0.0,37371214.600651406
1998-02-17,1.0,0.0,36556084.279457636
1998-02-18,1.0,0.0,37714235.41549224
1998-02-19,1.0,0.0,39283249.236658335
1998-02-20,1.0,0.0,39566415.02065469
1998-02-23,1.0,0.0,42187716.349691704
1998-02-24,1.0,0.0,40762923.95870515
1998-02-25,1.0,0.0,43662775.60507048
1998-02-26,1.0,0.0,44358127.29852502
1998-02-27,1.0,0.0,42918117.768053
1998-03-02,1.0,0.0,41110901.5408782
1998-03-03,1.0,0.0,40892894.23070384
1998-03-04,1.0,0.0,41304744.04866176
1998-03-05,0.8,0.19999999999999996,35701315.547283776
1998-03-06,1.0,0.0,38438494.86891124
1998-03-09,0.7000000000000001,0.29999999999999993,34962897.81408275
1998-03-10,1.0,0.0,36256749.31314529
1998-03-11,1.0,0.0,36735836.02348615
1998-03-12,1.0,0.0,37614429.630160235
1998-03-13,1.0,0.0,38178851.01290328
1998-03-16,0.8,0.19999999999999996,39216744.21261814
1998-03-17,0.8,0.19999999999999996,38220862.817881875
1998-03-18,0.8,0.19999999999999996,38916392.49431962
1998-03-19,0.8,0.19999999999999996,39624958.58636617
1998-03-20,0.8,0.19999999999999996,38263290.712057345
1998-03-23,1.0,0.0,39000310.377020314
1998-03-24,1.0,0.0,40828761.040785566
1998-03-25,1.0,0.0,42546852.01572436
1998-03-26,1.0,0.0,42852338.97685547
1998-03-27,1.0,0.0,42164588.7406982
1998-03-30,1.0,0.0,41620463.1348467
1998-03-31,1.0,0.0,43049699.61899055
1998-04-01,1.0,0.0,43847166.87126673
1998-04-02,1.0,0.0,44013504.65798569
1998-04-03,1.0,0.0,44364095.141853586
1998-04-06,1.0,0.0,41288094.356627494
1998-04-07,1.0,0.0,38877773.32654356
1998-04-08,1.0,0.0,39738577.44167229
1998-04-09,1.0,0.0,40302210.10531378
1998-04-13,1.0,0.0,40894307.99940279
1998-04-14,1.0,0.0,41908016.26111853
1998-04-15,1.0,0.0,43776452.31336521
1998-04-16,1.0,0.0,43344928.47916799
1998-04-17,1.0,0.0,43716311.36435276
1998-04-20,1.0,0.0,46022024.77155553
1998-04-21,1.0,0.0,47825844.424824074
1998-04-22,1.0,0.0,50196497.028907396
1998-04-23,1.0,0.0,46399162.63338694
1998-04-24,1.0,0.0,45441111.12350462
1998-04-27,1.0,0.0,42135434.215817325
1998-04-28,1.0,0.0,42367028.15919038
1998-04-29,1.0,0.0,44118386.972837195
1998-04-30,1.0,0.0,45009260.098618455
1998-05-01,1.0,0.0,45354412.56129005
1998-05-04,1.0,0.0,45797126.46102157
1998-05-05,1.0,0.0,44837155.64923203
1998-05-06,1.0,0.0,44271920.65073756
1998-05-07,1.0,0.0,42155892.115369715
1998-05-08,1.0,0.0,45376794.141751595
1998-05-11,1.0,0.0,43575207.81863235
1998-05-12,1.0,0.0,45532891.26388808
1998-05-13,1.0,0.0,46234073.675090745
1998-05-14,1.0,0.0,46546598.05240584
1998-05-15,1.0,0.0,44684236.85697434
1998-05-18,1.0,0.0,43910435.10594475
1998-05-19,1.0,0.0,45275055.179486625
1998-05-20,1.0,0.0,43320567.63398891
1998-05-21,1.0,0.0,41822233.46759157
1998-05-22,1.0,0.0,40818438.658923306
1998-05-26,0.5,0.5,39363741.26600423
1998-05-27,0.5,0.5,39812923.01561399
1998-05-28,1.0,0.0,40050851.482765496
1998-05-29,0.4,0.6,37754545.92221092
1998-06-01,0.4,0.6,37094643.98867619
1998-06-02,0.4,0.6,37870623.01826622
1998-06-03,0.4,0.6,36992033.45907852
1998-06-04,0.4,0.6,38109977.54353975
1998-06-05,1.0,0.0,38515454.04601776
1998-06-08,1.0,0.0,38525719.97420553
1998-06-09,1.0,0.0,40082180.41379258
1998-06-10,0.8,0.19999999999999996,37676233.094781555
1998-06-11,0.4,0.6,36574787.96485869
1998-06-12,0.4,0.6,36636618.059267305
1998-06-15,0.4,0.6,36130283.452996135
1998-06-16,0.4,0.6,37476931.19171062
1998-06-17,0.4,0.6,37975980.56465338
1998-06-18,1.0,0.0,38073181.967235975
1998-06-19,1.0,0.0,39205852.42901973
1998-06-22,1.0,0.0,41483905.95760734
1998-06-23,1.0,0.0,45250710.1869095
1998-06-24,1.0,0.0,48227008.12053272
1998-06-25,1.0,0.0,46052446.29339036
1998-06-26,1.0,0.0,47033403.42047718
1998-06-29,1.0,0.0,49014240.76145983
1998-06-30,1.0,0.0,48727962.76624679
1998-07-01,1.0,0.0,50757900.74547955
1998-07-02,1.0,0.0,48078515.027658015
1998-07-06,1.0,0.0,49141379.089016065
1998-07-07,1.0,0.0,49525833.70228588
1998-07-08,1.0,0.0,52979451.924435504
1998-07-09,1.0,0.0,53572105.72494972
1998-07-10,1.0,0.0,54460792.74624553
1998-07-13,1.0,0.0,57894292.576667964
1998-07-14,1.0,0.0,57563653.94807475
1998-07-15,1.0,0.0,61364172.23364561
1998-07-16,1.0,0.0,61717574.4041589
1998-07-17,1.0,0.0,63132082.66673456
1998-07-20,1.0,0.0,63346775.70438897
1998-07-21,1.0,0.0,58903611.616961926
1998-07-22,1.0,0.0,58710490.91229294
1998-07-23,1.0,0.0,55627127.77506388
1998-07-24,1.0,0.0,55929958.829632364
1998-07-27,1.0,0.0,58017557.33768223
1998-07-28,1.0,0.0,53947318.2122612
1998-07-29,1.0,0.0,52384637.21347341
1998-07-30,1.0,0.0,57137725.92365179
1998-07-31,0.8,0.19999999999999996,51695854.85362363
1998-08-03,0.8,0.19999999999999996,51018211.93204692
1998-08-04,0.8,0.19999999999999996,46445226.04786932
1998-08-05,0.8,0.19999999999999996,47463308.4041978
1998-08-06,0.8,0.19999999999999996,50445430.256093524
1998-08-07,0.8,0.19999999999999996,50265933.32124482
1998-08-10,0.8,0.19999999999999996,50140588.45061472
1998-08-11,0.8,0.19999999999999996,47259679.935523726
1998-08-12,0.7000000000000001,0.29999999999999993,49271201.13890025
1998-08-13,0.7000000000000001,0.29999999999999993,48009958.72429307
1998-08-14,0.7000000000000001,0.29999999999999993,47370298.21661261
1998-08-17,0.7000000000000001,0.29999999999999993,50128210.79161221
1998-08-18,1.0,0.0,52688044.031427525
1998-08-19,1.0,0.0,52323767.66888772
1998-08-20,0.5,0.5,52262850.73854638
1998-08-21,0.8,0.19999999999999996,50918715.31648873
1998-08-24,0.8,0.19999999999999996,50554752.52310485
1998-08-25,1.0,0.0,52063442.608411625
1998-08-26,1.0,0.0,50426773.06952453
1998-08-27,0.0,1.0,43471585.358087614
1998-08-28,0.0,1.0,43471577.234444566
1998-08-31,0.0,1.0,43471552.854428254
1998-09-01,0.0,1.0,45388310.39076293
1998-09-02,0.1,0.9,45383741.64484089
1998-09-03,0.1,0.9,45242188.598295994
1998-09-04,0.1,0.9,45201151.04952237
1998-09-08,0.1,0.9,46077696.500548705
1998-09-09,0.1,0.9,45773543.668311216
1998-09-10,0.1,0.9,45461615.0322669
1998-09-11,0.1,0.9,46073948.544077605
1998-09-14,0.1,0.9,46290487.88226932
1998-09-15,0.1,0.9,46486958.386713356
1998-09-16,0.1,0.9,46576888.16768775
1998-09-17,0.1,0.9,46061730.14927479
1998-09-18,0.1,0.9,46167007.982165694
1998-09-21,0.8,0.19999999999999996,46464198.83699567
1998-09-22,0.8,0.19999999999999996,47158795.30250246
1998-09-23,0.8,0.19999999999999996,52113190.57541
1998-09-24,0.8,0.19999999999999996,48571838.3871727
1998-09-25,0.8,0.19999999999999996,51475388.14445673
1998-09-28,0.8,0.19999999999999996,50831148.34316582
1998-09-29,0.8,0.19999999999999996,50958432.64217709
1998-09-30,0.8,0.19999999999999996,47378491.42950073
1998-10-01,0.1,0.9,41472886.27057204
1998-10-02,0.0,1.0,41493051.63370339
1998-10-05,0.1,0.9,41488897.92988591
1998-10-06,0.0,1.0,41247522.57787648
1998-10-07,0.0,1.0,41247521.85206879
1998-10-08,0.0,1.0,41247521.17027782
1998-10-09,0.2,0.8,41239269.02834475
1998-10-12,0.2,0.8,42175891.12298903
1998-10-13,0.2,0.8,41362427.16844693
1998-10-14,0.2,0.8,41957148.48112168
1998-10-15,0.2,0.8,43345858.40556546
1998-10-16,0.2,0.8,43203389.98986052
1998-10-19,0.2,0.8,43583468.42648368
1998-10-20,0.2,0.8,42924856.1648478
1998-10-21,0.2,0.8,44053999.457845435
1998-10-22,0.6000000000000001,0.3999999999999999,44610088.7198534
1998-10-23,0.6000000000000001,0.3999999999999999,43732505.86190129
1998-10-26,0.6000000000000001,0.3999999999999999,45361868.59987656
1998-10-27,0.7000000000000001,0.29999999999999993,44403702.18850371
1998-10-28,0.7000000000000001,0.29999999999999993,46223078.35615054
1998-10-29,0.7000000000000001,0.29999999999999993,47376368.963101886
1998-10-30,0.8,0.19999999999999996,47665043.18949647
1998-11-02,0.8,0.19999999999999996,48952447.24085001
1998-11-03,0.8,0.19999999999999996,47504660.865794964
1998-11-04,0.8,0.19999999999999996,50122262.92651372
1998-11-05,0.9,0.09999999999999998,50784457.51787662
1998-11-06,0.9,0.09999999999999998,52312791.626250125
1998-11-09,1.0,0.0,53188004.317632414
1998-11-10,1.0,0.0,54233952.31617684
1998-11-11,1.0,0.0,54564136.44658828
1998-11-12,1.0,0.0,52971716.58710016
1998-11-13,1.0,0.0,52803666.82476738
1998-11-16,1.0,0.0,53900961.391112916
1998-11-17,1.0,0.0,56390885.191900015
1998-11-18,1.0,0.0,58209235.76336023
1998-11-19,1.0,0.0,60782561.614564665
1998-11-20,1.0,0.0,61557141.7451997
1998-11-23,1.0,0.0,66891136.00365991
1998-11-24,1.0,0.0,65820601.36271549
1998-11-25,1.0,0.0,67994655.45539136
1998-11-27,1.0,0.0,71774820.57114576
1998-11-30,0.9,0.09999999999999998,62426608.884844095
1998-12-01,0.9,0.09999999999999998,70580121.59754837
1998-12-02,0.9,0.09999999999999998,68963902.02023777
1998-12-03,0.9,0.09999999999999998,63678073.84514249
1998-12-04,0.8,0.19999999999999996,69788906.56998765
1998-12-07,0.8,0.19999999999999996,74580660.44701718
1998-12-08,0.8,0.19999999999999996,73605646.68872228
1998-12-09,0.8,0.19999999999999996,75425290.87379432
1998-12-10,0.7000000000000001,0.29999999999999993,71819812.01606163
1998-12-11,0.7000000000000001,0.29999999999999993,73827132.60798149
1998-12-14,0.7000000000000001,0.29999999999999993,68098071.74876896
1998-12-15,0.7000000000000001,0.29999999999999993,72376288.91895416
1998-12-16,0.7000000000000001,0.29999999999999993,71665213.98202544
1998-12-17,0.7000000000000001,0.29999999999999993,74669879.11970773
1998-12-18,0.7000000000000001,0.29999999999999993,78925186.05601586
1998-12-21,0.7000000000000001,0.29999999999999993,84088121.13612914
1998-12-22,0.7000000000000001,0.29999999999999993,82014208.49045515
1998-12-23,0.7000000000000001,0.29999999999999993,87234314.59463766
1998-12-24,0.7000000000000001,0.29999999999999993,85804243.73747686
1998-12-28,0.8,0.19999999999999996,87686579.68134548
1998-12-29,0.8,0.19999999999999996,87575769.06292623
1998-12-30,0.8,0.19999999999999996,86121387.67729121
1998-12-31,0.9,0.09999999999999998,88926136.6102363
1999-01-04,0.9,0.09999999999999998,91279425.69458543
1999-01-05,1.0,0.0,97712921.10909481
1999-01-06,1.0,0.0,107057539.14556515
1999-01-07,1.0,0.0,107400492.893526
1999-01-08,1.0,0.0,108548621.47697218
1999-01-11,1.0,0.0,112874332.11560203
1999-01-12,0.9,0.09999999999999998,102466796.50227438
1999-01-13,0.9,0.09999999999999998,103798073.49085286
1999-01-14,0.9,0.09999999999999998,97620122.47387934
1999-01-15,0.9,0.09999999999999998,107962976.98785229
1999-01-19,0.9,0.09999999999999998,115623869.35387357
1999-01-20,0.9,0.09999999999999998,115574738.35802159
1999-01-21,0.9,0.09999999999999998,104345285.1827423
1999-01-22,0.9,0.09999999999999998,104653916.43382254
1999-01-25,0.9,0.09999999999999998,109361256.36328085
1999-01-26,0.8,0.19999999999999996,118985358.91816403
1999-01-27,0.8,0.19999999999999996,114531129.25526164
1999-01-28,0.7000000000000001,0.29999999999999993,124427901.87902908
1999-01-29,0.7000000000000001,0.29999999999999993,127193307.44533646
1999-02-01,0.7000000000000001,0.29999999999999993,126965225.91048637
1999-02-02,0.7000000000000001,0.29999999999999993,120281105.24455291
1999-02-03,0.7000000000000001,0.29999999999999993,125219903.70518696
1999-02-04,0.6000000000000001,0.3999999999999999,113604234.30069724
1999-02-05,0.6000000000000001,0.3999999999999999,109627616.7566819
1999-02-08,0.6000000000000001,0.3999999999999999,114019100.31594914
1999-02-09,0.2,0.8,103947842.65183334
1999-02-10,0.0,1.0,104202237.61402833
1999-02-11,0.6000000000000001,0.3999999999999999,104139702.24233282
1999-02-12,0.2,0.8,96178465.03046533
1999-02-16,0.2,0.8,96048234.73323867
1999-02-17,0.2,0.8,94187424.85338198
1999-02-18,0.2,0.8,94582064.10186382
1999-02-19,0.2,0.8,95281933.2925452
1999-02-22,0.2,0.8,97109107.36167212
1999-02-23,0.2,0.8,98076134.33192214
1999-02-24,0.2,0.8,96843787.02423055
1999-02-25,0.2,0.8,96391483.87897311
1999-02-26,0.2,0.8,94930431.66713768
1999-03-01,0.2,0.8,94244594.23392603
1999-03-02,0.2,0.8,92843804.80809233
1999-03-03,0.2,0.8,93135703.55578588
1999-03-04,0.30000000000000004,0.7,94021048.84232563
1999-03-05,0.4,0.6,95612061.13381138
1999-03-08,0.6000000000000001,0.3999999999999999,99314753.30468637
1999-03-09,0.7000000000000001,0.29999999999999993,98794780.28330776
1999-03-10,0.7000000000000001,0.29999999999999993,99781826.29596834
1999-03-11,0.8,0.19999999999999996,100280035.74654996
1999-03-12,0.8,0.19999999999999996,96143637.97406207
1999-03-15,0.8,0.19999999999999996,101946029.36369511
1999-03-16,0.9,0.09999999999999998,103444434.54121399
1999-03-17,0.9,0.09999999999999998,102222793.73658958
1999-03-18,0.9,0.09999999999999998,107289264.1989548
1999-03-19,0.9,0.09999999999999998,100454995.95855266
1999-03-22,0.7000000000000001,0.29999999999999993,96897463.12495725
1999-03-23,0.5,0.5,90241394.78515638
1999-03-24,0.9,0.09999999999999998,93799950.42481624
1999-03-25,0.9,0.09999999999999998,102543121.2100415
1999-03-26,0.9,0.09999999999999998,100344254.39835784
1999-03-29,0.7000000000000001,0.29999999999999993,110497283.4763413
1999-03-30,0.6000000000000001,0.3999999999999999,108398087.48032612
1999-03-31,0.6000000000000001,0.3999999999999999,106596056.14949013
1999-04-01,0.9,0.09999999999999998,110465439.84476505
1999-04-05,0.6000000000000001,0.3999999999999999,120600622.78174718
1999-04-06,0.6000000000000001,0.3999999999999999,120487442.70963329
1999-04-07,0.7000000000000001,0.29999999999999993,117847585.0417875
1999-04-08,0.7000000000000001,0.29999999999999993,121474225.42095008
1999-04-09,0.9,0.09999999999999998,122307223.70508248
1999-04-12,0.7000000000000001,0.29999999999999993,120270002.08790797
1999-04-13,0.8,0.19999999999999996,115204974.40536712
1999-04-14,0.6000000000000001,0.3999999999999999,106046435.73324987
1999-04-15,0.6000000000000001,0.3999999999999999,108936617.50660808
1999-04-16,0.5,0.5,104284671.57283278
1999-04-19,0.30000000000000004,0.7,95331664.05510587
1999-04-20,0.0,1.0,98021504.22447324
1999-04-21,0.30000000000000004,0.7,97992076.9192303
1999-04-22,0.4,0.6,101222954.55701992
1999-04-23,0.4,0.6,102706421.67959705
1999-04-26,0.4,0.6,105547304.72389849
1999-04-27,0.30000000000000004,0.7,102325714.57675971
1999-04-28,0.30000000000000004,0.7,99949588.13619076
1999-04-29,0.30000000000000004,0.7,98706815.02096215
1999-04-30,0.30000000000000004,0.7,99349526.66703567
1999-05-03,0.30000000000000004,0.7,97763598.51575598
1999-05-04,0.30000000000000004,0.7,96176433.30722523
1999-05-05,0.4,0.6,98336191.51942252
1999-05-06,0.30000000000000004,0.7,94088656.9937073
1999-05-07,0.30000000000000004,0.7,95668092.99368088
1999-05-10,0.4,0.6,96365002.40128836
1999-05-11,0.5,0.5,98564927.88624507
1999-05-12,0.5,0.5,101383812.5428609
1999-05-13,0.4,0.6,98627052.76558498
1999-05-14,0.4,0.6,95680237.66692947
1999-05-17,0.4,0.6,98270282.49147426
1999-05-18,0.4,0.6,97365232.46240062
1999-05-19,0.5,0.5,98767259.21264139
1999-05-20,0.6000000000000001,0.3999999999999999,95599742.25276446
1999-05-21,0.8,0.19999999999999996,93496415.92050777
1999-05-24,0.8,0.19999999999999996,87749720.75521816
1999-05-25,0.4,0.6,81499155.79108018
1999-05-26,0.30000000000000004,0.7,84118551.6285657
1999-05-27,0.4,0.6,83989779.56032544
1999-05-28,0.30000000000000004,0.7,85911749.52499393
1999-06-01,0.30000000000000004,0.7,82211369.16777709
1999-06-02,0.30000000000000004,0.7,83889552.34861189
1999-06-03,0.30000000000000004,0.7,82277032.52902164
1999-06-04,0.30000000000000004,0.7,85005261.2042673
1999-06-07,0.4,0.6,86598242.29387687
1999-06-08,0.30000000000000004,0.7,83392786.62786373
1999-06-09,0.30000000000000004,0.7,85134294.4447375
1999-06-10,0.30000000000000004,0.7,83704551.69063531
1999-06-11,0.30000000000000004,0.7,82406090.12647976
1999-06-14,0.30000000000000004,0.7,81227836.53035836
1999-06-15,0.30000000000000004,0.7,82205439.53450334
1999-06-16,0.30000000000000004,0.7,85991612.59079465
1999-06-17,0.30000000000000004,0.7,86870327.57682794
1999-06-18,0.30000000000000004,0.7,87427366.05986644
1999-06-21,0.30000000000000004,0.7,89911591.13835913
1999-06-22,0.30000000000000004,0.7,87445130.18629918
1999-06-23,0.30000000000000004,0.7,88593036.53404227
1999-06-24,0.30000000000000004,0.7,86373283.0758201
1999-06-25,0.30000000000000004,0.7,86393920.69281112
1999-06-28,0.30000000000000004,0.7,88617975.2882301
1999-06-29,0.30000000000000004,0.7,90064185.84879899
1999-06-30,0.4,0.6,90741332.41111012
1999-07-01,0.4,0.0,92609781.71786352
1999-07-02,0.7000000000000001,0.0,93808700.16536176
1999-07-06,0.7000000000000001,0.0,92351161.47373046
1999-07-07,0.7000000000000001,0.0,93149617.23389634
1999-07-08,0.9,0.0,95937179.4153237
1999-07-09,0.9,0.0,97908364.67963912
1999-07-12,1.0,0.0,96890991.02110173
1999-07-13,1.0,0.0,95553774.12807687
1999-07-14,1.0,0.0,100746788.30792663
1999-07-15,1.0,0.0,102227355.4631225
1999-07-16,1.0,0.0,105992547.81429987
1999-07-19,1.0,0.0,101431932.81317773
1999-07-20,1.0,0.0,89421982.0772039
1999-07-21,1.0,0.0,93328320.92840286
1999-07-22,0.9,0.0,83598996.61206073
1999-07-23,0.9,0.0,85550798.42121401
1999-07-26,0.9,0.0,78623862.99316598
1999-07-27,0.8,0.0,85689307.80745749
1999-07-28,0.8,0.0,87887587.04622632
1999-07-29,0.6000000000000001,0.0,81417342.78759529
1999-07-30,0.5,0.0,81903435.45699364
1999-08-02,0.7000000000000001,0.0,81560311.44188383
1999-08-03,0.8,0.0,79592365.72182025
1999-08-04,0.8,0.0,76597360.11361302
1999-08-05,0.6000000000000001,0.0,78865650.22236592
1999-08-06,0.6000000000000001,0.0,77569115.4555172
1999-08-09,0.9,0.0,76015293.95038438
1999-08-10,0.9,0.0,73745935.95900184
1999-08-11,0.5,0.0,80853607.83721095
1999-08-12,0.5,0.0,79353036.15126479
1999-08-13,0.4,0.0,84224458.62356158
1999-08-16,0.5,0.0,84487637.26255345
1999-08-17,0.5,0.0,85803113.69591543
1999-08-18,0.5,0.0,84672054.96377964
1999-08-19,0.7000000000000001,0.0,82528312.70340703
1999-08-20,0.9,0.0,85253691.3754774
1999-08-23,0.7000000000000001,0.0,92249460.59022325
1999-08-24,0.9,0.0,93750494.4763683
1999-08-25,0.9,0.0,99614628.7586634
1999-08-26,0.9,0.0,94771102.98493508
1999-08-27,0.9,0.0,93167473.54155415
1999-08-30,0.9,0.0,89396859.4921295
1999-08-31,0.9,0.0,92399215.37706909
1999-09-01,0.9,0.0,93197672.3355621
1999-09-02,1.0,0.0,91860894.90214685
1999-09-03,0.9,0.0,104952608.33756836
1999-09-07,0.9,0.0,103231050.59767656
1999-09-08,0.9,0.0,99037210.76018949
1999-09-09,0.9,0.0,104495041.10194482
1999-09-10,0.9,0.0,107724992.58121417
1999-09-13,0.9,0.0,101752602.84038603
1999-09-14,0.9,0.0,106046299.39156573
1999-09-15,0.9,0.0,99253680.8445431
1999-09-16,0.9,0.0,99619782.77512068
1999-09-17,0.9,0.0,107165210.79811102
1999-09-20,0.9,0.0,108091914.88137856
1999-09-21,0.8,0.0,99796794.84327984
1999-09-22,0.8,0.0,103651974.58524635
1999-09-23,0.30000000000000004,0.0,92517236.77614328
1999-09-24,0.5,0.0,92381655.38965738
1999-09-27,0.30000000000000004,0.0,93923696.20291632
1999-09-28,0.30000000000000004,0.0,93974668.7521655
1999-09-29,0.4,0.0,92941906.55099887
1999-09-30,0.6000000000000001,0.0,93345495.20790745
1999-10-01,0.6000000000000001,0.0,93081107.50978562
1999-10-04,0.6000000000000001,0.0,97483049.92926896
1999-10-05,0.8,0.0,97710345.13667995
1999-10-06,0.9,0.0,103448147.59778555
1999-10-07,0.9,0.0,103357949.3953112
1999-10-08,0.9,0.0,105887649.3694087
1999-10-11,0.9,0.0,108480226.10592732
1999-10-12,0.9,0.0,102488573.38697079
1999-10-13,1.0,0.0,94526169.816099
1999-10-14,1.0,0.0,96383160.48613279
1999-10-15,0.8,0.0,88462961.67935185
1999-10-18,0.8,0.0,84751000.22741121
1999-10-19,0.8,0.0,84730754.71415108
1999-10-20,0.9,0.0,93552292.91156013
1999-10-21,0.9,0.0,94621892.39755948
1999-10-22,0.9,0.0,95483229.53256728
1999-10-25,0.9,0.0,95264720.94701779
1999-10-26,0.8,0.0,93371880.1629616
1999-10-27,0.8,0.0,92522778.69668938
1999-10-28,0.9,0.0,99921610.24003291
1999-10-29,0.7000000000000001,0.0,110223090.93650621
1999-11-01,0.9,0.0,108335112.07976773
1999-11-02,0.9,0.0,109473537.93016496
1999-11-03,0.9,0.0,114583277.50025918
1999-11-04,0.8,0.0,118064204.27849948
1999-11-05,0.9,0.0,123525275.59119663
1999-11-08,0.9,0.0,127172183.2353492
1999-11-09,1.0,0.0,124302866.77025397
1999-11-10,1.0,0.0,128830997.55535553
1999-11-11,1.0,0.0,135975278.17026463
1999-11-12,1.0,0.0,141501847.98026228
1999-11-15,1.0,0.0,139511563.7619248
1999-11-16,1.0,0.0,148816437.9543033
1999-11-17,1.0,0.0,144401673.13147977
1999-11-18,1.0,0.0,157985026.08187988
1999-11-19,1.0,0.0,161906385.1048153
1999-11-22,1.0,0.0,165150483.8786584
1999-11-23,1.0,0.0,156969914.6904713
1999-11-24,1.0,0.0,173959522.84334594
1999-11-26,1.0,0.0,175229140.56703448
1999-11-29,0.9,0.0,166125674.57554883
1999-11-30,0.9,0.0,151916709.63386402
1999-12-01,0.9,0.0,156034589.09739703
1999-12-02,0.9,0.0,171481594.67297003
1999-12-03,0.9,0.0,180956418.75417304
1999-12-06,0.9,0.0,183786652.79106766
1999-12-07,0.9,0.0,185901897.8579113
1999-12-08,0.9,0.0,179320423.28548464
1999-12-09,0.9,0.0,179769009.9174938
1999-12-10,0.9,0.0,185212730.60531494
1999-12-13,0.9,0.0,191310667.1697076
1999-12-14,0.9,0.0,179086115.31298155
1999-12-15,0.9,0.0,190066358.24904108
1999-12-16,0.9,0.0,204937556.0111188
1999-12-17,0.9,0.0,209560683.39665622
1999-12-20,1.0,0.0,214652835.3444774
1999-12-21,0.9,0.0,240842827.9342397
1999-12-22,0.9,0.0,246955061.56175295
1999-12-23,0.9,0.0,252094560.23982397
1999-12-27,0.9,0.0,253557920.3447392
1999-12-28,0.9,0.0,249892496.56040972
1999-12-29,0.9,0.0,270537684.39554113
1999-12-30,0.9,0.0,269208137.61612076
1999-12-31,0.9,0.0,273904642.3212547
2000-01-03,0.9,0.0,290502295.34331423
2000-01-04,0.6000000000000001,0.0,238813646.7332036
2000-01-05,0.0,0.0,233967568.71877587
2000-01-06,0.6000000000000001,0.0,233930474.53304785
2000-01-07,0.6000000000000001,0.0,257671773.63854846
2000-01-10,0.5,0.0,283801141.49807537
2000-01-11,0.5,0.0,263926303.7706631
2000-01-12,0.2,0.0,257012798.31945348
2000-01-13,0.5,0.0,262916960.6650393
2000-01-14,0.5,0.0,272983576.0600964
2000-01-18,0.5,0.0,279063524.8392141
2000-01-19,0.5,0.0,282901790.1251646
2000-01-20,0.5,0.0,288929726.7526976
2000-01-21,0.5,0.0,289874612.08072627
2000-01-24,0.2,0.0,266493149.0647209
2000-01-25,0.0,0.0,270754481.96991664
2000-01-26,0.5,0.0,270726150.8874024
2000-01-27,0.5,0.0,267524251.00936556
2000-01-28,0.30000000000000004,0.0,251229862.14219618
2000-01-31,0.5,0.0,259375220.55452275
2000-02-01,0.30000000000000004,0.0,273649450.7085958
2000-02-02,0.5,0.0,275118825.3739319
2000-02-03,0.5,0.0,289111327.601276
2000-02-04,0.5,0.0,291787402.82646704
2000-02-07,0.5,0.0,298807004.14752984
2000-02-08,0.5,0.0,314648242.962029
2000-02-09,0.5,0.0,302248376.38997483
2000-02-10,0.5,0.0,317297311.3056711
2000-02-11,0.5,0.0,301266917.710696
2000-02-14,0.5,0.0,303370634.1267463
2000-02-15,0.6000000000000001,0.0,304649694.24049735
2000-02-16,0.6000000000000001,0.0,304702956.5261146
2000-02-17,0.6000000000000001,0.0,322099741.748816
2000-02-18,0.5,0.0,298754651.7070369
2000-02-22,0.5,0.0,299144714.15701103
2000-02-23,0.5,0.0,321819069.2782837
2000-02-24,0.5,0.0,332032378.27818847
2000-02-25,0.5,0.0,322365515.7570148
2000-02-28,0.5,0.0,320297844.82827395
2000-02-29,0.5,0.0,333121393.3531289
2000-03-01,0.5,0.0,338469969.18500197
2000-03-02,0.5,0.0,328560320.1412865
2000-03-03,0.5,0.0,354925119.2679721
2000-03-06,0.5,0.0,356863468.9746784
2000-03-07,0.5,0.0,347520910.0739219
2000-03-08,0.5,0.0,354844410.7048271
2000-03-09,0.5,0.0,374203503.1782944
2000-03-10,0.6000000000000001,0.0,374232752.46886414
2000-03-13,0.5,0.0,350615392.46471095
2000-03-14,0.5,0.0,326804696.18046695
2000-03-15,0.30000000000000004,0.0,316297956.8411428
2000-03-16,0.4,0.0,331661212.1323502
2000-03-17,0.5,0.0,339568069.00673175
2000-03-20,0.4,0.0,318972213.5871121
2000-03-21,0.4,0.0,335833892.5294364
2000-03-22,0.4,0.0,350143924.529518
2000-03-23,0.4,0.0,356692754.4357331
2000-03-24,0.4,0.0,359925750.0219494
2000-03-27,0.5,0.0,361327145.8355597
2000-03-28,0.4,0.0,347258542.83005524
2000-03-29,0.30000000000000004,0.0,331792394.9597058
2000-03-30,0.30000000000000004,0.0,320695088.06668746
2000-03-31,0.30000000000000004,0.0,329894181.9364019
2000-04-03,0.30000000000000004,0.0,308600930.3075573
2000-04-04,0.0,0.0,306154909.9385669
2000-04-05,0.30000000000000004,0.0,306156670.29778475
2000-04-06,0.30000000000000004,0.0,309998706.86642003
2000-04-07,0.30000000000000004,0.0,324361149.0477728
2000-04-10,0.30000000000000004,0.0,301849869.98726285
2000-04-11,0.0,0.0,295954353.72251856
2000-04-12,0.30000000000000004,0.0,295957356.6272663
2000-04-13,0.0,0.0,290045895.65129423
2000-04-14,0.30000000000000004,0.0,290048838.60579437
2000-04-17,0.0,0.0,316204212.0735202
2000-04-18,0.30000000000000004,0.0,316207420.44372237
2000-04-19,0.30000000000000004,0.0,306019693.73884076
2000-04-20,0.30000000000000004,0.0,300493026.53200686
2000-04-24,0.30000000000000004,0.0,290316108.7248607
2000-04-25,0.30000000000000004,0.0,306800343.84670305
2000-04-26,0.30000000000000004,0.0,298609325.0749032
2000-04-27,0.30000000000000004,0.0,310914160.7965654
2000-04-28,0.30000000000000004,0.0,316742594.0331682
2000-05-01,0.30000000000000004,0.0,321075329.8159884
2000-05-02,0.30000000000000004,0.0,305301257.85437596
2000-05-03,0.0,0.0,300755977.30763626
2000-05-04,0.30000000000000004,0.0,300760969.6818776
2000-05-05,0.30000000000000004,0.0,309660703.68959975
2000-05-08,0.30000000000000004,0.0,296265057.7429765
2000-05-09,0.30000000000000004,0.0,290636283.8762406
2000-05-10,0.30000000000000004,0.0,276705564.5803916
2000-05-11,0.0,0.0,285012105.3143043
2000-05-12,0.30000000000000004,0.0,285016836.35730344
2000-05-15,0.30000000000000004,0.0,293038919.79203796
2000-05-16,0.30000000000000004,0.0,303777833.1846838
2000-05-17,0.30000000000000004,0.0,295490477.4778735
2000-05-18,0.30000000000000004,0.0,285413929.8787247
2000-05-19,0.30000000000000004,0.0,272959077.21848845
2000-05-22,0.0,0.0,273251924.3105961
2000-05-23,0.30000000000000004,0.0,273256460.1342901
2000-05-24,0.0,0.0,285955493.5762793
2000-05-25,0.30000000000000004,0.0,285960240.2718661
2000-05-26,0.30000000000000004,0.0,286120770.4453573
2000-05-30,0.30000000000000004,0.0,312185519.40270317
2000-05-31,0.30000000000000004,0.0,303308539.40057516
2000-06-01,0.30000000000000004,0.0,321388277.5567603
2000-06-02,0.30000000000000004,0.0,345762258.8780589
2000-06-05,0.30000000000000004,0.0,342833299.8547447
2000-06-06,0.30000000000000004,0.0,333169010.7542743
2000-06-07,0.30000000000000004,0.0,342908295.92698085
2000-06-08,0.30000000000000004,0.0,339575418.1363605
2000-06-09,0.30000000000000004,0.0,345477588.9313841
2000-06-12,0.30000000000000004,0.0,331418025.08553904
2000-06-13,0.30000000000000004,0.0,345095149.86277527
2000-06-14,0.30000000000000004,0.0,334890214.2303562
2000-06-15,0.30000000000000004,0.0,342991473.52225673
2000-06-16,0.30000000000000004,0.0,346956542.4848845
2000-06-19,0.30000000000000004,0.0,363899849.1368239
2000-06-20,0.30000000000000004,0.0,363852371.32770073
2000-06-21,0.30000000000000004,0.0,368277475.55518794
2000-06-22,0.30000000000000004,0.0,347251586.6975374
2000-06-23,0.30000000000000004,0.0,333504799.4787838
2000-06-26,0.30000000000000004,0.0,342810697.5910783
2000-06-27,0.30000000000000004,0.0,334600577.68111813
2000-06-28,0.30000000000000004,0.0,342345400.4395697
2000-06-29,0.30000000000000004,0.0,330489896.6676573
2000-06-30,0.30000000000000004,0.0,340797109.3874723
2000-07-03,0.30000000000000004,0.0,345370722.973282
2000-07-05,0.30000000000000004,0.0,327771764.588531
2000-07-06,0.30000000000000004,0.0,342638993.5789924
2000-07-07,0.30000000000000004,0.0,347918076.27491784
2000-07-10,0.30000000000000004,0.0,340042372.5595666
2000-07-11,0.30000000000000004,0.0,336949742.3308418
2000-07-12,0.30000000000000004,0.0,353858382.13075215
2000-07-13,0.30000000000000004,0.0,360295286.87256783
2000-07-14,0.30000000000000004,0.0,370383071.65779525
2000-07-17,0.30000000000000004,0.0,372978792.59309834
2000-07-18,0.30000000000000004,0.0,360164359.4357755
2000-07-19,0.30000000000000004,0.0,346093098.3809974
2000-07-20,0.30000000000000004,0.0,363067078.85163206
2000-07-21,0.30000000000000004,0.0,352524559.0462072
2000-07-24,0.30000000000000004,0.0,338902822.6213532
2000-07-25,0.30000000000000004,0.0,346940860.9051925
2000-07-26,0.30000000000000004,0.0,341597894.7725759
2000-07-27,0.30000000000000004,0.0,326593791.5368557
2000-07-28,0.30000000000000004,0.0,305871240.4475864
2000-07-31,0.0,0.0,317645096.3125001
2000-08-01,0.30000000000000004,0.0,317652577.34412825
2000-08-02,0.30000000000000004,0.0,315133945.7860381
2000-08-03,0.30000000000000004,0.0,325736212.6471622
2000-08-04,0.30000000000000004,0.0,325294515.9467546
2000-08-07,0.30000000000000004,0.0,333170900.495154
2000-08-08,0.30000000000000004,0.0,330993025.6532966
2000-08-09,0.30000000000000004,0.0,331554096.96068317
2000-08-10,0.30000000000000004,0.0,322869171.04030764
2000-08-11,0.30000000000000004,0.0,326978048.5373093
2000-08-14,0.30000000000000004,0.0,333465925.96001273
2000-08-15,0.30000000000000004,0.0,333706061.3747611
2000-08-16,0.30000000000000004,0.0,333558308.2190646
2000-08-17,0.30000000000000004,0.0,343282117.6487502
2000-08-18,0.30000000000000004,0.0,341072171.8842726
2000-08-21,0.30000000000000004,0.0,342985987.751174
2000-08-22,0.5,0.0,342950779.3098328
2000-08-23,0.7000000000000001,0.0,352121191.6085948
2000-08-24,0.7000000000000001,0.0,361979917.01194566
2000-08-25,0.7000000000000001,0.0,358273607.5876136
2000-08-28,0.7000000000000001,0.0,362606280.0106675
2000-08-29,0.7000000000000001,0.0,362019947.0704541
2000-08-30,0.7000000000000001,0.0,365151438.67638266
2000-08-31,0.7000000000000001,0.0,386358631.8939099
2000-09-01,0.7000000000000001,0.29999999999999993,390621527.7496264
2000-09-05,0.7000000000000001,0.29999999999999993,367984478.8339644
2000-09-06,0.30000000000000004,0.7,339511938.4037834
2000-09-07,0.6000000000000001,0.3999999999999999,348569349.7880789
2000-09-08,0.5,0.5,326205554.7197362
2000-09-11,0.30000000000000004,0.7,312359112.35199296
2000-09-12,0.30000000000000004,0.7,309277668.9152514
2000-09-13,0.30000000000000004,0.7,314775300.63665664
2000-09-14,0.30000000000000004,0.7,314383093.8837836
2000-09-15,0.30000000000000004,0.7,309629402.2136032
2000-09-18,0.30000000000000004,0.7,302830226.63673854
2000-09-19,0.30000000000000004,0.7,314816945.46106815
2000-09-20,0.30000000000000004,0.7,317373290.44932127
2000-09-21,0.30000000000000004,0.7,311663542.89737195
2000-09-22,0.30000000000000004,0.7,310332505.4339317
2000-09-25,0.30000000000000004,0.7,304398924.2022211
2000-09-26,0.30000000000000004,0.7,301540119.0621968
2000-09-27,0.4,0.6,300709183.6729327
2000-09-28,0.30000000000000004,0.7,316080769.3144012
2000-09-29,0.30000000000000004,0.7,304220141.4833633
2000-10-02,0.30000000000000004,0.7,298354249.089208
2000-10-03,0.0,1.0,291426067.7044726
2000-10-04,0.30000000000000004,0.7,291338591.3712443
2000-10-05,0.30000000000000004,0.7,289079048.6119384
2000-10-06,0.0,1.0,280565946.8605993
2000-10-09,0.0,1.0,280565898.2772674
2000-10-10,0.0,1.0,280565882.0759858
2000-10-11,0.0,1.0,280565865.87128377
2000-10-12,0.0,1.0,280565849.66315997
2000-10-13,0.0,1.0,280565833.451614
2000-10-16,0.0,1.0,280565784.7964377
2000-10-17,0.0,1.0,280565768.57119775
2000-10-18,0.0,1.0,280565752.3425312
2000-10-19,0.0,1.0,280565736.11043805
2000-10-20,0.30000000000000004,0.7,280481511.701389
2000-10-23,0.0,1.0,277820142.3404497
2000-10-24,0.0,1.0,277820125.1234119
2000-10-25,0.0,1.0,277820107.90274066
2000-10-26,0.0,1.0,277820090.6784322
2000-10-27,0.0,1.0,277820073.45048887
2000-10-30,0.0,1.0,277820021.7448219
2000-10-31,0.0,1.0,277820004.50232416
2000-11-01,0.0,1.0,279556069.8087724
2000-11-02,0.0,1.0,279556052.5589934
2000-11-03,0.0,1.0,279556035.3055717
2000-11-06,0.0,1.0,279555983.5234462
2000-11-07,0.0,1.0,279555966.25544935
2000-11-08,0.0,1.0,279555948.98380613
2000-11-09,0.0,1.0,279555931.7085154
2000-11-10,0.0,1.0,279555914.4295795
2000-11-13,0.0,1.0,279555862.5708799
2000-11-14,0.0,1.0,279555845.2773463
2000-11-15,0.0,1.0,279555827.9801606
2000-11-16,0.0,1.0,279555810.6793249
2000-11-17,0.0,1.0,279555793.3748336
2000-11-20,0.0,1.0,279555741.43944424
2000-11-21,0.0,1.0,279555724.12033623
2000-11-22,0.0,1.0,279555706.79757214
2000-11-24,0.0,1.0,279555672.14107037
2000-11-27,0.0,1.0,279555620.12887484
2000-11-28,0.0,1.0,279555602.7841548
2000-11-29,0.0,1.0,279555585.4357737
2000-11-30,0.0,1.0,279555568.0837297
2000-12-01,0.0,1.0,290722443.45075464
2000-12-04,0.0,1.0,290722391.36163837
2000-12-05,0.0,1.0,290722374.22099465
2000-12-06,0.0,1.0,290722357.07678235
2000-12-07,0.0,1.0,290722339.9289965
2000-12-08,0.0,1.0,290722322.77763695
2000-12-11,0.0,1.0,290722271.30212104
2000-12-12,0.0,1.0,290722254.1364644
2000-12-13,0.0,1.0,290722236.96723336
2000-12-14,0.0,1.0,290722219.79442376
2000-12-15,0.0,1.0,290722202.61803794
2000-12-18,0.0,1.0,290722151.0673966
2000-12-19,0.0,1.0,290722133.8766915
2000-12-20,0.0,1.0,290722116.6824062
2000-12-21,0.0,1.0,290722099.48453724
2000-12-22,0.0,1.0,290722082.2830844
2000-12-26,0.0,1.0,290722013.4414367
2000-12-27,0.0,1.0,290721996.22205913
2000-12-28,0.0,1.0,290721978.99909264
2000-12-29,0.0,1.0,290721961.77253973
2001-01-02,0.0,1.0,293738936.88722587
2001-01-03,0.0,1.0,293738919.64272064
2001-01-04,0.0,1.0,293738903.2794266
2001-01-05,0.0,1.0,293738886.91289866
2001-01-08,0.0,1.0,293738837.7938975
2001-01-09,0.0,1.0,293738821.4144261
2001-01-10,0.0,1.0,293738805.03171635
2001-01-11,0.0,1.0,293738788.64577097
2001-01-12,0.0,1.0,293738772.2565842
2001-01-16,0.0,1.0,293738706.66743916
2001-01-17,0.0,1.0,293738690.26205033
2001-01-18,0.0,1.0,293738673.8534198
2001-01-19,0.0,1.0,293738657.4415457
2001-01-22,0.0,1.0,293738608.1864582
2001-01-23,0.0,1.0,293738591.76160526
2001-01-24,0.0,1.0,293738575.3335037
2001-01-25,0.0,1.0,293738558.90215683
2001-01-26,0.0,1.0,293738542.4675642
2001-01-29,0.0,1.0,293738493.14428514
2001-01-30,0.0,1.0,293738476.69669384
2001-01-31,0.0,1.0,293738460.24585223
2001-02-01,0.0,1.0,296331378.89313596
2001-02-02,0.0,1.0,296331362.43578833
2001-02-05,0.0,1.0,296331316.1738448
2001-02-06,0.0,1.0,296331300.7474851
2001-02-07,0.0,1.0,296331285.318271
2001-02-08,0.0,1.0,296331269.886199
2001-02-09,0.0,1.0,296331254.4512716
2001-02-12,0.0,1.0,296331208.12933975
2001-02-13,0.0,1.0,296331192.6829783
2001-02-14,0.0,1.0,296331177.2337562
2001-02-15,0.0,1.0,296331161.781677
2001-02-16,0.0,1.0,296331146.32673514
2001-02-20,0.0,1.0,296331084.47835445
2001-02-21,0.0,1.0,296331069.0091019
2001-02-22,0.0,1.0,296331053.53698623
2001-02-23,0.0,1.0,296331038.062006
2001-02-26,0.0,1.0,296330991.61986613
2001-02-27,0.0,1.0,296330976.1334233
2001-02-28,0.0,1.0,296330960.6441135
2001-03-01,0.0,1.0,302299689.7269423
2001-03-02,0.0,1.0,302299674.23189443
2001-03-05,0.0,1.0,302299628.888768
2001-03-06,0.0,1.0,302299613.768933
2001-03-07,0.0,1.0,302299598.6463669
2001-03-08,0.0,1.0,302299583.5210745
2001-03-09,0.0,1.0,302299568.3930475
2001-03-12,0.0,1.0,302299522.9925918
2001-03-13,0.0,1.0,302299507.85364074
2001-03-14,0.0,1.0,302299492.71195847
2001-03-15,0.0,1.0,302299477.56754273
2001-03-16,0.0,1.0,302299462.42039067
2001-03-19,0.0,1.0,302299416.9625358
2001-03-20,0.0,1.0,302299401.80444455
2001-03-21,0.0,1.0,302299386.64362013
2001-03-22,0.0,1.0,302299371.4800551
2001-03-23,0.0,1.0,302299356.3137546
2001-03-26,0.0,1.0,302299310.79842275
2001-03-27,0.0,1.0,302299295.6211689
2001-03-28,0.0,1.0,302299280.44117373
2001-03-29,0.0,1.0,302299265.2584388
2001-03-30,0.0,1.0,302299250.07296395
2001-04-02,0.0,1.0,297749671.7263628
2001-04-03,0.0,1.0,297749656.5299195
2001-04-04,0.0,1.0,297749642.4350453
2001-04-05,0.0,1.0,297749628.33780867
2001-04-06,0.0,1.0,297749614.2382146
2001-04-09,0.0,1.0,297749571.9252695
2001-04-10,0.0,1.0,297749557.8162318
2001-04-11,0.0,1.0,297749543.70483166
2001-04-12,0.0,1.0,297749529.5910702
2001-04-16,0.0,1.0,297749473.1123876
2001-04-17,0.0,1.0,297749458.9868083
2001-04-18,0.0,1.0,297749444.8588661
2001-04-19,0.0,1.0,297749430.72855836
2001-04-20,0.0,1.0,297749416.5958822
2001-04-23,0.0,1.0,297749374.1836648
2001-04-24,0.0,1.0,297749360.0415257
2001-04-25,0.0,1.0,297749345.8970174
2001-04-26,0.0,1.0,297749331.75014466
2001-04-27,0.0,1.0,297749317.6008993
2001-04-30,0.0,1.0,297749275.1389613
2001-05-01,0.0,1.0,293403911.04758143
2001-05-02,0.0,1.0,293403896.8864909
2001-05-03,0.0,1.0,293403884.0134267
2001-05-04,0.0,1.0,293403871.138404
2001-05-07,0.0,1.0,293403832.50158215
2001-05-08,0.0,1.0,293403819.61872137
2001-05-09,0.0,1.0,293403806.7339009
2001-05-10,0.0,1.0,293403793.84711814
2001-05-11,0.0,1.0,293403780.9583783
2001-05-14,0.0,1.0,293403742.28037894
2001-05-15,0.0,1.0,293403729.3837917
2001-05-16,0.0,1.0,293403716.4852424
2001-05-17,0.0,1.0,293403703.58472973
2001-05-18,0.0,1.0,293403690.68225604
2001-05-21,0.0,1.0,293403651.96305305
2001-05-22,0.0,1.0,293403639.0527234
2001-05-23,0.0,1.0,293403626.1404314
2001-05-24,0.0,1.0,293403613.22617465
2001-05-25,0.0,1.0,293403600.30995035
2001-05-29,0.0,1.0,293403548.62540954
2001-05-30,0.0,1.0,293403535.699358
2001-05-31,0.0,1.0,293403522.7713405
2001-06-01,0.0,1.0,297127570.13952196
2001-06-04,0.0,1.0,297127531.33776104
2001-06-05,0.0,1.0,297127518.9295211
2001-06-06,0.0,1.0,297127506.51946855
2001-06-07,0.0,1.0,297127494.10760516
2001-06-08,0.0,1.0,297127481.69393355
2001-06-11,0.0,1.0,297127444.442042
2001-06-12,0.0,1.0,297127432.0211217
2001-06-13,0.0,1.0,297127419.5983874
2001-06-14,0.0,1.0,297127407.1738439
2001-06-15,0.0,1.0,297127394.74748564
2001-06-18,0.0,1.0,297127357.4575252
2001-06-19,0.0,1.0,297127345.0239121
2001-06-20,0.0,1.0,297127332.5884855
2001-06-21,0.0,1.0,297127320.15124315
2001-06-22,0.0,1.0,297127307.7121876
2001-06-25,0.0,1.0,297127270.38411826
2001-06-26,0.0,1.0,297127257.9377999
2001-06-27,0.0,1.0,297127245.489665
2001-06-28,0.0,1.0,297127233.03971314
2001-06-29,0.0,1.0,297127220.58794695
2001-07-02,0.0,1.0,299325917.3350938
2001-07-03,0.0,1.0,299325904.8760569
2001-07-05,0.0,1.0,299325880.84093565
2001-07-06,0.0,1.0,299325868.8208379
2001-07-09,0.0,1.0,299325832.7503942
2001-07-10,0.0,1.0,299325820.7235299
2001-07-11,0.0,1.0,299325808.6949716
2001-07-12,0.0,1.0,299325796.6647228
2001-07-13,0.0,1.0,299325784.6327806
2001-07-16,0.0,1.0,299325748.52679306
2001-07-17,0.0,1.0,299325736.4880769
2001-07-18,0.0,1.0,299325724.4476655
2001-07-19,0.0,1.0,299325712.40556246
2001-07-20,0.0,1.0,299325700.36176234
2001-07-23,0.0,1.0,299325664.22020084
2001-07-24,0.0,1.0,299325652.16962105
2001-07-25,0.0,1.0,299325640.1173437
2001-07-26,0.0,1.0,299325628.06337374
2001-07-27,0.0,1.0,299325616.0077056
2001-07-30,0.0,1.0,299325579.83052397
2001-07-31,0.0,1.0,299325567.76806957
2001-08-01,0.0,1.0,306704295.9866464
2001-08-02,0.0,1.0,306704283.92079675
2001-08-03,0.0,1.0,306704272.1212648
2001-08-06,0.0,1.0,306704236.7129313
2001-08-07,0.0,1.0,306704224.90690583
2001-08-08,0.0,1.0,306704213.09925413
2001-08-09,0.0,1.0,306704201.2899797
2001-08-10,0.0,1.0,306704189.47907966
2001-08-13,0.0,1.0,306704154.03662616
2001-08-14,0.0,1.0,306704142.2192245
2001-08-15,0.0,1.0,306704130.4001971
2001-08-16,0.0,1.0,306704118.5795432
2001-08-17,0.0,1.0,306704106.75726265
2001-08-20,0.0,1.0,306704071.2806681
2001-08-21,0.0,1.0,306704059.4518797
2001-08-22,0.0,1.0,306704047.6214641
2001-08-23,0.0,1.0,306704035.78942096
2001-08-24,0.0,1.0,306704023.9557476
2001-08-27,0.0,1.0,306703988.4449668
2001-08-28,0.0,1.0,306703976.604781
2001-08-29,0.0,1.0,306703964.76296747
2001-08-30,0.0,1.0,306703952.9195228
2001-08-31,0.0,1.0,306703941.0744469
2001-09-04,0.0,1.0,313582419.31258774
2001-09-05,0.0,1.0,313582407.4593626
2001-09-06,0.0,1.0,313582396.9103327
2001-09-07,0.0,1.0,313582386.3600095
2001-09-10,0.0,1.0,313582354.7012922
2001-09-17,0.0,1.0,313582280.7857209
2001-09-18,0.0,1.0,313582270.2211809
2001-09-19,0.0,1.0,313582259.6553494
2001-09-20,0.0,1.0,313582249.08822054
2001-09-21,0.0,1.0,313582238.5198023
2001-09-24,0.0,1.0,313582206.80677235
2001-09-25,0.0,1.0,313582196.23317474
2001-09-26,0.0,1.0,313582185.65828377
2001-09-27,0.0,1.0,313582175.0820947
2001-09-28,0.0,1.0,313582164.5046155
2001-10-01,0.0,1.0,318689183.47019464
2001-10-02,0.0,1.0,318689172.8875317
2001-10-03,0.0,1.0,318689163.62098944
2001-10-04,0.0,1.0,318689154.35345155
2001-10-05,0.0,1.0,318689145.0849233
2001-10-08,0.0,1.0,318689117.2733701
2001-10-09,0.0,1.0,318689108.0008666
2001-10-10,0.0,1.0,318689098.72736657
2001-10-11,0.0,1.0,318689089.45287573
2001-10-12,0.0,1.0,318689080.1773886
2001-10-15,0.0,1.0,318689052.34496284
2001-10-16,0.0,1.0,318689043.06549895
2001-10-17,0.0,1.0,318689033.78503996
2001-10-18,0.0,1.0,318689024.5035868
2001-10-19,0.0,1.0,318689015.22113687
2001-10-22,0.0,1.0,318688987.3678188
2001-10-23,0.0,1.0,318688978.0813896
2001-10-24,0.0,1.0,318688968.7939649
2001-10-25,0.0,1.0,318688959.50554293
2001-10-26,0.0,1.0,318688950.21612626
2001-10-29,0.0,1.0,318688922.34190387
2001-10-30,0.0,1.0,318688913.04850376
2001-10-31,0.0,1.0,318688903.7541068
2001-11-01,0.0,1.0,317919468.5069272
2001-11-02,0.0,1.0,317919459.21053976
2001-11-05,0.0,1.0,317919434.06358564
2001-11-06,0.0,1.0,317919425.67964745
2001-11-07,0.0,1.0,317919417.2948983
2001-11-08,0.0,1.0,317919408.90933925
2001-11-09,0.0,1.0,317919400.52297044
2001-11-12,0.0,1.0,317919375.3590027
2001-11-13,0.0,1.0,317919366.9693916
2001-11-14,0.0,1.0,317919358.57896996
2001-11-15,0.0,1.0,317919350.1877381
2001-11-16,0.0,1.0,317919341.79569334
2001-11-19,0.0,1.0,317919316.6146947
2001-11-20,0.0,1.0,317919308.2194066
2001-11-21,0.0,1.0,317919299.8233095
2001-11-23,0.0,1.0,317919283.02867717
2001-11-26,0.0,1.0,317919257.83064127
2001-11-27,0.0,1.0,317919249.4296723
2001-11-28,0.0,1.0,317919241.0278912
2001-11-29,0.0,1.0,317919232.6252991
2001-11-30,0.0,1.0,317919224.2218958
2001-12-03,0.0,1.0,308314562.930558
2001-12-04,0.0,1.0,308314554.523905
2001-12-05,0.0,1.0,308314546.7385743
2001-12-06,0.0,1.0,308314538.9525438
2001-12-07,0.0,1.0,308314531.16582143
2001-12-10,0.0,1.0,308314507.8014638
2001-12-11,0.0,1.0,308314500.0119516
2001-12-12,0.0,1.0,308314492.2217397
2001-12-13,0.0,1.0,308314484.4308356
2001-12-14,0.0,1.0,308314476.6392313
2001-12-17,0.0,1.0,308314453.26023346
2001-12-18,0.0,1.0,308314445.46584046
2001-12-19,0.0,1.0,308314437.67075014
2001-12-20,0.0,1.0,308314429.8749619
2001-12-21,0.0,1.0,308314422.0784758
2001-12-24,0.0,1.0,308314398.68483
2001-12-26,0.0,1.0,308314383.0855794
2001-12-27,0.0,1.0,308314375.2849073
2001-12-28,0.0,1.0,308314367.48353404
2001-12-31,0.0,1.0,308314344.07524085
2002-01-02,0.0,1.0,310789598.612391
2002-01-03,0.0,1.0,310789590.806831
2002-01-04,0.0,1.0,310789583.20886934
2002-01-07,0.0,1.0,310789560.41100925
2002-01-08,0.0,1.0,310789552.8103996
2002-01-09,0.0,1.0,310789545.2091297
2002-01-10,0.0,1.0,310789537.60719633
2002-01-11,0.0,1.0,310789530.0045995
2002-01-14,0.0,1.0,310789507.1928399
2002-01-15,0.0,1.0,310789499.5875955
2002-01-16,0.0,1.0,310789491.98168874
2002-01-17,0.0,1.0,310789484.37511826
2002-01-18,0.0,1.0,310789476.76788664
2002-01-22,0.0,1.0,310789446.3323395
2002-01-23,0.0,1.0,310789438.72179407
2002-01-24,0.0,1.0,310789431.11058396
2002-01-25,0.0,1.0,310789423.4987124
2002-01-28,0.0,1.0,310789400.6591242
2002-01-29,0.0,1.0,310789393.04460037
2002-01-30,0.0,1.0,310789385.42941546
2002-01-31,0.0,1.0,310789377.81356347
2002-02-01,0.0,1.0,315161925.60875016
2002-02-04,0.0,1.0,315161902.7552247
2002-02-05,0.0,1.0,315161895.1128405
2002-02-06,0.0,1.0,315161887.46978617
2002-02-07,0.0,1.0,315161879.826068
2002-02-08,0.0,1.0,315161872.18167764
2002-02-11,0.0,1.0,315161849.2445108
2002-02-12,0.0,1.0,315161841.5974512
2002-02-13,0.0,1.0,315161833.949724
2002-02-14,0.0,1.0,315161826.3013271
2002-02-15,0.0,1.0,315161818.65226316
2002-02-19,0.0,1.0,315161788.049329
2002-02-20,0.0,1.0,315161780.39692265
2002-02-21,0.0,1.0,315161772.74385005
2002-02-22,0.0,1.0,315161765.0901074
2002-02-25,0.0,1.0,315161742.12486273
2002-02-26,0.0,1.0,315161734.4684443
2002-02-27,0.0,1.0,315161726.81135863
2002-02-28,0.0,1.0,315161719.1536025
2002-03-01,0.0,1.0,307539847.4165065
2002-03-04,0.0,1.0,307539824.4372162
2002-03-05,0.0,1.0,307539816.7993895
2002-03-06,0.0,1.0,307539809.16089666
2002-03-07,0.0,1.0,307539801.5217404
2002-03-08,0.0,1.0,307539793.8819152
2002-03-11,0.0,1.0,307539770.9584606
2002-03-12,0.0,1.0,307539763.3159755
2002-03-13,0.0,1.0,307539755.6728239
2002-03-14,0.0,1.0,307539748.0290086
2002-03-15,0.0,1.0,307539740.3845267
2002-03-18,0.0,1.0,307539717.4470836
2002-03-19,0.0,1.0,307539709.7999385
2002-03-20,0.0,1.0,307539702.15212584
2002-03-21,0.0,1.0,307539694.50364906
2002-03-22,0.0,1.0,307539686.85450536
2002-03-25,0.0,1.0,307539663.9030746
2002-03-26,0.0,1.0,307539656.2512654
2002-03-27,0.0,1.0,307539648.5987919
2002-03-28,0.0,1.0,307539640.94564855
2002-04-01,0.0,0.0,310351761.16267055
2002-04-02,0.0,0.0,310366345.537958
2002-04-03,0.0,0.0,310381097.76511914
2002-04-04,0.0,0.0,310395850.68954057
2002-04-05,0.0,0.0,310410604.31122226
2002-04-08,0.0,0.0,310454869.40102696
2002-04-09,0.0,0.0,310469625.8319831
2002-04-10,0.0,0.0,310484382.95933497
2002-04-11,0.0,0.0,310499140.7936313
2002-04-12,0.0,0.0,310513899.3348722
2002-04-15,0.0,0.0,310558179.1259466
2002-04-16,0.0,0.0,310572940.46701014
2002-04-17,0.0,0.0,310587702.51392025
2002-04-18,0.0,0.0,310602465.2580906
2002-04-19,0.0,0.0,310617228.7092055
2002-04-22,0.0,0.0,310661523.25965714
2002-04-23,0.0,0.0,310676289.510829
2002-04-24,0.0,0.0,310691056.46761405
2002-04-25,0.0,0.0,310705824.12165946
2002-04-26,0.0,0.0,310720592.4826493
2002-04-29,0.0,0.0,310764901.7634258
2002-04-30,0.0,0.0,310779672.93116206
2002-05-01,0.0,1.0,310639047.58510196
2002-05-02,0.0,1.0,310639033.9678612
2002-05-03,0.0,1.0,310639020.34941995
2002-05-06,0.0,1.0,310638979.4869573
2002-05-07,0.0,1.0,310638965.86374456
2002-05-08,0.0,1.0,310638952.2393383
2002-05-09,0.0,1.0,310638938.6137406
2002-05-10,0.0,1.0,310638924.9869467
2002-05-13,0.0,1.0,310638884.0993933
2002-05-14,0.0,1.0,310638870.46782374
2002-05-15,0.0,1.0,310638856.8350569
2002-05-16,0.0,1.0,310638843.201098
2002-05-17,0.0,1.0,310638829.56594235
2002-05-20,0.0,1.0,310638788.6533139
2002-05-21,0.0,1.0,310638775.01337993
2002-05-22,0.0,1.0,310638761.37224823
2002-05-23,0.0,1.0,310638747.7299239
2002-05-24,0.0,1.0,310638734.0864021
2002-05-28,0.0,1.0,310638679.50036937
2002-05-29,0.0,1.0,310638665.8508702
2002-05-30,0.0,1.0,310638652.20017606
2002-05-31,0.0,1.0,310638638.5482838
2002-06-03,0.0,1.0,317365834.12716645
2002-06-04,0.0,1.0,317365820.4704876
2002-06-05,0.0,1.0,317365806.81261796
2002-06-06,0.0,1.0,317365793.1535449
2002-06-07,0.0,1.0,317365779.4932779
2002-06-10,0.0,1.0,317365738.5052891
2002-06-11,0.0,1.0,317365724.84023285
2002-06-12,0.0,1.0,317365711.17397577
2002-06-13,0.0,1.0,317365697.50652426
2002-06-14,0.0,1.0,317365683.83787817
2002-06-17,0.0,1.0,317365642.8247337
2002-06-18,0.0,1.0,317365629.15129256
2002-06-19,0.0,1.0,317365615.47665334
2002-06-20,0.0,1.0,317365601.800819
2002-06-21,0.0,1.0,317365588.1237847
2002-06-24,0.0,1.0,317365547.0854859
2002-06-25,0.0,1.0,317365533.403654
2002-06-26,0.0,1.0,317365519.7206282
2002-06-27,0.0,1.0,317365506.0363972
2002-06-28,0.0,1.0,317365492.3509704
2002-07-01,0.0,1.0,325455494.3206505
2002-07-02,0.0,1.0,325455480.6304251
2002-07-03,0.0,1.0,325455467.0219357
2002-07-05,0.0,1.0,325455439.80140173
2002-07-08,0.0,1.0,325455398.9616969
2002-07-09,0.0,1.0,325455385.3460933
2002-07-10,0.0,1.0,325455371.72930306
2002-07-11,0.0,1.0,325455358.1113274
2002-07-12,0.0,1.0,325455344.49216133
2002-07-15,0.0,1.0,325455303.62756157
2002-07-16,0.0,1.0,325455290.00365335
2002-07-17,0.0,1.0,325455276.3785629
2002-07-18,0.0,1.0,325455262.7522816
2002-07-19,0.0,1.0,325455249.12480927
2002-07-22,0.0,1.0,325455208.23528665
2002-07-23,0.0,1.0,325455194.6030712
2002-07-24,0.0,1.0,325455180.96966666
2002-07-25,0.0,1.0,325455167.3350754
2002-07-26,0.0,1.0,325455153.6992973
2002-07-29,0.0,1.0,325455112.78483903
2002-07-30,0.0,1.0,325455099.14430887
2002-07-31,0.0,1.0,325455085.5025907
2002-08-01,0.0,1.0,336551987.0048043
2002-08-02,0.0,1.0,336551973.3607066
2002-08-05,0.0,1.0,336551932.29653865
2002-08-06,0.0,1.0,336551918.60608774
2002-08-07,0.0,1.0,336551904.9144394
2002-08-08,0.0,1.0,336551891.2215949
2002-08-09,0.0,1.0,336551877.5275543
2002-08-12,0.0,1.0,336551836.4382686
2002-08-13,0.0,1.0,336551822.73944235
2002-08-14,0.0,1.0,336551809.03941965
2002-08-15,0.0,1.0,336551795.3382003
2002-08-16,0.0,1.0,336551781.63578415
2002-08-19,0.0,1.0,336551740.5213534
2002-08-20,0.0,1.0,336551726.814149
2002-08-21,0.0,1.0,336551713.10574293
2002-08-22,0.0,1.0,336551699.39614433
2002-08-23,0.0,1.0,336551685.6853483
2002-08-26,0.0,1.0,336551644.54575956
2002-08-27,0.0,1.0,336551630.83016956
2002-08-28,0.0,1.0,336551617.1133805
2002-08-29,0.0,1.0,336551603.39539826
2002-08-30,0.0,1.0,336551589.67621326
2002-09-03,0.0,1.0,348128301.8378905
2002-09-04,0.0,1.0,348128288.1127122
2002-09-05,0.0,1.0,348128274.34464
2002-09-06,0.0,1.0,348128260.5753563
2002-09-09,0.0,1.0,348128219.26027876
2002-09-10,0.0,1.0,348128205.48617053
2002-09-11,0.0,1.0,348128191.71085644
2002-09-12,0.0,1.0,348128177.93433505
2002-09-13,0.0,1.0,348128164.1566015
2002-09-16,0.0,1.0,348128122.81617033
2002-09-17,0.0,1.0,348128109.0336112
2002-09-18,0.0,1.0,348128095.24984413
2002-09-19,0.0,1.0,348128081.46486914
2002-09-20,0.0,1.0,348128067.67868614
2002-09-23,0.0,1.0,348128026.31288826
2002-09-24,0.0,1.0,348128012.52187234
2002-09-25,0.0,1.0,348127998.72964793
2002-09-26,0.0,1.0,348127984.936215
2002-09-27,0.0,1.0,348127971.14157337
2002-09-30,0.0,1.0,348127929.7503956
2002-10-01,0.0,1.0,347283414.15264535
2002-10-02,0.0,1.0,347283400.3519592
2002-10-03,0.0,1.0,347283386.5500639
2002-10-04,0.0,1.0,347283372.7469594
2002-10-07,0.0,1.0,347283331.33037424
2002-10-08,0.0,1.0,347283317.5224299
2002-10-09,0.0,1.0,347283303.7132777
2002-10-10,0.0,1.0,347283289.9029157
2002-10-11,0.0,1.0,347283276.09133905
2002-10-14,0.0,1.0,347283234.6493477
2002-10-15,0.0,1.0,347283220.8329319
2002-10-16,0.0,1.0,347283207.0153044
2002-10-17,0.0,1.0,347283193.1964665
2002-10-18,0.0,1.0,347283179.3764181
2002-10-21,0.0,1.0,347283137.90900755
2002-10-22,0.0,1.0,347283124.08411413
2002-10-23,0.0,1.0,347283110.25800705
2002-10-24,0.0,1.0,347283096.4306937
2002-10-25,0.0,1.0,347283082.6021644
2002-10-28,0.0,1.0,347283041.109307
2002-10-29,0.0,1.0,347283027.27593166
2002-10-30,0.0,1.0,347283013.4413405
2002-10-31,0.0,1.0,347282999.6055425
2002-11-01,0.0,1.0,345350590.0907918
2002-11-04,0.0,1.0,345350548.5724745
2002-11-05,0.0,1.0,345350536.45267344
2002-11-06,0.0,1.0,345350524.3319431
2002-11-07,0.0,1.0,345350512.21028304
2002-11-08,0.0,1.0,345350500.0876933
2002-11-11,0.0,1.0,345350463.7143294
2002-11-12,0.0,1.0,345350451.5880181
2002-11-13,0.0,1.0,345350439.4607739
2002-11-14,0.0,1.0,345350427.33260435
2002-11-15,0.0,1.0,345350415.2034998
2002-11-18,0.0,1.0,345350378.81060326
2002-11-19,0.0,1.0,345350366.67777693
2002-11-20,0.0,1.0,345350354.54402053
2002-11-21,0.0,1.0,345350342.4093335
2002-11-22,0.0,1.0,345350330.2737111
2002-11-25,0.0,1.0,345350293.86127245
2002-11-26,0.0,1.0,345350281.721928
2002-11-27,0.0,1.0,345350269.58165145
2002-11-29,0.0,1.0,345350245.29830474
2002-12-02,0.0,1.0,347068709.1099271
2002-12-03,0.0,1.0,347068696.9640614
2002-12-04,0.0,1.0,347068685.23925865
2002-12-05,0.0,1.0,347068673.51358247
2002-12-06,0.0,1.0,347068661.7870377
2002-12-09,0.0,1.0,347068626.6022058
2002-12-10,0.0,1.0,347068614.8721892
2002-12-11,0.0,1.0,347068603.1413003
2002-12-12,0.0,1.0,347068591.4095472
2002-12-13,0.0,1.0,347068579.676925
2002-12-16,0.0,1.0,347068544.4738441
2002-12-17,0.0,1.0,347068532.7377437
2002-12-18,0.0,1.0,347068521.00077534
2002-12-19,0.0,1.0,347068509.2629376
2002-12-20,0.0,1.0,347068497.5242304
2002-12-23,0.0,1.0,347068462.30289185
2002-12-24,0.0,1.0,347068450.5607063
2002-12-26,0.0,1.0,347068427.0737354
2002-12-27,0.0,1.0,347068415.3289404
2002-12-30,0.0,1.0,347068380.08933556
2002-12-31,0.0,1.0,347068368.34106207
2003-01-02,0.0,1.0,347678702.25391126
2003-01-03,0.0,1.0,347678690.50302786
2003-01-06,0.1,0.9,347643808.0238675
2003-01-07,0.1,0.9,348654417.60200846
2003-01-08,0.0,1.0,345673982.79130316
2003-01-09,0.0,1.0,345673980.3611003
2003-01-10,0.0,1.0,345673977.930718
2003-01-13,0.1,0.9,345639386.8286338
2003-01-14,0.1,0.9,346777514.49223495
2003-01-15,0.30000000000000004,0.7,344616719.7850831
2003-01-16,0.30000000000000004,0.7,341074856.9796507
2003-01-17,0.0,1.0,328611252.54403234
2003-01-21,0.1,0.9,328578321.77150476
2003-01-22,0.1,0.9,328342812.00536245
2003-01-23,0.0,1.0,330851136.08361113
2003-01-24,0.0,1.0,330851133.4801644
2003-01-27,0.0,1.0,330851125.6686697
2003-01-28,0.0,1.0,330851123.0644515
2003-01-29,0.0,1.0,330851120.4600403
2003-01-30,0.0,1.0,330851117.85543644
2003-01-31,0.0,1.0,330851115.2506389
2003-02-03,0.0,1.0,335935578.12478656
2003-02-04,0.0,1.0,335935575.51921815
2003-02-05,0.0,1.0,335935572.8946928
2003-02-06,0.0,1.0,335935570.26997095
2003-02-07,0.0,1.0,335935567.64505374
2003-02-10,0.0,1.0,335935559.76912534
2003-02-11,0.0,1.0,335935557.1434248
2003-02-12,0.0,1.0,335935554.5175274
2003-02-13,0.0,1.0,335935551.89143574
2003-02-14,0.1,0.9,335901938.105146
2003-02-18,0.30000000000000004,0.7,339207090.82971317
2003-02-19,0.0,1.0,336470639.62315106
2003-02-20,0.0,1.0,336470632.2299489
2003-02-21,0.0,1.0,336470624.83619875
2003-02-24,0.0,1.0,336470602.65163445
2003-02-25,0.0,1.0,336470595.2556775
2003-02-26,0.0,1.0,336470587.85916793
2003-02-27,0.30000000000000004,0.7,336369589.7024774
2003-02-28,0.30000000000000004,0.7,340922541.3306786
2003-03-03,0.30000000000000004,0.7,337497979.83446795
2003-03-04,0.30000000000000004,0.7,335066278.20121217
2003-03-05,0.30000000000000004,0.7,337187535.75589126
2003-03-06,0.30000000000000004,0.7,335273215.8713593
2003-03-07,0.30000000000000004,0.7,336101019.11765814
2003-03-10,0.0,1.0,329283611.6336629
2003-03-11,0.0,1.0,329283604.838421
2003-03-12,0.0,1.0,329283598.0426699
2003-03-13,0.0,1.0,329283591.24641657
2003-03-14,0.2,0.8,329217682.007897
2003-03-17,0.0,1.0,338026676.2136581
2003-03-18,0.0,1.0,338026670.6608084
2003-03-19,0.0,1.0,338026665.1075465
2003-03-20,0.0,1.0,338026659.5538741
2003-03-21,0.0,1.0,338026653.9997862
2003-03-24,0.0,1.0,338026637.33505183
2003-03-25,0.0,1.0,338026631.7793141
2003-03-26,0.0,1.0,338026626.22316295
2003-03-27,0.0,1.0,338026620.6665986
2003-03-28,0.0,1.0,338026615.1096234
2003-03-31,0.0,1.0,338026598.4362116
2003-04-01,0.0,1.0,334993694.2641476
2003-04-02,0.0,1.0,334993688.7051058
2003-04-03,0.0,1.0,334993683.12570554
2003-04-04,0.0,1.0,334993677.54589033
2003-04-07,0.0,1.0,334993660.8039434
2003-04-08,0.2,0.8,334926619.0764919
2003-04-09,0.0,1.0,330471185.9031699
2003-04-10,0.2,0.8,330405055.7108567
2003-04-11,0.4,0.6,328981547.833534
2003-04-14,0.4,0.6,337512418.9263169
2003-04-15,0.4,0.6,339372531.94862115
2003-04-16,0.4,0.6,340078088.9613062
2003-04-17,0.4,0.6,351687786.0609604
2003-04-21,0.4,0.6,350597352.07514584
2003-04-22,0.8,0.19999999999999996,359515901.83350074
2003-04-23,1.0,0.0,367631909.4934505
2003-04-24,1.0,0.0,362827166.10385764
2003-04-25,0.6000000000000001,0.3999999999999999,338102876.08003634
2003-04-28,0.8,0.19999999999999996,351431811.4618527
2003-04-29,1.0,0.0,358744073.1418614
2003-04-30,1.0,0.0,348331738.8274973
2003-05-01,1.0,0.0,355044945.7509656
2003-05-02,1.0,0.0,377239641.95339686
2003-05-05,1.0,0.0,376965617.56432015
2003-05-06,1.0,0.0,393406131.9091439
2003-05-07,1.0,0.0,376006576.76684725
2003-05-08,1.0,0.0,358881030.2839709
2003-05-09,1.0,0.0,382719778.44253355
2003-05-12,1.0,0.0,399571295.28346515
2003-05-13,1.0,0.0,394913142.820059
2003-05-14,1.0,0.0,386829882.1086168
2003-05-15,1.0,0.0,401763348.82095546
2003-05-16,1.0,0.0,392858062.12929577
2003-05-19,0.8,0.19999999999999996,349905660.7989672
2003-05-20,0.8,0.19999999999999996,350124818.4345005
2003-05-21,0.8,0.19999999999999996,350672720.3587613
2003-05-22,0.8,0.19999999999999996,364041649.55821407
2003-05-23,0.8,0.19999999999999996,362945830.03611064
2003-05-27,0.8,0.19999999999999996,395929819.4734813
2003-05-28,0.8,0.19999999999999996,396587302.82471985
2003-05-29,0.8,0.19999999999999996,403600509.09849894
2003-05-30,0.8,0.19999999999999996,417079019.7245511
2003-06-02,0.8,0.19999999999999996,407597274.54920983
2003-06-03,0.9,0.09999999999999998,418854498.91646147
2003-06-04,0.9,0.09999999999999998,443591125.76148003
2003-06-05,0.9,0.09999999999999998,450369911.35117334
2003-06-06,0.9,0.09999999999999998,431698511.2759605
2003-06-09,1.0,0.0,414650198.6748688
2003-06-10,1.0,0.0,432772305.29263294
2003-06-11,1.0,0.0,449042517.4886167
2003-06-12,1.0,0.0,450100739.7930373
2003-06-13,0.9,0.09999999999999998,422147802.2700374
2003-06-16,1.0,0.0,457698120.2479758
2003-06-17,1.0,0.0,455469075.2065112
2003-06-18,1.0,0.0,464516359.97260153
2003-06-19,0.9,0.09999999999999998,439821767.7480215
2003-06-20,1.0,0.0,436945877.2130944
2003-06-23,0.9,0.09999999999999998,412241125.7690447
2003-06-24,1.0,0.0,404290075.07653964
2003-06-25,1.0,0.0,400872447.4205378
2003-06-26,0.9,0.09999999999999998,427381995.7104516
2003-06-27,1.0,0.0,418349156.62056565
2003-06-30,1.0,0.0,414528818.33809656
2003-07-01,1.0,0.0,430732278.97415686
2003-07-02,0.9,0.09999999999999998,460721866.62139785
2003-07-03,1.0,0.0,446212595.4971971
2003-07-07,0.9,0.09999999999999998,501019483.7791605
2003-07-08,0.9,0.09999999999999998,518268117.5496969
2003-07-09,0.9,0.09999999999999998,514818386.6532918
2003-07-10,0.9,0.09999999999999998,486268914.3544563
2003-07-11,0.9,0.09999999999999998,498402435.2286194
2003-07-14,0.9,0.09999999999999998,514342545.1427356
2003-07-15,0.9,0.09999999999999998,512796112.17117447
2003-07-16,0.9,0.09999999999999998,510060117.9954832
2003-07-17,0.9,0.09999999999999998,471518331.5823131
2003-07-18,0.9,0.09999999999999998,475443880.147974
2003-07-21,0.9,0.09999999999999998,455935066.1811344
2003-07-22,0.9,0.09999999999999998,472469963.5071637
2003-07-23,0.9,0.09999999999999998,483294967.05426717
2003-07-24,0.9,0.09999999999999998,468187536.3562132
2003-07-25,1.0,0.0,492642411.8820741
2003-07-28,1.0,0.0,495025756.9272161
2003-07-29,1.0,0.0,488802548.1483876
2003-07-30,1.0,0.0,475694090.8676141
2003-07-31,1.0,0.0,490391444.8435315
2003-08-01,1.0,0.0,475826492.6869331
2003-08-04,1.0,0.0,479136698.1024527
2003-08-05,0.6000000000000001,0.3999999999999999,436326491.9313187
2003-08-06,1.0,0.0,426778512.55517054
2003-08-07,1.0,0.0,428793063.5789191
2003-08-08,0.6000000000000001,0.3999999999999999,418149910.56756455
2003-08-11,0.6000000000000001,0.3999999999999999,427976843.1320248
2003-08-12,1.0,0.0,439005886.5712036
2003-08-13,1.0,0.0,438615730.2041927
2003-08-14,1.0,0.0,450840259.53015256
2003-08-15,1.0,0.0,452530876.0595131
2003-08-18,1.0,0.0,486343401.29567206
2003-08-19,1.0,0.0,503119621.3319538
2003-08-20,1.0,0.0,503119609.8778194
2003-08-21,1.0,0.0,520416023.1370176
2003-08-22,1.0,0.0,508321519.21204525
2003-08-25,1.0,0.0,510662354.3504129
2003-08-26,1.0,0.0,513393357.32011783
2003-08-27,1.0,0.0,524967645.1052786
2003-08-28,1.0,0.0,540963575.2977749
2003-08-29,1.0,0.0,551627524.9385184
2003-09-02,1.0,0.0,576076560.6366807
2003-09-03,1.0,0.0,574906114.4164735
2003-09-04,1.0,0.0,591422237.8279618
2003-09-05,1.0,0.0,576596719.463461
2003-09-08,1.0,0.0,608068375.1400172
2003-09-09,1.0,0.0,586610393.1601961
2003-09-10,1.0,0.0,537452121.9757786
2003-09-11,1.0,0.0,559690370.8511033
2003-09-12,1.0,0.0,568143499.2767978
2003-09-15,1.0,0.0,555658827.4679058
2003-09-16,1.0,0.0,598964901.9309347
2003-09-17,1.0,0.0,591031943.7814333
2003-09-18,1.0,0.0,620943042.7124096
2003-09-19,1.0,0.0,610409118.4389133
2003-09-22,1.0,0.0,576206379.4912869
2003-09-23,1.0,0.0,603646560.602032
2003-09-24,0.8,0.19999999999999996,540204877.5665001
2003-09-25,0.8,0.19999999999999996,526684043.76772773
2003-09-26,0.8,0.19999999999999996,510979076.5315884
2003-09-29,0.8,0.19999999999999996,535108529.28926754
2003-09-30,0.8,0.19999999999999996,504530653.0159704
2003-10-01,1.0,0.0,533445935.691098
2003-10-02,0.8,0.0,535479574.33722955
2003-10-03,1.0,0.0,572052889.9287759
2003-10-06,1.0,0.0,579882919.7419591
2003-10-07,1.0,0.0,593489216.374628
2003-10-08,1.0,0.0,580396357.7621025
2003-10-09,0.8,0.0,598563772.8917196
2003-10-10,1.0,0.0,606516263.6540798
2003-10-13,1.0,0.0,619179902.5947646
2003-10-14,1.0,0.0,626854838.6108227
2003-10-15,1.0,0.0,623784858.5134166
2003-10-16,1.0,0.0,635681011.5733893
2003-10-17,1.0,0.0,591805933.3789194
2003-10-20,1.0,0.0,611249102.7185556
2003-10-21,1.0,0.0,627750219.8256565
2003-10-22,1.0,0.0,581700575.2735654
2003-10-23,1.0,0.0,569932329.7489884
2003-10-24,1.0,0.0,560594481.9164038
2003-10-27,1.0,0.0,568781072.4649944
2003-10-28,1.0,0.0,621482323.618164
2003-10-29,1.0,0.0,621226488.2132019
2003-10-30,1.0,0.0,617900676.775624
2003-10-31,1.0,0.0,616493600.3579819
2003-11-03,1.0,0.0,651286649.8477108
2003-11-04,1.0,0.0,632610958.2470537
2003-11-05,1.0,0.0,632738869.8441992
2003-11-06,1.0,0.0,646681673.5865955
2003-11-07,1.0,0.0,642076705.4666648
2003-11-10,1.0,0.0,612272342.6034452
2003-11-11,1.0,0.0,605748639.4621959
2003-11-12,1.0,0.0,649367878.182214
2003-11-13,1.0,0.0,644251247.3885671
2003-11-14,1.0,0.0,600759916.1904007
2003-11-17,0.5,0.0,582961734.9029229
2003-11-18,0.5,0.0,564679699.2825127
2003-11-19,1.0,0.0,573047448.6712453
2003-11-20,0.5,0.0,553524978.0169976
2003-11-21,1.0,0.0,559311879.8397157
2003-11-24,0.8,0.0,615478322.091504
2003-11-25,0.8,0.0,607145837.7718511
2003-11-26,0.8,0.0,616102500.6004755
2003-11-28,0.8,0.0,620431496.694627
2003-12-01,1.0,0.0,644152603.6416824
2003-12-02,1.0,0.0,623798282.3043585
2003-12-03,1.0,0.0,607769253.3662885
2003-12-04,1.0,0.0,623925488.4597743
2003-12-05,1.0,0.0,590468075.4406598
2003-12-08,1.0,0.0,604461656.0046375
2003-12-09,0.5,0.5,560038036.5705442
2003-12-10,0.5,0.5,563218030.2508061
2003-12-11,1.0,0.0,580046460.4260049
2003-12-12,1.0,0.0,580292134.4678627
2003-12-15,0.5,0.5,554830868.0241601
2003-12-16,0.5,0.5,558637167.7738825
2003-12-17,1.0,0.0,556456574.5247186
2003-12-18,1.0,0.0,593637384.7586288
2003-12-19,1.0,0.0,587155182.1598719
2003-12-22,1.0,0.0,593881920.983338
2003-12-23,1.0,0.0,614306897.1552447
2003-12-24,1.0,0.0,607946999.9083092
2003-12-26,1.0,0.0,608680794.7985188
2003-12-29,1.0,0.0,642070101.655251
2003-12-30,1.0,0.0,641458556.230159
2003-12-31,1.0,0.0,638645514.3585346
2004-01-02,1.0,0.0,632897125.2534622
2004-01-05,1.0,0.0,675581639.2973382
2004-01-06,1.0,0.0,681819193.9154763
2004-01-07,1.0,0.0,699431146.8329846
2004-01-08,1.0,0.0,722057619.4301603
2004-01-09,1.0,0.0,707503263.1724405
2004-01-12,1.0,0.0,734288080.6407814
2004-01-13,1.0,0.0,712762318.9679965
2004-01-14,1.0,0.0,725726668.2700377
2004-01-15,1.0,0.0,722669015.6634996
2004-01-16,1.0,0.0,753123031.1672179
2004-01-20,1.0,0.0,751899902.9499433
2004-01-21,1.0,0.0,742726982.4323318
2004-01-22,1.0,0.0,719244335.0191376
2004-01-23,1.0,0.0,720222759.2189301
2004-01-26,1.0,0.0,751777485.5994514
2004-01-27,1.0,0.0,701632270.1204718
2004-01-28,1.0,0.0,663228369.0150744
2004-01-29,1.0,0.0,669588228.9624819
2004-01-30,1.0,0.0,665062912.0402997
2004-02-02,1.0,0.0,657969145.2440058
2004-02-03,1.0,0.0,663105951.6044341
2004-02-04,1.0,0.0,624212829.0579778
2004-02-05,1.0,0.0,627148138.9706173
2004-02-06,1.0,0.0,670688827.7616403
2004-02-09,1.0,0.0,659803594.8388104
2004-02-10,1.0,0.0,672156417.316662
2004-02-11,1.0,0.0,690746813.0548904
2004-02-12,1.0,0.0,673012517.4447187
2004-02-13,1.0,0.0,650263702.1523737
2004-02-17,1.0,0.0,679249997.2382915
2004-02-18,1.0,0.0,680350726.7635565
2004-02-19,1.0,0.0,649529757.8309839
2004-02-20,1.0,0.0,645982883.7470332
2004-02-23,1.0,0.0,621888672.0998188
2004-02-24,1.0,0.0,619564851.5915592
2004-02-25,1.0,0.0,629960788.3214487
2004-02-26,1.0,0.0,638766755.3951571
2004-02-27,1.0,0.0,629838445.5472864
2004-03-01,1.0,0.0,654299461.0279711
2004-03-02,1.0,0.0,632773699.2937436
2004-03-03,0.5,0.5,623166594.7022984
2004-03-04,1.0,0.0,632512794.2856659
2004-03-05,0.5,0.5,621369865.0095328
2004-03-08,0.4,0.6,601110351.3063098
2004-03-09,0.4,0.6,599219280.5837542
2004-03-10,0.4,0.6,589266291.0639606
2004-03-11,0.30000000000000004,0.7,581754958.201171
2004-03-12,0.4,0.6,592582620.2059547
2004-03-15,0.30000000000000004,0.7,576817812.6602256
2004-03-16,0.30000000000000004,0.7,579487516.2264154
2004-03-17,0.4,0.6,587563201.1700926
2004-03-18,0.30000000000000004,0.7,581987270.3979104
2004-03-19,0.30000000000000004,0.7,574846972.5669564
2004-03-22,0.0,1.0,568499992.8901523
2004-03-23,0.1,0.9,568443051.3471898
2004-03-24,0.0,1.0,569847763.6459681
2004-03-25,0.4,0.6,569619791.4547098
2004-03-26,0.30000000000000004,0.7,564493413.0647818
2004-03-29,0.4,0.6,574174195.5301458
2004-03-30,0.4,0.6,575422246.043534
2004-03-31,0.4,0.6,572110099.4752576
2004-04-01,1.0,0.0,565396095.0108407
2004-04-02,1.0,0.0,608566336.643567
2004-04-05,1.0,0.0,630672222.32749
2004-04-06,1.0,0.0,611922648.2485913
2004-04-07,1.0,0.0,597571117.1528707
2004-04-08,1.0,0.0,601737661.7806622
2004-04-12,1.0,0.0,614353011.2118157
2004-04-13,1.0,0.0,585765709.3933822
2004-04-14,1.0,0.0,589006350.225824
2004-04-15,1.0,0.0,569446610.3203082
2004-04-16,1.0,0.0,557178362.7300055
2004-04-19,1.0,0.0,585302622.9608742
2004-04-20,0.30000000000000004,0.7,541174393.3071772
2004-04-21,1.0,0.0,545584090.1913486
2004-04-22,1.0,0.0,584549057.8995596
2004-04-23,1.0,0.0,598028201.4725279
2004-04-26,0.9,0.09999999999999998,578034547.7992744
2004-04-27,0.9,0.09999999999999998,576913902.3616604
2004-04-28,0.4,0.6,548728117.5027552
2004-04-29,0.30000000000000004,0.7,538843229.88449
2004-04-30,0.0,1.0,528477902.05313
2004-05-03,0.0,0.0,514746981.6241975
2004-05-04,0.1,0.0,514735276.37472534
2004-05-05,0.0,0.0,515407106.8717298
2004-05-06,0.0,0.0,515421157.6690172
2004-05-07,0.0,0.0,515435208.85322726
2004-05-10,0.0,0.0,515477364.6820435
2004-05-11,0.4,0.0,515388319.11313874
2004-05-12,0.1,0.0,512248033.33610725
2004-05-13,0.5,0.0,512389559.95618045
2004-05-14,0.0,0.0,502884915.69043237
2004-05-17,0.0,0.0,502926045.0861614
2004-05-18,0.0,0.0,502939755.6293679
2004-05-19,0.0,0.0,502953466.54622257
2004-05-20,0.4,0.0,502866584.40290326
2004-05-21,0.5,0.0,507725578.0745836
2004-05-24,0.5,0.0,510836684.5635303
2004-05-25,1.0,0.0,529083809.97688466
2004-05-26,1.0,0.0,535808207.3513656
2004-05-27,1.0,0.0,546006881.1391406
2004-05-28,1.0,0.0,549369075.53129
2004-06-01,1.0,0.0,551946730.1216295
2004-06-02,1.0,0.0,546903417.0579499
2004-06-03,1.0,0.0,525497382.8186648
2004-06-04,1.0,0.0,536144350.33261293
2004-06-07,1.0,0.0,576378686.8911867
2004-06-08,1.0,0.0,581534056.2002326
2004-06-09,1.0,0.0,550489706.7447736
2004-06-10,1.0,0.0,563602289.7747573
2004-06-14,1.0,0.0,537713292.4276296
2004-06-15,1.0,0.0,560352117.2346847
2004-06-16,1.0,0.0,561136622.6635573
2004-06-17,1.0,0.0,542980717.9645939
2004-06-18,1.0,0.0,543541076.5268914
2004-06-21,1.0,0.0,530652605.95855886
2004-06-22,1.0,0.0,554300091.6558914
2004-06-23,1.0,0.0,575257814.9677063
2004-06-24,1.0,0.0,569093767.5641733
2004-06-25,1.0,0.0,580525249.0948442
2004-06-28,1.0,0.0,574249111.0439205
2004-06-29,1.0,0.0,588706575.2553151
2004-06-30,1.0,0.0,601482937.9755427
2004-07-01,1.0,0.0,569093707.3148127
2004-07-02,1.0,0.0,559455383.4927464
2004-07-06,0.4,0.0,518953116.9511582
2004-07-07,0.5,0.0,521804778.67807794
2004-07-08,0.4,0.0,510235010.88613224
2004-07-09,0.4,0.0,514017148.82005024
2004-07-12,0.4,0.0,510593136.07617545
2004-07-13,0.4,0.0,509103216.0001098
2004-07-14,0.4,0.0,503703101.85108876
2004-07-15,0.0,0.0,503523961.50412554
2004-07-16,0.0,0.0,503541235.121323
2004-07-19,0.4,0.0,503492340.9456735
2004-07-20,0.4,0.0,513954406.27066535
2004-07-21,0.0,0.0,498430924.9159904
2004-07-22,0.4,0.0,498348334.2200463
2004-07-23,0.0,0.0,484198727.8028927
2004-07-26,0.0,0.0,484248561.51210797
2004-07-27,0.0,0.0,484265173.88518816
2004-07-28,0.0,0.0,484281786.82594633
2004-07-29,0.0,0.0,484298400.3337903
2004-07-30,0.0,0.0,484315014.41884655
2004-08-02,0.0,0.0,484364860.0852126
2004-08-03,0.0,0.0,484381476.44828326
2004-08-04,0.0,0.0,484400319.5451186
2004-08-05,0.0,0.0,484419163.3710642
2004-08-06,0.0,0.0,484438007.93624663
2004-08-09,0.0,0.0,484494546.01847565
2004-08-10,0.0,0.0,484513393.51427054
2004-08-11,0.0,0.0,484532241.74525756
2004-08-12,0.0,0.0,484551090.7053548
2004-08-13,0.0,0.0,484569940.404689
2004-08-16,0.0,0.0,484626493.88997257
2004-08-17,0.0,0.0,484645346.5167435
2004-08-18,0.0,0.0,484664199.88188237
2004-08-19,0.0,0.0,484683053.9761316
2004-08-20,0.0,0.0,484701908.8096178
2004-08-23,0.0,0.0,484758477.6979568
2004-08-24,0.0,0.0,484777335.45907944
2004-08-25,1.0,0.0,484553795.8613911
2004-08-26,0.0,0.0,478873742.4718507
2004-08-27,1.0,0.0,478652925.12766886
2004-08-30,0.0,0.0,457009756.44977635
2004-08-31,0.0,0.0,457027534.75238574
2004-09-01,1.0,0.0,456816791.0829975
2004-09-02,1.0,0.0,477059691.4031607
2004-09-03,0.0,1.0,449346179.2079015
2004-09-07,1.0,0.0,448896465.73377633
2004-09-08,1.0,0.0,443864303.50925934
2004-09-09,1.0,0.0,458045715.774646
2004-09-10,1.0,0.0,479203485.44231194
2004-09-13,1.0,0.0,493727926.0779226
2004-09-14,1.0,0.0,500932980.9241391
2004-09-15,1.0,0.0,480804438.7213512
2004-09-16,1.0,0.0,483434832.96843123
2004-09-17,1.0,0.0,491783552.9545754
2004-09-20,1.0,0.0,490067948.42410725
2004-09-21,1.0,0.0,501504564.2995993
2004-09-22,1.0,0.0,468109506.3559314
2004-09-23,1.0,0.0,469596235.43491626
2004-09-24,1.0,0.0,462734208.9279379
2004-09-27,1.0,0.0,449238853.3100249
2004-09-28,1.0,0.0,453241645.7013455
2004-09-29,1.0,0.0,473827582.74130034
2004-09-30,1.0,0.0,475543044.83023053
2004-10-01,1.0,0.0,516143121.9611281
2004-10-04,1.0,0.0,522433173.3509173
2004-10-05,1.0,0.0,525292300.5741241
2004-10-06,1.0,0.0,538787513.6744078
2004-10-07,1.0,0.0,518315871.86510104
2004-10-08,1.0,0.0,491668438.2517425
2004-10-11,1.0,0.0,498530322.156483
2004-10-12,0.6000000000000001,0.3999999999999999,495358308.99150795
2004-10-13,1.0,0.0,494748824.57411236
2004-10-14,1.0,0.0,485035003.637239
2004-10-15,1.0,0.0,490863271.11614823
2004-10-18,1.0,0.0,517833318.6822924
2004-10-19,1.0,0.0,503319735.1398415
2004-10-20,1.0,0.0,512005004.15979433
2004-10-21,1.0,0.0,535775241.34796965
2004-10-22,0.6000000000000001,0.3999999999999999,495578793.98645306
2004-10-25,0.6000000000000001,0.3999999999999999,492014634.2673875
2004-10-26,0.6000000000000001,0.3999999999999999,497840570.1430986
2004-10-27,1.0,0.0,521151776.2202217
2004-10-28,1.0,0.0,528558554.63965595
2004-10-29,1.0,0.0,528005791.25823355
2004-11-01,1.0,0.0,530106173.6211254
2004-11-02,1.0,0.0,536407460.1163291
2004-11-03,1.0,0.0,546246320.7430344
2004-11-04,1.0,0.0,559512206.3095839
2004-11-05,1.0,0.0,569351066.9332249
2004-11-08,1.0,0.0,571340900.0722864
2004-11-09,1.0,0.0,571119784.2489831
2004-11-10,1.0,0.0,559843749.2584171
2004-11-11,1.0,0.0,587038832.963058
2004-11-12,1.0,0.0,605942727.2918684
2004-11-15,1.0,0.0,609259150.6986241
2004-11-16,1.0,0.0,594556090.7574819
2004-11-17,1.0,0.0,620535133.3446918
2004-11-18,1.0,0.0,631811133.4399468
2004-11-19,1.0,0.0,597209218.9958888
2004-11-22,1.0,0.0,615781430.819139
2004-11-23,1.0,0.0,608927363.4749255
2004-11-24,1.0,0.0,632032127.0683049
2004-11-26,1.0,0.0,626725730.9381582
2004-11-29,1.0,0.0,629268309.9388672
2004-11-30,1.0,0.0,618434471.6842448
2004-12-01,1.0,0.0,660443147.0402753
2004-12-02,1.0,0.0,667628827.0227209
2004-12-03,1.0,0.0,669065949.0374511
2004-12-06,1.0,0.0,675477749.713913
2004-12-07,1.0,0.0,637448810.3008423
2004-12-08,1.0,0.0,652483482.8817383
2004-12-09,1.0,0.0,661880146.6865754
2004-12-10,1.0,0.0,656021022.0411682
2004-12-13,1.0,0.0,675477627.3009189
2004-12-14,1.0,0.0,683105504.0315533
2004-12-15,1.0,0.0,678130772.911718
2004-12-16,1.0,0.0,658452999.299924
2004-12-17,1.0,0.0,644744882.0360866
2004-12-20,1.0,0.0,638996271.565681
2004-12-21,1.0,0.0,659668952.9011105
2004-12-22,1.0,0.0,664754198.2113224
2004-12-23,1.0,0.0,664864729.8954172
2004-12-27,1.0,0.0,657015667.2421094
2004-12-28,1.0,0.0,677246151.8001372
2004-12-29,1.0,0.0,678019978.6249409
2004-12-30,1.0,0.0,676251174.040087
2004-12-31,1.0,0.0,672824131.5788339
2005-01-03,1.0,0.0,650714240.678504
2005-01-04,1.0,0.0,611911456.8807548
2005-01-05,1.0,0.0,602404208.8706497
2005-01-06,1.0,0.0,594997395.5004925
2005-01-07,1.0,0.0,603178018.1524737
2005-01-10,1.0,0.0,603177965.5512514
2005-01-11,1.0,0.0,589690946.632238
2005-01-12,1.0,0.0,603620127.2426933
2005-01-13,0.5,0.5,579230525.9409707
2005-01-14,1.0,0.0,587837031.4889091
2005-01-18,1.0,0.0,601656001.6493
2005-01-19,0.5,0.5,569271633.8329241
2005-01-20,0.4,0.6,551932810.9273398
2005-01-21,0.4,0.6,547130058.975319
2005-01-24,0.4,0.6,537165465.1026347
2005-01-25,0.4,0.6,541250040.3244753
2005-01-26,0.4,0.6,548970340.5616497
2005-01-27,0.4,0.6,548297053.4161531
2005-01-28,0.4,0.6,544751094.6527404
2005-01-31,0.4,0.6,553324209.8012044
2005-02-01,0.4,0.6,557506434.9926984
2005-02-02,0.4,0.6,558045056.1829174
2005-02-03,0.4,0.6,550638944.6602261
2005-02-04,0.4,0.6,561950084.14434
2005-02-07,0.4,0.6,559481366.9412853
2005-02-08,0.4,0.6,561007468.7263613
2005-02-09,0.4,0.6,549427006.2563549
2005-02-10,0.4,0.6,549427001.2435918
2005-02-11,0.4,0.6,559526232.3853337
2005-02-14,0.4,0.6,562892629.3938766
2005-02-15,0.4,0.6,567022089.8284813
2005-02-16,0.4,0.6,564777810.111365
2005-02-17,0.4,0.6,554319484.9876087
2005-02-18,0.4,0.6,552568945.703661
2005-02-22,0.4,0.6,543277628.3673357
2005-02-23,0.4,0.6,544534417.1801931
2005-02-24,0.4,0.6,553197312.5062097
2005-02-25,0.4,0.6,557192116.453355
2005-02-28,0.4,0.6,550145078.8260522
2005-03-01,0.4,0.6,549470479.3609498
2005-03-02,0.4,0.6,548572764.456954
2005-03-03,0.4,0.6,542602988.5678554
2005-03-04,0.4,0.6,546283593.8929988
2005-03-07,1.0,0.0,556595386.5700597
2005-03-08,0.4,0.6,538191619.5425814
2005-03-09,0.4,0.6,535335085.1768907
2005-03-10,0.4,0.6,536287215.5011322
2005-03-11,0.4,0.6,528323608.0151948
2005-03-14,0.4,0.6,532132165.12561905
2005-03-15,0.4,0.6,526678813.8993121
2005-03-16,0.30000000000000004,0.7,520102302.3902466
2005-03-17,0.30000000000000004,0.7,520512937.3973161
2005-03-18,0.30000000000000004,0.7,519452113.94380605
2005-03-21,0.30000000000000004,0.7,519417880.2855139
2005-03-22,0.0,1.0,513143289.4566953
2005-03-23,0.0,1.0,513143272.911594
2005-03-24,0.0,1.0,513143256.3646601
2005-03-28,0.0,1.0,513143190.15857166
2005-03-29,0.0,1.0,513143173.6024608
2005-03-30,0.30000000000000004,0.7,512989139.424858
2005-03-31,0.1,0.9,509972578.2680088
2005-04-01,0.0,0.0,515799677.44560504
2005-04-04,0.1,0.0,515883950.23909336
2005-04-05,0.1,0.0,516636092.38618916
2005-04-06,0.1,0.0,516334737.9060364
2005-04-07,0.30000000000000004,0.0,518313952.4685007
2005-04-08,0.1,0.0,513846432.50677997
2005-04-11,0.1,0.0,513200660.73128474
2005-04-12,0.30000000000000004,0.0,514252965.9078931
2005-04-13,0.0,0.0,505624204.86883277
2005-04-14,0.0,0.0,505662326.0575106
2005-04-15,0.0,0.0,505700450.11860436
2005-04-18,0.0,0.0,505814839.5723418
2005-04-19,0.0,0.0,505852975.1314936
2005-04-20,0.0,0.0,505891113.5734182
2005-04-21,0.0,0.0,505929254.88749164
2005-04-22,0.0,0.0,505967399.07371414
2005-04-25,0.0,0.0,506081848.87725747
2005-04-26,0.0,0.0,506120004.56974876
2005-04-27,0.0,0.0,506158163.1367999
2005-04-28,0.0,0.0,506196324.58604234
2005-04-29,0.0,0.0,506234488.9074338
2005-05-02,0.0,1.0,506095824.65159434
2005-05-03,0.0,1.0,506095795.51383793
2005-05-04,0.0,1.0,506095764.97710645
2005-05-05,0.0,1.0,506095734.43669087
2005-05-06,0.0,1.0,506095703.89259076
2005-05-09,1.0,0.0,505589389.93248874
2005-05-10,0.0,1.0,491412479.0249247
2005-05-11,1.0,0.0,490920761.14172804
2005-05-12,1.0,0.0,485908668.15489864
2005-05-13,1.0,0.0,501644063.46766716
2005-05-16,1.0,0.0,512250747.5185681
2005-05-17,1.0,0.0,521925078.8029993
2005-05-18,1.0,0.0,541856595.3105782
2005-05-19,1.0,0.0,554794576.4267035
2005-05-20,1.0,0.0,561904611.3820903
2005-05-23,1.0,0.0,569597322.2059202
2005-05-24,1.0,0.0,575308650.0558109
2005-05-25,1.0,0.0,566566671.4376587
2005-05-26,1.0,0.0,584283568.3496028
2005-05-27,1.0,0.0,585332539.2551417
2005-05-31,1.0,0.0,576940059.1139133
2005-06-01,1.0,0.0,595705986.2905103
2005-06-02,1.0,0.0,606312788.8449255
2005-06-03,1.0,0.0,577755793.240106
2005-06-06,1.0,0.0,578454968.3786967
2005-06-07,1.0,0.0,562369777.5138556
2005-06-08,1.0,0.0,558406714.6412898
2005-06-09,1.0,0.0,571111577.7607918
2005-06-10,0.6000000000000001,0.3999999999999999,550143637.6193396
2005-06-13,1.0,0.0,555094102.886273
2005-06-14,0.6000000000000001,0.3999999999999999,549552296.9007004
2005-06-15,0.6000000000000001,0.3999999999999999,552744049.0614343
2005-06-16,1.0,0.0,557589437.4191893
2005-06-17,0.6000000000000001,0.3999999999999999,557938382.9110051
2005-06-20,0.6000000000000001,0.3999999999999999,557320410.1359446
2005-06-21,0.6000000000000001,0.3999999999999999,556633837.1252649
2005-06-22,0.6000000000000001,0.3999999999999999,555192063.7013425
2005-06-23,0.6000000000000001,0.3999999999999999,543108829.9522569
2005-06-24,0.6000000000000001,0.3999999999999999,533016579.09879714
2005-06-27,0.6000000000000001,0.3999999999999999,528897222.5354974
2005-06-28,0.6000000000000001,0.3999999999999999,537959600.2481303
2005-06-29,0.6000000000000001,0.3999999999999999,535007425.98116916
2005-06-30,0.6000000000000001,0.3999999999999999,528279249.6612154
2005-07-01,0.6000000000000001,0.3999999999999999,523879905.76737744
2005-07-05,0.6000000000000001,0.3999999999999999,533422783.8663705
2005-07-06,0.6000000000000001,0.3999999999999999,528136352.4741743
2005-07-07,0.6000000000000001,0.3999999999999999,531569053.0839817
2005-07-08,0.6000000000000001,0.3999999999999999,549762488.9753149
2005-07-11,1.0,0.0,558672787.1688261
2005-07-12,1.0,0.0,567065233.9412539
2005-07-13,1.0,0.0,569220030.4549013
2005-07-14,1.0,0.0,586345187.5774416
2005-07-15,1.0,0.0,591108456.0088241
2005-07-18,1.0,0.0,582148837.6030014
2005-07-19,1.0,0.0,604717762.2030667
2005-07-20,1.0,0.0,618440564.619447
2005-07-21,1.0,0.0,617193006.419766
2005-07-22,1.0,0.0,615718624.5708548
2005-07-25,1.0,0.0,607099241.558192
2005-07-26,1.0,0.0,613110040.0011684
2005-07-27,1.0,0.0,627853548.7978336
2005-07-28,1.0,0.0,635452112.753137
2005-07-29,1.0,0.0,619347605.7350978
2005-08-01,1.0,0.0,624904700.4997857
2005-08-02,1.0,0.0,644298094.010602
2005-08-03,1.0,0.0,644638301.2837665
2005-08-04,1.0,0.0,622409555.8118036
2005-08-05,1.0,0.0,613903640.8976836
2005-08-08,1.0,0.0,600294137.5300499
2005-08-09,1.0,0.0,612769409.8235843
2005-08-10,1.0,0.0,594850313.5972854
2005-08-11,1.0,0.0,611521823.3280352
2005-08-12,1.0,0.0,601087907.4007822
2005-08-15,1.0,0.0,611521710.3958598
2005-08-16,1.0,0.0,580787078.1691185
2005-08-17,1.0,0.0,589746583.926404
2005-08-18,1.0,0.0,582261375.3709315
2005-08-19,1.0,0.0,579766287.0160185
2005-08-22,1.0,0.0,581580791.4010658
2005-08-23,1.0,0.0,576590642.9296721
2005-08-24,1.0,0.0,566156726.959231
2005-08-25,1.0,0.0,570466347.9520199
2005-08-26,1.0,0.0,562527492.0764536
2005-08-29,1.0,0.0,576023414.1365027
2005-08-30,1.0,0.0,569445500.1203835
2005-08-31,1.0,0.0,586684068.8932343
2005-09-01,1.0,0.0,581467096.7437665
2005-09-02,1.0,0.0,576703771.8819803
2005-09-06,1.0,0.0,603128613.3503048
2005-09-07,1.0,0.0,605737056.9538993
2005-09-08,1.0,0.0,603128556.7040832
2005-09-09,1.0,0.0,614356298.8349159
2005-09-12,1.0,0.0,619119510.386201
2005-09-13,1.0,0.0,613335479.079326
2005-09-14,1.0,0.0,592807910.8020076
2005-09-15,1.0,0.0,591333528.7551373
2005-09-16,1.0,0.0,603241741.7976258
2005-09-19,1.0,0.0,587817648.8107885
2005-09-20,1.0,0.0,578858086.4396155
2005-09-21,1.0,0.0,560712166.4162632
2005-09-22,1.0,0.0,566382729.181871
2005-09-23,1.0,0.0,570919173.7156459
2005-09-26,1.0,0.0,571939794.9620552
2005-09-27,1.0,0.0,567289881.8327993
2005-09-28,1.0,0.0,567063029.7899755
2005-09-29,1.0,0.0,589745365.9535342
2005-09-30,1.0,0.0,602560873.527979
2005-10-03,1.0,0.0,606757025.7374183
2005-10-04,1.0,0.0,595188991.3907005
2005-10-05,1.0,0.0,568083537.3137771
2005-10-06,1.0,0.0,547669380.7797177
2005-10-07,1.0,0.0,550618059.7433245
2005-10-10,1.0,0.0,540864557.6696364
2005-10-11,1.0,0.0,532585466.1593945
2005-10-12,1.0,0.0,513645663.30028075
2005-10-13,1.0,0.0,526234347.1819988
2005-10-14,1.0,0.0,536781618.2492996
2005-10-17,1.0,0.0,542338712.1804368
2005-10-18,1.0,0.0,530090206.8460542
2005-10-19,1.0,0.0,562185724.2313622
2005-10-20,1.0,0.0,546875099.6735363
2005-10-21,1.0,0.0,556741899.7785182
2005-10-24,1.0,0.0,583733828.1467893
2005-10-25,1.0,0.0,578176620.333491
2005-10-26,1.0,0.0,566268350.4385421
2005-10-27,1.0,0.0,531791127.798427
2005-10-28,1.0,0.0,545854165.3224044
2005-10-31,1.0,0.0,568876679.8156614
2005-11-01,1.0,0.0,565814532.0790186
2005-11-02,1.0,0.0,587929809.0051783
2005-11-03,1.0,0.0,612653557.852605
2005-11-04,1.0,0.0,621839886.9698123
2005-11-07,1.0,0.0,623087331.4049668
2005-11-08,1.0,0.0,621839772.8080264
2005-11-09,1.0,0.0,623654333.423637
2005-11-10,1.0,0.0,647357375.8402147
2005-11-11,1.0,0.0,649852407.3854806
2005-11-14,1.0,0.0,647924320.7052375
2005-11-15,1.0,0.0,639304993.599412
2005-11-16,1.0,0.0,647357204.4447484
2005-11-17,1.0,0.0,676504014.3312963
2005-11-18,1.0,0.0,680359987.7249447
2005-11-21,1.0,0.0,687845082.2624542
2005-11-22,1.0,0.0,697258234.9598006
2005-11-23,1.0,0.0,700206913.7526618
2005-11-25,1.0,0.0,705196976.7448772
2005-11-28,1.0,0.0,684215703.6775945
2005-11-29,1.0,0.0,674802493.76101
2005-11-30,1.0,0.0,669358697.6395414
2005-12-01,1.0,0.0,707124806.0095257
2005-12-02,1.0,0.0,712908780.3401188
2005-12-05,1.0,0.0,694876214.5896099
2005-12-06,1.0,0.0,702701601.7163997
2005-12-07,1.0,0.0,697144393.7465684
2005-12-08,1.0,0.0,682741063.5929878
2005-12-09,1.0,0.0,690906686.1772913
2005-12-12,1.0,0.0,697711309.5480927
2005-12-13,1.0,0.0,706557403.0547184
2005-12-14,1.0,0.0,697824664.0203141
2005-12-15,1.0,0.0,701453813.6698307
2005-12-16,1.0,0.0,685009070.6762369
2005-12-19,1.0,0.0,655181675.1988727
2005-12-20,1.0,0.0,655635293.7911035
2005-12-21,1.0,0.0,661986327.1664103
2005-12-22,1.0,0.0,676843247.2496942
2005-12-23,1.0,0.0,676049335.7799143
2005-12-27,1.0,0.0,658130152.8973777
2005-12-28,1.0,0.0,656428946.826729
2005-12-29,1.0,0.0,642252440.2420237
2005-12-30,1.0,0.0,630117346.4644496
2006-01-03,1.0,0.0,669811369.4728855
2006-01-04,1.0,0.0,688524291.4845263
2006-01-05,1.0,0.0,699752033.1862657
2006-01-06,1.0,0.0,736043787.7279557
2006-01-09,1.0,0.0,744436176.3109349
2006-01-10,1.0,0.0,746817795.8142503
2006-01-11,1.0,0.0,764850246.8633057
2006-01-12,1.0,0.0,750333504.758842
2006-01-13,1.0,0.0,749199357.7436816
2006-01-17,1.0,0.0,735476411.997793
2006-01-18,1.0,0.0,710072134.880427
2006-01-19,1.0,0.0,726289996.7349862
2006-01-20,1.0,0.0,658469697.8749319
2006-01-23,1.0,0.0,658129375.9465585
2006-01-24,1.0,0.0,669470529.4014235
2006-01-25,1.0,0.0,658356141.933902
2006-01-26,1.0,0.0,673893532.8258268
2006-01-27,1.0,0.0,698277045.8941768
2006-01-30,1.0,0.0,700885431.2820292
2006-01-31,1.0,0.0,697369635.92152
2006-02-01,1.0,0.0,699751255.3440675
2006-02-02,1.0,0.0,666067915.1056108
2006-02-03,1.0,0.0,641003873.3979326
2006-02-06,1.0,0.0,632611311.8948622
2006-02-07,1.0,0.0,625806573.6467783
2006-02-08,1.0,0.0,646787731.9863522
2006-02-09,1.0,0.0,627507693.2205125
2006-02-10,1.0,0.0,638281787.4987655
2006-02-13,1.0,0.0,617300513.5851984
2006-02-14,1.0,0.0,635219552.6864977
2006-02-15,1.0,0.0,648375295.2255992
2006-02-16,1.0,0.0,666067510.6738888
2006-02-17,1.0,0.0,649963002.9176029
2006-02-21,1.0,0.0,626826875.3627424
2006-02-22,1.0,0.0,651664035.6266956
2006-02-23,1.0,0.0,645199532.7881495
2006-02-24,1.0,0.0,649849388.5824513
2006-02-27,1.0,0.0,671851195.3635769
2006-02-28,1.0,0.0,641683621.536838
2006-03-01,1.0,0.0,669129253.6998768
2006-03-02,1.0,0.0,667881694.6853142
2006-03-03,1.0,0.0,656313659.7902787
2006-03-06,1.0,0.0,639301799.4432249
2006-03-07,1.0,0.0,628754470.9388199
2006-03-08,1.0,0.0,627733735.5477521
2006-03-09,1.0,0.0,610154874.0210108
2006-03-10,1.0,0.0,613330376.0669626
2006-03-13,1.0,0.0,619227703.8523546
2006-03-14,1.0,0.0,649735455.1835777
2006-03-15,1.0,0.0,664819198.6073421
2006-03-16,1.0,0.0,646333042.4721618
2006-03-17,1.0,0.0,653704781.9366515
2006-03-20,1.0,0.0,657333873.187984
2006-03-21,1.0,0.0,637713598.8060968
2006-03-22,1.0,0.0,641796395.3902637
2006-03-23,1.0,0.0,635105068.8026611
2006-03-24,1.0,0.0,645198691.9889827
2006-03-27,1.0,0.0,645765663.9464339
2006-03-28,1.0,0.0,636692689.0610685
2006-03-29,1.0,0.0,671736913.249675
2006-03-30,1.0,0.0,677180651.6780927
2006-03-31,1.0,0.0,670829560.529341
2006-04-03,1.0,0.0,674231827.9795747
2006-04-04,1.0,0.0,685459569.3533813
2006-04-05,1.0,0.0,704626138.3210073
2006-04-06,1.0,0.0,712111289.5342829
2006-04-07,1.0,0.0,691923955.9753363
2006-04-10,1.0,0.0,686593512.9904606
2006-04-11,1.0,0.0,669014651.3415833
2006-04-12,1.0,0.0,669128034.0491954
2006-04-13,1.0,0.0,677407067.9962666
2006-04-17,1.0,0.0,655972116.9701668
2006-04-18,1.0,0.0,693171165.7182382
2006-04-19,1.0,0.0,701790435.1115072
2006-04-20,1.0,0.0,695212520.242944
2006-04-21,1.0,0.0,670942361.0104691
2006-04-24,1.0,0.0,667539918.8576919
2006-04-25,1.0,0.0,661415651.2618444
2006-04-26,1.0,0.0,661982681.2087665
2006-04-27,1.0,0.0,679221249.1067747
2006-04-28,1.0,0.0,659374150.9383427
2006-05-01,1.0,0.0,642589113.6145545
2006-05-02,1.0,0.0,646104850.9325386
2006-05-03,1.0,0.0,641908584.2949225
2006-05-04,1.0,0.0,658466681.2299733
2006-05-05,1.0,0.0,673096777.1733339
2006-05-08,1.0,0.0,674457631.4229214
2006-05-09,1.0,0.0,669354070.1804067
2006-05-10,1.0,0.0,649847207.4358029
2006-05-11,1.0,0.0,606637273.717723
2006-05-12,1.0,0.0,582593938.0528016
2006-05-15,0.0,0.0,581395597.7363245
2006-05-16,0.0,0.0,581446698.9246581
2006-05-17,0.0,0.0,581523516.4051182
2006-05-18,0.0,0.0,581600344.0325298
2006-05-19,0.0,0.0,581677181.8168114
2006-05-22,0.0,0.0,581907756.0997709
2006-05-23,0.0,0.0,581984634.4930884
2006-05-24,0.0,0.0,582061523.0518049
2006-05-25,0.0,0.0,582138421.7574729
2006-05-26,0.0,0.0,582215330.6299297
2006-05-30,0.0,0.0,582523067.7252771
2006-05-31,0.0,0.0,582600027.4144839
2006-06-01,0.0,0.0,582676997.2678357
2006-06-02,0.0,0.0,582753977.2879767
2006-06-05,0.0,0.0,582987260.903929
2006-06-06,0.0,0.0,583065042.8579541
2006-06-07,0.0,0.0,583142835.1797402
2006-06-08,0.0,0.0,583220637.8964481
2006-06-09,0.0,0.0,583298450.9882402
2006-06-12,0.0,0.0,583531952.53979
2006-06-13,0.0,0.0,583609807.1654662
2006-06-14,0.0,0.0,583687672.172353
2006-06-15,0.0,0.0,583765547.5741618
2006-06-16,0.0,0.0,583843433.3708924
2006-06-19,0.0,0.0,584077153.0961218
2006-06-20,0.0,0.0,584155080.4595846
2006-06-21,0.0,0.0,584233018.2309246
2006-06-22,0.0,0.0,584310966.3872677
2006-06-23,0.0,0.0,584388924.9484514
2006-06-26,0.0,0.0,584622863.0556891
2006-06-27,0.0,0.0,584700863.2296877
2006-06-28,0.0,0.0,584778873.8051568
2006-06-29,0.0,0.0,584856894.7953856
2006-06-30,0.0,0.0,584934926.1904548
2006-07-03,1.0,0.0,584876498.316833
2006-07-05,0.0,0.0,548609266.423736
2006-07-06,0.0,0.0,548682461.6769575
2006-07-07,0.0,0.0,548759242.4124604
2006-07-10,0.0,0.0,548989649.0836496
2006-07-11,0.0,0.0,549066472.8061787
2006-07-12,0.0,0.0,549143307.2704539
2006-07-13,0.0,0.0,549220152.4963387
2006-07-14,0.0,0.0,549297008.4739239
2006-07-17,0.0,0.0,549527640.9624171
2006-07-18,0.0,0.0,549604539.9672923
2006-07-19,0.0,0.0,549681449.7331091
2006-07-20,0.0,0.0,549758370.2605357
2006-07-21,0.0,0.0,549835301.5594814
2006-07-24,0.0,0.0,550066160.0436757
2006-07-25,0.0,0.0,550143134.4068782
2006-07-26,0.0,0.0,550220119.5436012
2006-07-27,0.0,0.0,550297115.4518431
2006-07-28,0.0,0.0,550374122.1415136
2006-07-31,0.0,0.0,550605206.8592654
2006-08-01,0.0,0.0,550682256.6567779
2006-08-02,0.0,0.0,550759317.233772
2006-08-03,0.0,0.0,550836531.9911388
2006-08-04,0.0,0.0,550913757.5695716
2006-08-07,0.0,0.0,551145499.2842331
2006-08-08,0.0,0.0,551222768.1831257
2006-08-09,0.0,0.0,551300047.9065264
2006-08-10,0.0,0.0,551377338.4807214
2006-08-11,0.0,0.0,551454639.8759824
2006-08-14,0.0,0.0,551686609.1027495
2006-08-15,1.0,0.0,551488071.8852032
2006-08-16,1.0,0.0,589697676.3146055
2006-08-17,1.0,0.0,593559974.607253
2006-08-18,1.0,0.0,596456685.9718032
2006-08-21,1.0,0.0,578800091.2154903
2006-08-22,1.0,0.0,581007097.6023431
2006-08-23,1.0,0.0,566523244.3760198
2006-08-24,1.0,0.0,571489070.5144889
2006-08-25,1.0,0.0,573971958.8517289
2006-08-28,1.0,0.0,587627968.2912843
2006-08-29,1.0,0.0,591076443.5123689
2006-08-30,1.0,0.0,600180499.2516828
2006-08-31,1.0,0.0,597421629.9741017
2006-09-01,1.0,0.0,608043036.5688165
2006-09-05,1.0,0.0,624181934.0621213
2006-09-06,1.0,0.0,587075758.6034346
2006-09-07,0.2,0.0,578291819.8912172
2006-09-08,1.0,0.0,580248621.695797
2006-09-11,1.0,0.0,590029577.7961805
2006-09-12,1.0,0.0,625485952.5554054
2006-09-13,1.0,0.0,634723598.0993408
2006-09-14,1.0,0.0,636761281.7290351
2006-09-15,1.0,0.0,643961202.1901696
2006-09-18,1.0,0.0,643417684.457125
2006-09-19,1.0,0.0,629968657.5331552
2006-09-20,1.0,0.0,657953373.650478
2006-09-21,1.0,0.0,645047740.0631194
2006-09-22,1.0,0.0,629832684.7246364
2006-09-25,1.0,0.0,662164464.5989243
2006-09-26,1.0,0.0,672488896.7492778
2006-09-27,1.0,0.0,667870011.7270887
2006-09-28,1.0,0.0,674662387.0780958
2006-09-29,1.0,0.0,665152961.877911
2006-10-02,1.0,0.0,639205804.6521614
2006-10-03,1.0,0.0,647628360.020356
2006-10-04,1.0,0.0,695718630.0375844
2006-10-05,1.0,0.0,705635517.1074055
2006-10-06,1.0,0.0,699522300.3017547
2006-10-09,1.0,0.0,706993834.0344051
2006-10-10,1.0,0.0,709303214.1465718
2006-10-11,1.0,0.0,706450357.412431
2006-10-12,1.0,0.0,740276551.8942912
2006-10-13,1.0,0.0,751144377.2695733
2006-10-16,1.0,0.0,751280100.6010354
2006-10-17,1.0,0.0,727370751.4531416
2006-10-18,1.0,0.0,715687752.7056051
2006-10-19,1.0,0.0,722480127.9001985
2006-10-20,1.0,0.0,726147991.3164419
2006-10-23,1.0,0.0,746660965.1709062
2006-10-24,1.0,0.0,730630819.5669117
2006-10-25,1.0,0.0,746796730.0293674
2006-10-26,1.0,0.0,768939967.3503965
2006-10-27,1.0,0.0,733483509.4093453
2006-10-30,1.0,0.0,746253127.8486347
2006-10-31,1.0,0.0,752094564.5885319
2006-11-01,1.0,0.0,719219225.0295271
2006-11-02,0.6000000000000001,0.0,721927467.1147261
2006-11-03,0.6000000000000001,0.0,717241946.6148195
2006-11-06,1.0,0.0,738322979.3683666
2006-11-07,1.0,0.0,749832231.6306436
2006-11-08,1.0,0.0,760137024.5511829
2006-11-09,1.0,0.0,747155603.6162677
2006-11-10,1.0,0.0,760939945.7236526
2006-11-13,1.0,0.0,782753964.9937757
2006-11-14,1.0,0.0,808449071.6385244
2006-11-15,1.0,0.0,817147918.7438421
2006-11-16,1.0,0.0,827854198.0730467
2006-11-17,1.0,0.0,825712911.135092
2006-11-20,1.0,0.0,829727697.881721
2006-11-21,1.0,0.0,836285283.9154756
2006-11-22,1.0,0.0,850872598.858671
2006-11-24,1.0,0.0,844582592.6939657
2006-11-27,1.0,0.0,787839097.226659
2006-11-28,1.0,0.0,794262854.4126977
2006-11-29,1.0,0.0,810723772.7366909
2006-11-30,1.0,0.0,808314828.1079555
2006-12-01,1.0,0.0,786099218.8198483
2006-12-04,1.0,0.0,818619543.0165154
2006-12-05,1.0,0.0,825310957.8005013
2006-12-06,1.0,0.0,817147374.088793
2006-12-07,1.0,0.0,787169693.4891882
2006-12-08,1.0,0.0,798411287.9772015
2006-12-11,1.0,0.0,805370308.3663989
2006-12-12,1.0,0.0,791853572.0173914
2006-12-13,1.0,0.0,793325662.9700086
2006-12-14,1.0,0.0,820492886.4430206
2006-12-15,1.0,0.0,827050472.3652412
2006-12-18,1.0,0.0,802559721.0765226
2006-12-19,1.0,0.0,794262308.4890625
2006-12-20,1.0,0.0,784225121.2988911
2006-12-21,1.0,0.0,768433295.0489686
2006-12-22,1.0,0.0,745013226.3260086
2006-12-26,1.0,0.0,750901589.9220982
2006-12-27,1.0,0.0,763213814.8434614
2006-12-28,1.0,0.0,757057663.2577765
2006-12-29,1.0,0.0,753979574.4178201
2007-01-03,1.0,0.0,756789849.0198915
2007-01-04,1.0,0.0,799748872.5926225
2007-01-05,1.0,0.0,789176370.0668232
2007-01-08,1.0,0.0,791183723.9005
2007-01-09,1.0,0.0,802023831.7935374
2007-01-10,1.0,0.0,829191055.1405221
2007-01-11,1.0,0.0,854350846.2543079
2007-01-12,1.0,0.0,867867530.4379998
2007-01-16,1.0,0.0,864120218.9445845
2007-01-17,1.0,0.0,842841411.1438564
2007-01-18,1.0,0.0,795332155.5524536
2007-01-19,1.0,0.0,799079336.1912317
2007-01-22,1.0,0.0,774990070.8574969
2007-01-23,1.0,0.0,767227973.3673434
2007-01-24,1.0,0.0,804967673.0522772
2007-01-25,1.0,0.0,771242785.3972223
2007-01-26,1.0,0.0,764551318.4148725
2007-01-29,1.0,0.0,766960158.3990829
2007-01-30,1.0,0.0,770038194.9100857
2007-01-31,1.0,0.0,788640373.9836105
2007-02-01,1.0,0.0,787034401.9520077
2007-02-02,1.0,0.0,795599419.8735398
2007-02-05,1.0,0.0,791985963.0735543
2007-02-06,1.0,0.0,788506387.605169
2007-02-07,1.0,0.0,811658746.363775
2007-02-08,1.0,0.0,810721918.3754429
2007-02-09,1.0,0.0,776729373.0194511
2007-02-12,1.0,0.0,767093619.4351463
2007-02-13,1.0,0.0,774320349.1526003
2007-02-14,1.0,0.0,814736625.0435369
2007-02-15,1.0,0.0,825710561.578144
2007-02-16,1.0,0.0,822766301.3236389
2007-02-20,1.0,0.0,838825653.8273108
2007-02-21,1.0,0.0,845918554.6918429
2007-02-22,1.0,0.0,855420374.2258841
2007-02-23,1.0,0.0,845918501.9918905
2007-02-26,1.0,0.0,832803199.0135925
2007-02-27,1.0,0.0,730959444.2488272
2007-02-28,1.0,0.0,737650858.634635
2007-03-01,1.0,0.0,726944527.035219
2007-03-02,1.0,0.0,692550495.1345502
2007-03-05,1.0,0.0,676357129.306723
2007-03-06,1.0,0.0,711821738.9396422
2007-03-07,1.0,0.0,702855181.9099352
2007-03-08,1.0,0.0,715033577.6825749
2007-03-09,1.0,0.0,712624632.5899112
2007-03-12,1.0,0.0,726542750.0906216
2007-03-13,1.0,0.0,684118989.2238828
2007-03-14,1.0,0.0,708341978.3392631
2007-03-15,1.0,0.0,710081726.4904916
2007-03-16,1.0,0.0,706468322.0276012
2007-03-19,1.0,0.0,725605763.2230812
2007-03-20,1.0,0.0,736445870.7865903
2007-03-21,1.0,0.0,785025704.2415303
2007-03-22,1.0,0.0,775925318.3256022
2007-03-23,1.0,0.0,768163220.5572815
2007-03-26,1.0,0.0,779270932.7391772
2007-03-27,1.0,0.0,762006989.0702316
2007-03-28,0.4,0.0,736759805.7505996
2007-03-29,0.4,0.0,737249934.3660114
2007-03-30,1.0,0.0,737305057.942889
2007-04-02,1.0,0.0,738106597.8757428
2007-04-03,1.0,0.0,766431836.1311508
2007-04-04,1.0,0.0,772978676.7528105
2007-04-05,1.0,0.0,787007666.2452297
2007-04-09,1.0,0.0,780460627.2917006
2007-04-10,1.0,0.0,791282981.5152007
2007-04-11,1.0,0.0,766297908.9589459
2007-04-12,1.0,0.0,785671290.4572066
2007-04-13,1.0,0.0,789679544.7884494
2007-04-16,1.0,0.0,811591433.0423621
2007-04-17,1.0,0.0,812526661.9131472
2007-04-18,1.0,0.0,808651937.9267541
2007-04-19,1.0,0.0,808384678.5707791
2007-04-20,1.0,0.0,825753912.991219
2007-04-23,1.0,0.0,831098185.723118
2007-04-24,1.0,0.0,842321369.2510844
2007-04-25,1.0,0.0,872650754.3707541
2007-04-26,1.0,0.0,883740328.0830662
2007-04-27,1.0,0.0,885477215.6909127
2007-04-30,1.0,0.0,852208255.6711855
2007-05-01,1.0,0.0,859556754.9088824
2007-05-02,1.0,0.0,881602332.2923889
2007-05-03,1.0,0.0,889752490.3241467
2007-05-04,1.0,0.0,889351621.0597726
2007-05-07,1.0,0.0,889351501.4362946
2007-05-08,1.0,0.0,894562243.8017353
2007-05-09,1.0,0.0,902445182.1878357
2007-05-10,1.0,0.0,858754737.2300711
2007-05-11,1.0,0.0,890821049.6535411
2007-05-14,1.0,0.0,875188583.1172184
2007-05-15,1.0,0.0,852742096.5447636
2007-05-16,1.0,0.0,879464016.876837
2007-05-17,1.0,0.0,869443241.8193766
2007-05-18,1.0,0.0,885877207.4300648
2007-05-21,1.0,0.0,905384118.509081
2007-05-22,1.0,0.0,912465397.9937816
2007-05-23,1.0,0.0,894828864.2140813
2007-05-24,1.0,0.0,852340907.3685881
2007-05-25,1.0,0.0,871847898.3610951
2007-05-29,1.0,0.0,886010377.1947632
2007-05-30,1.0,0.0,911663419.0153627
2007-05-31,1.0,0.0,925692408.1078153
2007-06-01,1.0,0.0,925291538.6429204
2007-06-04,1.0,0.0,932773567.2955291
2007-06-05,1.0,0.0,930234940.9796587
2007-06-06,1.0,0.0,904581819.016055
2007-06-07,1.0,0.0,857818348.4255731
2007-06-08,1.0,0.0,890285490.0524418
2007-06-11,1.0,0.0,883872099.2095263
2007-06-12,1.0,0.0,867705273.1015062
2007-06-13,1.0,0.0,899237146.0826833
2007-06-14,1.0,0.0,913800574.2800773
2007-06-15,1.0,0.0,938785566.9787298
2007-06-18,1.0,0.0,941190422.8764778
2007-06-19,1.0,0.0,936914869.041821
2007-06-20,1.0,0.0,907921501.9427272
2007-06-21,1.0,0.0,934643422.0162474
2007-06-22,1.0,0.0,906184494.108305
2007-06-25,1.0,0.0,892957003.0920739
2007-06-26,1.0,0.0,886543692.3847196
2007-06-27,1.0,0.0,920079712.2858983
2007-06-28,1.0,0.0,917674695.6058319
2007-06-29,1.0,0.0,920747680.7755588
2007-07-02,1.0,0.0,948805618.2374913
2007-07-03,1.0,0.0,964437924.7090483
2007-07-05,1.0,0.0,987285120.1428982
2007-07-06,1.0,0.0,997706644.3385595
2007-07-09,1.0,0.0,998508182.1651635
2007-07-10,1.0,0.0,971919791.3467606
2007-07-11,1.0,0.0,989556244.7813671
2007-07-12,1.0,0.0,1044336222.9952874
2007-07-13,1.0,0.0,1061037407.8056959
2007-07-16,1.0,0.0,1054089576.999787
2007-07-17,1.0,0.0,1074932665.6243541
2007-07-18,1.0,0.0,1068385744.9566393
2007-07-19,1.0,0.0,1091500200.1903641
2007-07-20,1.0,0.0,1063709321.0870843
2007-07-23,1.0,0.0,1063842809.6028119
2007-07-24,1.0,0.0,1007192213.370213
2007-07-25,1.0,0.0,1022824519.6826003
2007-07-26,1.0,0.0,984879295.6301659
2007-07-27,1.0,0.0,939051093.288444
2007-07-30,1.0,0.0,964436834.114719
2007-07-31,1.0,0.0,902575455.5771248
2007-08-01,1.0,0.0,920345518.6609826
2007-08-02,1.0,0.0,950407683.465503
2007-08-03,1.0,0.0,880663326.6240951
2007-08-06,1.0,0.0,929564392.3426503
2007-08-07,1.0,0.0,939585086.9022882
2007-08-08,1.0,0.0,976194131.9313593
2007-08-09,1.0,0.0,901238992.7921345
2007-08-10,1.0,0.0,884537727.0518776
2007-08-13,1.0,0.0,897230536.4409896
2007-08-14,1.0,0.0,851402333.9685234
2007-08-15,1.0,0.0,802100276.6526294
2007-08-16,1.0,0.0,777516032.5866917
2007-08-17,1.0,0.0,831093522.3268901
2007-08-20,1.0,0.0,836437792.4867052
2007-08-21,1.0,0.0,859953076.8849247
2007-08-22,1.0,0.0,894290755.1884855
2007-08-23,1.0,0.0,887075785.2523295
2007-08-24,1.0,0.0,927292294.8024963
2007-08-27,1.0,0.0,907117092.7437208
2007-08-28,1.0,0.0,839243272.9398478
2007-08-29,1.0,0.0,912995842.6025602
2007-08-30,1.0,0.0,925020684.0155879
2007-08-31,1.0,0.0,959892801.4590862
2007-09-04,1.0,0.0,1005587190.5839874
2007-09-05,1.0,0.0,966172258.4178903
2007-09-06,1.0,0.0,971917439.1144614
2007-09-07,1.0,0.0,912594646.5265764
2007-09-10,1.0,0.0,914732280.9934018
2007-09-11,1.0,0.0,954681570.8093857
2007-09-12,1.0,0.0,954147090.7967501
2007-09-13,1.0,0.0,967641639.9227979
2007-09-14,1.0,0.0,970313795.128904
2007-09-17,1.0,0.0,943992541.745972
2007-09-18,1.0,0.0,1018279550.4680867
2007-09-19,1.0,0.0,1026830536.8987772
2007-09-20,1.0,0.0,1013068686.4899391
2007-09-21,1.0,0.0,1037786458.874227
2007-09-24,1.0,0.0,1049143169.3296187
2007-09-25,1.0,0.0,1078670894.5346522
2007-09-26,1.0,0.0,1096173737.6072142
2007-09-27,1.0,0.0,1108198578.8154354
2007-09-28,1.0,0.0,1099380290.9994125
2007-10-01,1.0,0.0,1139596718.401165
2007-10-02,1.0,0.0,1137325310.8239272
2007-10-03,1.0,0.0,1116081311.4419045
2007-10-04,1.0,0.0,1119555125.3097744
2007-10-05,1.0,0.0,1189433010.4613562
2007-10-08,1.0,0.0,1211344894.9184468
2007-10-09,1.0,0.0,1224171394.8469212
2007-10-10,1.0,0.0,1233390430.1305041
2007-10-11,1.0,0.0,1171529051.067016
2007-10-12,1.0,0.0,1231920640.2684393
2007-10-15,1.0,0.0,1198918896.1996903
2007-10-16,1.0,0.0,1185424265.2027729
2007-10-17,1.0,0.0,1231252386.0158572
2007-10-18,1.0,0.0,1244880544.6864831
2007-10-19,1.0,0.0,1147879787.7984533
2007-10-22,1.0,0.0,1190100361.7579713
2007-10-23,1.0,0.0,1268529274.0661473
2007-10-24,1.0,0.0,1239268686.446251
2007-10-25,1.0,0.0,1192772434.4396172
2007-10-26,1.0,0.0,1246884362.8726234
2007-10-29,1.0,0.0,1261447707.7895663
2007-10-30,1.0,0.0,1268261766.5008576
2007-10-31,1.0,0.0,1321839255.69143
2007-11-01,1.0,0.0,1246884115.937009
2007-11-02,1.0,0.0,1275209352.6500282
2007-11-05,1.0,0.0,1251961123.6185272
2007-11-06,1.0,0.0,1291509583.618812
2007-11-07,0.8,0.19999999999999996,1195739223.690361
2007-11-08,0.8,0.19999999999999996,1111527758.025345
2007-11-09,0.8,0.19999999999999996,1021972932.711072
2007-11-12,0.30000000000000004,0.7,960945176.6535422
2007-11-13,0.4,0.6,997605317.8017939
2007-11-14,0.7000000000000001,0.29999999999999993,980910932.2055501
2007-11-15,0.4,0.6,966245300.5005205
2007-11-16,0.7000000000000001,0.29999999999999993,979900275.7563397
2007-11-19,0.4,0.6,951670459.2981567
2007-11-20,0.4,0.6,956489725.7141513
2007-11-21,0.4,0.6,942888516.0168222
2007-11-23,0.4,0.6,955257991.4921551
2007-11-26,0.30000000000000004,0.7,932525303.8207418
2007-11-27,0.4,0.6,951081540.6979765
2007-11-28,0.30000000000000004,0.7,985866597.2068553
2007-11-29,0.0,1.0,988425914.972714
2007-11-30,0.2,0.8,988228032.884033
2007-12-03,0.2,0.8,987887599.2707646
2007-12-04,0.4,0.6,985270919.2265491
2007-12-05,0.5,0.5,1008312425.1361439
2007-12-06,1.0,0.0,1028078553.8921376
2007-12-07,1.0,0.0,1030962819.0981137
2007-12-10,1.0,0.0,1037734519.7048386
2007-12-11,0.4,0.6,962038226.3408681
2007-12-12,0.4,0.6,971664294.7213933
2007-12-13,0.5,0.5,967660174.8099151
2007-12-14,0.4,0.6,952051896.4587513
2007-12-17,0.4,0.6,923578548.092017
2007-12-18,0.4,0.6,928021178.5508785
2007-12-19,0.4,0.6,928626980.2378567
2007-12-20,0.4,0.6,948921771.6627405
2007-12-21,1.0,0.0,971220037.2920969
2007-12-24,1.0,0.0,994121472.5770481
2007-12-26,1.0,0.0,1005388443.0128024
2007-12-27,1.0,0.0,961421995.3515196
2007-12-28,0.5,0.5,961920172.9194797
2007-12-31,0.4,0.6,946472247.9227622
2008-01-02,0.4,0.6,945364920.2171063
2008-01-03,0.4,0.6,946309973.9247792
2008-01-04,0.0,1.0,899389665.9600096
2008-01-07,0.0,1.0,899389529.4067019
2008-01-08,0.0,1.0,899389483.875723
2008-01-09,0.0,1.0,899389438.3381331
2008-01-10,0.0,1.0,899389392.7939384
2008-01-11,0.0,1.0,899389347.243128
2008-01-14,0.0,1.0,899389210.5510411
2008-01-15,0.0,1.0,899389164.973783
2008-01-16,0.0,1.0,899389119.389909
2008-01-17,0.0,1.0,899389073.7994225
2008-01-18,0.0,1.0,899389028.202316
2008-01-22,0.0,1.0,899388845.747705
2008-01-23,0.0,1.0,899388800.1174998
2008-01-24,0.0,1.0,899388754.4806718
2008-01-25,0.0,1.0,899388708.8372195
2008-01-28,0.0,1.0,899388571.8671215
2008-01-29,0.0,1.0,899388526.1971649
2008-01-30,0.0,1.0,899388480.5205834
2008-01-31,0.0,1.0,899388434.8373673
2008-02-01,0.0,1.0,902192464.2314136
2008-02-04,0.0,1.0,902192327.1220961
2008-02-05,0.0,1.0,902192289.2998251
2008-02-06,0.0,1.0,902192251.4730102
2008-02-07,0.0,1.0,902192213.6416581
2008-02-08,0.0,1.0,902192175.8057612
2008-02-11,0.0,1.0,902192062.2708042
2008-02-12,0.0,1.0,902192024.4167312
2008-02-13,0.0,1.0,902191986.5581127
2008-02-14,0.0,1.0,902191948.6949474
2008-02-15,0.0,1.0,902191910.8272346
2008-02-19,0.0,1.0,902191759.3109195
2008-02-20,0.0,1.0,902191721.4204675
2008-02-21,0.0,1.0,902191683.5254666
2008-02-22,0.0,1.0,902191645.6259123
2008-02-25,0.0,1.0,902191531.899954
2008-02-26,0.0,1.0,902191493.982195
2008-02-27,0.0,1.0,902191456.0598851
2008-02-28,0.0,1.0,902191418.1330194
2008-02-29,0.0,1.0,902191380.2015978
2008-03-03,0.0,1.0,921874334.0603273
2008-03-04,0.0,1.0,921874296.1106867
2008-03-05,0.0,1.0,921874261.2290161
2008-03-06,0.0,1.0,921874226.3434954
2008-03-07,0.0,1.0,921874191.4541246
2008-03-10,0.0,1.0,921874086.7629075
2008-03-11,0.0,1.0,921874051.8581346
2008-03-12,0.0,1.0,921874016.9495076
2008-03-13,0.0,1.0,921873982.0370284
2008-03-14,0.0,1.0,921873947.1207001
2008-03-17,0.0,1.0,921873842.3485851
2008-03-18,0.0,1.0,921873807.4168383
2008-03-19,0.0,1.0,921873772.481236
2008-03-20,0.0,1.0,921873737.5417826
2008-03-24,1.0,0.0,920951565.7573925
2008-03-25,1.0,0.0,936167812.7783723
2008-03-26,1.0,0.0,924903660.6245903
2008-03-27,1.0,0.0,864631008.5151286
2008-03-28,1.0,0.0,849216943.0371372
2008-03-31,1.0,0.0,869966204.121117
2008-04-01,1.0,0.0,977468618.2975717
2008-04-02,1.0,0.0,966599695.9034135
2008-04-03,1.0,0.0,976480340.006755
2008-04-04,1.0,0.0,993079891.349305
2008-04-07,1.0,0.0,984779759.085034
2008-04-08,1.0,0.0,961065866.879919
2008-04-09,1.0,0.0,929644992.8174547
2008-04-10,1.0,0.0,970353564.2265007
2008-04-11,1.0,0.0,884786202.299689
2008-04-14,0.0,1.0,872253027.4722493
2008-04-15,0.0,1.0,872252931.066179
2008-04-16,1.0,0.0,871380152.520363
2008-04-17,1.0,0.0,862543927.9210868
2008-04-18,1.0,0.0,945855977.5301856
2008-04-21,1.0,0.0,964790288.1967441
2008-04-22,1.0,0.0,917002933.9418825
2008-04-23,1.0,0.0,953249035.2265404
2008-04-24,1.0,0.0,979937683.4033059
2008-04-25,1.0,0.0,970560470.8205984
2008-04-28,1.0,0.0,977412717.9462514
2008-04-29,1.0,0.0,993101278.548996
2008-04-30,1.0,0.0,968396075.1022097
2008-05-01,1.0,0.0,1063249200.0341265
2008-05-02,1.0,0.0,1065232733.5246094
2008-05-05,1.0,0.0,1055855343.1229204
2008-05-06,1.0,0.0,1079298063.723785
2008-05-07,1.0,0.0,1015281071.9957778
2008-05-08,1.0,0.0,1039264780.489826
2008-05-09,1.0,0.0,1028625262.6544065
2008-05-12,1.0,0.0,1086330373.0587742
2008-05-13,1.0,0.0,1092641809.7399046
2008-05-14,1.0,0.0,1087231841.668097
2008-05-15,1.0,0.0,1142773178.2555025
2008-05-16,1.0,0.0,1142412430.67067
2008-05-19,1.0,0.0,1117346390.4628496
2008-05-20,1.0,0.0,1090477235.1902516
2008-05-21,1.0,0.0,1018525753.9705455
2008-05-22,0.6000000000000001,0.3999999999999999,1030555561.5984915
2008-05-23,0.6000000000000001,0.3999999999999999,1024717809.7863029
2008-05-27,1.0,0.0,1058358781.5678136
2008-05-28,1.0,0.0,1066322087.9649965
2008-05-29,1.0,0.0,1096405797.2168975
2008-05-30,1.0,0.0,1118172234.990442
2008-06-02,1.0,0.0,1075347019.1177845
2008-06-03,1.0,0.0,1059066363.9604981
2008-06-04,1.0,0.0,1097998234.334003
2008-06-05,1.0,0.0,1152679831.5390217
2008-06-06,0.6000000000000001,0.3999999999999999,1043075880.6884335
2008-06-09,0.6000000000000001,0.3999999999999999,1032780574.1081747
2008-06-10,0.6000000000000001,0.3999999999999999,1025987832.6169565
2008-06-11,0.2,0.8,980830643.4070975
2008-06-12,0.2,0.8,980756778.9149822
2008-06-13,0.4,0.6,993266773.1310673
2008-06-16,1.0,0.0,1003978364.1493312
2008-06-17,0.6000000000000001,0.3999999999999999,985111655.1142623
2008-06-18,0.6000000000000001,0.3999999999999999,965442902.640435
2008-06-19,0.4,0.6,992880742.0367446
2008-06-20,0.0,1.0,959785253.1425549
2008-06-23,0.0,1.0,959785150.0930673
2008-06-24,0.0,1.0,959785115.7367613
2008-06-25,0.0,1.0,959785081.3772203
2008-06-26,0.0,1.0,959785047.014436
2008-06-27,0.0,1.0,959785012.6484159
2008-06-30,0.0,1.0,959784909.5309168
2008-07-01,0.0,1.0,969955096.8462234
2008-07-02,0.0,1.0,969955062.4640049
2008-07-03,0.0,1.0,969955027.9819678
2008-07-07,0.0,1.0,969954890.0212494
2008-07-08,0.0,1.0,969954855.5229155
2008-07-09,0.0,1.0,969954821.0213227
2008-07-10,0.0,1.0,969954786.5164678
2008-07-11,0.0,1.0,969954752.0083507
2008-07-14,0.0,1.0,969954648.4644365
2008-07-15,0.0,1.0,969954613.9432709
2008-07-16,0.0,1.0,969954579.4188422
2008-07-17,0.0,1.0,969954544.8911535
2008-07-18,0.0,1.0,969954510.3601968
2008-07-21,0.0,1.0,969954406.7477527
2008-07-22,0.0,1.0,969954372.2037401
2008-07-23,0.0,1.0,969954337.6564631
2008-07-24,0.0,1.0,969954303.1059207
2008-07-25,0.0,1.0,969954268.5521123
2008-07-28,0.0,1.0,969954164.8710899
2008-07-29,0.0,1.0,969954130.3042157
2008-07-30,0.0,1.0,969954095.7340746
2008-07-31,0.0,1.0,969954061.160666
2008-08-01,0.0,1.0,982524565.3901998
2008-08-04,0.0,1.0,982524461.6405623
2008-08-05,1.0,0.0,981541719.7267731
2008-08-06,1.0,0.0,1021430439.3150177
2008-08-07,1.0,0.0,996867236.0025792
2008-08-08,1.0,0.0,1069926652.0454423
2008-08-11,1.0,0.0,1094699425.8612182
2008-08-12,1.0,0.0,1094279450.9499838
2008-08-13,1.0,0.0,1095748946.082221
2008-08-14,1.0,0.0,1133538254.431481
2008-08-15,1.0,0.0,1121571518.0638835
2008-08-18,1.0,0.0,1078533310.9336574
2008-08-19,1.0,0.0,1038644405.9818217
2008-08-20,1.0,0.0,1045572370.0925984
2008-08-21,1.0,0.0,1034865280.3740336
2008-08-22,1.0,0.0,1074963940.9394054
2008-08-25,1.0,0.0,1005053270.6608768
2008-08-26,1.0,0.0,999384767.7044756
2008-08-27,1.0,0.0,1021848374.4055222
2008-08-28,1.0,0.0,1045571627.7992924
2008-08-29,0.1,0.9,974572803.3765471
2008-09-02,0.0,1.0,987957484.9015663
2008-09-03,0.0,1.0,987957476.0809731
2008-09-04,0.0,1.0,987957467.7307363
2008-09-05,0.0,1.0,987957459.3797537
2008-09-08,0.0,1.0,987957434.322339
2008-09-09,0.0,1.0,987957425.9683764
2008-09-10,0.0,1.0,987957417.6136694
2008-09-11,0.0,1.0,987957409.2582153
2008-09-12,0.0,1.0,987957400.9020172
2008-09-15,0.0,1.0,987957375.8289473
2008-09-16,0.0,1.0,987957367.4697661
2008-09-17,0.0,1.0,987957359.1098386
2008-09-18,0.0,1.0,987957350.7491657
2008-09-19,0.0,1.0,987957342.3877463
2008-09-22,0.0,1.0,987957317.2990131
2008-09-23,0.0,1.0,987957308.93461
2008-09-24,0.0,1.0,987957300.5694603
2008-09-25,0.0,1.0,987957292.2035637
2008-09-26,0.0,1.0,987957283.8369213
2008-09-29,0.0,1.0,987957258.7325165
2008-09-30,0.0,1.0,987957250.3628879
2008-10-01,0.0,1.0,981333557.1924019
2008-10-02,0.0,1.0,981333548.82128
2008-10-03,0.0,1.0,981333542.548388
2008-10-06,0.0,1.0,981333523.7271976
2008-10-07,0.0,1.0,981333517.452629
2008-10-08,0.0,1.0,981333511.1776401
2008-10-09,0.0,1.0,981333504.9022323
2008-10-10,0.0,1.0,981333498.6264057
2008-10-13,0.0,1.0,981333479.7964044
2008-10-14,0.0,1.0,981333473.518899
2008-10-15,0.0,1.0,981333467.2409735
2008-10-16,0.0,1.0,981333460.962628
2008-10-17,0.0,1.0,981333454.6838635
2008-10-20,0.0,1.0,981333435.8450502
2008-10-21,0.0,1.0,981333429.5646062
2008-10-22,0.0,1.0,981333423.2837429
2008-10-23,0.0,1.0,981333417.0024594
2008-10-24,0.0,1.0,981333410.7207557
2008-10-27,0.0,1.0,981333391.8731267
2008-10-28,0.0,1.0,981333385.589743
2008-10-29,0.0,1.0,981333379.3059397
2008-10-30,0.0,1.0,981333373.0217159
2008-10-31,0.0,1.0,981333366.7370726
2008-11-03,0.0,1.0,1006699692.9417057
2008-11-04,0.0,1.0,1006699686.6553812
2008-11-05,0.0,1.0,1006699681.831192
2008-11-06,0.0,1.0,1006699677.006756
2008-11-07,0.0,1.0,1006699672.182072
2008-11-10,0.0,1.0,1006699657.7065346
2008-11-11,0.0,1.0,1006699652.8808607
2008-11-12,0.0,1.0,1006699648.0549387
2008-11-13,0.0,1.0,1006699643.2287698
2008-11-14,0.0,1.0,1006699638.4023529
2008-11-17,0.0,1.0,1006699623.9216158
2008-11-18,0.0,1.0,1006699619.094209
2008-11-19,0.0,1.0,1006699614.2665534
2008-11-20,0.0,1.0,1006699609.438651
2008-11-21,0.0,1.0,1006699604.6105014
2008-11-24,0.0,1.0,1006699590.124566
2008-11-25,0.0,1.0,1006699585.2954247
2008-11-26,0.0,1.0,1006699580.4660361
2008-11-28,0.0,1.0,1006699570.806517
2008-12-01,0.0,1.0,1101513367.0248265
2008-12-02,0.0,1.0,1101513362.1939514
2008-12-03,0.0,1.0,1101513357.9459445
2008-12-04,0.0,1.0,1101513353.697746
2008-12-05,0.0,1.0,1101513349.4493558
2008-12-08,0.0,1.0,1101513336.7030344
2008-12-09,0.0,1.0,1101513332.453878
2008-12-10,0.0,1.0,1101513328.2045295
2008-12-11,0.0,1.0,1101513323.954989
2008-12-12,0.0,1.0,1101513319.7052577
2008-12-15,0.0,1.0,1101513306.954913
2008-12-16,0.0,1.0,1101513302.7044144
2008-12-17,0.0,1.0,1101513298.4537244
2008-12-18,0.0,1.0,1101513294.2028418
2008-12-19,0.0,1.0,1101513289.951768
2008-12-22,0.0,1.0,1101513277.1973987
2008-12-23,0.0,1.0,1101513272.9455576
2008-12-24,0.0,1.0,1101513268.693525
2008-12-26,0.0,1.0,1101513260.188884
2008-12-29,0.0,1.0,1101513247.4304845
2008-12-30,0.0,1.0,1101513243.1773012
2008-12-31,0.0,1.0,1101513238.9239264
2009-01-02,0.0,1.0,1094118650.5132892
2009-01-05,0.0,1.0,1094118637.7508612
2009-01-06,0.0,1.0,1094118633.5217562
2009-01-07,0.0,1.0,1094118629.2924616
2009-01-08,0.0,1.0,1094118625.0629768
2009-01-09,0.0,1.0,1094118620.833303
2009-01-12,0.0,1.0,1094118608.1431425
2009-01-13,0.0,1.0,1094118603.9127102
2009-01-14,0.0,1.0,1094118599.682088
2009-01-15,0.0,1.0,1094118595.4512756
2009-01-16,0.0,1.0,1094118591.2202742
2009-01-20,0.0,1.0,1094118574.2943697
2009-01-21,0.0,1.0,1094118570.0624197
2009-01-22,0.0,1.0,1094118565.8302794
2009-01-23,0.0,1.0,1094118561.59795
2009-01-26,0.0,1.0,1094118548.8998218
2009-01-27,0.0,1.0,1094118544.6667328
2009-01-28,0.0,1.0,1094118540.4334545
2009-01-29,0.0,1.0,1094118536.1999857
2009-01-30,0.0,1.0,1094118531.966328
2009-02-02,0.0,1.0,1063168392.7507746
2009-02-03,0.0,1.0,1063168388.5163567
2009-02-04,0.0,1.0,1063168384.1036189
2009-02-05,0.0,1.0,1063168379.6906743
2009-02-06,0.0,1.0,1063168375.2775239
2009-02-09,0.0,1.0,1063168362.0368338
2009-02-10,0.0,1.0,1063168357.6228584
2009-02-11,0.0,1.0,1063168353.208676
2009-02-12,0.0,1.0,1063168348.7942886
2009-02-13,0.0,1.0,1063168344.3796935
2009-02-17,0.0,1.0,1063168326.7192558
2009-02-18,0.0,1.0,1063168322.3036301
2009-02-19,0.0,1.0,1063168317.8877977
2009-02-20,0.0,1.0,1063168313.4717593
2009-02-23,0.0,1.0,1063168300.2224073
2009-02-24,0.0,1.0,1063168295.8055435
2009-02-25,0.0,1.0,1063168291.3884734
2009-02-26,0.0,1.0,1063168286.9711974
2009-02-27,0.0,1.0,1063168282.5537143
2009-03-02,0.0,1.0,1070239332.0748328
2009-03-03,0.0,1.0,1070239327.6565243
2009-03-04,0.0,1.0,1070239323.3399162
2009-03-05,0.0,1.0,1070239319.0231115
2009-03-06,0.0,1.0,1070239314.7061099
2009-03-09,0.0,1.0,1070239301.7539235
2009-03-10,0.0,1.0,1070239297.4361335
2009-03-11,0.0,1.0,1070239293.118146
2009-03-12,0.0,1.0,1070239288.7999616
2009-03-13,0.0,1.0,1070239284.4815804
2009-03-16,0.0,1.0,1070239271.525255
2009-03-17,0.0,1.0,1070239267.2060851
2009-03-18,0.0,1.0,1070239262.8867176
2009-03-19,0.0,1.0,1070239258.5671532
2009-03-20,0.0,1.0,1070239254.247392
2009-03-23,0.0,1.0,1070239241.286926
2009-03-24,0.0,1.0,1070239236.966376
2009-03-25,0.0,1.0,1070239232.6456281
2009-03-26,0.0,1.0,1070239228.3246844
2009-03-27,0.0,1.0,1070239224.0035427
2009-03-30,0.0,1.0,1070239211.0389318
2009-03-31,0.0,1.0,1070239206.717001
2009-04-01,0.0,1.0,1062699130.0935214
2009-04-02,0.0,1.0,1062699125.7711957
2009-04-03,0.0,1.0,1062699121.5252348
2009-04-06,0.0,1.0,1062699108.7862087
2009-04-07,0.0,1.0,1062699104.5394862
2009-04-08,0.0,1.0,1062699100.2925723
2009-04-09,0.0,1.0,1062699096.0454686
2009-04-13,0.0,1.0,1062699079.0551516
2009-04-14,0.0,1.0,1062699074.8070956
2009-04-15,0.0,1.0,1062699070.5588497
2009-04-16,0.0,1.0,1062699066.3104129
2009-04-17,0.0,1.0,1062699062.0617851
2009-04-20,0.0,1.0,1062699049.3147607
2009-04-21,0.0,1.0,1062699045.0653714
2009-04-22,0.0,1.0,1062699040.815792
2009-04-23,0.30000000000000004,0.7,1062380179.4622194
2009-04-24,0.1,0.9,1082581725.7250807
2009-04-27,0.30000000000000004,0.7,1081536351.4011676
2009-04-28,0.30000000000000004,0.7,1075908722.0918462
2009-04-29,0.30000000000000004,0.7,1090290406.8127253
2009-04-30,0.5,0.5,1098524073.4744916
2009-05-01,0.5,0.5,1086091062.3655612
2009-05-04,0.5,0.5,1122782444.9068406
2009-05-05,0.5,0.5,1118258836.8685656
2009-05-06,0.5,0.5,1118258827.383322
2009-05-07,0.30000000000000004,0.7,1075819151.0063822
2009-05-08,0.5,0.5,1078896521.5331535
2009-05-11,0.5,0.5,1080381506.1637323
2009-05-12,0.5,0.5,1059096297.5139742
2009-05-13,0.5,0.5,1017020894.5892109
2009-05-14,0.5,0.5,1037811079.1132637
2009-05-15,0.5,0.5,1032861023.1064665
2009-05-18,0.30000000000000004,0.7,1073734063.5220535
2009-05-19,0.5,0.5,1077697810.9200428
2009-05-20,0.5,0.5,1072278689.8620648
2009-05-21,0.30000000000000004,0.7,1042036534.3145733
2009-05-22,0.5,0.5,1038767174.9997038
2009-05-26,0.4,0.6,1095095529.719496
2009-05-27,0.4,0.6,1085724543.443239
2009-05-28,0.4,0.6,1102514209.6338003
2009-05-29,0.4,0.6,1116961130.827019
2009-06-01,0.4,0.6,1135062924.5389638
2009-06-02,0.4,0.6,1138186578.245273
2009-06-03,0.6000000000000001,0.3999999999999999,1132928522.3840783
2009-06-04,0.6000000000000001,0.3999999999999999,1156923797.734421
2009-06-05,0.6000000000000001,0.3999999999999999,1157457017.8037071
2009-06-08,0.6000000000000001,0.3999999999999999,1151058250.072623
2009-06-09,0.6000000000000001,0.3999999999999999,1169188011.6008341
2009-06-10,0.6000000000000001,0.3999999999999999,1160123118.1442468
2009-06-11,0.6000000000000001,0.3999999999999999,1162789252.3275998
2009-06-12,0.6000000000000001,0.3999999999999999,1152657901.8120177
2009-06-15,0.6000000000000001,0.3999999999999999,1105733765.8606186
2009-06-16,0.6000000000000001,0.3999999999999999,1087603987.40687
2009-06-17,0.6000000000000001,0.3999999999999999,1104134063.344621
2009-06-18,0.6000000000000001,0.3999999999999999,1100934683.705054
2009-06-19,0.6000000000000001,0.3999999999999999,1124396730.5203955
2009-06-22,0.6000000000000001,0.3999999999999999,1063075424.2748718
2009-06-23,0.6000000000000001,0.3999999999999999,1060409273.1624455
2009-06-24,0.6000000000000001,0.3999999999999999,1089203605.2668796
2009-06-25,0.6000000000000001,0.3999999999999999,1127062822.3657196
2009-06-26,0.6000000000000001,0.3999999999999999,1133461556.2469144
2009-06-29,0.6000000000000001,0.3999999999999999,1138260587.602281
2009-06-30,0.6000000000000001,0.3999999999999999,1129195694.137829
2009-07-01,0.6000000000000001,0.3999999999999999,1141833129.6253304
2009-07-02,0.6000000000000001,0.3999999999999999,1093309325.0062447
2009-07-06,0.6000000000000001,0.3999999999999999,1086377321.2249744
2009-07-07,0.5,0.5,1039393934.0498942
2009-07-08,0.6000000000000001,0.3999999999999999,1046471407.6167419
2009-07-09,0.6000000000000001,0.3999999999999999,1051034116.8479047
2009-07-10,0.6000000000000001,0.3999999999999999,1057307843.7501302
2009-07-13,0.6000000000000001,0.3999999999999999,1094950218.8395178
2009-07-14,0.6000000000000001,0.3999999999999999,1102364624.1884322
2009-07-15,1.0,0.0,1169816408.8149817
2009-07-16,1.0,0.0,1211547076.1260698
2009-07-17,1.0,0.0,1231080569.929946
2009-07-20,1.0,0.0,1271923312.5313785
2009-07-21,1.0,0.0,1294120467.152611
2009-07-22,1.0,0.0,1323420717.2950273
2009-07-23,1.0,0.0,1416648827.1349063
2009-07-24,1.0,0.0,1409545712.725189
2009-07-27,1.0,0.0,1410433542.9972842
2009-07-28,1.0,0.0,1426415489.0307727
2009-07-29,1.0,0.0,1410433505.214251
2009-07-30,1.0,0.0,1437957981.4693422
2009-07-31,1.0,0.0,1420200223.7706072
2009-08-03,1.0,0.0,1486791687.6036315
2009-08-04,1.0,0.0,1487679555.6468296
2009-08-05,1.0,0.0,1449500398.3179827
2009-08-06,1.0,0.0,1411321240.9882832
2009-08-07,1.0,0.0,1461930777.6831696
2009-08-10,1.0,0.0,1437069886.652091
2009-08-11,1.0,0.0,1395339181.5571117
2009-08-12,1.0,0.0,1461042796.2320595
2009-08-13,1.0,0.0,1485015724.7141986
2009-08-14,1.0,0.0,1438845584.915389
2009-08-17,1.0,0.0,1313653469.617659
2009-08-18,1.0,0.0,1368702441.0044374
2009-08-19,1.0,0.0,1395339030.302223
2009-08-20,1.0,0.0,1440621245.344497
2009-08-21,1.0,0.0,1503661199.191006
2009-08-24,1.0,0.0,1495670159.9889421
2009-08-25,1.0,0.0,1509876332.1180477
2009-08-26,1.0,0.0,1502773217.6801949
2009-08-27,1.0,0.0,1513427842.0465767
2009-08-28,1.0,0.0,1519643031.7108328
2009-08-31,1.0,0.0,1469033419.3586407
2009-09-01,1.0,0.0,1389123575.814809
2009-09-02,1.0,0.0,1385572009.132
2009-09-03,1.0,0.0,1415760146.1780045
2009-09-04,1.0,0.0,1500997273.5189269
2009-09-08,1.0,0.0,1546279431.7693708
2009-09-09,1.0,0.0,1587122212.093306
2009-09-10,1.0,0.0,1635068087.9384222
2009-09-11,1.0,0.0,1633292295.1284394
2009-09-14,1.0,0.0,1657265185.721762
2009-09-15,1.0,0.0,1674135018.6537054
2009-09-16,1.0,0.0,1745165954.9403121
2009-09-17,1.0,0.0,1737174953.543425
2009-09-18,1.0,0.0,1749605351.7715342
2009-09-21,1.0,0.0,1768250920.7053957
2009-09-22,1.0,0.0,1776241884.2288165
2009-09-23,1.0,0.0,1746053709.3204448
2009-09-24,1.0,0.0,1701659343.3671486
2009-09-25,1.0,0.0,1654601316.5922348
2009-09-28,1.0,0.0,1744277840.7285058
2009-09-29,1.0,0.0,1722968535.2175515
2009-09-30,1.0,0.0,1726520064.032865
2009-10-01,1.0,0.0,1567588282.7807727
2009-10-02,1.0,0.0,1556933620.5503068
2009-10-05,1.0,0.0,1593336928.2533689
2009-10-06,1.0,0.0,1677686168.626703
2009-10-07,1.0,0.0,1693668114.599595
2009-10-08,1.0,0.0,1714977382.2131584
2009-10-09,1.0,0.0,1745165519.2284107
2009-10-12,1.0,0.0,1750492784.0046175
2009-10-13,1.0,0.0,1752268538.9283097
2009-10-14,1.0,0.0,1825075249.0714974
2009-10-15,1.0,0.0,1821523682.3519528
2009-10-16,1.0,0.0,1778017203.3201065
2009-10-19,1.0,0.0,1831290362.8520923
2009-10-20,1.0,0.0,1829514570.0087802
2009-10-21,1.0,0.0,1820635681.6425781
2009-10-22,1.0,0.0,1850823818.6467135
2009-10-23,1.0,0.0,1820635643.7126954
2009-10-26,1.0,0.0,1799326300.2453496
2009-10-27,1.0,0.0,1723855891.3549361
2009-10-28,1.0,0.0,1602215361.570439
2009-10-29,1.0,0.0,1685676714.9838483
2009-10-30,1.0,0.0,1555157315.795096
2009-11-02,1.0,0.0,1571139223.8004656
2009-11-03,1.0,0.0,1588896943.6307716
2009-11-04,1.0,0.0,1594224246.2966607
2009-11-05,1.0,0.0,1708761642.6129823
2009-11-06,1.0,0.0,1738061892.6640275
2009-11-09,1.0,0.0,1850823477.1391497
2009-11-10,1.0,0.0,1865917536.1427004
2009-11-11,1.0,0.0,1896993560.0699742
2009-11-12,1.0,0.0,1865029611.2383304
2009-11-13,1.0,0.0,1913863373.9689794
2009-11-16,1.0,0.0,1975127515.891367
2009-11-17,1.0,0.0,1991997348.7694325
2009-11-18,1.0,0.0,1957369739.1118877
2009-11-19,1.0,0.0,1864141591.3966973
2009-11-20,1.0,0.0,1835729190.31922
2009-11-23,1.0,0.0,1926293601.2520163
2009-11-24,1.0,0.0,1904096408.7528934
2009-11-25,1.0,0.0,1928069337.1461415
2009-11-27,1.0,0.0,1837504831.250384
2009-11-30,1.0,0.0,1843719982.8410227
2009-12-01,1.0,0.0,1906759936.6003222
2009-12-02,1.0,0.0,1916526673.9435024
2009-12-03,1.0,0.0,1890777933.6756501
2009-12-04,1.0,0.0,1919190296.762458
2009-12-07,1.0,0.0,1892553631.545687
2009-12-08,1.0,0.0,1857926021.8710055
2009-12-09,1.0,0.0,1911199219.2806501
2009-12-10,1.0,0.0,1942275243.1830778
2009-12-11,1.0,0.0,1918302276.7888768
2009-12-14,1.0,0.0,1972463323.1172516
2009-12-15,1.0,0.0,1936947826.496314
2009-12-16,1.0,0.0,1944938789.946983
2009-12-17,1.0,0.0,1872132041.8336465
2009-12-18,1.0,0.0,1963584377.6665127
2009-12-21,1.0,0.0,2033727388.901457
2009-12-22,1.0,0.0,2069242847.4948666
2009-12-23,1.0,0.0,2110973514.6691988
2009-12-24,1.0,0.0,2172237694.5282693
2009-12-28,1.0,0.0,2201537887.474159
2009-12-29,1.0,0.0,2179340694.945028
2009-12-30,1.0,0.0,2202425736.3680124
2009-12-31,1.0,0.0,2137609970.7049553
2010-01-04,1.0,0.0,2229062249.444625
2010-01-05,1.0,0.0,2234389552.0573726
2010-01-06,1.0,0.0,2198874055.4175606
2010-01-07,1.0,0.0,2192658827.8052845
2010-01-08,1.0,0.0,2247707799.0697026
2010-01-11,1.0,0.0,2225510568.4641314
2010-01-12,1.0,0.0,2138497629.2844145
2010-01-13,1.0,0.0,2221958982.63268
2010-01-14,1.0,0.0,2223734737.476684
2010-01-15,1.0,0.0,2145600667.6969347
2010-01-19,1.0,0.0,2252147024.3694186
2010-01-20,1.0,0.0,2153591554.9595246
2010-01-21,1.0,0.0,2093215223.9797103
2010-01-22,1.0,0.0,1904095286.662152
2010-01-25,1.0,0.0,1928068176.9137397
2010-01-26,1.0,0.0,1932507592.5682
2010-01-27,1.0,0.0,1980453468.2942657
2010-01-28,0.4,0.0,1823637880.9994059
2010-01-29,0.4,0.0,1786715124.9673748
2010-02-01,0.4,0.0,1810159800.124795
2010-02-02,0.4,0.0,1829692086.7967443
2010-02-03,0.4,0.0,1839638012.7190416
2010-02-04,0.4,0.0,1774663625.575147
2010-02-05,0.4,0.0,1790290712.6997628
2010-02-08,0.4,0.0,1776809636.6066246
2010-02-09,0.4,0.0,1799183102.6870258
2010-02-10,0.4,0.0,1794571053.1833603
2010-02-11,0.4,0.0,1825821333.6308107
2010-02-12,0.4,0.0,1828665808.1983309
2010-02-16,0.5,0.0,1857004443.8195703
2010-02-17,1.0,0.0,1872530539.7227838
2010-02-18,1.0,0.0,1907659881.300642
2010-02-19,1.0,0.0,1907659860.7349632
2010-02-22,1.0,0.0,1893950779.659728
2010-02-23,0.4,0.0,1819718468.3502421
2010-02-24,0.5,0.0,1841565795.22269
2010-02-25,0.5,0.0,1841148412.0567114
2010-02-26,1.0,0.0,1852049146.4615848
2010-03-01,1.0,0.0,1931502089.5142577
2010-03-02,1.0,0.0,1943210932.8999927
2010-03-03,1.0,0.0,1954083428.8718042
2010-03-04,1.0,0.0,1975828441.2119696
2010-03-05,1.0,0.0,2062808551.7667718
2010-03-08,1.0,0.0,2074517354.3458693
2010-03-09,1.0,0.0,2111316620.1158714
2010-03-10,1.0,0.0,2162333791.9063053
2010-03-11,1.0,0.0,2182406109.4141045
2010-03-12,1.0,0.0,2187424173.4866443
2010-03-15,1.0,0.0,2172369858.830128
2010-03-16,1.0,0.0,2214187209.071922
2010-03-17,1.0,0.0,2229241442.0961785
2010-03-18,1.0,0.0,2251822801.8367085
2010-03-19,1.0,0.0,2211678105.5998535
2010-03-22,1.0,0.0,2271895058.096129
2010-03-23,1.0,0.0,2319566840.2227306
2010-03-24,1.0,0.0,2286112923.285512
2010-03-25,1.0,0.0,2271894996.8468432
2010-03-26,1.0,0.0,2283603840.210882
2010-03-29,1.0,0.0,2315384980.6454926
2010-03-30,1.0,0.0,2339639035.2012105
2010-03-31,1.0,0.0,2307857813.083699
2010-04-01,1.0,0.0,2303676055.5949354
2010-04-05,1.0,0.0,2369747419.519788
2010-04-06,1.0,0.0,2388147042.1780334
2010-04-07,1.0,0.0,2374765463.1406226
2010-04-08,1.0,0.0,2383128916.8408213
2010-04-09,1.0,0.0,2425782614.473925
2010-04-12,1.0,0.0,2435818722.132019
2010-04-13,1.0,0.0,2472617987.870364
2010-04-14,1.0,0.0,2559598098.3889885
2010-04-15,1.0,0.0,2593888321.886463
2010-04-16,1.0,0.0,2501053738.60403
2010-04-19,1.0,0.0,2497708287.634798
2010-04-20,1.0,0.0,2534507553.3668056
2010-04-21,1.0,0.0,2578833945.815085
2010-04-22,1.0,0.0,2617305906.3713207
2010-04-23,1.0,0.0,2651596129.8615522
2010-04-26,1.0,0.0,2632360078.0259285
2010-04-27,1.0,0.0,2470108659.452894
2010-04-28,1.0,0.0,2475126723.4829054
2010-04-29,1.0,0.0,2602251509.812896
2010-04-30,1.0,0.0,2448363565.3673415
2010-05-03,1.0,0.0,2548725193.5745206
2010-05-04,1.0,0.0,2322911371.6056433
2010-05-05,1.0,0.0,2285275717.5653057
2010-05-06,0.8,0.0,2060928246.0702772
2010-05-07,0.4,0.0,1940815243.0695868
2010-05-10,0.7000000000000001,0.0,2056040411.2882242
2010-05-11,0.7000000000000001,0.0,2055494464.4242468
2010-05-12,0.6000000000000001,0.0,2132667564.303607
2010-05-13,0.6000000000000001,0.0,2074841815.7913227
2010-05-14,0.2,0.0,1999524807.0497801
2010-05-17,0.2,0.0,2004875531.7566774
2010-05-18,0.2,0.0,1989394958.7744331
2010-05-19,0.2,0.0,1979077495.5081534
2010-05-20,0.0,0.0,1940515079.4657629
2010-05-21,0.0,0.0,1940525701.8345387
2010-05-24,0.0,0.0,1940557569.304636
2010-05-25,0.0,0.0,1940568191.9042568
2010-05-26,0.0,0.0,1940578814.5662763
2010-05-27,0.0,0.0,1940589437.2830899
2010-05-28,0.0,0.0,1940600060.0656564
2010-06-01,0.0,1.0,1939672230.4881132
2010-06-02,0.0,1.0,1939672185.6738749
2010-06-03,0.0,1.0,1939672141.3804622
2010-06-04,0.1,0.9,1939477644.6479816
2010-06-07,0.1,0.9,1928235728.2196772
2010-06-08,0.1,0.9,1927165063.1711247
2010-06-09,0.0,1.0,1923061683.3225498
2010-06-10,0.1,0.9,1922869280.2269447
2010-06-11,0.30000000000000004,0.7,1927480765.173792
2010-06-14,0.30000000000000004,0.7,1927742058.9215972
2010-06-15,0.2,0.8,1969853333.279318
2010-06-16,1.0,0.0,1976237291.775956
2010-06-17,1.0,0.0,1995819529.171289
2010-06-18,1.0,0.0,2001530964.1203237
2010-06-21,1.0,0.0,1949311256.7326512
2010-06-22,0.4,0.6,1901660730.0071294
2010-06-23,0.4,0.6,1891551526.3233633
2010-06-24,0.1,0.9,1854499673.3362978
2010-06-25,0.0,1.0,1854229829.4739287
2010-06-28,0.0,1.0,1854229804.1181152
2010-06-29,0.0,1.0,1854229795.665406
2010-06-30,0.0,1.0,1854229787.2123113
2010-07-01,0.0,1.0,1888653058.772774
2010-07-02,0.0,1.0,1888653050.3189068
2010-07-06,0.0,1.0,1888653016.4995842
2010-07-07,0.0,1.0,1888653008.0437877
2010-07-08,0.0,1.0,1888652999.587606
2010-07-09,0.0,1.0,1888652991.131037
2010-07-12,0.0,1.0,1888652965.759018
2010-07-13,0.0,1.0,1888652957.3009055
2010-07-14,0.0,1.0,1888652948.842407
2010-07-15,0.0,1.0,1888652940.3835225
2010-07-16,0.0,1.0,1888652931.924251
2010-07-19,0.0,1.0,1888652906.5441236
2010-07-20,1.0,0.0,1886764152.5025609
2010-07-21,0.4,0.6,1819695349.4247422
2010-07-22,1.0,0.0,1867462376.5839894
2010-07-23,1.0,0.0,1916479128.9039197
2010-07-26,1.0,0.0,1958734843.2966018
2010-07-27,1.0,0.0,1957889676.1666727
2010-07-28,1.0,0.0,1918169114.2162497
2010-07-29,1.0,0.0,1872532731.3129528
2010-07-30,1.0,0.0,1885209440.6347075
2010-08-02,1.0,0.0,1986623364.485586
2010-08-03,1.0,0.0,1966340499.930617
2010-08-04,1.0,0.0,2022963307.7311516
2010-08-05,1.0,0.0,2011131615.9581993
2010-08-06,1.0,0.0,2001835276.0189412
2010-08-09,1.0,0.0,2036484934.8081195
2010-08-10,1.0,0.0,1993383903.7134776
2010-08-11,0.1,0.9,1827784067.315126
2010-08-12,0.0,1.0,1822454887.2646556
2010-08-13,0.0,1.0,1822454879.186786
2010-08-16,0.0,1.0,1822454854.807897
2010-08-17,0.1,0.9,1822272512.6921847
2010-08-18,0.1,0.9,1823965448.906085
2010-08-19,0.0,1.0,1817016586.7147453
2010-08-20,0.0,1.0,1817016578.584231
2010-08-23,0.0,1.0,1817016554.190447
2010-08-24,0.0,1.0,1817016546.0584395
2010-08-25,0.0,1.0,1817016537.9260578
2010-08-26,0.0,1.0,1817016529.7933033
2010-08-27,0.4,0.6,1816289626.4812462
2010-08-30,0.0,1.0,1791950731.9519567
2010-08-31,0.0,1.0,1791950699.6821961
2010-09-01,0.4,0.6,1802967631.94906
2010-09-02,0.6000000000000001,0.3999999999999999,1827568097.519395
2010-09-03,1.0,0.0,1882604102.966129
2010-09-07,1.0,0.0,1837039409.9481993
2010-09-08,1.0,0.0,1902011062.0075762
2010-09-09,1.0,0.0,1925637095.93759
2010-09-10,1.0,0.0,1946731765.490889
2010-09-13,1.0,0.0,2031954265.3930345
2010-09-14,1.0,0.0,2058111663.6905127
2010-09-15,1.0,0.0,2092706943.237025
2010-09-16,1.0,0.0,2122239494.0316498
2010-09-17,1.0,0.0,2145021739.8242724
2010-09-20,1.0,0.0,2257245459.695882
2010-09-21,1.0,0.0,2249651332.9802613
2010-09-22,1.0,0.0,2239525841.8879266
2010-09-23,1.0,0.0,2232775503.294279
2010-09-24,1.0,0.0,2358499900.333133
2010-09-27,1.0,0.0,2331498579.5378485
2010-09-28,1.0,0.0,2337405062.8123527
2010-09-29,1.0,0.0,2318841690.458643
2010-09-30,1.0,0.0,2287621496.227527
2010-10-01,1.0,0.0,2280027369.496481
2010-10-04,1.0,0.0,2201554973.0402827
2010-10-05,1.0,0.0,2365249835.6897564
2010-10-06,1.0,0.0,2304497057.0723658
2010-10-07,1.0,0.0,2327279302.8341336
2010-10-08,1.0,0.0,2374531404.2210293
2010-10-11,1.0,0.0,2379594032.1131225
2010-10-12,1.0,0.0,2428533709.743958
2010-10-13,1.0,0.0,2487598844.873942
2010-10-14,1.0,0.0,2474098201.2474275
2010-10-15,1.0,0.0,2631886547.006062
2010-10-18,1.0,0.0,2631886446.1153884
2010-10-19,1.0,0.0,2527256684.974933
2010-10-20,1.0,0.0,2579571515.0936475
2010-10-21,1.0,0.0,2597291032.083455
2010-10-22,1.0,0.0,2647918285.948965
2010-10-25,1.0,0.0,2688420015.0286245
2010-10-26,1.0,0.0,2704451955.7605944
2010-10-27,1.0,0.0,2732296930.241826
2010-10-28,1.0,0.0,2748328870.970706
2010-10-29,1.0,0.0,2734828227.3210254
2010-11-01,1.0,0.0,2740734643.240882
2010-11-02,1.0,0.0,2824269633.9666443
2010-11-03,1.0,0.0,2864771430.3129244
2010-11-04,1.0,0.0,2966869759.786864
2010-11-05,1.0,0.0,2970244878.6275187
2010-11-08,1.0,0.0,2977838870.7650366
2010-11-09,1.0,0.0,2929742913.970996
2010-11-10,1.0,0.0,2974463650.9317455
2010-11-11,1.0,0.0,2924680117.884497
2010-11-12,1.0,0.0,2775329586.0789065
2010-11-15,1.0,0.0,2745796900.681428
2010-11-16,1.0,0.0,2609103190.7455173
2010-11-17,1.0,0.0,2634416800.8191185
2010-11-18,1.0,0.0,2756766045.2727976
2010-11-19,1.0,0.0,2763516316.59204
2010-11-22,1.0,0.0,2836081994.2940574
2010-11-23,1.0,0.0,2701919648.722493
2010-11-24,1.0,0.0,2859707994.419313
2010-11-26,1.0,0.0,2841988376.4105577
2010-11-29,1.0,0.0,2802330233.447431
2010-11-30,1.0,0.0,2696012895.9919395
2010-12-01,1.0,0.0,2867301851.67885
2010-12-02,1.0,0.0,2954211994.8584547
2010-12-03,1.0,0.0,2978681816.782249
2010-12-06,1.0,0.0,2973618986.9139886
2010-12-07,1.0,0.0,2976150317.580095
2010-12-08,1.0,0.0,3017495901.997303
2010-12-09,1.0,0.0,3020871020.785371
2010-12-10,1.0,0.0,3084155096.450981
2010-12-13,1.0,0.0,3047872105.9230857
2010-12-14,1.0,0.0,3060528894.079047
2010-12-15,1.0,0.0,3029308699.730465
2010-12-16,1.0,0.0,3092592775.386786
2010-12-17,1.0,0.0,3101874411.037872
2010-12-20,1.0,0.0,3110312191.105514
2010-12-21,1.0,0.0,3161783233.003286
2010-12-22,1.0,0.0,3165158351.7712255
2010-12-23,1.0,0.0,3141532250.5357733
2010-12-27,1.0,0.0,3142375903.709983
2010-12-28,1.0,0.0,3128875259.9674764
2010-12-29,1.0,0.0,3147438564.9756093
2010-12-30,1.0,0.0,3123812463.729314
2010-12-31,1.0,0.0,3095123633.7311225
2011-01-03,1.0,0.0,3235192361.2426887
2011-01-04,1.0,0.0,3230129598.739912
2011-01-05,1.0,0.0,3310289436.8664036
2011-01-06,1.0,0.0,3339821987.4878883
2011-01-07,1.0,0.0,3332227860.6052895
2011-01-10,1.0,0.0,3370198224.9523396
2011-01-11,1.0,0.0,3385386377.4400954
2011-01-12,1.0,0.0,3453733181.8049297
2011-01-13,1.0,0.0,3464702393.6642976
2011-01-14,1.0,0.0,3539799503.0264916
2011-01-18,1.0,0.0,3568488164.191217
2011-01-19,1.0,0.0,3448670216.6573534
2011-01-20,1.0,0.0,3371041675.3748183
2011-01-21,1.0,0.0,3294256922.21579
2011-01-24,1.0,0.0,3430106709.004397
2011-01-25,1.0,0.0,3441919708.9702125
2011-01-26,1.0,0.0,3495922115.1873565
2011-01-27,1.0,0.0,3563425131.403871
2011-01-28,1.0,0.0,3294256685.720852
2011-01-31,1.0,0.0,3343196295.595948
2011-02-01,1.0,0.0,3528829649.312769
2011-02-02,1.0,0.0,3512797641.1392717
2011-02-03,1.0,0.0,3526298217.341238
2011-02-04,1.0,0.0,3590426081.0451093
2011-02-07,1.0,0.0,3641897055.26279
2011-02-08,1.0,0.0,3719525528.9613748
2011-02-09,1.0,0.0,3697587003.90161
2011-02-10,1.0,0.0,3715306520.7179995
2011-02-11,1.0,0.0,3791247418.161812
2011-02-14,1.0,0.0,3815717172.3450503
2011-02-15,1.0,0.0,3805591681.0267773
2011-02-16,1.0,0.0,3875626061.587423
2011-02-17,1.0,0.0,3872250875.266505
2011-02-18,1.0,0.0,3850312350.192766
2011-02-22,1.0,0.0,3511109388.6151175
2011-02-23,1.0,0.0,3425042966.0292363
2011-02-24,1.0,0.0,3473138855.3259597
2011-02-25,1.0,0.0,3622489319.6280417
2011-02-28,1.0,0.0,3648646649.9961667
2011-03-01,1.0,0.0,3473138686.144859
2011-03-02,1.0,0.0,3522078363.557318
2011-03-03,1.0,0.0,3732181572.8542256
2011-03-04,1.0,0.0,3677335310.881493
2011-03-07,1.0,0.0,3530516075.5801797
2011-03-08,1.0,0.0,3567642719.2325096
2011-03-09,1.0,0.0,3495076906.6257963
2011-03-10,1.0,0.0,3335600917.136596
2011-03-11,1.0,0.0,3391290899.53553
2011-03-14,1.0,0.0,3358383061.0843525
2011-03-15,0.4,0.6,3218912686.7518578
2011-03-16,0.4,0.6,3124429962.319758
2011-03-17,0.4,0.6,3155474170.7528844
2011-03-18,0.4,0.6,3148725324.908939
2011-03-21,0.4,0.6,3216550101.330085
2011-03-22,0.4,0.6,3213175635.3166027
2011-03-23,0.8,0.19999999999999996,3231461961.0876164
2011-03-24,1.0,0.0,3371552324.492182
2011-03-25,1.0,0.0,3395586148.914865
2011-03-28,0.5,0.5,3336732542.9348664
2011-03-29,0.5,0.5,3384376578.443393
2011-03-30,1.0,0.0,3407980230.9214444
2011-03-31,1.0,0.0,3422575560.786349
2011-04-01,1.0,0.0,3428251476.9574995
2011-04-04,1.0,0.0,3397438733.838701
2011-04-05,1.0,0.0,3358517581.5443897
2011-04-06,1.0,0.0,3383654036.6599298
2011-04-07,1.0,0.0,3382843106.490873
2011-04-08,1.0,0.0,3332569973.126057
2011-04-11,0.5,0.5,3300105516.693336
2011-04-12,0.4,0.6,3267377041.022395
2011-04-13,1.0,0.0,3296506236.615919
2011-04-14,0.5,0.5,3277119086.5648465
2011-04-15,0.4,0.6,3266317168.6614475
2011-04-18,0.4,0.6,3241095862.6103477
2011-04-19,0.5,0.5,3263725869.4347577
2011-04-20,1.0,0.0,3370922752.2774653
2011-04-21,1.0,0.0,3456353416.390327
2011-04-25,1.0,0.0,3482217483.471463
2011-04-26,1.0,0.0,3541783796.580798
2011-04-27,1.0,0.0,3615457937.4987335
2011-04-28,1.0,0.0,3609971489.0257797
2011-04-29,1.0,0.0,3592728517.3733325
2011-05-02,1.0,0.0,3573134099.079643
2011-05-03,1.0,0.0,3519054021.4621053
2011-05-04,1.0,0.0,3498675976.947178
2011-05-05,1.0,0.0,3446163435.7469854
2011-05-06,1.0,0.0,3475946556.778548
2011-05-09,1.0,0.0,3513567217.8785167
2011-05-10,1.0,0.0,3603700491.2032766
2011-05-11,1.0,0.0,3526107367.208219
2011-05-12,1.0,0.0,3588808753.1151857
2011-05-13,1.0,0.0,3461054463.561284
2011-05-16,0.9,0.09999999999999998,3281242355.95119
2011-05-17,0.9,0.09999999999999998,3305213714.9305077
2011-05-18,0.9,0.09999999999999998,3377832860.9612093
2011-05-19,0.9,0.09999999999999998,3403919341.2003317
2011-05-20,0.9,0.09999999999999998,3336235449.466123
2011-05-23,0.8,0.19999999999999996,3204784867.1359787
2011-05-24,0.4,0.6,3155153036.9174395
2011-05-25,0.4,0.6,3169342620.2049513
2011-05-26,0.8,0.19999999999999996,3192052731.4520426
2011-05-27,0.9,0.09999999999999998,3230134789.010324
2011-05-31,1.0,0.0,3369383942.8380566
2011-06-01,0.4,0.6,3152468836.770656
2011-06-02,0.4,0.6,3159840193.987818
2011-06-03,0.4,0.6,3102097173.166356
2011-06-06,0.30000000000000004,0.7,3072658942.4736934
2011-06-07,0.30000000000000004,0.7,3067150192.273533
2011-06-08,0.30000000000000004,0.7,3047510329.0112987
2011-06-09,0.30000000000000004,0.7,3051342484.0542707
2011-06-10,0.1,0.9,3009588466.707118
2011-06-13,0.1,0.9,3009756183.995841
2011-06-14,0.1,0.9,3020998067.7782598
2011-06-15,0.1,0.9,3003883497.274883
2011-06-16,0.1,0.9,2999772626.220571
2011-06-17,0.0,1.0,2997302597.8607125
2011-06-20,0.0,1.0,2997302560.4213514
2011-06-21,0.1,0.9,2997002673.291476
2011-06-22,0.1,0.9,2990241827.516022
2011-06-23,0.1,0.9,2998370911.1537857
2011-06-24,0.0,1.0,2982230042.719929
2011-06-27,0.1,0.9,2981931640.187833
2011-06-28,1.0,0.0,2992569894.9059186
2011-06-29,1.0,0.0,3030376948.8952837
2011-06-30,1.0,0.0,3145341492.645783
2011-07-01,1.0,0.0,3291169032.2977285
2011-07-05,1.0,0.0,3339006211.878302
2011-07-06,1.0,0.0,3374498541.139585
2011-07-07,1.0,0.0,3511067181.989507
2011-07-08,1.0,0.0,3482518794.7348566
2011-07-11,1.0,0.0,3295025746.449498
2011-07-12,1.0,0.0,3214781841.0314665
2011-07-13,1.0,0.0,3257989919.2342553
2011-07-14,1.0,0.0,3145339868.1044083
2011-07-15,1.0,0.0,3271106460.3469434
2011-07-18,1.0,0.0,3217095869.251677
2011-07-19,1.0,0.0,3443938773.0677967
2011-07-20,1.0,0.0,3395329438.41375
2011-07-21,1.0,0.0,3464771063.096893
2011-07-22,1.0,0.0,3572019857.760429
2011-07-25,1.0,0.0,3551186987.1592307
2011-07-26,1.0,0.0,3570476243.4692836
2011-07-27,1.0,0.0,3299653338.253601
2011-07-28,1.0,0.0,3317399444.758293
2011-07-29,1.0,0.0,3284993182.9099684
2011-08-01,1.0,0.0,3240241490.3758574
2011-08-02,0.0,1.0,2991113528.9130363
2011-08-03,1.0,0.0,2988120788.2592287
2011-08-04,0.0,1.0,2578716417.287618
2011-08-05,0.0,1.0,2578716305.659469
2011-08-08,0.0,1.0,2578715968.6562266
2011-08-09,0.0,1.0,2578715856.312036
2011-08-10,0.0,1.0,2578715743.962965
2011-08-11,0.0,1.0,2578715631.609006
2011-08-12,0.0,1.0,2578715519.2501574
2011-08-15,0.0,1.0,2578715182.1442847
2011-08-16,0.0,1.0,2578715069.765892
2011-08-17,0.0,1.0,2578714957.382607
2011-08-18,0.0,1.0,2578714844.9944425
2011-08-19,0.0,1.0,2578714732.6013875
2011-08-22,0.0,1.0,2578714395.3928866
2011-08-23,0.0,1.0,2578714282.980278
2011-08-24,0.0,1.0,2578714170.562779
2011-08-25,0.0,1.0,2578714058.140388
2011-08-26,0.0,1.0,2578713945.7131057
2011-08-29,0.0,1.0,2578713608.4019446
2011-08-30,0.0,1.0,2578713495.9551096
2011-08-31,0.0,1.0,2578713383.5033865
2011-09-01,0.0,1.0,2656241972.4287324
2011-09-02,0.0,1.0,2656241859.9672227
2011-09-06,0.0,1.0,2656241415.6526117
2011-09-07,0.0,1.0,2656241304.5620294
2011-09-08,0.0,1.0,2656241193.466674
2011-09-09,0.0,1.0,2656241082.366548
2011-09-12,0.0,1.0,2656240749.0375433
2011-09-13,0.0,1.0,2656240637.9183292
2011-09-14,1.0,0.0,2653582992.573815
2011-09-15,1.0,0.0,2774426043.516764
2011-09-16,1.0,0.0,2846777888.0833116
2011-09-19,1.0,0.0,2854474562.498813
2011-09-20,1.0,0.0,2813680258.845585
2011-09-21,1.0,0.0,2670515630.6253996
2011-09-22,0.0,1.0,2407944660.188461
2011-09-23,0.0,1.0,2407944556.6061254
2011-09-26,1.0,0.0,2405535095.5366216
2011-09-27,1.0,0.0,2479005022.8962297
2011-09-28,0.0,1.0,2359234127.361841
2011-09-29,0.0,1.0,2359234025.879078
2011-09-30,0.0,1.0,2359233924.3919706
2011-10-03,0.0,1.0,2327225340.645414
2011-10-04,0.0,1.0,2327225239.1408625
2011-10-05,0.0,1.0,2327225138.269449
2011-10-06,0.4,0.6,2326292965.5726132
2011-10-07,0.4,0.6,2307096363.4638405
2011-10-10,0.30000000000000004,0.7,2400502246.959234
2011-10-11,0.7000000000000001,0.29999999999999993,2414940640.7584352
2011-10-12,1.0,0.0,2441112029.2362885
2011-10-13,1.0,0.0,2506835689.4485893
2011-10-14,1.0,0.0,2644989539.8793626
2011-10-17,1.0,0.0,2522260513.7003093
2011-10-18,1.0,0.0,2614139520.374271
2011-10-19,1.0,0.0,2463243259.8287215
2011-10-20,1.0,0.0,2431722683.1626205
2011-10-21,1.0,0.0,2518236490.5570827
2011-10-24,1.0,0.0,2675839126.497287
2011-10-25,1.0,0.0,2524272216.034376
2011-10-26,1.0,0.0,2514212436.4625163
2011-10-27,1.0,0.0,2716748678.182614
2011-10-28,1.0,0.0,2726137745.981947
2011-10-31,1.0,0.0,2590666371.468049
2011-11-01,1.0,0.0,2390142017.606593
2011-11-02,1.0,0.0,2449159178.6980705
2011-11-03,1.0,0.0,2598043427.653524
2011-11-04,0.4,0.6,2556269357.0023913
2011-11-07,1.0,0.0,2577530880.987346
2011-11-08,1.0,0.0,2663499642.052759
2011-11-09,0.4,0.6,2386304623.1658607
2011-11-10,1.0,0.0,2380907391.452937
2011-11-11,1.0,0.0,2514657342.0504537
2011-11-14,0.8,0.19999999999999996,2471785745.0855765
2011-11-15,1.0,0.0,2534819076.41014
2011-11-16,0.4,0.6,2408448202.444657
2011-11-17,0.0,1.0,2341026250.723443
2011-11-18,0.4,0.6,2340089353.5926404
2011-11-21,0.0,1.0,2284686913.9485655
2011-11-22,0.0,1.0,2284686876.3291187
2011-11-23,0.0,1.0,2284686838.4703064
2011-11-25,0.0,1.0,2284686762.747812
2011-11-28,0.0,1.0,2284686649.1518607
2011-11-29,0.0,1.0,2284686611.2832923
2011-11-30,0.4,0.6,2283772257.902914
2011-12-01,0.8,0.19999999999999996,2308303382.307363
2011-12-02,0.8,0.19999999999999996,2291111196.5156517
2011-12-05,0.8,0.19999999999999996,2351023105.1474605
2011-12-06,0.8,0.19999999999999996,2336435790.279787
2011-12-07,0.8,0.19999999999999996,2339561596.061922
2011-12-08,0.7000000000000001,0.29999999999999993,2243490591.3500676
2011-12-09,1.0,0.0,2317170541.429841
2011-12-12,0.4,0.6,2240159006.6428423
2011-12-13,0.0,1.0,2208777527.994412
2011-12-14,0.0,1.0,2208777491.0581822
2011-12-15,0.0,1.0,2208777454.1203904
2011-12-16,0.0,1.0,2208777417.181025
2011-12-19,0.0,1.0,2208777306.353466
2011-12-20,0.4,0.6,2207893325.664216
2011-12-21,0.0,1.0,2170114990.773547
2011-12-22,0.1,0.9,2169897520.0781536
2011-12-23,0.5,0.5,2174628361.399108
2011-12-27,0.5,0.5,2182895216.5731072
2011-12-28,0.0,1.0,2146858792.8273585
2011-12-29,0.1,0.9,2146643531.360209
2011-12-30,0.1,0.9,2144876560.2425377
2012-01-03,1.0,0.0,2159971943.520173
2012-01-04,1.0,0.0,2186040869.1968613
2012-01-05,1.0,0.0,2239391315.234121
2012-01-06,1.0,0.0,2263035216.8713875
2012-01-09,1.0,0.0,2243634776.55644
2012-01-10,1.0,0.0,2289710150.4789615
2012-01-11,1.0,0.0,2306078980.0014896
2012-01-12,1.0,0.0,2333360417.666128
2012-01-13,1.0,0.0,2306078814.5990376
2012-01-17,1.0,0.0,2368522852.585159
2012-01-18,1.0,0.0,2462492451.1186385
2012-01-19,1.0,0.0,2511599105.049846
2012-01-20,1.0,0.0,2500686414.1765037
2012-01-23,1.0,0.0,2500686165.9722104
2012-01-24,1.0,0.0,2486742195.0442877
2012-01-25,1.0,0.0,2581924305.5692334
2012-01-26,1.0,0.0,2554036446.448152
2012-01-27,1.0,0.0,2579499116.035557
2012-01-30,1.0,0.0,2583742659.8137374
2012-01-31,1.0,0.0,2592836417.168554
2012-02-01,1.0,0.0,2656493215.248037
2012-02-02,1.0,0.0,2683774652.8385215
2012-02-03,1.0,0.0,2790475627.4854074
2012-02-06,1.0,0.0,2788050355.1004
2012-02-07,1.0,0.0,2800175392.4709406
2012-02-08,1.0,0.0,2846857022.299141
2012-02-09,1.0,0.0,2909907564.3422675
2012-02-10,1.0,0.0,2847463112.707001
2012-02-13,1.0,0.0,2924457377.3077207
2012-02-14,1.0,0.0,2949920046.8315277
2012-02-15,1.0,0.0,2883838059.1300435
2012-02-16,1.0,0.0,3004482921.917085
2012-02-17,1.0,0.0,2979020086.750635
2012-02-21,1.0,0.0,3004482507.7486153
2012-02-22,1.0,0.0,2964469528.370302
2012-02-23,1.0,0.0,3020851254.274938
2012-02-24,1.0,0.0,3050557715.8200297
2012-02-27,1.0,0.0,3065107611.438883
2012-02-28,1.0,0.0,3156652185.7951217
2012-02-29,1.0,0.0,3115426694.375872
2012-03-01,1.0,0.0,3191208612.514669
2012-03-02,1.0,0.0,3181508433.5090833
2012-03-05,1.0,0.0,3082082199.5325336
2012-03-06,1.0,0.0,2993568739.460954
2012-03-07,1.0,0.0,3062075585.481433
2012-03-08,1.0,0.0,3159076463.878656
2012-03-09,1.0,0.0,3197270509.4875035
2012-03-12,1.0,0.0,3202120308.828327
2012-03-13,1.0,0.0,3382784516.3244305
2012-03-14,1.0,0.0,3420372305.907494
2012-03-15,1.0,0.0,3447047487.341379
2012-03-16,1.0,0.0,3439166076.3105326
2012-03-19,1.0,0.0,3514341572.515604
2012-03-20,1.0,0.0,3533741681.834699
2012-03-21,1.0,0.0,3532529086.8751554
2012-03-22,1.0,0.0,3510703787.636976
2012-03-23,1.0,0.0,3505853656.6218057
2012-03-26,1.0,0.0,3689548978.2008443
2012-03-27,1.0,0.0,3703492783.422336
2012-03-28,1.0,0.0,3659842267.871632
2012-03-29,1.0,0.0,3622254312.3982987
2012-03-30,1.0,0.0,3597397733.0913367
2012-04-02,1.0,0.0,3707129821.608897
2012-04-03,1.0,0.0,3707129738.619504
2012-04-04,1.0,0.0,3556171909.6118836
2012-04-05,1.0,0.0,3621041219.4811544
2012-04-09,1.0,0.0,3537983814.3513384
2012-04-10,1.0,0.0,3367019537.0554566
2012-04-11,1.0,0.0,3415519934.685011
2012-04-12,1.0,0.0,3530102237.1929526
2012-04-13,1.0,0.0,3370656824.040172
2012-04-16,1.0,0.0,3263955517.520415
2012-04-17,1.0,0.0,3456744845.0543904
2012-04-18,1.0,0.0,3431282009.6720247
2012-04-19,1.0,0.0,3320337077.145269
2012-04-20,1.0,0.0,3284567889.6182656
2012-04-23,1.0,0.0,3202116823.347722
2012-04-24,1.0,0.0,3145128675.523351
2012-04-25,1.0,0.0,3395512323.797624
2012-04-26,1.0,0.0,3456137841.5358367
2012-04-27,1.0,0.0,3515550847.254321
2012-04-30,1.0,0.0,3442193621.030692
2012-05-01,1.0,0.0,3461593730.20098
2012-05-02,1.0,0.0,3484631375.4162683
2012-05-03,1.0,0.0,3376717722.8803325
2012-05-04,1.0,0.0,3128758932.471804
2012-05-07,1.0,0.0,3133002475.209362
2012-05-08,0.5,0.5,3096895603.0220256
2012-05-09,0.4,0.6,3088108683.783517
2012-05-10,0.4,0.6,3075478117.0459423
2012-05-11,0.4,0.6,3074263626.984844
2012-05-14,0.4,0.6,3040501144.0401287
2012-05-15,0.4,0.6,3030056633.9379
2012-05-16,0.4,0.6,3004552617.4561996
2012-05-17,0.4,0.6,2933627186.5731497
2012-05-18,0.30000000000000004,0.7,2889978711.9056997
2012-05-21,0.4,0.6,2962816176.523076
2012-05-22,0.4,0.6,2958465308.793325
2012-05-23,0.4,0.6,2965119549.111441
2012-05-24,0.4,0.6,2943621187.4448657
2012-05-25,0.4,0.6,2936966925.0058193
2012-05-29,0.4,0.6,2980219514.7145085
2012-05-30,0.4,0.6,2951043170.685613
2012-05-31,0.4,0.6,2934407531.176451
2012-06-01,0.1,0.9,2874090619.196059
2012-06-04,0.30000000000000004,0.7,2879733427.286142
2012-06-05,0.30000000000000004,0.7,2891514617.6196594
2012-06-06,0.4,0.6,2951191228.594149
2012-06-07,0.4,0.6,2937865870.2591906
2012-06-08,0.4,0.6,2972204254.1202607
2012-06-11,0.4,0.6,2914802724.974531
2012-06-12,0.4,0.6,2950934905.582939
2012-06-13,0.4,0.6,2927871793.4629016
2012-06-14,0.4,0.6,2940684616.328998
2012-06-15,0.4,0.6,2983991983.9332376
2012-06-18,1.0,0.0,3013484526.352322
2012-06-19,1.0,0.0,3112813423.725571
2012-06-20,1.0,0.0,3123987853.7892213
2012-06-21,0.4,0.6,2888209019.460566
2012-06-22,1.0,0.0,2922212374.5481763
2012-06-25,0.4,0.6,2747633649.073138
2012-06-26,0.4,0.6,2768809999.194949
2012-06-27,1.0,0.0,2787607382.617855
2012-06-28,0.4,0.6,2686058919.9970813
2012-06-29,1.0,0.0,2789314425.51287
2012-07-02,1.0,0.0,2811812604.991636
2012-07-03,1.0,0.0,2878745265.135683
2012-07-05,1.0,0.0,2888869398.6187587
2012-07-06,1.0,0.0,2774689958.0800223
2012-07-09,1.0,0.0,2765690380.851135
2012-07-10,0.4,0.6,2679149595.565541
2012-07-11,0.4,0.6,2664309507.4952545
2012-07-12,0.30000000000000004,0.7,2633494048.66749
2012-07-13,1.0,0.0,2666078765.178573
2012-07-16,0.8,0.19999999999999996,2645396247.148066
2012-07-17,1.0,0.0,2677088308.952295
2012-07-18,1.0,0.0,2786378784.2435193
2012-07-19,1.0,0.0,2877268308.146287
2012-07-20,1.0,0.0,2766304971.374288
2012-07-23,0.8,0.19999999999999996,2663730143.0915956
2012-07-24,0.8,0.19999999999999996,2614670657.4614096
2012-07-25,0.7000000000000001,0.29999999999999993,2568049242.3886104
2012-07-26,0.8,0.19999999999999996,2638300851.146034
2012-07-27,1.0,0.0,2797509698.0199943
2012-07-30,1.0,0.0,2780511947.6405883
2012-07-31,1.0,0.0,2782156860.515139
2012-08-01,1.0,0.0,2755289537.676265
2012-08-02,1.0,0.0,2726228965.935366
2012-08-03,1.0,0.0,2881401301.87321
2012-08-06,1.0,0.0,2946102073.0316515
2012-08-07,1.0,0.0,3019027575.179568
2012-08-08,1.0,0.0,3014092741.342678
2012-08-09,1.0,0.0,3039863392.1180177
2012-08-10,1.0,0.0,3052474549.486582
2012-08-13,1.0,0.0,3070568781.477278
2012-08-14,1.0,0.0,3074955255.462982
2012-08-15,1.0,0.0,3096887720.655214
2012-08-16,1.0,0.0,3207646766.3348536
2012-08-17,1.0,0.0,3252060032.759676
2012-08-20,1.0,0.0,3264671142.475436
2012-08-21,1.0,0.0,3226837575.110328
2012-08-22,1.0,0.0,3261929533.7007394
2012-08-23,1.0,0.0,3189552296.1435165
2012-08-24,1.0,0.0,3246028431.5160427
2012-08-27,1.0,0.0,3261929414.56066
2012-08-28,1.0,0.0,3261381078.5041823
2012-08-29,1.0,0.0,3262477679.122342
2012-08-30,1.0,0.0,3162684830.295718
2012-08-31,1.0,0.0,3230127210.1654706
2012-09-04,1.0,0.0,3216419309.1859193
2012-09-05,1.0,0.0,3202163167.489901
2012-09-06,1.0,0.0,3413811662.5906787
2012-09-07,1.0,0.0,3399007208.667272
2012-09-10,1.0,0.0,3273991949.7806816
2012-09-11,1.0,0.0,3259735808.078212
2012-09-12,1.0,0.0,3287699707.7179565
2012-09-13,1.0,0.0,3418746305.7012854
2012-09-14,1.0,0.0,3506476237.8897715
2012-09-17,1.0,0.0,3513055913.0376034
2012-09-18,1.0,0.0,3519635635.886629
2012-09-19,1.0,0.0,3543213037.716943
2012-09-20,1.0,0.0,3534988330.4824033
2012-09-21,1.0,0.0,3534988306.6253505
2012-09-24,1.0,0.0,3469739080.244467
2012-09-25,1.0,0.0,3330467751.1727724
2012-09-26,1.0,0.0,3242737771.2723308
2012-09-27,1.0,0.0,3380364115.943445
2012-09-28,1.0,0.0,3299213882.7437015
2012-10-01,1.0,0.0,3284957693.287306
2012-10-02,1.0,0.0,3306341846.2026777
2012-10-03,1.0,0.0,3368849416.009789
2012-10-04,1.0,0.0,3408327872.3558464
2012-10-05,1.0,0.0,3349110128.1580677
2012-10-08,1.0,0.0,3260831788.271993
2012-10-09,1.0,0.0,3093048223.472873
2012-10-10,1.0,0.0,3055762968.2792125
2012-10-11,0.5,0.5,3026832894.7726445
2012-10-12,0.5,0.5,3026558718.2661815
2012-10-15,1.0,0.0,3055196998.3991013
2012-10-16,1.0,0.0,3188144569.331533
2012-10-17,0.5,0.5,3176786974.1710944
2012-10-18,0.5,0.5,3122548388.470188
2012-10-19,0.4,0.6,3011411970.7357254
2012-10-22,0.4,0.6,3030223878.352945
2012-10-23,0.0,1.0,2993018554.3042493
2012-10-24,0.0,1.0,2993018500.746909
2012-10-25,0.0,1.0,2993018447.187154
2012-10-26,0.0,1.0,2993018393.624979
2012-10-31,0.0,1.0,2993018125.777867
2012-11-01,0.0,1.0,3024506435.4219365
2012-11-02,0.0,1.0,3024506381.8428483
2012-11-05,0.4,0.6,3023295824.5859957
2012-11-06,0.4,0.6,3030706504.9865794
2012-11-07,0.1,0.9,2942563768.3144836
2012-11-08,0.0,1.0,2928528799.5624385
2012-11-09,0.0,1.0,2928528786.9248857
2012-11-12,0.0,1.0,2928528749.008806
2012-11-13,0.0,1.0,2928528736.368973
2012-11-14,0.0,1.0,2928528723.728569
2012-11-15,0.0,1.0,2928528711.0875955
2012-11-16,0.0,1.0,2928528698.4460516
2012-11-19,0.0,1.0,2928528660.518002
2012-11-20,0.0,1.0,2928528647.874177
2012-11-21,0.0,1.0,2928528635.229782
2012-11-23,0.1,0.9,2928235616.8996696
2012-11-26,0.1,0.9,2931963960.600297
2012-11-27,0.1,0.9,2928643355.960784
2012-11-28,0.4,0.6,2935634276.894002
2012-11-29,1.0,0.0,2954097122.700682
2012-11-30,1.0,0.0,2943415926.2391777
2012-12-03,1.0,0.0,2928799422.475781
2012-12-04,1.0,0.0,2910247929.258112
2012-12-05,1.0,0.0,2820301601.307414
2012-12-06,1.0,0.0,2872020614.7060437
2012-12-07,1.0,0.0,2823112262.616281
2012-12-10,1.0,0.0,2847847242.486747
2012-12-11,1.0,0.0,2958031317.3781753
2012-12-12,1.0,0.0,2937793331.9728613
2012-12-13,1.0,0.0,2871457894.218966
2012-12-14,1.0,0.0,2789944027.0308156
2012-12-17,1.0,0.0,2899003614.7741385
2012-12-18,1.0,0.0,3033360743.9189363
2012-12-19,1.0,0.0,2989511868.263032
2012-12-20,1.0,0.0,2991760444.948536
2012-12-21,1.0,0.0,2899003296.6755238
2012-12-24,1.0,0.0,2874267839.7324357
2012-12-26,1.0,0.0,2806245830.2285604
2012-12-27,1.0,0.0,2790505157.193342
2012-12-28,1.0,0.0,2709553454.007958
2012-12-31,1.0,0.0,2886634892.012118
2013-01-02,1.0,0.0,3155911314.25065
2013-01-03,1.0,0.0,3110375946.38196
2013-01-04,1.0,0.0,3079456843.887362
2013-01-07,1.0,0.0,3082829589.442933
2013-01-08,1.0,0.0,3064840260.1526933
2013-01-09,1.0,0.0,3096321367.5217853
2013-01-10,1.0,0.0,3150851201.059784
2013-01-11,1.0,0.0,3162656566.5671234
2013-01-14,1.0,0.0,3122180515.9142513
2013-01-15,1.0,0.0,3075520819.896501
2013-01-16,1.0,0.0,3110374911.5583825
2013-01-17,1.0,0.0,3158158776.4353914
2013-01-18,1.0,0.0,3140169447.1092415
2013-01-22,1.0,0.0,3153098901.7698717
2013-01-23,1.0,0.0,3204817914.9962406
2013-01-24,1.0,0.0,3076644431.262939
2013-01-25,1.0,0.0,3122741803.9522457
2013-01-28,1.0,0.0,3144665963.030143
2013-01-29,1.0,0.0,3144665883.360081
2013-01-30,1.0,0.0,3127800882.096793
2013-01-31,1.0,0.0,3107562896.511986
2013-02-01,1.0,0.0,3209314510.421924
2013-02-04,1.0,0.0,3046286695.9913826
2013-02-05,1.0,0.0,3180081660.9072447
2013-02-06,1.0,0.0,3150286886.4000783
2013-02-07,1.0,0.0,3158157103.439496
2013-02-08,1.0,0.0,3254287076.794395
2013-02-11,1.0,0.0,3253162509.5488286
2013-02-12,1.0,0.0,3214935274.2252746
2013-02-13,1.0,0.0,3252600186.051469
2013-02-14,1.0,0.0,3245854137.688036
2013-02-15,1.0,0.0,3217745855.3074718
2013-02-19,1.0,0.0,3288016042.9702682
2013-02-20,1.0,0.0,3137918161.07338
2013-02-21,0.6000000000000001,0.3999999999999999,3034951037.0974402
2013-02-22,1.0,0.0,3087336359.802616
2013-02-25,0.6000000000000001,0.3999999999999999,2970666270.060587
2013-02-26,0.6000000000000001,0.3999999999999999,2992309982.8276873
2013-02-27,1.0,0.0,3045730669.548813
2013-02-28,0.6000000000000001,0.3999999999999999,3033603062.1290164
2013-03-01,1.0,0.0,3055213785.9438877
2013-03-04,0.6000000000000001,0.3999999999999999,3093668963.05218
2013-03-05,1.0,0.0,3173962320.795601
2013-03-06,1.0,0.0,3153663209.587483
2013-03-07,1.0,0.0,3181440809.3130527
2013-03-08,1.0,0.0,3185180053.5680475
2013-03-11,1.0,0.0,3217765213.400849
2013-03-12,1.0,0.0,3178769603.480403
2013-03-13,1.0,0.0,3168620020.119173
2013-03-14,1.0,0.0,3200671105.2438765
2013-03-15,1.0,0.0,3170756651.826131
2013-03-18,1.0,0.0,3148854872.5456777
2013-03-19,1.0,0.0,3136034360.7841735
2013-03-20,1.0,0.0,3195863101.101512
2013-03-21,1.0,0.0,3093833581.26457
2013-03-22,1.0,0.0,3179303234.0762243
2013-03-25,1.0,0.0,3146717741.2021275
2013-03-26,1.0,0.0,3194794396.60902
2013-03-27,1.0,0.0,3211888282.7434435
2013-03-28,1.0,0.0,3230584725.906582
2013-04-01,1.0,0.0,3168084779.5276017
2013-04-02,1.0,0.0,3239665604.708082
2013-04-03,0.6000000000000001,0.3999999999999999,3152399571.011962
2013-04-04,1.0,0.0,3152099837.4483294
2013-04-05,0.6000000000000001,0.3999999999999999,3073489452.480333
2013-04-08,1.0,0.0,3100425388.085444
2013-04-09,1.0,0.0,3161907209.3596334
2013-04-10,1.0,0.0,3346882799.59077
2013-04-11,1.0,0.0,3341052566.534497
2013-04-12,1.0,0.0,3337342398.178918
2013-04-15,1.0,0.0,3134346037.4608307
2013-04-16,1.0,0.0,3265259977.7464037
2013-04-17,1.0,0.0,3074454099.3240685
2013-04-18,1.0,0.0,2941419984.060533
2013-04-19,1.0,0.0,3063323649.350235
2013-04-22,1.0,0.0,3157666363.1992593
2013-04-23,1.0,0.0,3250419138.810538
2013-04-24,1.0,0.0,3242468841.0189595
2013-04-25,1.0,0.0,3295470403.440931
2013-04-26,1.0,0.0,3267379490.96433
2013-04-29,1.0,0.0,3354301978.30034
2013-04-30,1.0,0.0,3427974171.5658126
2013-05-01,1.0,0.0,3383982773.8030996
2013-05-02,1.0,0.0,3506946471.412234
2013-05-03,1.0,0.0,3629380152.8431025
2013-05-06,1.0,0.0,3676021410.7670093
2013-05-07,1.0,0.0,3667011080.5916915
2013-05-08,1.0,0.0,3724252772.3878345
2013-05-09,1.0,0.0,3711532328.9770265
2013-05-10,1.0,0.0,3774604198.7019277
2013-05-13,1.0,0.0,3789444486.026379
2013-05-14,1.0,0.0,3845096129.280299
2013-05-15,1.0,0.0,3873186931.390587
2013-05-16,1.0,0.0,3859406455.610871
2013-05-17,1.0,0.0,3968059716.4365144
2013-05-20,1.0,0.0,3950039000.8099117
2013-05-21,1.0,0.0,3964879398.510557
2013-05-22,1.0,0.0,3867886383.1167226
2013-05-23,1.0,0.0,3826015050.002726
2013-05-24,1.0,0.0,3823894930.0706167
2013-05-28,1.0,0.0,3902867119.323009
2013-05-29,1.0,0.0,3844035268.5688267
2013-05-30,1.0,0.0,3906577122.068419
2013-05-31,1.0,0.0,3794743653.7301326
2013-06-03,1.0,0.0,3817004167.359671
2013-06-04,1.0,0.0,3759762365.1179996
2013-06-05,1.0,0.0,3615597910.044046
2013-06-06,1.0,0.0,3659589197.3735948
2013-06-07,1.0,0.0,3812763816.9137144
2013-06-10,1.0,0.0,3814353699.6353526
2013-06-11,1.0,0.0,3704110279.7971873
2013-06-12,1.0,0.0,3575846309.979632
2013-06-13,1.0,0.0,3704110169.2426825
2013-06-14,1.0,0.0,3638918124.3393574
2013-06-17,1.0,0.0,3739621031.881958
2013-06-18,1.0,0.0,3828133677.9482527
2013-06-19,1.0,0.0,3707819950.7502184
2013-06-20,1.0,0.0,3434331548.745963
2013-06-21,1.0,0.0,3385570005.2748227
2013-06-24,1.0,0.0,3281156652.7340503
2013-06-25,1.0,0.0,3351118732.630286
2013-06-26,1.0,0.0,3442811475.7314935
2013-06-27,1.0,0.0,3480972585.0752797
2013-06-28,1.0,0.0,3490512820.923845
2013-07-01,1.0,0.0,3565244935.748519
2013-07-02,1.0,0.0,3566834928.95029
2013-07-03,1.0,0.0,3615066345.619232
2013-07-05,1.0,0.0,3695098677.5001373
2013-07-08,1.0,0.0,3707288883.5293183
2013-07-09,1.0,0.0,3775130898.6876597
2013-07-10,1.0,0.0,3838732784.4371877
2013-07-11,1.0,0.0,4077770024.371218
2013-07-12,1.0,0.0,4120701279.259914
2013-07-15,1.0,0.0,4152502083.7412677
2013-07-16,1.0,0.0,4136601543.10718
2013-07-17,1.0,0.0,4165752377.412888
2013-07-18,1.0,0.0,4135541400.0274653
2013-07-19,1.0,0.0,4009397494.8213
2013-07-22,1.0,0.0,4038548218.371567
2013-07-23,1.0,0.0,3948445413.109292
2013-07-24,1.0,0.0,3986076506.2102847
2013-07-25,1.0,0.0,4058158650.7352414
2013-07-26,1.0,0.0,4125470649.675591
2013-07-29,1.0,0.0,4106389901.1766872
2013-07-30,1.0,0.0,4167341705.997605
2013-07-31,1.0,0.0,4193842459.3895917
2013-08-01,1.0,0.0,4321576302.35527
2013-08-02,1.0,0.0,4393658446.860358
2013-08-05,1.0,0.0,4403198571.802032
2013-08-06,1.0,0.0,4324756122.372398
2013-08-07,1.0,0.0,4299845306.695221
2013-08-08,1.0,0.0,4357086998.263241
2013-08-09,1.0,0.0,4310445519.373642
2013-08-12,1.0,0.0,4337476178.064258
2013-08-13,1.0,0.0,4409558322.542014
2013-08-14,1.0,0.0,4360266762.761033
2013-08-15,1.0,0.0,4141370026.7242875
2013-08-16,1.0,0.0,4127059534.540574
2013-08-19,1.0,0.0,4110628866.764093
2013-08-20,1.0,0.0,4166810525.9507036
2013-08-21,1.0,0.0,4125469208.789194
2013-08-22,1.0,0.0,4243132744.362647
2013-08-23,1.0,0.0,4332705422.616664
2013-08-26,1.0,0.0,4336415369.468049
2013-08-27,1.0,0.0,4063456983.470737
2013-08-28,1.0,0.0,4115928529.4069166
2013-08-29,1.0,0.0,4201261078.2396812
2013-08-30,1.0,0.0,4122818628.750386
2013-09-03,1.0,0.0,4190660477.3382125
2013-09-04,1.0,0.0,4327404595.207828
2013-09-05,1.0,0.0,4346485122.049243
2013-09-06,1.0,0.0,4361855535.65763
2013-09-09,1.0,0.0,4515560060.153537
2013-09-10,1.0,0.0,4583932091.3311205
2013-09-11,1.0,0.0,4560611324.094289
2013-09-12,1.0,0.0,4540470653.909715
2013-09-13,1.0,0.0,4555311051.324892
2013-09-16,1.0,0.0,4516619703.956226
2013-09-17,1.0,0.0,4607252414.499632
2013-09-18,1.0,0.0,4776327519.057689
2013-09-19,1.0,0.0,4806008369.380095
2013-09-20,1.0,0.0,4753536712.452328
2013-09-23,1.0,0.0,4726505720.898797
2013-09-24,1.0,0.0,4727565697.716013
2013-09-25,1.0,0.0,4683044283.41267
2013-09-26,1.0,0.0,4790107495.383204
2013-09-27,1.0,0.0,4767316744.282331
2013-09-30,1.0,0.0,4737635671.797552
2013-10-01,1.0,0.0,4879679951.357873
2013-10-02,1.0,0.0,4870669620.815126
2013-10-03,1.0,0.0,4701064389.005066
2013-10-04,1.0,0.0,4822438037.702046
2013-10-07,1.0,0.0,4702654215.280402
2013-10-08,1.0,0.0,4436586039.463834
2013-10-09,1.0,0.0,4387824495.719286
2013-10-10,1.0,0.0,4666612948.611392
2013-10-11,1.0,0.0,4771556095.841394
2013-10-14,1.0,0.0,4870668953.969313
2013-10-15,1.0,0.0,4818727313.155065
2013-10-16,1.0,0.0,4983032272.061254
2013-10-17,1.0,0.0,5063594675.189895
2013-10-18,1.0,0.0,5314292270.745112
2013-10-21,1.0,0.0,5344503025.967795
2013-10-22,1.0,0.0,5363053536.516367
2013-10-23,1.0,0.0,5276660844.25573
2013-10-24,1.0,0.0,5342382794.444757
2013-10-25,1.0,0.0,5449446006.34303
2013-10-28,1.0,0.0,5460576179.184858
2013-10-29,1.0,0.0,5486546916.177057
2013-10-30,1.0,0.0,5469056326.751859
2013-10-31,1.0,0.0,5434075203.523048
2013-11-01,1.0,0.0,5431425067.015022
2013-11-04,1.0,0.0,5457925708.902431
2013-11-05,1.0,0.0,5480716348.82242
2013-11-06,1.0,0.0,5471176002.016633
2013-11-07,1.0,0.0,5168006693.819863
2013-11-08,1.0,0.0,5372062865.853061
2013-11-11,1.0,0.0,5346091906.284718
2013-11-12,1.0,0.0,5372592659.417783
2013-11-13,1.0,0.0,5564988475.57109
2013-11-14,1.0,0.0,5607919730.1487
2013-11-15,1.0,0.0,5647140871.493273
2013-11-18,1.0,0.0,5490785932.627815
2013-11-19,1.0,0.0,5436724227.023102
2013-11-20,1.0,0.0,5398563006.689636
2013-11-21,1.0,0.0,5563927997.85761
2013-11-22,1.0,0.0,5651910627.357528
2013-11-25,1.0,0.0,5689011592.603541
2013-11-26,1.0,0.0,5783354416.202969
2013-11-27,1.0,0.0,5898897886.83156
2013-11-29,1.0,0.0,5995890735.606003
2013-12-02,1.0,0.0,5958259420.012976
2013-12-03,1.0,0.0,5941298846.678708
2013-12-04,1.0,0.0,5956139243.889434
2013-12-05,1.0,0.0,5938118638.198587
2013-12-06,1.0,0.0,6060552319.08999
2013-12-09,1.0,0.0,6133164368.009135
2013-12-10,1.0,0.0,6122033972.591086
2013-12-11,1.0,0.0,5893066928.920237
2013-12-12,1.0,0.0,5845365417.367577
2013-12-13,1.0,0.0,5817274504.316706
2013-12-16,1.0,0.0,5917447394.324535
2013-12-17,1.0,0.0,5879816190.099419
2013-12-18,1.0,0.0,6083342345.856935
2013-12-19,1.0,0.0,6028220607.825701
2013-12-20,1.0,0.0,6210016100.370765
2013-12-23,1.0,0.0,6410892063.726489
2013-12-24,1.0,0.0,6419902282.9535265
2013-12-26,1.0,0.0,6482444080.166587
2013-12-27,1.0,0.0,6434742568.576433
2013-12-30,1.0,0.0,6401351382.179809
2013-12-31,1.0,0.0,6526965160.063472
2014-01-02,1.0,0.0,6374320389.870175
2014-01-03,1.0,0.0,6235456096.02638
2014-01-06,1.0,0.0,6169203906.678158
2014-01-07,1.0,0.0,6329268735.970758
2014-01-08,1.0,0.0,6376440119.817269
2014-01-09,1.0,0.0,6310718058.2176895
2014-01-10,1.0,0.0,6373789927.332942
2014-01-13,1.0,0.0,6090231105.857669
2014-01-14,1.0,0.0,6438981693.714527
2014-01-15,1.0,0.0,6589506231.822864
2014-01-16,1.0,0.0,6603286596.574491
2014-01-17,1.0,0.0,6486152965.903116
2014-01-21,1.0,0.0,6631377174.759141
2014-01-22,1.0,0.0,6692858995.316984
2014-01-23,1.0,0.0,6612296480.760205
2014-01-24,1.0,0.0,6220614471.011313
2014-01-27,1.0,0.0,6039348771.358671
2014-01-28,1.0,0.0,6037228650.806513
2014-01-29,1.0,0.0,5846952787.84587
2014-01-30,1.0,0.0,6155422146.302521
2014-01-31,1.0,0.0,6111960764.031114
2014-02-03,1.0,0.0,5707028238.1418705
2014-02-04,1.0,0.0,5818331579.191562
2014-02-05,1.0,0.0,5764799889.567593
2014-02-06,1.0,0.0,5985816579.001113
2014-02-07,1.0,0.0,6303296212.42618
2014-02-10,1.0,0.0,6419369587.287372
2014-02-11,1.0,0.0,6639326244.356781
2014-02-12,1.0,0.0,6670597142.841913
2014-02-13,1.0,0.0,6842322327.9092865
2014-02-14,1.0,0.0,6861932870.521996
2014-02-18,1.0,0.0,6969525930.616298
2014-02-19,1.0,0.0,6816881216.084239
2014-02-20,1.0,0.0,6915994185.050632
2014-02-21,1.0,0.0,6879953029.187689
2014-02-24,1.0,0.0,7000796549.525743
2014-02-25,1.0,0.0,6975885733.344393
2014-02-26,1.0,0.0,6952564965.68791
2014-02-27,1.0,0.0,7089309083.117951
2014-02-28,1.0,0.0,7053797943.413247
2014-03-03,1.0,0.0,6899033052.287069
2014-03-04,1.0,0.0,7176761472.465109
2014-03-05,1.0,0.0,7235593212.0387535
2014-03-06,1.0,0.0,7208032314.955876
2014-03-07,1.0,0.0,7105209120.908099
2014-03-10,1.0,0.0,7120049405.982526
2014-03-11,1.0,0.0,7031536648.671083
2014-03-12,1.0,0.0,7110509002.907247
2014-03-13,1.0,0.0,6808399726.746814
2014-03-14,1.0,0.0,6668475400.37607
2014-03-17,1.0,0.0,6846560667.541591
2014-03-18,1.0,0.0,7092488117.137017
2014-03-19,1.0,0.0,6975884502.488552
2014-03-20,1.0,0.0,7030476112.61823
2014-03-21,1.0,0.0,6772888195.204207
2014-03-24,1.0,0.0,6602222818.646218
2014-03-25,1.0,0.0,6663174622.872845
2014-03-26,1.0,0.0,6409826834.852604
2014-03-27,1.0,0.0,6295873301.063013
2014-03-28,1.0,0.0,6337214506.777823
2014-03-31,1.0,0.0,6463358188.610351
2014-04-01,1.0,0.0,6813698824.801557
2014-04-02,1.0,0.0,6867230402.547015
2014-04-03,1.0,0.0,6705575412.918614
2014-04-04,1.0,0.0,6172909100.233656
2014-04-07,1.0,0.0,5987933286.823837
2014-04-08,1.0,0.0,6155418342.349397
2014-04-09,1.0,0.0,6470777910.918272
2014-04-10,1.0,0.0,5873449624.771681
2014-04-11,1.0,0.0,5668333308.708283
2014-04-14,1.0,0.0,5795537022.7869
2014-04-15,1.0,0.0,5853308729.906034
2014-04-16,1.0,0.0,6080685613.275933
2014-04-17,1.0,0.0,6083865654.283518
2014-04-21,1.0,0.0,6221669635.775516
2014-04-22,1.0,0.0,6373784222.167946
2014-04-23,1.0,0.0,6200468876.6218815
2014-04-24,1.0,0.0,6383324401.205189
2014-04-25,1.0,0.0,6075384947.003058
2014-04-28,1.0,0.0,6140576768.408513
2014-04-29,1.0,0.0,6276260853.333806
2014-04-30,1.0,0.0,6331912495.712071
2014-05-01,1.0,0.0,6388624170.439404
2014-05-02,1.0,0.0,6357353159.982834
2014-05-05,1.0,0.0,6447455741.597683
2014-05-06,1.0,0.0,6198348082.880749
2014-05-07,1.0,0.0,6142696328.325195
2014-05-08,1.0,0.0,6121495625.193575
2014-05-09,1.0,0.0,6193047752.822949
2014-05-12,1.0,0.0,6495156804.701576
2014-05-13,1.0,0.0,6508407152.983823
2014-05-14,1.0,0.0,6411944152.874715
2014-05-15,1.0,0.0,6263539567.535524
2014-05-16,1.0,0.0,6380143070.089566
2014-05-19,1.0,0.0,6516887075.06841
2014-05-20,1.0,0.0,6445334835.206404
2014-05-21,1.0,0.0,6627660343.546007
2014-05-22,1.0,0.0,6709812794.658502
2014-05-23,1.0,0.0,6859807316.269791
2014-05-27,1.0,0.0,7117924969.304258
2014-05-28,1.0,0.0,7050612858.828447
2014-05-29,1.0,0.0,7193717170.139342
2014-05-30,1.0,0.0,7187356919.874518
2014-06-02,1.0,0.0,7169336201.416521
2014-06-03,1.0,0.0,7158735821.735292
2014-06-04,1.0,0.0,7234528078.70556
2014-06-05,1.0,0.0,7422683764.941105
2014-06-06,1.0,0.0,7542997380.67282
2014-06-09,1.0,0.0,7529216791.568268
2014-06-10,1.0,0.0,7572148045.62435
2014-06-11,1.0,0.0,7560487633.571388
2014-06-12,1.0,0.0,7362791543.813093
2014-06-13,1.0,0.0,7413143024.322699
2014-06-16,1.0,0.0,7440703696.876978
2014-06-17,1.0,0.0,7451303964.1921425
2014-06-18,1.0,0.0,7586988048.991581
2014-06-19,1.0,0.0,7557307086.941551
2014-06-20,1.0,0.0,7584867871.874484
2014-06-23,1.0,0.0,7593347962.047351
2014-06-24,1.0,0.0,7572147258.797383
2014-06-25,1.0,0.0,7711541456.809719
2014-06-26,1.0,0.0,7732212031.44224
2014-06-27,1.0,0.0,7809064320.706136
2014-06-30,1.0,0.0,7866835915.174674
2014-07-01,1.0,0.0,8131313930.658675
2014-07-02,1.0,0.0,8162584828.791898
2014-07-03,1.0,0.0,8319469560.585183
2014-07-07,1.0,0.0,8239436893.05146
2014-07-08,1.0,0.0,7952168069.518863
2014-07-09,1.0,0.0,8132373513.031842
2014-07-10,1.0,0.0,8055521111.283423
2014-07-11,1.0,0.0,8195445325.431204
2014-07-14,1.0,0.0,8352329944.666828
2014-07-15,1.0,0.0,8264877219.389967
2014-07-16,1.0,0.0,8358160010.055481
2014-07-17,1.0,0.0,8024779779.206319
2014-07-18,1.0,0.0,8404801320.969987
2014-07-21,1.0,0.0,8374060213.922435
2014-07-22,1.0,0.0,8540485236.832033
2014-07-23,1.0,0.0,8700550065.629612
2014-07-24,1.0,0.0,8669809071.139729
2014-07-25,1.0,0.0,8563805779.68493
2014-07-28,1.0,0.0,8573875918.120318
2014-07-29,1.0,0.0,8530944551.574609
2014-07-30,1.0,0.0,8633237617.193245
2014-07-31,1.0,0.0,8106931498.320642
2014-08-01,1.0,0.0,8013118578.891375
2014-08-04,1.0,0.0,8177423424.429069
2014-08-05,1.0,0.0,7986087528.644065
2014-08-06,1.0,0.0,7972307051.746687
2014-08-07,1.0,0.0,7895454649.927597
2014-08-08,1.0,0.0,8063999737.497442
2014-08-11,1.0,0.0,8210284033.005189
2014-08-12,1.0,0.0,8191203394.334742
2014-08-13,1.0,0.0,8457271458.237592
2014-08-14,1.0,0.0,8587655381.135293
2014-08-15,1.0,0.0,8704788899.63568
2014-08-18,1.0,0.0,8915205152.361143
2014-08-19,1.0,0.0,9068909786.981037
2014-08-20,1.0,0.0,9068909730.618872
2014-08-21,1.0,0.0,9120321243.305952
2014-08-22,1.0,0.0,9155832270.71676
2014-08-25,1.0,0.0,9258125223.52769
2014-08-26,1.0,0.0,9289396121.522055
2014-08-27,1.0,0.0,9290456097.493782
2014-08-28,1.0,0.0,9252824892.630198
2014-08-29,1.0,0.0,9360948136.106747
2014-09-02,1.0,0.0,9438860288.38315
2014-09-03,1.0,0.0,9277205298.369188
2014-09-04,1.0,0.0,9247524336.124779
2014-09-05,1.0,0.0,9390628647.185865
2014-09-08,1.0,0.0,9437799917.60829
2014-09-09,1.0,0.0,9208832873.253633
2014-09-10,1.0,0.0,9422429335.682346
2014-09-11,1.0,0.0,9415009052.803473
2014-09-12,1.0,0.0,9266604467.161535
2014-09-15,1.0,0.0,8987815789.41907
2014-09-16,1.0,0.0,9230563141.501135
2014-09-17,1.0,0.0,9276144476.186234
2014-09-18,1.0,0.0,9475960518.024126
2014-09-19,1.0,0.0,9454759814.554436
2014-09-22,1.0,0.0,9198231816.142078
2014-09-23,1.0,0.0,9118199317.149406
2014-09-24,1.0,0.0,9413948286.790379
2014-09-25,1.0,0.0,8816089984.044355
2014-09-26,1.0,0.0,9098058533.109686
2014-09-29,1.0,0.0,9067847441.70714
2014-09-30,1.0,0.0,9101238404.316132
2014-10-01,1.0,0.0,8665565051.347116
2014-10-02,1.0,0.0,8661324865.46985
2014-10-03,1.0,0.0,8922622783.661589
2014-10-06,1.0,0.0,8861140737.834173
2014-10-07,1.0,0.0,8486949261.24178
2014-10-08,1.0,0.0,8977214167.362783
2014-10-09,1.0,0.0,8529880458.506098
2014-10-10,1.0,0.0,7891210910.186152
2014-10-13,1.0,0.0,7521789466.170693
2014-10-14,1.0,0.0,7535569830.2399435
2014-10-15,1.0,0.0,7374444856.295468
2014-10-16,1.0,0.0,7259961305.81811
2014-10-17,1.0,0.0,7544049919.533422
2014-10-20,1.0,0.0,7868949665.751619
2014-10-21,1.0,0.0,8484828405.502273
2014-10-22,1.0,0.0,8353384337.384383
2014-10-23,1.0,0.0,8734995927.430126
2014-10-24,1.0,0.0,8935872001.528437
2014-10-27,1.0,0.0,8969792867.183882
2014-10-28,1.0,0.0,9370485039.545444
2014-10-29,1.0,0.0,9258121553.738308
2014-10-30,1.0,0.0,9315893260.357704
2014-10-31,1.0,0.0,9700154931.262127
2014-11-03,1.0,0.0,9799797802.662481
2014-11-04,1.0,0.0,9695914575.652796
2014-11-05,1.0,0.0,9694854486.744123
2014-11-06,1.0,0.0,9778066969.783764
2014-11-07,1.0,0.0,9753686169.135195
2014-11-10,1.0,0.0,9853329040.482294
2014-11-11,1.0,0.0,9947141847.025084
2014-11-12,1.0,0.0,10001733456.556765
2014-11-13,1.0,0.0,10130527330.69672
2014-11-14,1.0,0.0,10223810121.056105
2014-11-17,1.0,0.0,10128407039.658667
2014-11-18,1.0,0.0,10355253906.307362
2014-11-19,1.0,0.0,10223809838.11847
2014-11-20,1.0,0.0,10359493922.525953
2014-11-21,1.0,0.0,10434226146.714878
2014-11-24,1.0,0.0,10670083175.133833
2014-11-25,1.0,0.0,10705064186.128244
2014-11-26,1.0,0.0,10923430793.943974
2014-11-28,1.0,0.0,11086675662.859407
2014-12-01,1.0,0.0,10677503005.286812
2014-12-02,1.0,0.0,10791986442.632177
2014-12-03,1.0,0.0,10890039378.525467
2014-12-04,1.0,0.0,10857178318.99572
2014-12-05,1.0,0.0,10864598488.823586
2014-12-08,1.0,0.0,10630331169.208862
2014-12-09,1.0,0.0,10733154250.66904
2014-12-10,1.0,0.0,10213208325.57167
2014-12-11,1.0,0.0,10373273154.012249
2014-12-12,1.0,0.0,10030352631.62416
2014-12-15,1.0,0.0,9729303273.806374
2014-12-16,1.0,0.0,9246458480.999166
2014-12-17,1.0,0.0,9743083581.052103
2014-12-18,1.0,0.0,10457545329.352804
2014-12-19,1.0,0.0,10574148831.358158
2014-12-22,1.0,0.0,10671671637.68222
2014-12-23,1.0,0.0,10569908475.251312
2014-12-24,1.0,0.0,10592169097.953074
2014-12-26,1.0,0.0,10806825535.778044
2014-12-29,1.0,0.0,10808945430.406265
2014-12-30,1.0,0.0,10585808563.701315
2014-12-31,1.0,0.0,10254018380.956566
2015-01-02,1.0,0.0,10169745695.599543
2015-01-05,1.0,0.0,9712341565.763153
2015-01-06,1.0,0.0,9327019749.248207
2015-01-07,1.0,0.0,9685840643.541979
2015-01-08,1.0,0.0,10238117441.997099
2015-01-09,1.0,0.0,10030881060.540466
2015-01-12,1.0,0.0,9722411476.048082
2015-01-13,1.0,0.0,9714461176.678877
2015-01-14,1.0,0.0,9564996558.3708
2015-01-15,1.0,0.0,9184974903.59088
2015-01-16,1.0,0.0,9511994827.314266
2015-01-20,1.0,0.0,9722411022.118195
2015-01-21,1.0,0.0,9871875526.938711
2015-01-22,1.0,0.0,10421502244.479261
2015-01-23,1.0,0.0,10490934306.750172
2015-01-26,1.0,0.0,10467613424.726753
2015-01-27,1.0,0.0,9657218635.173603
2015-01-28,1.0,0.0,9491323515.380365
2015-01-29,1.0,0.0,9765871837.667313
2015-01-30,1.0,0.0,9541674938.53192
2015-02-02,1.0,0.0,9791842403.163458
2015-02-03,1.0,0.0,10059500515.152388
2015-02-04,1.0,0.0,10032999649.574492
2015-02-05,1.0,0.0,10299597729.206747
2015-02-06,1.0,0.0,10111971946.183146
2015-02-09,1.0,0.0,10000668378.871412
2015-02-10,1.0,0.0,10479272928.807533
2015-02-11,1.0,0.0,10596936463.027098
2015-02-12,1.0,0.0,10967417713.096659
2015-02-13,1.0,0.0,11244616116.22437
2015-02-17,1.0,0.0,11274826810.974047
2015-02-18,1.0,0.0,11323058226.147093
2015-02-19,1.0,0.0,11493723377.92543
2015-02-20,1.0,0.0,11714740066.40141
2015-02-23,1.0,0.0,11760851303.192755
2015-02-24,1.0,0.0,11785231990.4399
2015-02-25,1.0,0.0,11690359038.131405
2015-02-26,1.0,0.0,11868444416.352982
2015-02-27,1.0,0.0,11711559571.471786
2015-03-02,1.0,0.0,12027449041.68748
2015-03-03,1.0,0.0,11854663711.522345
2015-03-04,1.0,0.0,11723219643.066395
2015-03-05,1.0,0.0,11774631155.255964
2015-03-06,1.0,0.0,11369698740.086502
2015-03-09,1.0,0.0,11478881901.689978
2015-03-10,1.0,0.0,10843392450.041018
2015-03-11,1.0,0.0,10653116586.054365
2015-03-12,1.0,0.0,10857172756.854033
2015-03-13,1.0,0.0,10717248429.56247
2015-03-16,1.0,0.0,11127480778.96196
2015-03-17,1.0,0.0,11189492614.636755
2015-03-18,1.0,0.0,11511742392.622622
2015-03-19,1.0,0.0,11567394034.182816
2015-03-20,1.0,0.0,11807491304.9159
2015-03-23,1.0,0.0,11708378109.326189
2015-03-24,1.0,0.0,11589654429.038225
2015-03-25,1.0,0.0,10781379704.042974
2015-03-26,1.0,0.0,10692866945.770021
2015-03-27,1.0,0.0,10796220043.131037
2015-03-30,1.0,0.0,11184191713.040121
2015-03-31,1.0,0.0,10838091093.319744
2015-04-01,1.0,0.0,10655235455.740591
2015-04-02,1.0,0.0,10672725932.60807
2015-04-06,1.0,0.0,10929783550.106857
2015-04-07,1.0,0.0,10879431956.460264
2015-04-08,1.0,0.0,11138079793.297556
2015-04-09,1.0,0.0,11345316061.080519
2015-04-10,1.0,0.0,11481000145.129076
2015-04-13,1.0,0.0,11396197386.12492
2015-04-14,1.0,0.0,11298144336.639212
2015-04-15,1.0,0.0,11497960377.945772
2015-04-16,1.0,0.0,11458209107.792023
2015-04-17,1.0,0.0,10922362697.094877
2015-04-20,1.0,0.0,11410507424.067688
2015-04-21,1.0,0.0,11556791831.60398
2015-04-22,1.0,0.0,11744417500.849451
2015-04-23,1.0,0.0,11885401746.62272
2015-04-24,1.0,0.0,12350755891.977823
2015-04-27,1.0,0.0,12271783310.800077
2015-04-28,1.0,0.0,12191750811.255516
2015-04-29,1.0,0.0,11959073653.080444
2015-04-30,1.0,0.0,11397256449.7363
2015-05-01,1.0,0.0,11857840449.49139
2015-05-04,1.0,0.0,11900241572.516226
2015-05-05,1.0,0.0,11335774288.280344
2015-05-06,1.0,0.0,11094086855.098925
2015-05-07,1.0,0.0,11284362605.185019
2015-05-08,1.0,0.0,11698305181.452562
2015-05-11,1.0,0.0,11569511079.643055
2015-05-12,1.0,0.0,11420046461.034014
2015-05-13,1.0,0.0,11479408215.684265
2015-05-14,1.0,0.0,11987693671.227354
2015-05-15,1.0,0.0,11986633581.832258
2015-05-18,1.0,0.0,12133977907.556414
2015-05-19,1.0,0.0,12098996782.90043
2015-05-20,1.0,0.0,12119137340.524206
2015-05-21,1.0,0.0,12309413090.574493
2015-05-22,1.0,0.0,12276022014.43821
2015-05-26,1.0,0.0,11850418797.006382
2015-05-27,1.0,0.0,12421246161.25961
2015-05-28,1.0,0.0,12329553305.77091
2015-05-29,1.0,0.0,12121256891.605522
2015-06-01,1.0,0.0,12227259955.510475
2015-06-02,1.0,0.0,12115956501.504696
2015-06-03,1.0,0.0,12221959679.570866
2015-06-04,1.0,0.0,11955891502.228848
2015-06-05,1.0,0.0,11865258679.071255
2015-06-08,1.0,0.0,11502197427.346975
2015-06-09,1.0,0.0,11445485639.429798
2015-06-10,1.0,0.0,11899179428.797268
2015-06-11,1.0,0.0,11964371361.307014
2015-06-12,1.0,0.0,11660142019.287527
2015-06-15,1.0,0.0,11499016930.486032
2015-06-16,1.0,0.0,11674982243.723392
2015-06-17,1.0,0.0,11773035179.116844
2015-06-18,1.0,0.0,12270720311.05452
2015-06-19,1.0,0.0,12083094527.69123
2015-06-22,1.0,0.0,12374603252.961885
2015-06-23,1.0,0.0,12405344134.014446
2015-06-24,1.0,0.0,12215068269.75939
2015-06-25,1.0,0.0,12135035770.066402
2015-06-26,1.0,0.0,11909778838.203983
2015-06-29,1.0,0.0,11067582963.40282
2015-06-30,1.0,0.0,11193726756.079914
2015-07-01,1.0,0.0,11423223703.033781
2015-07-02,1.0,0.0,11466684972.282274
2015-07-06,1.0,0.0,11369691783.421156
2015-07-07,1.0,0.0,11427463489.4032
2015-07-08,1.0,0.0,10855045962.366594
2015-07-09,1.0,0.0,10823244934.63475
2015-07-10,1.0,0.0,11326760244.44975
2015-07-13,1.0,0.0,11905537736.837921
2015-07-14,1.0,0.0,12144044958.746918
2015-07-15,1.0,0.0,12202346680.884241
2015-07-16,1.0,0.0,12678831165.718487
2015-07-17,1.0,0.0,13258668804.829512
2015-07-20,1.0,0.0,13407073162.42113
2015-07-21,1.0,0.0,13370501989.076384
2015-07-22,1.0,0.0,12931648538.303331
2015-07-23,1.0,0.0,12776883757.751951
2015-07-24,1.0,0.0,12413822620.11195
2015-07-27,1.0,0.0,12094752710.601593
2015-07-28,1.0,0.0,12413822391.19498
2015-07-29,1.0,0.0,12552686572.016695
2015-07-30,1.0,0.0,12727591852.789667
2015-07-31,1.0,0.0,12688370598.540306
2015-08-03,1.0,0.0,12571766868.128407
2015-08-04,1.0,0.0,12490674335.981249
2015-08-05,1.0,0.0,12783243207.76453
2015-08-06,1.0,0.0,12169484418.941788
2015-08-07,1.0,0.0,12121252889.686005
2015-08-10,1.0,0.0,12530425205.60536
2015-08-11,1.0,0.0,12052880573.948195
2015-08-12,1.0,0.0,12158883751.834896
2015-08-13,1.0,0.0,12104292028.454208
2015-08-14,1.0,0.0,12169483960.79983
2015-08-17,1.0,0.0,12468412912.100628
2015-08-18,1.0,0.0,12269656788.891811
2015-08-19,1.0,0.0,12039099695.132938
2015-08-20,0.0,1.0,11036391294.648169
2015-08-21,0.0,1.0,11036390799.278955
2015-08-24,0.0,1.0,11036389321.973263
2015-08-25,0.0,1.0,11036388829.494139
2015-08-26,0.0,1.0,11036388336.993067
2015-08-27,0.0,1.0,11036387844.47005
2015-08-28,0.0,1.0,11036387351.925077
2015-08-31,0.0,1.0,11036385874.158432
2015-09-01,0.0,1.0,11056362834.391706
2015-09-02,0.0,1.0,11056362341.736961
2015-09-03,0.0,1.0,11056361849.060257
2015-09-04,0.0,1.0,11056361356.36161
2015-09-08,0.0,1.0,11056359385.347364
2015-09-09,0.0,1.0,11056358892.538906
2015-09-10,0.0,1.0,11056358399.708487
2015-09-11,0.0,1.0,11056357906.856094
2015-09-14,0.0,1.0,11056356428.167145
2015-09-15,0.0,1.0,11056355935.22689
2015-09-16,0.0,1.0,11056355442.26466
2015-09-17,0.0,1.0,11056354949.280464
2015-09-18,0.0,1.0,11056354456.274303
2015-09-21,0.0,1.0,11056352977.12397
2015-09-22,0.0,1.0,11056352484.029905
2015-09-23,0.0,1.0,11056351990.91387
2015-09-24,0.0,1.0,11056351497.775854
2015-09-25,0.0,1.0,11056351004.615864
2015-09-28,0.0,1.0,11056349525.004
2015-09-29,0.0,1.0,11056349031.756088
2015-09-30,0.0,1.0,11056348538.486189
2015-10-01,0.0,1.0,11174308266.725235
2015-10-02,0.0,1.0,11174307773.41137
2015-10-05,1.0,0.0,11163126469.565147
2015-10-06,0.0,1.0,10992393097.667557
2015-10-07,0.0,1.0,10992392612.95417
2015-10-08,0.0,1.0,10992392128.219448
2015-10-09,1.0,0.0,10981393746.596695
2015-10-12,1.0,0.0,11074040391.388105
2015-10-13,1.0,0.0,10856566528.466112
2015-10-14,1.0,0.0,10810519384.904556
2015-10-15,1.0,0.0,11339223313.42363
2015-10-16,1.0,0.0,11480136701.960697
2015-10-19,1.0,0.0,11686513046.865026
2015-10-20,1.0,0.0,11492339902.933027
2015-10-21,1.0,0.0,11307598002.440826
2015-10-22,1.0,0.0,11978325361.754717
2015-10-23,1.0,0.0,12975262788.997038
2015-10-26,1.0,0.0,13013541088.234426
2015-10-27,1.0,0.0,13098421794.797192
2015-10-28,1.0,0.0,13402440217.053173
2015-10-29,1.0,0.0,13353064399.00891
2015-10-30,1.0,0.0,13169986835.406082
2015-11-02,1.0,0.0,13619911172.32247
2015-11-03,1.0,0.0,13749728979.93303
2015-11-04,1.0,0.0,13755276285.446146
2015-11-05,1.0,0.0,13633779193.726192
2015-11-06,1.0,0.0,13679270589.149654
2015-11-09,1.0,0.0,13238774587.08151
2015-11-10,1.0,0.0,13145016446.6111
2015-11-11,1.0,0.0,13086764163.85537
2015-11-12,1.0,0.0,12706185266.318409
2015-11-13,0.9,0.09999999999999998,11957141311.109066
2015-11-16,1.0,0.0,12404903395.094542
2015-11-17,1.0,0.0,12447406995.168457
2015-11-18,1.0,0.0,13161137110.585522
2015-11-19,1.0,0.0,13181008895.581478
2015-11-20,1.0,0.0,13442654705.016987
2015-11-23,1.0,0.0,13334463431.147633
2015-11-24,1.0,0.0,13292511721.297552
2015-11-25,1.0,0.0,13322319425.092281
2015-11-27,1.0,0.0,13370342927.39333
2015-11-30,1.0,0.0,13285887459.527813
2015-12-01,1.0,0.0,13680564181.929817
2015-12-02,1.0,0.0,13431614163.4637
2015-12-03,1.0,0.0,12746587708.216549
2015-12-04,1.0,0.0,13622604497.53696
2015-12-07,1.0,0.0,13455901701.67335
2015-12-08,1.0,0.0,13457005639.97909
2015-12-09,1.0,0.0,12829938711.125324
2015-12-10,1.0,0.0,13012097170.01303
2015-12-11,1.0,0.0,12119520410.660244
2015-12-14,1.0,0.0,12391654028.974611
2015-12-15,1.0,0.0,12601964257.819979
2015-12-16,1.0,0.0,13158927654.127626
2015-12-17,1.0,0.0,12610796080.267145
2015-12-18,0.6000000000000001,0.3999999999999999,11913273872.996317
2015-12-21,1.0,0.0,12120784557.338501
2015-12-22,1.0,0.0,12350381194.409122
2015-12-23,1.0,0.0,12633423178.245697
2015-12-24,1.0,0.0,12607245655.730867
2015-12-28,0.5,0.5,12597668282.839005
2015-12-29,1.0,0.0,12878665606.71937
2015-12-30,0.5,0.5,12543520603.0883
2015-12-31,0.5,0.5,12310712158.786098
2016-01-04,0.4,0.6,12035357562.792068
2016-01-05,0.4,0.6,11992179297.225368
2016-01-06,0.0,1.0,11859809938.046402
2016-01-07,0.0,1.0,11859809706.10216
2016-01-08,0.0,1.0,11859809474.146332
2016-01-11,0.0,1.0,11859808778.209314
2016-01-12,0.0,1.0,11859808546.207134
2016-01-13,0.0,1.0,11859808314.193365
2016-01-14,0.0,1.0,11859808082.168005
2016-01-15,0.0,1.0,11859807850.131054
2016-01-19,0.0,1.0,11859806921.86734
2016-01-20,0.0,1.0,11859806689.772427
2016-01-21,0.0,1.0,11859806457.66592
2016-01-22,0.0,1.0,11859806225.547821
2016-01-25,0.0,1.0,11859805529.123932
2016-01-26,0.0,1.0,11859805296.959446
2016-01-27,0.0,1.0,11859805064.783363
2016-01-28,0.0,1.0,11859804832.595684
2016-01-29,0.0,1.0,11859804600.3964
2016-02-01,0.0,0.0,12201302436.987164
2016-02-02,0.0,0.0,12201415900.7044
2016-02-03,0.0,0.0,12201542689.058836
2016-02-04,0.0,0.0,12201669478.727911
2016-02-05,0.0,0.0,12201796269.711624
2016-02-08,0.0,0.0,12202176650.594194
2016-02-09,0.0,0.0,12202303446.85101
2016-02-10,0.0,0.0,12202430244.431173
2016-02-11,0.0,0.0,12202557043.325977
2016-02-12,0.0,0.0,12202683843.535418
2016-02-16,0.0,0.0,12203191057.584099
2016-02-17,0.0,0.0,12203317864.382895
2016-02-18,0.0,0.0,12203444672.503424
2016-02-19,0.0,0.0,12203571481.93859
2016-02-22,0.0,0.0,12203951918.1412
2016-02-23,0.0,0.0,12204078732.84966
2016-02-24,0.0,0.0,12204205548.869646
2016-02-25,1.0,0.0,12198230200.032795
2016-02-26,1.0,0.0,12170021562.356714
2016-02-29,1.0,0.0,11847740500.30128
2016-03-01,1.0,0.0,12982420113.56649
2016-03-02,1.0,0.0,12996523965.235023
2016-03-03,1.0,0.0,12923182005.411247
2016-03-04,1.0,0.0,12945748354.932804
2016-03-07,1.0,0.0,12705271438.76345
2016-03-08,1.0,0.0,12368886836.273891
2016-03-09,1.0,0.0,12605836465.46458
2016-03-10,1.0,0.0,12557881999.183968
2016-03-11,1.0,0.0,13208788816.541672
2016-03-14,1.0,0.0,13286360778.876009
2016-03-15,1.0,0.0,13277897969.311678
2016-03-16,1.0,0.0,13616397573.008816
2016-03-17,1.0,0.0,13577610812.65876
2016-03-18,1.0,0.0,13655888606.366056
2016-03-21,1.0,0.0,13818085547.21451
2016-03-22,1.0,0.0,13941496662.910515
2016-03-23,1.0,0.0,13609343309.124788
2016-03-24,1.0,0.0,13605111748.35969
2016-03-28,1.0,0.0,13556451138.072119
2016-03-29,1.0,0.0,14204537122.515198
2016-03-30,1.0,0.0,14417509674.03151
2016-03-31,1.0,0.0,14333589591.406342
2016-04-01,1.0,0.0,14811015201.791256
2016-04-04,1.0,0.0,14627660145.008068
2016-04-05,1.0,0.0,14234153681.350527
2016-04-06,1.0,0.0,14916089657.20551
2016-04-07,1.0,0.0,14272234297.757042
2016-04-08,1.0,0.0,14238383994.156324
2016-04-11,1.0,0.0,14086058095.949747
2016-04-12,1.0,0.0,14414684785.018194
2016-04-13,1.0,0.0,14977440582.217232
2016-04-14,1.0,0.0,14987313184.259165
2016-04-15,1.0,0.0,14873069150.641228
2016-04-18,1.0,0.0,15092387950.874893
2016-04-19,1.0,0.0,14832165828.68019
2016-04-20,1.0,0.0,14868836340.595112
2016-04-21,1.0,0.0,14873067277.268976
2016-04-22,1.0,0.0,14198887966.827652
2016-04-25,1.0,0.0,14188308907.522587
2016-04-26,0.6000000000000001,0.3999999999999999,13987365688.697166
2016-04-27,0.6000000000000001,0.3999999999999999,13786046019.95232
2016-04-28,0.2,0.8,13490284035.117065
2016-04-29,0.2,0.8,13447243800.603014
2016-05-02,0.2,0.8,13533720264.991838
2016-05-03,0.2,0.8,13461216426.488516
2016-05-04,0.1,0.9,13407530441.027561
2016-05-05,0.2,0.8,13405444047.674286
2016-05-06,0.2,0.8,13444172542.794312
2016-05-09,0.2,0.8,13468154256.434713
2016-05-10,0.6000000000000001,0.3999999999999999,13577856731.5776
2016-05-11,0.2,0.8,13350109204.570051
2016-05-12,0.1,0.9,13311325520.527308
2016-05-13,0.1,0.9,13295198143.4709
2016-05-16,0.1,0.9,13345894111.756004
2016-05-17,0.1,0.9,13293534524.58643
2016-05-18,0.1,0.9,13308432333.407091
2016-05-19,0.0,1.0,13286152784.114069
2016-05-20,0.1,0.9,13284823449.103851
2016-05-23,0.1,0.9,13278351563.244198
2016-05-24,1.0,0.0,13347255107.185152
2016-05-25,1.0,0.0,13635051798.064465
2016-05-26,1.0,0.0,13749492940.106976
2016-05-27,1.0,0.0,13956706387.534384
2016-05-31,1.0,0.0,14039995883.0476
2016-06-01,1.0,0.0,14045412636.788954
2016-06-02,1.0,0.0,14124640932.764544
2016-06-03,1.0,0.0,13930969673.362373
2016-06-06,1.0,0.0,14080622446.383678
2016-06-07,1.0,0.0,13981077832.498959
2016-06-08,1.0,0.0,14042699705.363985
2016-06-09,1.0,0.0,13981076617.718918
2016-06-10,1.0,0.0,13510442782.078878
2016-06-13,0.1,0.9,13151199959.929178
2016-06-14,1.0,0.0,13140035092.445107
2016-06-15,0.1,0.9,13010748166.62375
2016-06-16,0.1,0.9,13020130341.088064
2016-06-17,0.0,1.0,12973912640.223833
2016-06-20,0.0,1.0,12973912447.196655
2016-06-21,0.0,1.0,12973912382.847694
2016-06-22,0.0,1.0,12973912318.495451
2016-06-23,0.6000000000000001,0.3999999999999999,12966127276.189278
2016-06-24,0.0,1.0,12005788498.96528
2016-06-27,0.0,1.0,12005787453.775793
2016-06-28,0.0,1.0,12005787105.343744
2016-06-29,0.0,1.0,12005786756.893911
2016-06-30,0.4,0.6,12000980679.346043
2016-07-01,0.4,0.6,12168517206.2384
2016-07-05,0.4,0.6,12082146370.523136
2016-07-06,1.0,0.0,12187576046.931833
2016-07-07,1.0,0.0,12303306286.391369
2016-07-08,1.0,0.0,12871949847.985462
2016-07-11,1.0,0.0,13092149676.139692
2016-07-12,1.0,0.0,13297962123.224321
2016-07-13,1.0,0.0,13204751686.326326
2016-07-14,1.0,0.0,13473121222.067781
2016-07-15,1.0,0.0,13397426769.96601
2016-07-18,1.0,0.0,13664544414.237999
2016-07-19,1.0,0.0,13523165018.929283
2016-07-20,1.0,0.0,13986087100.397673
2016-07-21,1.0,0.0,13902885797.5371
2016-07-22,1.0,0.0,14064908282.342766
2016-07-25,1.0,0.0,14076793004.334196
2016-07-26,1.0,0.0,14124336016.750576
2016-07-27,1.0,0.0,14400212402.885464
2016-07-28,1.0,0.0,14556604749.593143
2016-07-29,1.0,0.0,14652316720.247168
2016-08-01,1.0,0.0,14881900110.494158
2016-08-02,1.0,0.0,14546593739.96079
2016-08-03,1.0,0.0,14684218959.944443
2016-08-04,1.0,0.0,14816214041.926275
2016-08-05,1.0,0.0,15244729724.304451
2016-08-08,1.0,0.0,15196559640.340294
2016-08-09,1.0,0.0,15296650606.991299
2016-08-10,1.0,0.0,15179042904.963507
2016-08-11,1.0,0.0,15374846217.279776
2016-08-12,1.0,0.0,15403622102.760416
2016-08-15,1.0,0.0,15597547951.642681
2016-08-16,1.0,0.0,15351698217.674055
2016-08-17,1.0,0.0,15423638494.258154
2016-08-18,1.0,0.0,15438651820.110302
2016-08-19,1.0,0.0,15417382034.499928
2016-08-22,1.0,0.0,15432394609.30929
2016-08-23,1.0,0.0,15524353154.16031
2016-08-24,1.0,0.0,15224704323.759663
2016-08-25,1.0,0.0,15152763296.190544
2016-08-26,1.0,0.0,15225954714.375187
2016-08-29,1.0,0.0,15268492407.805895
2016-08-30,1.0,0.0,15130240866.123446
2016-08-31,1.0,0.0,15090829524.560253
2016-09-01,1.0,0.0,15157765233.759754
2016-09-02,1.0,0.0,15335426989.930613
2016-09-06,1.0,0.0,15620060240.40649
2016-09-07,1.0,0.0,15648210554.499268
2016-09-08,1.0,0.0,15379840268.157173
2016-09-09,1.0,0.0,14213775759.018639
2016-09-12,1.0,0.0,14942564714.626907
2016-09-13,1.0,0.0,14589742358.449783
2016-09-14,1.0,0.0,14777413248.580528
2016-09-15,1.0,0.0,15463038564.706356
2016-09-16,1.0,0.0,15446147774.764992
2016-09-19,1.0,0.0,15243461679.295645
2016-09-20,1.0,0.0,15327913372.963459
2016-09-21,1.0,0.0,15773945039.270658
2016-09-22,1.0,0.0,16143031486.463377
2016-09-23,1.0,0.0,15852140647.90168
2016-09-26,1.0,0.0,15458655431.5066
2016-09-27,1.0,0.0,15896554676.167639
2016-09-28,1.0,0.0,15983508653.2289
2016-09-29,1.0,0.0,15644448856.256056
2016-09-30,1.0,0.0,15966617486.772945
2016-10-03,1.0,0.0,15930333246.42257
2016-10-04,1.0,0.0,15839625091.473444
2016-10-05,1.0,0.0,16004775429.268679
2016-10-06,1.0,0.0,15980377788.297926
2016-10-07,1.0,0.0,15875907073.777924
2016-10-10,1.0,0.0,16159915127.1419
2016-10-11,1.0,0.0,15491805043.400246
2016-10-12,1.0,0.0,15459900551.670204
2016-10-13,0.5,0.5,15270841705.6278
2016-10-14,1.0,0.0,15280400831.592337
2016-10-17,0.5,0.5,15167309076.985863
2016-10-18,1.0,0.0,15354395026.548592
2016-10-19,1.0,0.0,15360552977.335516
2016-10-20,1.0,0.0,15295890020.172932
2016-10-21,1.0,0.0,15462164806.238924
2016-10-24,1.0,0.0,16025651732.426727
2016-10-25,1.0,0.0,15865534507.954952
2016-10-26,1.0,0.0,15561312131.676128
2016-10-27,1.0,0.0,15343306512.856792
2016-10-28,1.0,0.0,15077881677.403793
2016-10-31,1.0,0.0,14992279586.148478
2016-11-01,0.4,0.6,14675547793.98305
2016-11-02,0.4,0.6,14522406992.363989
2016-11-03,0.4,0.6,14357694487.550406
2016-11-04,0.4,0.6,14294665205.09683
2016-11-07,0.4,0.6,14688101580.741241
2016-11-08,1.0,0.0,14794765693.130453
2016-11-09,1.0,0.0,15002453696.684904
2016-11-10,0.8,0.19999999999999996,14285434367.372332
2016-11-11,0.8,0.19999999999999996,14275723785.215565
2016-11-14,0.4,0.6,13884741214.834942
2016-11-15,0.4,0.6,14141901571.690136
2016-11-16,0.9,0.09999999999999998,14229595416.516554
2016-11-17,1.0,0.0,14525063210.068464
2016-11-18,0.5,0.5,14354570227.739346
2016-11-21,1.0,0.0,14563258648.058949
2016-11-22,1.0,0.0,14694586009.056223
2016-11-23,1.0,0.0,14517553538.702726
2016-11-25,1.0,0.0,14657558571.590946
2016-11-28,1.0,0.0,14575983841.245646
2016-11-29,1.0,0.0,14715989246.141619
2016-11-30,1.0,0.0,14239274988.355326
2016-12-01,0.4,0.6,13449015733.911547
2016-12-02,0.4,0.6,13470525386.132124
2016-12-05,0.4,0.6,13595421231.314589
2016-12-06,0.4,0.6,13635434142.060965
2016-12-07,1.0,0.0,13834137709.510893
2016-12-08,1.0,0.0,13918943165.86852
2016-12-09,1.0,0.0,14244309157.164303
2016-12-12,1.0,0.0,14046427377.328896
2016-12-13,1.0,0.0,14595725295.081131
2016-12-14,1.0,0.0,14488747467.65652
2016-12-15,1.0,0.0,14576878645.522694
2016-12-16,1.0,0.0,14399506375.789934
2016-12-19,1.0,0.0,14575768284.605879
2016-12-20,1.0,0.0,14752031086.90859
2016-12-21,1.0,0.0,14700481954.002855
2016-12-22,1.0,0.0,14572441222.397572
2016-12-23,1.0,0.0,14617892305.153217
2016-12-27,1.0,0.0,14831290991.902916
2016-12-28,1.0,0.0,14487632637.797758
2016-12-29,1.0,0.0,14417237748.49895
2016-12-30,1.0,0.0,13995979221.775658
2017-01-03,1.0,0.0,14334646757.83651
2017-01-04,1.0,0.0,14579086854.239285
2017-01-05,1.0,0.0,14837938411.23721
2017-01-06,1.0,0.0,15214298800.95723
2017-01-09,1.0,0.0,15368389230.338223
2017-01-10,1.0,0.0,15456520407.561356
2017-01-11,1.0,0.0,15575137366.840279
2017-01-12,1.0,0.0,15495873886.044357
2017-01-13,1.0,0.0,15674353835.541035
2017-01-17,1.0,0.0,15526911717.767998
2017-01-18,1.0,0.0,15632225790.147572
2017-01-19,1.0,0.0,15590653821.568842
2017-01-20,1.0,0.0,15692087885.270456
2017-01-23,1.0,0.0,15727006620.024061
2017-01-24,1.0,0.0,16055144044.916496
2017-01-25,1.0,0.0,16524070354.301594
2017-01-26,1.0,0.0,16592247201.03946
2017-01-27,1.0,0.0,16671509786.690931
2017-01-30,1.0,0.0,16292930458.52274
2017-01-31,1.0,0.0,16202581238.317883
2017-02-01,1.0,0.0,16510764332.923033
2017-02-02,1.0,0.0,16469192363.997492
2017-02-03,1.0,0.0,16612197948.371204
2017-02-06,1.0,0.0,16673722455.53632
2017-02-07,1.0,0.0,16845550961.05068
2017-02-08,1.0,0.0,16939779293.971586
2017-02-09,1.0,0.0,17116042095.01172
2017-02-10,1.0,0.0,17285653452.664032
2017-02-13,1.0,0.0,17589401355.11216
2017-02-14,1.0,0.0,17754578417.08994
2017-02-15,1.0,0.0,18060544363.56035
2017-02-16,1.0,0.0,18045023880.792927
2017-02-17,1.0,0.0,18271726793.804314
2017-02-21,1.0,0.0,18562171360.62786
2017-02-22,1.0,0.0,18564388060.013016
2017-02-23,1.0,0.0,18364290023.747913
2017-02-24,1.0,0.0,18463506938.794273
2017-02-27,1.0,0.0,18518380001.033947
2017-02-28,1.0,0.0,18373156372.389755
2017-03-01,1.0,0.0,18967351530.910736
2017-03-02,1.0,0.0,18668036130.97342
2017-03-03,1.0,0.0,18765035898.058388
2017-03-06,1.0,0.0,18635331406.452812
2017-03-07,1.0,0.0,18542765037.59217
2017-03-08,1.0,0.0,18637547656.76534
2017-03-09,1.0,0.0,18694638763.523186
2017-03-10,1.0,0.0,18899170198.136658
2017-03-13,1.0,0.0,19009471954.02561
2017-03-14,1.0,0.0,18868682620.609196
2017-03-15,1.0,0.0,19198482905.102203
2017-03-16,1.0,0.0,19187396717.21516
2017-03-17,1.0,0.0,19141390451.647385
2017-03-20,1.0,0.0,19198480660.110497
2017-03-21,1.0,0.0,18342106878.047718
2017-03-22,1.0,0.0,18703501518.341206
2017-03-23,1.0,0.0,18553843593.550503
2017-03-24,1.0,0.0,18654723368.742348
2017-03-27,1.0,0.0,18753939384.64949
2017-03-28,1.0,0.0,19105911146.696243
2017-03-29,1.0,0.0,19359219832.166553
2017-03-30,1.0,0.0,19456219598.58084
2017-03-31,1.0,0.0,19410213332.665157
2017-04-03,1.0,0.0,19368086176.585926
2017-04-04,1.0,0.0,19456217351.7252
2017-04-05,1.0,0.0,19233947836.56495
2017-04-06,1.0,0.0,19249467421.60809
2017-04-07,1.0,0.0,19227295494.23587
2017-04-10,1.0,0.0,19249465623.47703
2017-04-11,1.0,0.0,19007241778.07847
2017-04-12,1.0,0.0,18756149341.504322
2017-04-13,1.0,0.0,18533879826.14509
2017-04-17,1.0,0.0,18973981863.171196
2017-04-18,1.0,0.0,18919107005.657104
2017-04-19,1.0,0.0,18985066702.54648
2017-04-20,1.0,0.0,19445124418.67039
2017-04-21,1.0,0.0,19436255377.67592
2017-04-24,1.0,0.0,20142969885.31704
2017-04-25,1.0,0.0,20589724714.590443
2017-04-26,1.0,0.0,20499375492.27441
2017-04-27,1.0,0.0,20858552983.88482
2017-04-28,1.0,0.0,20977169940.507465
2017-05-01,1.0,0.0,21505404050.717827
2017-05-02,1.0,0.0,21633443885.338493
2017-05-03,1.0,0.0,21419488673.685215
2017-05-04,1.0,0.0,21441659701.394535
2017-05-05,1.0,0.0,21675014055.8551
2017-05-08,1.0,0.0,21804715850.707645
2017-05-09,1.0,0.0,22044721648.4316
2017-05-10,1.0,0.0,22080195562.717506
2017-05-11,1.0,0.0,22027537852.418377
2017-05-12,1.0,0.0,22170543434.356747
2017-05-15,1.0,0.0,22377291114.30781
2017-05-16,1.0,0.0,22658868432.87626
2017-05-17,1.0,0.0,20944458455.564342
2017-05-18,1.0,0.0,21474910613.249584
2017-05-19,1.0,0.0,21734316453.866497
2017-05-22,1.0,0.0,22298024927.10998
2017-05-23,1.0,0.0,22352898884.214043
2017-05-24,1.0,0.0,22661081976.035175
2017-05-25,1.0,0.0,23258048567.17618
2017-05-26,1.0,0.0,23356711193.012047
2017-05-30,1.0,0.0,23405486641.228626
2017-05-31,1.0,0.0,23376663269.148403
2017-06-01,1.0,0.0,23656577726.477146
2017-06-02,1.0,0.0,24464173357.247856
2017-06-05,1.0,0.0,24444217674.338123
2017-06-06,1.0,0.0,24167073749.88849
2017-06-07,1.0,0.0,24430913885.606876
2017-06-08,1.0,0.0,24497427868.197136
2017-06-09,1.0,0.0,22725372047.83201
2017-06-12,1.0,0.0,22313535492.926476
2017-06-13,1.0,0.0,22835119058.812466
2017-06-14,1.0,0.0,22529152212.923378
2017-06-15,1.0,0.0,22225402514.797005
2017-06-16,1.0,0.0,21958790042.089237
2017-06-19,1.0,0.0,23022465339.357925
2017-06-20,1.0,0.0,22500326584.02061
2017-06-21,1.0,0.0,23154384730.020508
2017-06-22,1.0,0.0,23127778505.178867
2017-06-23,1.0,0.0,23387738631.869385
2017-06-26,1.0,0.0,23077336587.20134
2017-06-27,1.0,0.0,21806910453.34849
2017-06-28,1.0,0.0,22723146325.06625
2017-06-29,1.0,0.0,21565240441.388004
2017-06-30,1.0,0.0,21490411251.96456
2017-07-03,1.0,0.0,20904528594.153103
2017-07-05,1.0,0.0,21500940445.63434
2017-07-06,1.0,0.0,20933350160.249943
2017-07-07,1.0,0.0,21560802532.397984
2017-07-10,1.0,0.0,22011990751.747177
2017-07-11,1.0,0.0,22192133557.63157
2017-07-12,1.0,0.0,22982546292.04881
2017-07-13,1.0,0.0,23134420463.59033
2017-07-14,1.0,0.0,23678175506.578587
2017-07-17,1.0,0.0,23691477037.33669
2017-07-18,1.0,0.0,24162620490.17853
2017-07-19,1.0,0.0,24604941021.755577
2017-07-20,1.0,0.0,24697506489.801697
2017-07-21,1.0,0.0,24660368812.243748
2017-07-24,1.0,0.0,24981299598.016647
2017-07-25,1.0,0.0,24814458774.779575
2017-07-26,1.0,0.0,25036727388.254642
2017-07-27,1.0,0.0,24589417369.826504
2017-07-28,1.0,0.0,24510153884.12757
2017-07-31,1.0,0.0,24191437532.630447
2017-08-01,1.0,0.0,24349963147.05967
2017-08-02,1.0,0.0,24527888804.60603
2017-08-03,1.0,0.0,24272916356.5836
2017-08-04,1.0,0.0,24367144685.09512
2017-08-07,1.0,0.0,24798932859.2007
2017-08-08,1.0,0.0,24706366486.50036
2017-08-09,1.0,0.0,24609365818.19963
2017-08-10,1.0,0.0,23011356097.61711
2017-08-11,1.0,0.0,23537373957.60329
2017-08-14,1.0,0.0,24453054635.843307
2017-08-15,1.0,0.0,24497397138.856663
2017-08-16,1.0,0.0,24624882683.882816
2017-08-17,1.0,0.0,23110570292.10975
2017-08-18,1.0,0.0,23029089658.09733
2017-08-21,1.0,0.0,22986962491.53518
2017-08-22,1.0,0.0,24010730029.57909
2017-08-23,1.0,0.0,23741900407.382748
2017-08-24,1.0,0.0,23544019514.366985
2017-08-25,1.0,0.0,23385492994.55741
2017-08-28,1.0,0.0,23590023518.847946
2017-08-29,1.0,0.0,23881023712.88945
2017-08-30,1.0,0.0,24708573671.5235
2017-08-31,1.0,0.0,25410854780.128777
2017-09-01,1.0,0.0,25393117144.661163
2017-09-05,1.0,0.0,24713005247.875935
2017-09-06,1.0,0.0,24926405269.148174
2017-09-07,1.0,0.0,25080496587.074997
2017-09-08,1.0,0.0,24461911900.971603
2017-09-11,1.0,0.0,25241237988.16401
2017-09-12,1.0,0.0,25454638009.285748
2017-09-13,1.0,0.0,25560506362.6801
2017-09-14,1.0,0.0,25128716377.53791
2017-09-15,1.0,0.0,25331584946.592915
2017-09-18,1.0,0.0,25270057734.782253
2017-09-19,1.0,0.0,25377588948.866806
2017-09-20,1.0,0.0,25166405168.447815
2017-09-21,1.0,0.0,24681957923.172638
2017-09-22,1.0,0.0,24620431618.371582
2017-09-25,1.0,0.0,23847754253.13671
2017-09-26,1.0,0.0,24010714161.73745
2017-09-27,1.0,0.0,24662000870.54874
2017-09-28,1.0,0.0,24620428895.686134
2017-09-29,1.0,0.0,25142012458.86816
2017-10-02,1.0,0.0,25212405539.369827
2017-10-03,1.0,0.0,25370931152.21943
2017-10-04,1.0,0.0,25436890844.908432
2017-10-05,1.0,0.0,26170212021.662827
2017-10-06,1.0,0.0,26264994635.54138
2017-10-09,1.0,0.0,26199033126.573467
2017-10-10,1.0,0.0,26253907080.17335
2017-10-11,1.0,0.0,26482827135.080685
2017-10-12,1.0,0.0,26339820648.58021
2017-10-13,1.0,0.0,26634700850.120655
2017-10-16,1.0,0.0,26909625812.980236
2017-10-17,1.0,0.0,27004408426.582367
2017-10-18,1.0,0.0,26900756313.162346
2017-10-19,1.0,0.0,26603658055.242443
2017-10-20,1.0,0.0,26797658032.26767
2017-10-23,1.0,0.0,26297689842.806526
2017-10-24,1.0,0.0,26432381116.41084
2017-10-25,1.0,0.0,26110894232.675644
2017-10-26,1.0,0.0,25868670382.324715
2017-10-27,1.0,0.0,28098566315.207523
2017-10-30,1.0,0.0,28298662539.177006
2017-10-31,1.0,0.0,28598531322.787125
2017-11-01,1.0,0.0,28560839355.69841
2017-11-02,1.0,0.0,28415615720.882233
2017-11-03,1.0,0.0,29208245600.2279
2017-11-06,1.0,0.0,29505342039.37989
2017-11-07,1.0,0.0,29553564548.912647
2017-11-08,1.0,0.0,29923273487.633278
2017-11-09,1.0,0.0,29443814823.64878
2017-11-10,1.0,0.0,29434945777.573368
2017-11-13,1.0,0.0,29523076037.208355
2017-11-14,1.0,0.0,29225423491.68744
2017-11-15,1.0,0.0,28796404939.72154
2017-11-16,1.0,0.0,29875046883.350227
2017-11-17,1.0,0.0,29540257112.310204
2017-11-20,1.0,0.0,29467644156.80994
2017-11-21,1.0,0.0,30396628624.64458
2017-11-22,1.0,0.0,30518017010.793
2017-11-24,1.0,0.0,30861119720.406635
2017-11-27,1.0,0.0,30810678242.254192
2017-11-28,1.0,0.0,31037381148.166084
2017-11-29,1.0,0.0,29441588572.583008
2017-11-30,1.0,0.0,30172138313.193905
2017-12-01,1.0,0.0,29769171247.33019
2017-12-04,1.0,0.0,28741521881.230347
2017-12-05,1.0,0.0,28783092946.69489
2017-12-06,1.0,0.0,29163887623.648666
2017-12-07,1.0,0.0,29452116380.44176
2017-12-08,1.0,0.0,29841779648.49583
2017-12-11,1.0,0.0,30526876947.846455
2017-12-12,1.0,0.0,30412139094.10336
2017-12-13,1.0,0.0,30564013261.803097
2017-12-14,1.0,0.0,30520224137.215206
2017-12-15,1.0,0.0,31512951603.340683
2017-12-18,1.0,0.0,32322763465.21854
2017-12-19,1.0,0.0,31796744696.684986
2017-12-20,1.0,0.0,31664823947.38563
2017-12-21,1.0,0.0,31649303456.914055
2017-12-22,1.0,0.0,31543434194.069443
2017-12-26,1.0,0.0,31032934091.772408
2017-12-27,1.0,0.0,31032933635.66317
2017-12-28,1.0,0.0,31116630508.513474
2017-12-29,1.0,0.0,30529085888.619587
2018-01-02,1.0,0.0,32096053262.66845
2018-01-03,1.0,0.0,33036123468.35721
2018-01-04,1.0,0.0,33230123443.46771
2018-01-05,1.0,0.0,34233936648.001663
2018-01-08,1.0,0.0,34614730411.374306
2018-01-09,1.0,0.0,34640781441.44208
2018-01-10,1.0,0.0,34394123293.60044
2018-01-11,1.0,0.0,35083101512.13287
2018-01-12,1.0,0.0,35827508425.331955
2018-01-16,1.0,0.0,35549808838.62018
2018-01-17,1.0,0.0,36670576588.65097
2018-01-18,1.0,0.0,36705496209.64211
2018-01-19,1.0,0.0,37058022251.1926
2018-01-22,1.0,0.0,38215926313.08477
2018-01-23,1.0,0.0,39184265152.56121
2018-01-24,1.0,0.0,38389971500.80985
2018-01-25,1.0,0.0,38341193792.63933
2018-01-26,1.0,0.0,40053940001.7522
2018-01-29,1.0,0.0,39523486022.79822
2018-01-30,1.0,0.0,38513020461.59677
2018-01-31,1.0,0.0,38988598205.05996
2018-02-01,1.0,0.0,38013607008.41077
2018-02-02,1.0,0.0,35691144243.77611
2018-02-05,1.0,0.0,31570019422.149635
2018-02-06,1.0,0.0,34004447235.872963
2018-02-07,1.0,0.0,32659746645.477028
2018-02-08,1.0,0.0,28611234327.98475
2018-02-09,1.0,0.0,29958705438.723965
2018-02-12,1.0,0.0,31635976368.2863
2018-02-13,1.0,0.0,32021205339.072876
2018-02-14,1.0,0.0,33896911910.099426
2018-02-15,1.0,0.0,35668966822.02681
2018-02-16,1.0,0.0,35270434049.79395
2018-02-20,1.0,0.0,35446695469.06885
2018-02-21,1.0,0.0,35127425730.118866
2018-02-22,1.0,0.0,35134076715.93195
2018-02-23,1.0,0.0,37227618056.86989
2018-02-26,1.0,0.0,38721974292.88594
2018-02-27,1.0,0.0,37335147894.01799
2018-02-28,1.0,0.0,36584642910.18777
2018-03-01,1.0,0.0,34823672822.09882
2018-03-02,1.0,0.0,35780925921.6755
2018-03-05,1.0,0.0,36903909902.723976
2018-03-06,1.0,0.0,37370619054.17598
2018-03-07,1.0,0.0,37649979217.54402
2018-03-08,1.0,0.0,38211471436.868515
2018-03-09,1.0,0.0,40436933070.81861
2018-03-12,1.0,0.0,41042213042.9127
2018-03-13,1.0,0.0,39552289271.56316
2018-03-14,1.0,0.0,39417597085.40532
2018-03-15,1.0,0.0,39241887665.150116
2018-03-16,1.0,0.0,38981926628.93788
2018-03-19,1.0,0.0,36534194096.86971
2018-03-20,1.0,0.0,36802468520.96992
2018-03-21,1.0,0.0,36269798306.74677
2018-03-22,1.0,0.0,33619197668.32064
2018-03-23,1.0,0.0,30903191170.132713
2018-03-26,1.0,0.0,34381340387.043495
2018-03-27,1.0,0.0,31083332594.489147
2018-03-28,1.0,0.0,30011341180.736267
2018-03-29,1.0,0.0,31673647276.109615
2018-04-02,1.0,0.0,28860084899.547626
2018-04-03,1.0,0.0,29828978024.198425
2018-04-04,1.0,0.0,31239637845.518326
2018-04-05,1.0,0.0,31730735621.874172
2018-04-06,1.0,0.0,29362267039.04936
2018-04-09,1.0,0.0,29949809826.7119
2018-04-10,0.7000000000000001,0.0,31923820330.63672
2018-04-11,0.7000000000000001,0.0,31548086365.18525
2018-04-12,0.4,0.0,32313987130.79915
2018-04-13,0.8,0.0,32116582567.58953
2018-04-16,0.8,0.0,32684687755.45457
2018-04-17,1.0,0.0,34362081842.47503
2018-04-18,1.0,0.0,34601151123.685776
2018-04-19,1.0,0.0,33660190575.999138
2018-04-20,0.4,0.0,32036171608.91665
2018-04-23,0.4,0.0,31938168142.10581
2018-04-24,0.4,0.0,31128155443.422367
2018-04-25,0.4,0.0,31176081304.16266
2018-04-26,0.4,0.0,31918059993.474277
2018-04-27,0.4,0.0,31948700257.377598
2018-04-30,0.4,0.0,31680028923.191147
2018-05-01,0.4,0.0,32085921723.582916
2018-05-02,0.4,0.0,31862528367.021564
2018-05-03,0.4,0.0,31864291656.118843
2018-05-04,1.0,0.0,32566465503.650192
2018-05-07,1.0,0.0,33340888644.31663
2018-05-08,1.0,0.0,33230331879.498894
2018-05-09,1.0,0.0,34343901697.086277
2018-05-10,1.0,0.0,35413142323.351776
2018-05-11,1.0,0.0,35306858251.45167
2018-05-14,1.0,0.0,35463877232.95966
2018-05-15,1.0,0.0,34316658296.354427
2018-05-16,1.0,0.0,34948481962.744736
2018-05-17,1.0,0.0,34553791103.96724
2018-05-18,1.0,0.0,34000476512.571983
2018-05-21,1.0,0.0,34594378365.378334
2018-05-22,1.0,0.0,34413856249.51162
2018-05-23,1.0,0.0,35279609864.40737
2018-05-24,1.0,0.0,35249700181.31975
2018-05-25,1.0,0.0,35338891819.23034
2018-05-29,1.0,0.0,34887051194.819405
2018-05-30,1.0,0.0,35631567141.57674
2018-05-31,1.0,0.0,35555191920.17034
2018-06-01,1.0,0.0,37209791504.01816
2018-06-04,1.0,0.0,38164201836.870445
2018-06-05,1.0,0.0,38558891032.969215
2018-06-06,1.0,0.0,39194987390.98548
2018-06-07,1.0,0.0,38284902921.58692
2018-06-08,1.0,0.0,38259800017.196815
2018-06-11,1.0,0.0,38558886039.33558
2018-06-12,1.0,0.0,39169346238.12557
2018-06-13,1.0,0.0,39125016214.27979
2018-06-14,1.0,0.0,40314960419.028725
2018-06-15,1.0,0.0,39913860518.47097
2018-06-18,1.0,0.0,39825199637.32151
2018-06-19,1.0,0.0,39468428927.726494
2018-06-20,1.0,0.0,40295728302.41864
2018-06-21,1.0,0.0,39252122171.621765
2018-06-22,1.0,0.0,38857965396.90121
2018-06-25,1.0,0.0,36376062273.370026
2018-06-26,1.0,0.0,36777160507.65842
2018-06-27,1.0,0.0,35300410110.11735
2018-06-28,1.0,0.0,36166163722.42713
2018-06-29,1.0,0.0,36331729747.567665
2018-07-02,1.0,0.0,37146209374.29122
2018-07-03,1.0,0.0,35867071033.69903
2018-07-05,1.0,0.0,37184127023.52532
2018-07-06,1.0,0.0,38857953723.95365
2018-07-09,1.0,0.0,39939476669.950165
2018-07-10,1.0,0.0,40035077344.25329
2018-07-11,1.0,0.0,39449717550.48358
2018-07-12,1.0,0.0,41396462524.32174
2018-07-13,1.0,0.0,41517699357.2041
2018-07-16,1.0,0.0,41237835452.32797
2018-07-17,1.0,0.0,42001044428.0884
2018-07-18,1.0,0.0,41734000272.189644
2018-07-19,1.0,0.0,41116595279.34938
2018-07-20,1.0,0.0,41059447173.4432
2018-07-23,1.0,0.0,41415680457.16257
2018-07-24,1.0,0.0,41943891310.12793
2018-07-25,1.0,0.0,43694092398.931656
2018-07-26,1.0,0.0,41784731819.63066
2018-07-27,1.0,0.0,40041472185.78559
2018-07-30,1.0,0.0,38316903912.43668
2018-07-31,1.0,0.0,39080646973.82919
2018-08-01,1.0,0.0,39614732779.27477
2018-08-02,1.0,0.0,41192957968.91611
2018-08-03,1.0,0.0,41562011001.97245
2018-08-06,1.0,0.0,42325752390.17942
2018-08-07,1.0,0.0,42739134614.197296
2018-08-08,1.0,0.0,42853962405.50577
2018-08-09,1.0,0.0,42815507330.61164
2018-08-10,1.0,0.0,41816764474.10378
2018-08-13,1.0,0.0,41695524295.71422
2018-08-14,1.0,0.0,42465676395.79486
2018-08-15,1.0,0.0,40919494731.31736
2018-08-16,1.0,0.0,41294956803.133835
2018-08-17,1.0,0.0,41288546926.15603
2018-08-20,1.0,0.0,41205760984.44229
2018-08-21,1.0,0.0,41631961286.84652
2018-08-22,1.0,0.0,42115842946.46795
2018-08-23,1.0,0.0,41905946058.61861
2018-08-24,1.0,0.0,43070254099.45469
2018-08-27,1.0,0.0,44368082124.679436
2018-08-28,1.0,0.0,44565693343.98589
2018-08-29,1.0,0.0,46124691412.58009
2018-08-30,1.0,0.0,45863522206.6339
2018-08-31,1.0,0.0,45997577115.37663
2018-09-04,1.0,0.0,45450134953.87997
2018-09-05,1.0,0.0,43642784920.156624
2018-09-06,1.0,0.0,42452839044.01498
2018-09-07,1.0,0.0,42033046104.943825
2018-09-10,1.0,0.0,42402097457.4407
2018-09-11,1.0,0.0,43343691367.44
2018-09-12,1.0,0.0,42968227619.25709
2018-09-13,1.0,0.0,44240955246.8845
2018-09-14,1.0,0.0,43903945736.74973
2018-09-17,1.0,0.0,42052264832.08076
2018-09-18,1.0,0.0,43051006012.22095
2018-09-19,1.0,0.0,42955403663.71326
2018-09-20,1.0,0.0,44304505680.57796
2018-09-21,1.0,0.0,43598442300.61165
2018-09-24,1.0,0.0,43973902689.76477
2018-09-25,1.0,0.0,44151752701.30565
2018-09-26,1.0,0.0,44107422669.881226
2018-09-27,1.0,0.0,45329412065.54502
2018-09-28,1.0,0.0,45259445875.180244
2018-10-01,1.0,0.0,45520077634.87328
2018-10-02,1.0,0.0,45259442513.17816
2018-10-03,1.0,0.0,45392963332.8886
2018-10-04,1.0,0.0,42803176367.16482
2018-10-05,0.5,0.0,41182601204.05676
2018-10-08,0.4,0.0,40814536606.99569
2018-10-09,0.4,0.0,40941515363.59947
2018-10-10,0.1,0.0,38804155943.84943
2018-10-11,0.1,0.0,38648940047.206505
2018-10-12,0.4,0.0,38959816477.49128
2018-10-15,0.30000000000000004,0.0,38373863567.77885
2018-10-16,0.4,0.0,39365557379.77235
2018-10-17,0.4,0.0,39419041315.39667
2018-10-18,0.30000000000000004,0.0,38323155680.434784
2018-10-19,0.30000000000000004,0.0,38278057492.79196
2018-10-22,0.4,0.0,38453403036.10235
2018-10-23,0.30000000000000004,0.0,38283775435.515945
2018-10-24,0.0,0.0,36718445418.57164
2018-10-25,0.0,0.0,36720624812.488045
2018-10-26,0.0,0.0,36722804335.75863
2018-10-29,0.0,0.0,36729343681.762955
2018-10-30,0.0,0.0,36731523722.52666
2018-10-31,0.0,0.0,36733703892.685
2018-11-01,0.0,0.0,36735884192.246284
2018-11-02,0.0,0.0,36738064621.22206
2018-11-05,0.0,0.0,36744636237.058014
2018-11-06,0.0,0.0,36746827036.88392
2018-11-07,0.0,0.0,36749017967.33399
2018-11-08,0.0,0.0,36751209028.41085
2018-11-09,0.0,0.0,36753400220.11449
2018-11-12,0.0,0.0,36759974579.13788
2018-11-13,0.0,0.0,36762166293.47505
2018-11-14,0.0,0.0,36764358138.47424
2018-11-15,0.0,0.0,36766550114.169495
2018-11-16,0.0,0.0,36768742220.549255
2018-11-19,0.0,0.0,36775319323.9378
2018-11-20,0.0,0.0,36777511953.15957
2018-11-21,0.0,0.0,36779704713.11198
2018-11-23,0.0,0.0,36784090625.24645
2018-11-26,0.0,0.0,36790670474.107414
2018-11-27,0.0,0.0,36792864018.59866
2018-11-28,0.0,0.0,36795057693.88529
2018-11-29,0.0,0.0,36797251499.94879
2018-11-30,0.0,0.0,36799445436.8238
2018-12-03,1.0,0.0,36787625018.28649
2018-12-04,0.0,0.0,32723809760.367947
2018-12-06,0.0,0.0,32727712014.477142
2018-12-07,0.0,0.0,32729724713.088684
2018-12-10,0.0,0.0,32735763551.6197
2018-12-11,0.0,0.0,32737776745.38408
2018-12-12,0.0,0.0,32739790062.954746
2018-12-13,0.0,0.0,32741803504.346706
2018-12-14,0.0,0.0,32743817069.55995
2018-12-17,0.0,0.0,32749858508.186516
2018-12-18,0.0,0.0,32751872568.76859
2018-12-19,0.0,0.0,32753886753.21514
2018-12-20,0.0,0.0,32755901061.51758
2018-12-21,0.0,0.0,32757915493.710495
2018-12-24,0.0,0.0,32763959533.60906
2018-12-26,0.0,0.0,32767989513.061405
2018-12-27,0.0,0.0,32770004688.6708
2018-12-28,0.0,0.0,32772019988.200935
2018-12-31,0.0,0.0,32778066630.47877
2019-01-02,0.0,0.0,32782098345.1116
2019-01-03,0.0,0.0,32784114388.384754
2019-01-04,0.0,0.0,32786244663.950356
2019-01-07,0.0,0.0,32792636321.253876
2019-01-08,0.0,0.0,32794767150.568283
2019-01-09,1.0,0.0,32780499669.279083
2019-01-10,1.0,0.0,33095782829.15558
2019-01-11,1.0,0.0,32701840255.14148
2019-01-14,0.0,0.0,31833905728.846874
2019-01-15,1.0,0.0,31820056273.77183
2019-01-16,1.0,0.0,31864476312.84568
2019-01-17,1.0,0.0,32611510122.183136
2019-01-18,1.0,0.0,33506824842.827343
2019-01-22,1.0,0.0,31655496574.306736
2019-01-23,1.0,0.0,31685526481.505733
2019-01-24,1.0,0.0,32245488591.166744
2019-01-25,1.0,0.0,33394820399.45331
2019-01-28,1.0,0.0,32163520730.55579
2019-01-29,1.0,0.0,31252561223.757256
2019-01-30,1.0,0.0,33596273875.12831
2019-01-31,1.0,0.0,35074701713.75389
2019-02-01,1.0,0.0,34626729018.65114
2019-02-04,1.0,0.0,35895558132.07008
2019-02-05,1.0,0.0,36843428109.328156
2019-02-06,1.0,0.0,36552495534.79184
2019-02-07,1.0,0.0,35059674221.86796
2019-02-08,1.0,0.0,35238610695.600204
2019-02-11,1.0,0.0,35156644497.78969
2019-02-12,1.0,0.0,36679494041.97093
2019-02-13,1.0,0.0,36753945653.149376
2019-02-14,1.0,0.0,36888460418.1703
2019-02-15,1.0,0.0,37328921873.79444
2019-02-19,1.0,0.0,37552900688.53636
2019-02-20,1.0,0.0,37522867436.80951
2019-02-21,1.0,0.0,37097418420.955956
2019-02-22,1.0,0.0,37903264062.29369
2019-02-25,1.0,0.0,38321198482.74088
2019-02-26,1.0,0.0,38440697457.15084
2019-02-27,1.0,0.0,38321195131.022255
2019-02-28,1.0,0.0,38082817812.39091
2019-03-01,1.0,0.0,38844241744.84009
2019-03-04,1.0,0.0,38851118951.28803
2019-03-05,1.0,0.0,38948719899.56562
2019-03-06,1.0,0.0,38276761686.813126
2019-03-07,1.0,0.0,36880917336.3983
2019-03-08,1.0,0.0,36671945935.51545
2019-03-11,1.0,0.0,38963099964.51452
2019-03-12,1.0,0.0,39597515350.59613
2019-03-13,1.0,0.0,40456541906.214584
2019-03-14,1.0,0.0,40276976423.430984
2019-03-15,1.0,0.0,41277401653.781334
2019-03-18,1.0,0.0,41650288697.63918
2019-03-19,1.0,0.0,42068852122.73716
2019-03-20,1.0,0.0,42553735280.22052
2019-03-21,1.0,0.0,44525181499.47074
2019-03-22,1.0,0.0,41612742507.46471
2019-03-25,1.0,0.0,41351838141.16548
2019-03-26,1.0,0.0,41919308134.366776
2019-03-27,1.0,0.0,41097817690.72804
2019-03-28,1.0,0.0,41359340992.7983
2019-03-29,1.0,0.0,42292820830.26756
2019-04-01,1.0,0.0,43957691335.96702
2019-04-02,1.0,0.0,44443200149.01443
2019-04-03,1.0,0.0,45212131969.90748
2019-04-04,1.0,0.0,45145184897.20848
2019-04-05,1.0,0.0,45824647644.57637
2019-04-08,1.0,0.0,46183144546.68376
2019-04-09,1.0,0.0,45675108685.78394
2019-04-10,1.0,0.0,46414634586.287735
2019-04-11,1.0,0.0,46063638846.47765
2019-04-12,1.0,0.0,46631108836.68142
2019-04-15,1.0,0.0,46668017597.945786
2019-04-16,1.0,0.0,47123494831.51427
2019-04-17,1.0,0.0,47593987853.41067
2019-04-18,1.0,0.0,47743518395.84734
2019-04-22,1.0,0.0,48146435313.2697
2019-04-23,1.0,0.0,49975857193.76121
2019-04-24,1.0,0.0,49490970670.82397
2019-04-25,1.0,0.0,50043424870.227425
2019-04-26,1.0,0.0,50222361330.405365
2019-04-29,1.0,0.0,50491389148.21548
2019-04-30,1.0,0.0,49333920430.78812
2019-05-01,1.0,0.0,48766447069.83889
2019-05-02,1.0,0.0,48168942131.70387
2019-05-03,1.0,0.0,50438827139.892166
2019-05-06,1.0,0.0,49535372134.9309
2019-05-07,1.0,0.0,46652964711.81392
2019-05-08,1.0,0.0,46242531471.06902
2019-05-09,1.0,0.0,45510510093.00967
2019-05-10,1.0,0.0,45637516948.80011
2019-05-13,1.0,0.0,40918800344.277306
2019-05-14,1.0,0.0,42202648572.05843
2019-05-15,1.0,0.0,43957617163.990364
2019-05-16,1.0,0.0,45331560122.44415
2019-05-17,1.0,0.0,43920074313.1409
2019-05-20,1.0,0.0,41717753595.10703
2019-05-21,0.5,0.5,42950701739.73622
2019-05-22,1.0,0.0,42649347298.82983
2019-05-23,0.8,0.19999999999999996,40628289902.17751
2019-05-24,0.4,0.6,40564267505.69734
2019-05-28,0.4,0.6,40389913017.94415
2019-05-29,0.4,0.6,39987628570.31075
2019-05-30,0.4,0.6,40173799002.57771
2019-05-31,0.30000000000000004,0.7,39407998629.95103
2019-06-03,0.0,1.0,39491772994.81887
2019-06-04,0.4,0.6,39475969595.54151
2019-06-05,0.4,0.6,39823921100.8928
2019-06-06,0.4,0.6,40197135676.32552
2019-06-07,0.5,0.5,41135781750.731514
2019-06-10,0.5,0.5,41886293529.69219
2019-06-11,1.0,0.0,41946422311.11264
2019-06-12,0.5,0.5,41214579143.98263
2019-06-13,1.0,0.0,41531356871.65358
2019-06-14,0.5,0.5,40970036204.71968
2019-06-17,1.0,0.0,41322917474.91897
2019-06-18,1.0,0.0,43112831468.64588
2019-06-19,1.0,0.0,43619932879.36238
2019-06-20,1.0,0.0,44817734115.83922
2019-06-21,1.0,0.0,44613473739.52045
2019-06-24,1.0,0.0,44599299125.07874
2019-06-25,1.0,0.0,42316445510.87094
2019-06-26,1.0,0.0,42851883323.144226
2019-06-27,1.0,0.0,43317070469.13296
2019-06-28,1.0,0.0,43500074267.18928
2019-07-01,1.0,0.0,45233311173.628555
2019-07-02,1.0,0.0,45782917186.122025
2019-07-03,1.0,0.0,46797712482.90068
2019-07-05,1.0,0.0,46494862894.19901
2019-07-08,1.0,0.0,45515479539.20555
2019-07-09,1.0,0.0,46198502781.4802
2019-07-10,1.0,0.0,47565732090.46702
2019-07-11,1.0,0.0,47438806476.52668
2019-07-12,1.0,0.0,48234584988.86871
2019-07-15,1.0,0.0,48643685381.93076
2019-07-16,1.0,0.0,47952983413.18623
2019-07-17,1.0,0.0,47241619483.61188
2019-07-18,1.0,0.0,47445875579.54044
2019-07-19,1.0,0.0,46297068426.396355
2019-07-22,1.0,0.0,47389194198.23707
2019-07-23,1.0,0.0,48305402421.3689
2019-07-24,1.0,0.0,49333775573.28291
2019-07-25,1.0,0.0,47924627715.15735
2019-07-26,1.0,0.0,49347939485.0708
2019-07-29,1.0,0.0,48889827865.00773
2019-07-30,1.0,0.0,48234546397.02888
2019-07-31,1.0,0.0,46198455618.59145
2019-08-01,1.0,0.0,45550258250.944275
2019-08-02,0.9,0.09999999999999998,43460812299.66198
2019-08-05,0.8,0.19999999999999996,39350096907.3452
2019-08-06,0.8,0.19999999999999996,40643737669.32072
2019-08-07,0.8,0.19999999999999996,41122704490.94681
2019-08-08,1.0,0.0,43314359380.22655
2019-08-09,1.0,0.0,42033001859.09407
2019-08-12,0.8,0.19999999999999996,40618645410.22701
2019-08-13,0.8,0.19999999999999996,42751958655.778786
2019-08-14,0.8,0.19999999999999996,39649295044.58898
2019-08-15,0.4,0.6,39499761650.23833
2019-08-16,0.4,0.6,40228793540.30391
2019-08-19,0.8,0.19999999999999996,40987430940.337654
2019-08-20,0.4,0.6,40296456431.18928
2019-08-21,0.8,0.19999999999999996,40691150418.72342
2019-08-22,0.4,0.6,40359943972.44905
2019-08-23,0.4,0.6,38881544743.83476
2019-08-26,0.4,0.6,39476160908.679016
2019-08-27,0.4,0.6,39384034973.930115
2019-08-28,0.4,0.6,39536545502.759315
2019-08-29,0.4,0.6,40233647654.75117
2019-08-30,0.4,0.6,40120584364.53722
2019-09-03,0.5,0.5,39531474937.34085
2019-09-04,0.5,0.5,40362880980.71848
2019-09-05,1.0,0.0,41480799256.02073
2019-09-06,1.0,0.0,41365031929.669235
2019-09-09,1.0,0.0,41101727200.772064
2019-09-10,1.0,0.0,40760890315.90651
2019-09-11,1.0,0.0,41859852468.05201
2019-09-12,1.0,0.0,42380525851.90164
2019-09-13,1.0,0.0,41930384851.10831
2019-09-16,1.0,0.0,41352090426.3081
2019-09-17,1.0,0.0,41898609117.331436
2019-09-18,1.0,0.0,41872761923.15868
2019-09-19,1.0,0.0,42059061632.565735
2019-09-20,1.0,0.0,40735026151.32183
2019-09-23,1.0,0.0,40773788452.97102
2019-09-24,0.5,0.5,39141018381.874825
2019-09-25,1.0,0.0,39747877971.81603
2019-09-26,0.5,0.5,39329955672.29732
2019-09-27,0.4,0.6,38612680399.29394
2019-09-30,0.5,0.5,39020598958.346886
2019-10-01,0.4,0.6,38555241093.10887
2019-10-02,0.30000000000000004,0.7,37762023483.349976
2019-10-03,0.8,0.19999999999999996,38116543875.19423
2019-10-04,0.9,0.09999999999999998,39396620145.59573
2019-10-07,0.8,0.19999999999999996,39063315131.458496
2019-10-08,0.4,0.6,37625784604.25962
2019-10-09,0.8,0.19999999999999996,38067177170.557014
2019-10-10,0.8,0.19999999999999996,38733925093.071175
2019-10-11,1.0,0.0,39892166352.207054
2019-10-14,1.0,0.0,39936430636.14188
2019-10-15,1.0,0.0,41452024872.84389
2019-10-16,1.0,0.0,41143740800.232315
2019-10-17,1.0,0.0,41426728459.13441
2019-10-18,1.0,0.0,40238387531.02566
2019-10-21,1.0,0.0,41301304449.265114
2019-10-22,1.0,0.0,40345361768.34825
2019-10-23,1.0,0.0,40534019979.50988
2019-10-24,1.0,0.0,41697591473.51009
2019-10-25,1.0,0.0,42647209025.36389
2019-10-28,1.0,0.0,43948847951.587204
2019-10-29,1.0,0.0,42936518393.87849
2019-10-30,1.0,0.0,43540436965.11062
2019-10-31,1.0,0.0,43571528110.058525
2019-11-01,1.0,0.0,44754070889.0728
2019-11-04,1.0,0.0,45552970748.12229
2019-11-05,1.0,0.0,45609356940.103264
2019-11-06,1.0,0.0,45320044151.70803
2019-11-07,1.0,0.0,45779043180.39619
2019-11-08,1.0,0.0,46320251112.87825
2019-11-11,1.0,0.0,46125266402.2327
2019-11-12,1.0,0.0,46502583506.911194
2019-11-13,1.0,0.0,46433548422.00593
2019-11-14,1.0,0.0,46420900213.40152
2019-11-15,1.0,0.0,47295159602.09813
2019-11-18,1.0,0.0,47540203317.84903
2019-11-19,1.0,0.0,47735185289.18723
2019-11-20,1.0,0.0,46898867101.20167
2019-11-21,1.0,0.0,46533669169.8641
2019-11-22,1.0,0.0,46659616740.98541
2019-11-25,1.0,0.0,48275862813.33962
2019-11-26,1.0,0.0,48565174231.61969
2019-11-27,1.0,0.0,49546410590.62072
2019-11-29,1.0,0.0,48886103087.360825
2019-12-02,1.0,0.0,47313592253.11039
2019-12-03,1.0,0.0,46250672598.569695
2019-12-04,1.0,0.0,46936273091.35229
2019-12-05,1.0,0.0,47181845156.38605
2019-12-06,1.0,0.0,48641052513.5304
2019-12-09,1.0,0.0,48043454960.88664
2019-12-10,1.0,0.0,47936477303.30964
2019-12-11,1.0,0.0,48659493386.51828
2019-12-12,1.0,0.0,49773001762.9782
2019-12-13,1.0,0.0,50219353265.78117
2019-12-16,1.0,0.0,51659587963.180695
2019-12-17,1.0,0.0,51729148656.40009
2019-12-18,1.0,0.0,51848245483.93221
2019-12-19,1.0,0.0,52904840003.44537
2019-12-20,1.0,0.0,53534053618.879654
2019-12-23,1.0,0.0,53930340632.05196
2019-12-24,1.0,0.0,53999901324.83965
2019-12-26,1.0,0.0,55403248097.08236
2019-12-27,1.0,0.0,55239356581.94189
2019-12-30,1.0,0.0,54138492979.37594
2019-12-31,1.0,0.0,54446775681.00391
2020-01-02,1.0,0.0,57145966648.41009
2020-01-03,1.0,0.0,55591901489.43749
2020-01-06,1.0,0.0,56649021611.77788
2020-01-07,1.0,0.0,56579459543.33076
2020-01-08,1.0,0.0,57882153793.02266
2020-01-09,1.0,0.0,59341888128.2226
2020-01-10,1.0,0.0,58857065699.090065
2020-01-13,1.0,0.0,60914394150.37318
2020-01-14,1.0,0.0,60203497235.39125
2020-01-15,1.0,0.0,60241439117.64524
2020-01-16,1.0,0.0,61921451156.33269
2020-01-17,1.0,0.0,62846300635.82554
2020-01-21,1.0,0.0,62814679070.512886
2020-01-22,1.0,0.0,63242586265.49403
2020-01-23,1.0,0.0,63827533545.983154
2020-01-24,1.0,0.0,62172815176.505135
2020-01-27,1.0,0.0,58328492892.65249
2020-01-28,1.0,0.0,61040332070.012886
2020-01-29,1.0,0.0,61260609084.31089
2020-01-30,1.0,0.0,61952533335.40941
2020-01-31,1.0,0.0,58907641322.09817
2020-02-03,1.0,0.0,61613155357.57463
2020-02-04,1.0,0.0,65822145148.94427
2020-02-05,1.0,0.0,66583630779.85659
2020-02-06,1.0,0.0,68206728960.72937
2020-02-07,1.0,0.0,67325617454.869644
2020-02-10,1.0,0.0,69754466908.76309
2020-02-11,1.0,0.0,69804529332.86324
2020-02-12,1.0,0.0,71849738615.85233
2020-02-13,1.0,0.0,71572546364.8659
2020-02-14,1.0,0.0,72057367414.93822
2020-02-18,1.0,0.0,72182785928.26076
2020-02-19,1.0,0.0,74271734563.5082
2020-02-20,1.0,0.0,72158016479.16548
2020-02-21,1.0,0.0,68030707230.45767
2020-02-24,1.0,0.0,60190821421.96999
2020-02-25,1.0,0.0,55321524117.70427
2020-02-26,1.0,0.0,56082482767.16192
2020-02-27,0.4,0.6,47666971734.04303
2020-02-28,0.0,1.0,47944566327.29412
2020-03-02,0.0,1.0,50780009347.55602
2020-03-03,0.0,1.0,50780007737.97019
2020-03-04,0.0,1.0,50780006609.19081
2020-03-05,0.0,1.0,50780005480.345634
2020-03-06,0.0,1.0,50780004351.43468
2020-03-09,0.0,1.0,50780000964.30701
2020-03-10,0.0,1.0,50779999835.13285
2020-03-11,0.0,1.0,50779998705.89287
2020-03-12,0.0,1.0,50779997576.58709
2020-03-13,0.0,1.0,50779996447.21548
2020-03-16,0.0,1.0,50779993058.70573
2020-03-17,0.0,1.0,50779991929.070816
2020-03-18,0.0,1.0,50779990799.37006
2020-03-19,0.0,1.0,50779989669.60348
2020-03-20,0.0,1.0,50779988539.771034
2020-03-23,0.0,1.0,50779985149.878624
2020-03-24,0.0,1.0,50779984019.782776
2020-03-25,0.0,1.0,50779982889.621056
2020-03-26,0.1,0.9,50774894064.37507
2020-03-27,0.0,1.0,50242818548.44677
2020-03-30,0.1,0.9,50237791197.08376
2020-03-31,0.0,1.0,50093435879.315994
2020-04-01,0.0,1.0,51130908829.03732
2020-04-02,0.0,1.0,51130908544.47312
2020-04-03,0.0,1.0,51130908338.70484
2020-04-06,0.1,0.9,51125792188.731895
2020-04-07,0.1,0.9,51115774162.084854
2020-04-08,0.2,0.8,51436824823.86066
2020-04-09,0.7000000000000001,0.29999999999999993,51448926901.73512
2020-04-13,0.7000000000000001,0.29999999999999993,52701502786.606255
2020-04-14,0.7000000000000001,0.29999999999999993,57539033856.491264
2020-04-15,0.7000000000000001,0.29999999999999993,56141817905.784996
2020-04-16,0.7000000000000001,0.29999999999999993,58323481442.74311
2020-04-17,0.7000000000000001,0.29999999999999993,59397751450.06332
2020-04-20,0.7000000000000001,0.29999999999999993,57974035380.73416
2020-04-21,0.7000000000000001,0.29999999999999993,53267887816.40603
2020-04-22,0.7000000000000001,0.29999999999999993,56616013231.46913
2020-04-23,0.7000000000000001,0.29999999999999993,56346064273.13294
2020-04-24,0.6000000000000001,0.3999999999999999,58315572910.99318
2020-04-27,0.6000000000000001,0.3999999999999999,58998128533.521355
2020-04-28,0.7000000000000001,0.29999999999999993,57062215056.61442
2020-04-29,0.7000000000000001,0.29999999999999993,61217213613.816925
2020-04-30,0.7000000000000001,0.29999999999999993,61509811396.38089
2020-05-01,0.6000000000000001,0.3999999999999999,57513459116.62635
2020-05-04,0.6000000000000001,0.3999999999999999,58730979863.85505
2020-05-05,0.7000000000000001,0.29999999999999993,59866993024.34626
2020-05-06,0.8,0.19999999999999996,60688961395.39164
2020-05-07,0.8,0.19999999999999996,62583418335.26098
2020-05-08,0.9,0.09999999999999998,64613271469.462975
2020-05-11,0.9,0.09999999999999998,66059169684.26458
2020-05-12,0.8,0.19999999999999996,62507416897.071175
2020-05-13,0.9,0.09999999999999998,60607322161.96157
2020-05-14,0.9,0.09999999999999998,62416292396.51677
2020-05-15,0.9,0.09999999999999998,63383360115.946655
2020-05-18,0.9,0.09999999999999998,66702879469.079544
2020-05-19,1.0,0.0,66232391250.42105
2020-05-20,1.0,0.0,70110644304.9106
2020-05-21,1.0,0.0,67955092153.92365
2020-05-22,1.0,0.0,68569928093.53933
2020-05-26,1.0,0.0,68284260255.17569
2020-05-27,1.0,0.0,69244941554.38754
2020-05-28,1.0,0.0,68803390305.2384
2020-05-29,1.0,0.0,71642657195.31575
2020-06-01,1.0,0.0,72525758416.60623
2020-06-02,1.0,0.0,73971493270.48274
2020-06-03,1.0,0.0,74975677130.58151
2020-06-04,1.0,0.0,73451637156.0794
2020-06-05,1.0,0.0,77806243252.93353
2020-06-08,1.0,0.0,79537644412.76207
2020-06-09,1.0,0.0,81311823601.8283
2020-06-10,1.0,0.0,84246071083.21072
2020-06-11,0.9,0.09999999999999998,71834853375.895
2020-06-12,0.0,1.0,73170983340.62485
2020-06-15,0.9,0.09999999999999998,73105088079.36127
2020-06-16,0.9,0.09999999999999998,76585860409.88878
2020-06-17,0.9,0.09999999999999998,77261278742.386
2020-06-18,0.9,0.09999999999999998,77800984543.51173
2020-06-19,0.9,0.09999999999999998,77703595406.14763
2020-06-22,0.9,0.09999999999999998,80209242352.84634
2020-06-23,0.9,0.09999999999999998,82114241349.68964
2020-06-24,0.9,0.09999999999999998,77703581253.23895
2020-06-25,0.9,0.09999999999999998,79571510623.2476
2020-06-26,0.9,0.09999999999999998,74372963886.79674
2020-06-29,0.9,0.09999999999999998,76518595643.87605
2020-06-30,0.9,0.09999999999999998,80501378625.25629
2020-07-01,1.0,0.0,83193784600.65503
2020-07-02,1.0,0.0,84962511535.52084
2020-07-06,1.0,0.0,91206455089.03578
2020-07-07,1.0,0.0,89412922620.30942
2020-07-08,1.0,0.0,92851846227.07489
2020-07-09,1.0,0.0,95171793185.60173
2020-07-10,1.0,0.0,97187191080.98972
2020-07-13,0.9,0.09999999999999998,91172526123.08472
2020-07-14,0.9,0.09999999999999998,92912448915.32764
2020-07-15,1.0,0.0,93317543287.8392
2020-07-16,1.0,0.0,91315904304.91328
2020-07-17,1.0,0.0,91742617801.77011
2020-07-20,1.0,0.0,99552648958.774
2020-07-21,1.0,0.0,96369816452.05733
2020-07-22,1.0,0.0,97485044149.38342
2020-07-23,0.9,0.09999999999999998,89838494229.91916
2020-07-24,1.0,0.0,87437684792.93883
2020-07-27,1.0,0.0,92135234598.33563
2020-07-28,1.0,0.0,88671849851.30179
2020-07-29,1.0,0.0,91690768459.55891
2020-07-30,1.0,0.0,93179899308.81306
2020-07-31,1.0,0.0,98206836624.10231
2020-08-03,1.0,0.0,101867989677.11288
2020-08-04,1.0,0.0,103192427159.43732
2020-08-05,1.0,0.0,104015204511.77112
2020-08-06,1.0,0.0,107997475951.90422
2020-08-07,1.0,0.0,104467938220.5302
2020-08-10,1.0,0.0,103060807954.56516
2020-08-11,1.0,0.0,97211092121.99492
2020-08-12,1.0,0.0,104484474524.60303
2020-08-13,1.0,0.0,105216291523.56554
2020-08-14,1.0,0.0,104911711770.47736
2020-08-17,1.0,0.0,108375784057.43608
2020-08-18,1.0,0.0,111559396032.20334
2020-08-19,1.0,0.0,109379103540.31027
2020-08-20,1.0,0.0,113879573356.22531
2020-08-21,1.0,0.0,116257634929.92644
2020-08-24,1.0,0.0,118413118498.3727
2020-08-25,1.0,0.0,121177072479.6789
2020-08-26,1.0,0.0,128935576765.98265
2020-08-27,1.0,0.0,127766873656.9245
2020-08-28,1.0,0.0,129741815483.20767
2020-08-31,1.0,0.0,132744195067.4246
2020-09-01,1.0,0.0,139638575997.87592
2020-09-02,1.0,0.0,143579501822.44788
2020-09-03,0.9,0.09999999999999998,121519105459.46725
2020-09-04,0.0,1.0,116905216164.6013
2020-09-08,0.8,0.19999999999999996,116811621435.74251
2020-09-09,0.0,1.0,124746445387.33548
2020-09-10,0.2,0.8,124721440952.67554
2020-09-11,0.5,0.5,124138432100.87236
2020-09-14,0.2,0.8,127297223264.04692
2020-09-15,0.2,0.8,128379774170.86993
2020-09-16,0.2,0.8,127104210440.71559
2020-09-17,0.2,0.8,125939985456.41927
2020-09-18,0.2,0.8,125008771799.61365
2020-09-21,0.2,0.8,125283279983.12656
2020-09-22,0.2,0.8,126564840564.0447
2020-09-23,0.2,0.8,124274394162.7378
2020-09-24,0.30000000000000004,0.7,124588113946.62424
2020-09-25,0.30000000000000004,0.7,127207733866.41833
2020-09-28,0.4,0.6,129569739661.90991
2020-09-29,0.4,0.6,129026235161.0334
2020-09-30,0.6000000000000001,0.3999999999999999,130015562609.17746
2020-10-01,0.6000000000000001,0.3999999999999999,133148688016.52483
2020-10-02,0.6000000000000001,0.3999999999999999,126412763984.17326
2020-10-05,0.8,0.19999999999999996,131114434260.84692
2020-10-06,0.6000000000000001,0.3999999999999999,125454946177.3135
2020-10-07,0.9,0.09999999999999998,129375869455.33665
2020-10-08,0.9,0.09999999999999998,131090574221.49567
2020-10-09,0.9,0.09999999999999998,136349005497.14388
2020-10-12,0.9,0.09999999999999998,147862447921.76996
2020-10-13,0.9,0.09999999999999998,147880033044.04556
2020-10-14,0.9,0.09999999999999998,144546612928.82144
2020-10-15,0.9,0.09999999999999998,141825797313.52588
2020-10-16,0.9,0.09999999999999998,139848753908.08682
2020-10-19,0.9,0.09999999999999998,133540241732.62108
2020-10-20,0.9,0.09999999999999998,134319185796.39293
2020-10-21,0.9,0.09999999999999998,134004088570.02673
2020-10-22,1.0,0.0,134052717842.25618
2020-10-23,0.7000000000000001,0.29999999999999993,134796326280.58899
2020-10-26,0.6000000000000001,0.3999999999999999,130481601329.62202
2020-10-27,0.7000000000000001,0.29999999999999993,132318360687.24
2020-10-28,0.6000000000000001,0.3999999999999999,121439674995.76219
2020-10-29,0.6000000000000001,0.3999999999999999,125145806441.84972
2020-10-30,0.6000000000000001,0.3999999999999999,119819829386.01796
2020-11-02,0.6000000000000001,0.3999999999999999,119504693027.56566
2020-11-03,0.6000000000000001,0.3999999999999999,123089895028.05641
2020-11-04,0.9,0.09999999999999998,133173421105.65622
2020-11-05,0.8,0.19999999999999996,142409854491.85565
2020-11-06,0.8,0.19999999999999996,142795032091.48108
2020-11-09,0.8,0.19999999999999996,135817548156.20343
2020-11-10,0.8,0.19999999999999996,130025959177.9034
2020-11-11,0.6000000000000001,0.3999999999999999,136826015081.38268
2020-11-12,0.8,0.19999999999999996,135597134300.37288
2020-11-13,0.6000000000000001,0.3999999999999999,138414773694.11826
2020-11-16,0.6000000000000001,0.3999999999999999,140326467043.99908
2020-11-17,0.7000000000000001,0.29999999999999993,139528728620.95987
2020-11-18,0.7000000000000001,0.29999999999999993,137264650683.8876
2020-11-19,0.9,0.09999999999999998,139600384805.07202
2020-11-20,0.9,0.09999999999999998,137049406769.19029
2020-11-23,0.9,0.09999999999999998,137074419736.48344
2020-11-24,1.0,0.0,142095235915.59415
2020-11-25,1.0,0.0,144772982059.79517
2020-11-27,1.0,0.0,148728184764.78888
2020-11-30,1.0,0.0,149494498760.6685
2020-12-01,1.0,0.0,155369850150.1786
2020-12-02,1.0,0.0,155994313718.98016
2020-12-03,1.0,0.0,156628286894.43362
2020-12-04,1.0,0.0,158549226840.27884
2020-12-07,1.0,0.0,161235688917.33664
2020-12-08,1.0,0.0,162712054750.88275
2020-12-09,1.0,0.0,151812459960.2558
2020-12-10,1.0,0.0,153676342265.8768
2020-12-11,1.0,0.0,152597793771.86505
2020-12-14,1.0,0.0,155852454847.38373
2020-12-15,1.0,0.0,160696806379.1929
2020-12-16,1.0,0.0,163392779268.9793
2020-12-17,1.0,0.0,166742537617.8496
2020-12-18,1.0,0.0,164926202138.88998
2020-12-21,1.0,0.0,164311245763.15277
2020-12-22,1.0,0.0,165606929069.45248
2020-12-23,1.0,0.0,163109071778.44162
2020-12-24,1.0,0.0,165228920996.77936
2020-12-28,1.0,0.0,170186593530.1301
2020-12-29,1.0,0.0,170687432211.41403
2020-12-30,1.0,0.0,170659695254.82166
2020-12-31,1.0,0.0,171993416987.59842
2021-01-04,1.0,0.0,164471315689.83707
2021-01-05,1.0,0.0,168596899449.68893
2021-01-06,1.0,0.0,161623979749.10748
2021-01-07,1.0,0.0,173299398743.9874
2021-01-08,1.0,0.0,180016350323.5061
2021-01-11,1.0,0.0,172059977590.7367
2021-01-12,1.0,0.0,171311887927.94925
2021-01-13,1.0,0.0,174642627062.75912
2021-01-14,1.0,0.0,171983898924.87186
2021-01-15,1.0,0.0,167802048784.0379
2021-01-19,1.0,0.0,175077687942.84528
2021-01-20,1.0,0.0,187283267509.6822
2021-01-21,1.0,0.0,191938219374.1896
2021-01-22,1.0,0.0,190197168280.51697
2021-01-25,1.0,0.0,195476583107.9303
2021-01-26,1.0,0.0,195685001383.13574
2021-01-27,1.0,0.0,179903016029.3186
2021-01-28,1.0,0.0,182552233351.81592
2021-01-29,1.0,0.0,171179535627.62915
2021-02-01,1.0,0.0,183763120850.39334
2021-02-02,1.0,0.0,192656979891.28964
2021-02-03,1.0,0.0,190442825865.07477
2021-02-04,1.0,0.0,197179589124.46735
2021-02-05,1.0,0.0,199242380701.61444
2021-02-08,1.0,0.0,203140525157.956
2021-02-09,1.0,0.0,203045428486.3239
2021-02-10,1.0,0.0,201607099871.4033
2021-02-11,1.0,0.0,204862554619.25488
2021-02-12,1.0,0.0,208343862525.682
2021-02-16,1.0,0.0,206602809616.40643
2021-02-17,1.0,0.0,203726945458.4839
2021-02-18,1.0,0.0,200982630859.58032
2021-02-19,1.0,0.0,198334204794.65344
2021-02-22,1.0,0.0,182968263522.01126
2021-02-23,1.0,0.0,181341327707.63773
2021-02-24,1.0,0.0,185712576305.36383
2021-02-25,1.0,0.0,166316940413.16223
2021-02-26,1.0,0.0,168814796495.2771
2021-03-01,1.0,0.0,183536458283.94052
2021-03-02,0.9,0.09999999999999998,174719420938.32455
2021-03-03,0.6000000000000001,0.3999999999999999,161032491520.63553
2021-03-04,0.6000000000000001,0.3999999999999999,156254071105.90833
2021-03-05,0.6000000000000001,0.3999999999999999,160367818462.98444
2021-03-08,0.6000000000000001,0.3999999999999999,152162869280.35526
2021-03-09,0.7000000000000001,0.29999999999999993,162483411893.562
2021-03-10,0.5,0.5,161481623909.29266
2021-03-11,0.4,0.6,167065632042.23605
2021-03-12,0.4,0.6,165401616828.96103
2021-03-15,0.4,0.6,167485255091.026
2021-03-16,0.30000000000000004,0.7,168571584482.01242
2021-03-17,0.4,0.6,169192479641.78992
2021-03-18,0.1,0.9,162934677420.65414
2021-03-19,0.0,1.0,163126257182.28302
2021-03-22,0.0,1.0,163126255071.62793
2021-03-23,0.2,0.8,163093620874.00244
2021-03-24,0.0,1.0,161415171394.8923
2021-03-25,0.2,0.8,161382871558.04517
2021-03-26,0.4,0.6,162777316174.53314
2021-03-29,0.4,0.6,162740701717.42093
2021-03-30,0.4,0.6,161814979439.52844
2021-03-31,1.0,0.0,164597226708.69916
2021-04-01,1.0,0.0,172970540127.51593
2021-04-05,1.0,0.0,183365560015.82565
2021-04-06,1.0,0.0,182932492304.73978
2021-04-07,1.0,0.0,184286095121.19534
2021-04-08,1.0,0.0,190042888501.9795
2021-04-09,1.0,0.0,193490009660.62683
2021-04-12,1.0,0.0,192731947006.0224
2021-04-13,1.0,0.0,199336728682.0677
2021-04-14,1.0,0.0,192335152696.9651
2021-04-15,1.0,0.0,200834681840.0793
2021-04-16,1.0,0.0,201682665964.98187
2021-04-19,1.0,0.0,196179043135.93256
2021-04-20,1.0,0.0,191883925339.1709
2021-04-21,1.0,0.0,196738314060.23938
2021-04-22,1.0,0.0,189573488989.9614
2021-04-23,1.0,0.0,196720166928.3442
2021-04-26,1.0,0.0,200618482067.14163
2021-04-27,1.0,0.0,197983063287.26868
2021-04-28,1.0,0.0,195943957132.5859
2021-04-29,1.0,0.0,197911255574.78113
2021-04-30,1.0,0.0,194193555831.72818
2021-05-03,1.0,0.0,191016988221.44592
2021-05-04,1.0,0.0,180946934084.4986
2021-05-05,1.0,0.0,178836028563.03015
2021-05-06,1.0,0.0,182751735049.8585
2021-05-07,1.0,0.0,187227476587.71005
2021-05-10,0.9,0.0,173142303033.44455
2021-05-11,0.8,0.0,172354678929.2373
2021-05-12,0.8,0.0,161859618258.4031
2021-05-13,0.8,0.0,164545121495.8466
2021-05-14,0.9,0.0,172995571641.50415
2021-05-17,0.8,0.0,170359125552.70428
2021-05-18,0.8,0.0,167498889316.56345
2021-05-19,0.8,0.0,167990179916.66028
2021-05-20,0.9,0.0,175724984860.34515
2021-05-21,1.0,0.0,173103128594.8049
2021-05-24,1.0,0.0,181772816729.32126
2021-05-25,1.0,0.0,182652262899.61438
2021-05-26,1.0,0.0,184500603594.41138
2021-05-27,1.0,0.0,182347086687.53027
2021-05-28,1.0,0.0,184124019329.67398
2021-06-01,1.0,0.0,182329044895.44458
2021-06-02,1.0,0.0,183279899118.23303
2021-06-03,0.5,0.0,177474763877.56512
2021-06-04,1.0,0.0,181980147236.82767
2021-06-07,1.0,0.0,183590815723.81522
2021-06-08,1.0,0.0,183800487397.84436
2021-06-09,1.0,0.0,184010892196.11368
2021-06-10,1.0,0.0,189647150086.2991
2021-06-11,1.0,0.0,191152985557.77142
2021-06-14,1.0,0.0,196509919318.05945
2021-06-15,1.0,0.0,192868488938.80002
2021-06-16,1.0,0.0,190802542723.04663
2021-06-17,1.0,0.0,197927776106.5044
2021-06-18,1.0,0.0,193201321733.4703
2021-06-21,1.0,0.0,196737174681.31082
2021-06-22,1.0,0.0,202234138949.74673
2021-06-23,1.0,0.0,202583837367.69025
2021-06-24,1.0,0.0,206313238900.552
2021-06-25,1.0,0.0,205665155118.87543
2021-06-28,1.0,0.0,212947273340.0154
2021-06-29,1.0,0.0,215346054231.7574
2021-06-30,1.0,0.0,214400321975.7793
2021-07-01,1.0,0.0,214505889994.53854
2021-07-02,1.0,0.0,221788011981.26923
2021-07-06,1.0,0.0,224763756061.59534
2021-07-07,1.0,0.0,226199211596.27585
2021-07-08,1.0,0.0,222277727724.95642
2021-07-09,1.0,0.0,226041586099.65808
2021-07-12,1.0,0.0,228878038441.2286
2021-07-13,1.0,0.0,228754871671.20282
2021-07-14,1.0,0.0,229998248633.49548
2021-07-15,1.0,0.0,225236604290.94693
2021-07-16,1.0,0.0,219704446288.0445
2021-07-19,1.0,0.0,214435476146.50098
2021-07-20,1.0,0.0,221507924576.2859
2021-07-21,1.0,0.0,226567213623.3911
2021-07-22,1.0,0.0,231328121072.19418
2021-07-23,1.0,0.0,239013461433.2227
2021-07-26,1.0,0.0,240011237976.98605
2021-07-27,1.0,0.0,232169005241.02228
2021-07-28,1.0,0.0,234707079751.23843
2021-07-29,1.0,0.0,235862481793.93726
2021-07-30,1.0,0.0,232326621313.15634
2021-08-02,1.0,0.0,232256235721.06427
2021-08-03,1.0,0.0,236300147583.99066
2021-08-04,1.0,0.0,237473144609.88858
2021-08-05,1.0,0.0,241937136707.9899
2021-08-06,1.0,0.0,238786166494.62613
2021-08-09,1.0,0.0,240063996525.25372
2021-08-10,1.0,0.0,236475351092.5561
2021-08-11,1.0,0.0,235197513516.28046
2021-08-12,1.0,0.0,237647613106.90204
2021-08-13,1.0,0.0,240028799011.36777
2021-08-16,1.0,0.0,240448873585.9664
2021-08-17,1.0,0.0,234129340060.87177
2021-08-18,1.0,0.0,227319346365.64642
2021-08-19,1.0,0.0,230558287723.9807
2021-08-20,1.0,0.0,237682787978.00287
2021-08-23,1.0,0.0,248274229365.9932
2021-08-24,1.0,0.0,250725062079.97437
2021-08-25,1.0,0.0,251005113682.48517
2021-08-26,1.0,0.0,246750791365.98676
2021-08-27,1.0,0.0,253963266537.8433
2021-08-30,1.0,0.0,262383193688.44208
2021-08-31,1.0,0.0,261648601231.65305
2021-09-01,1.0,0.0,263084056761.8543
2021-09-02,1.0,0.0,262716026464.88327
2021-09-03,1.0,0.0,265079617383.98895
2021-09-07,1.0,0.0,266164633822.9906
2021-09-08,1.0,0.0,263433743842.32016
2021-09-09,1.0,0.0,260615612067.4947
2021-09-10,1.0,0.0,254751348743.1712
2021-09-13,1.0,0.0,254173641111.5835
2021-09-14,1.0,0.0,251985263127.19986
2021-09-15,1.0,0.0,257569469182.91187
2021-09-16,1.0,0.0,258076789322.84695
2021-09-17,1.0,0.0,248956720893.03705
2021-09-20,1.0,0.0,233638815682.7271
2021-09-21,1.0,0.0,233936462266.75406
2021-09-22,1.0,0.0,240781642152.22974
2021-09-23,1.0,0.0,247468467184.5147
2021-09-24,1.0,0.0,248168599019.95715
2021-09-27,1.0,0.0,242181900152.36655
2021-09-28,0.4,0.0,221914041140.03693
2021-09-29,0.4,0.0,221326119056.42242
2021-09-30,0.4,0.0,220332200536.28674
2021-10-01,0.4,0.0,221921586610.94635
2021-10-04,0.4,0.0,216461781977.85977
2021-10-05,0.4,0.0,219668701983.81494
2021-10-06,0.4,0.0,221377123547.45343
2021-10-07,0.4,0.0,223764575124.23657
2021-10-08,0.4,0.0,222371917050.9194
2021-10-11,0.4,0.0,220391408268.15234
2021-10-12,0.4,0.0,219502745271.43402
2021-10-13,0.4,0.0,221526053814.24847
2021-10-14,0.5,0.0,226395959119.9738
2021-10-15,1.0,0.0,228438195325.4075
2021-10-18,1.0,0.0,235291247837.8353
2021-10-19,1.0,0.0,240459773894.43848
2021-10-20,1.0,0.0,239702472746.15353
2021-10-21,1.0,0.0,243995945070.8562
2021-10-22,1.0,0.0,237816977409.08514
2021-10-25,1.0,0.0,244955603457.86566
2021-10-26,1.0,0.0,247245125173.289
2021-10-27,1.0,0.0,249198304720.9875
2021-10-28,1.0,0.0,257381218127.96564
2021-10-29,1.0,0.0,261186747516.83633
2021-11-01,1.0,0.0,263762543025.3277
2021-11-02,1.0,0.0,267281088635.53836
2021-11-03,1.0,0.0,275767203576.64185
2021-11-04,1.0,0.0,286054899729.94714
2021-11-05,1.0,0.0,287115397548.80725
2021-11-08,1.0,0.0,285936429863.1157
2021-11-09,1.0,0.0,280043740857.8581
2021-11-10,1.0,0.0,267769717225.73572
2021-11-11,1.0,0.0,269941483924.8278
2021-11-12,1.0,0.0,278511508126.9338
2021-11-15,1.0,0.0,278427591563.39636
2021-11-16,1.0,0.0,284185597810.22015
2021-11-17,1.0,0.0,284522642663.5105
2021-11-18,1.0,0.0,293227344756.007
2021-11-19,1.0,0.0,298194206532.76855
2021-11-22,1.0,0.0,287856437133.6272
2021-11-23,1.0,0.0,283933147863.0984
2021-11-24,1.0,0.0,286559716862.95953
2021-11-26,1.0,0.0,270749514755.12158
2021-11-29,1.0,0.0,287570141429.3968
2021-11-30,1.0,0.0,275211503413.39197
2021-12-01,1.0,0.0,261085129937.69272
2021-12-02,1.0,0.0,266001928203.86813
2021-12-03,1.0,0.0,252633558564.84003
2021-12-06,1.0,0.0,258543160704.93088
2021-12-07,1.0,0.0,281862176770.49335
2021-12-08,1.0,0.0,285785461169.8416
2021-12-09,0.8,0.0,273416373289.4132
2021-12-10,0.8,0.0,280190443276.2075
2021-12-13,0.8,0.0,270494313809.46515
2021-12-14,0.8,0.0,264070714219.07474
2021-12-15,0.8,0.0,277928358836.5804
2021-12-16,0.8,0.0,260892932795.53915
2021-12-17,0.8,0.0,257742102598.797
2021-12-20,0.8,0.0,251668973409.79584
2021-12-21,0.8,0.0,264839127784.1848
2021-12-22,1.0,0.0,272313399052.03717
2021-12-23,1.0,0.0,278783084893.97614
2021-12-27,1.0,0.0,292109831061.4669
2021-12-28,1.0,0.0,288672830710.30194
2021-12-29,1.0,0.0,288218420283.3874
2021-12-30,1.0,0.0,285522304583.2963
2021-12-31,1.0,0.0,280215452493.30066
2022-01-03,1.0,0.0,288302381338.79407
2022-01-04,1.0,0.0,277098087425.2451
2022-01-05,0.5,0.0,251543094238.5402
2022-01-06,0.5,0.0,251198013892.9465
2022-01-07,0.4,0.0,247085092492.60724
2022-01-10,0.4,0.0,247449513579.68225
2022-01-11,0.5,0.0,251802039341.24127
2022-01-12,0.5,0.0,253236842768.6444
2022-01-13,0.4,0.0,243985743666.39816
2022-01-14,0.4,0.0,245461084240.7041
2022-01-18,0.30000000000000004,0.0,238311436477.81195
2022-01-19,0.1,0.0,235801769821.0424
2022-01-20,0.0,0.0,234878695372.96646
2022-01-21,0.0,0.0,234879209970.3531
2022-01-24,0.0,0.0,234880753769.21967
2022-01-25,0.0,0.0,234881268371.10123
2022-01-26,0.0,0.0,234881782974.11066
2022-01-27,0.0,0.0,234882297578.24564
2022-01-28,0.0,0.0,234882812183.51846
2022-01-31,0.1,0.0,234872611788.25928
2022-02-01,0.1,0.0,235321321426.8395
2022-02-02,0.1,0.0,235887839955.43683
2022-02-03,0.0,0.0,232929598857.3288
2022-02-04,0.0,0.0,232930109184.41595
2022-02-07,0.0,0.0,232931640172.35907
2022-02-08,0.0,0.0,232932150503.9163
2022-02-09,0.0,0.0,232932660836.5901
2022-02-10,0.0,0.0,232933171170.3771
2022-02-11,0.0,0.0,232933681505.2896
2022-02-14,0.0,0.0,232935212516.72134
2022-02-15,0.0,0.0,232935722856.10397
2022-02-16,0.0,0.0,232936233196.6072
2022-02-17,0.0,0.0,232936743538.22372
2022-02-18,0.0,0.0,232937253880.95355
2022-02-22,0.0,0.0,232939295263.08344
2022-02-23,0.0,0.0,232939805611.41132
2022-02-24,0.0,0.0,232940315960.85736
2022-02-25,0.0,0.0,232940826311.4167
2022-02-28,0.0,0.0,232942357369.82547
2022-03-01,0.0,0.0,232942867724.86307
2022-03-02,0.0,0.0,232943378081.01312
2022-03-03,0.0,0.0,232944653211.87204
2022-03-04,0.0,0.0,232945928349.71634
2022-03-07,0.0,0.0,232949753805.109
2022-03-08,0.0,0.0,232951028970.8692
2022-03-09,0.0,0.0,232952304143.60367
2022-03-10,0.0,0.0,232953579323.32355
2022-03-11,0.0,0.0,232954854510.02875
2022-03-14,0.0,0.0,232958680112.0052
2022-03-15,0.0,0.0,232959955326.62665
2022-03-16,0.0,0.0,232961230548.23428
2022-03-17,0.0,0.0,232962505776.81506
2022-03-18,1.0,0.0,232847299121.87503
2022-03-21,1.0,0.0,231182082929.4731
2022-03-22,1.0,0.0,244852314894.82385
2022-03-23,1.0,0.0,234512472273.3656
2022-03-24,1.0,0.0,249715789245.2557
2022-03-25,1.0,0.0,249321273658.77295
2022-03-28,1.0,0.0,260669389441.88504
2022-03-29,1.0,0.0,274033187897.2075
2022-03-30,1.0,0.0,265796176414.72006
2022-03-31,1.0,0.0,254798510960.60614
2022-04-01,1.0,0.0,253703051658.81317
2022-04-04,1.0,0.0,269564180692.00836
2022-04-05,1.0,0.0,251731396563.74814
2022-04-06,1.0,0.0,235169302282.4837
2022-04-07,1.0,0.0,236703299370.68088
2022-04-08,0.0,0.0,226905876624.94446
2022-04-11,0.0,0.0,226909602890.16946
2022-04-12,0.0,0.0,226911651033.3261
2022-04-13,0.0,0.0,226913699194.96875
2022-04-14,0.0,0.0,226915747375.10196
2022-04-18,0.0,0.0,226923940280.52283
2022-04-19,0.0,0.0,226925988553.09247
2022-04-20,0.0,0.0,226928036844.14426
2022-04-21,0.0,0.0,226930085153.68652
2022-04-22,0.0,0.0,226932133481.71927
2022-04-25,0.0,0.0,226938278576.75586
2022-04-26,0.0,0.0,226940326978.7493
2022-04-27,0.0,0.0,226942375399.22235
2022-04-28,0.0,0.0,226944423838.19806
2022-04-29,0.0,0.0,226946472295.6521
2022-05-02,0.0,0.0,226952617778.95612
2022-05-03,0.0,0.0,226954666310.37604
2022-05-04,0.0,0.0,226959435832.27332
2022-05-05,0.0,0.0,226964205454.39575
2022-05-06,0.0,0.0,226968975176.75552
2022-05-09,0.0,0.0,226983284945.26678
2022-05-10,0.0,0.0,226988055068.58948
2022-05-11,0.0,0.0,226992825292.16034
2022-05-12,0.0,0.0,226997595615.98077
2022-05-13,0.0,0.0,227002366040.0385
2022-05-16,0.0,0.0,227016677913.76135
2022-05-17,0.0,0.0,227021448738.84976
2022-05-18,0.0,0.0,227026219664.192
2022-05-19,0.0,0.0,227030990689.79596
2022-05-20,0.0,0.0,227035761815.67392
2022-05-23,0.0,0.0,227050075794.9016
2022-05-24,0.0,0.0,227054847321.85345
2022-05-25,0.0,0.0,227059618949.07693
2022-05-26,0.0,0.0,227064390676.58664
2022-05-27,0.0,0.0,227069162504.37036
2022-05-31,0.0,0.0,227088250818.35977
2022-06-01,0.0,0.0,227093023147.5718
2022-06-02,0.0,0.0,227097795577.0728
2022-06-03,0.0,0.0,227105278964.84036
2022-06-06,0.0,0.0,227127730607.75043
2022-06-07,0.0,0.0,227135214981.9457
2022-06-08,0.0,0.0,227142699602.7718
2022-06-09,0.0,0.0,227150184470.2315
2022-06-10,0.0,0.0,227157669584.32495
2022-06-13,0.0,0.0,227180126406.5668
2022-06-14,0.0,0.0,227187612507.32416
2022-06-15,0.0,0.0,227195098854.76944
2022-06-16,0.0,0.0,227202585448.89728
2022-06-17,0.0,0.0,227210072289.7322
2022-06-21,0.0,0.0,227240022120.23148
2022-06-22,0.0,0.0,227247510194.687
2022-06-23,0.0,0.0,227254998515.8863
2022-06-24,0.0,0.0,227262487083.8537
2022-06-27,0.0,0.0,227284954268.35214
2022-06-28,0.0,0.0,227292443823.42316
2022-06-29,0.0,0.0,227299933625.29233
2022-06-30,0.0,0.0,227307423673.9663
2022-07-01,0.0,0.0,227314913969.4573
2022-07-05,0.0,0.0,227344877619.75287
2022-07-06,0.0,0.0,227355255023.4266
2022-07-07,1.0,0.0,227251950084.33798
2022-07-08,1.0,0.0,228316977129.05533
2022-07-11,0.0,0.0,213630508933.04797
2022-07-12,0.0,0.0,213640260329.47913
2022-07-13,0.0,0.0,213650012171.02606
2022-07-14,0.0,0.0,213659764457.71313
2022-07-15,1.0,0.0,213562682430.94553
2022-07-18,0.0,0.0,208513197836.32034
2022-07-19,1.0,0.0,208418454289.7049
2022-07-20,1.0,0.0,218895593749.89703
2022-07-21,1.0,0.0,228200593601.81226
2022-07-22,1.0,0.0,216258261745.624
2022-07-25,1.0,0.0,213034850988.15448
2022-07-26,1.0,0.0,200138237930.11298
2022-07-27,1.0,0.0,225122906349.08902
2022-07-28,1.0,0.0,231571199455.86438
2022-07-29,1.0,0.0,244318975845.1651
2022-08-01,1.0,0.0,243953806025.4937
2022-08-02,1.0,0.0,241681625922.82025
2022-08-03,1.0,0.0,261024988921.74457
2022-08-04,1.0,0.0,264762325627.24265
2022-08-05,1.0,0.0,258461299174.98654
2022-08-08,1.0,0.0,255822423974.88275
2022-08-09,1.0,0.0,247031367960.66837
2022-08-10,1.0,0.0,267325943724.70822
2022-08-11,1.0,0.0,263295554203.85672
2022-08-12,1.0,0.0,278169751388.6993
2022-08-15,1.0,0.0,284837419181.8249
2022-08-16,1.0,0.0,283005558528.28455
2022-08-17,1.0,0.0,273188113244.27756
2022-08-18,1.0,0.0,275018421755.5952
2022-08-19,1.0,0.0,258899958972.61166
2022-08-22,0.0,0.0,238412386934.11307
2022-08-23,0.2,0.0,238399427199.3038
2022-08-24,0.2,0.0,238775417955.7305
2022-08-25,0.2,0.0,241314155505.45294
2022-08-26,0.0,0.0,235149027782.855
2022-08-29,0.0,0.0,235193548025.30392
2022-08-30,0.0,0.0,235208389979.13507
2022-08-31,0.0,0.0,235223232869.57547
2022-09-01,0.0,0.0,235238076696.67523
2022-09-02,0.0,0.0,235252921460.4953
2022-09-06,0.0,0.0,235318099561.6509
2022-09-07,0.0,0.0,235334396908.2961
2022-09-08,0.0,0.0,235350695383.6377
2022-09-09,0.0,0.0,235366994987.7677
2022-09-12,0.0,0.0,235415900573.58688
2022-09-13,0.0,0.0,235432204693.60562
2022-09-14,0.0,0.0,235448509942.78622
2022-09-15,0.0,0.0,235464816321.23026
2022-09-16,0.0,0.0,235481123828.98654
2022-09-19,0.0,0.0,235530053129.00818
2022-09-20,0.0,0.0,235546365154.84927
2022-09-21,0.0,0.0,235562678310.4092
2022-09-22,0.0,0.0,235578992595.7686
2022-09-23,0.0,0.0,235595308011.00052
2022-09-26,0.0,0.0,235644261036.7002
2022-09-27,0.0,0.0,235660580972.20117
2022-09-28,0.0,0.0,235676902037.96542
2022-09-29,0.0,0.0,235693224234.07733
2022-09-30,0.0,0.0,235709547560.61002
2022-10-03,0.0,0.0,235758524323.5004
2022-10-04,0.0,0.0,235774852172.49457
2022-10-05,0.0,0.0,235794448266.93765
2022-10-06,0.0,0.0,235814045990.06754
2022-10-07,0.0,0.0,235833645342.04263
2022-10-10,0.0,0.0,235892453172.36472
2022-10-11,0.0,0.0,235912059041.04147
2022-10-12,0.0,0.0,235931666539.2283
2022-10-13,0.0,0.0,235951275667.0765
2022-10-14,0.0,0.0,235970886424.69574
2022-10-17,0.0,0.0,236029728477.64487
2022-10-18,0.0,0.0,236049345755.76443
2022-10-19,0.0,0.0,236068964664.35843
2022-10-20,0.0,0.0,236088585203.53955
2022-10-21,0.0,0.0,236108207373.45407
2022-10-24,0.0,0.0,236167083668.9489
2022-10-25,0.7000000000000001,0.0,236104047013.82373
2022-10-26,0.0,0.0,225108013397.1194
2022-10-27,0.0,0.0,225126722932.28714
2022-10-28,0.7000000000000001,0.0,225066633120.56253
2022-10-31,0.0,0.0,219559933676.12427
2022-11-01,0.0,0.0,219578182090.4668
2022-11-02,0.0,0.0,219596432021.50076
2022-11-03,0.0,0.0,219618755637.56113
2022-11-04,0.0,0.0,219641081522.98395
2022-11-07,0.0,0.0,219708072797.6982
2022-11-08,0.0,0.0,219730407762.87634
2022-11-09,0.0,0.0,219752744998.57837
2022-11-10,0.6000000000000001,0.0,219709151979.66595
2022-11-11,0.6000000000000001,0.0,227217699175.03912
2022-11-14,0.6000000000000001,0.0,223555187600.186
2022-11-15,0.6000000000000001,0.0,229036292998.3065
2022-11-16,0.6000000000000001,0.0,223327187803.3921
2022-11-17,0.6000000000000001,0.0,222292149772.44272
2022-11-18,0.6000000000000001,0.0,222177508511.28064
2022-11-21,0.6000000000000001,0.0,218146857665.3947
2022-11-22,0.6000000000000001,0.0,223626682155.7185
2022-11-23,0.6000000000000001,0.0,227693088455.77112
2022-11-25,0.6000000000000001,0.0,224822345987.64752
2022-11-28,0.6000000000000001,0.0,218824770345.9927
2022-11-29,0.6000000000000001,0.0,215697934445.44916
2022-11-30,0.6000000000000001,0.0,232858426413.88892
2022-12-01,0.6000000000000001,0.0,233666767365.067
2022-12-02,0.6000000000000001,0.0,231954640559.21228
2022-12-05,0.0,0.0,224661642557.79172
2022-12-06,0.0,0.0,224686376266.76627
2022-12-07,0.0,0.0,224711112698.73715
2022-12-08,0.0,0.0,224735851854.0347
2022-12-09,0.0,0.0,224760593732.9385
2022-12-12,0.6000000000000001,0.0,224767385263.60016
2022-12-13,0.6000000000000001,0.0,229013767172.25412
2022-12-14,0.6000000000000001,0.0,225721366998.59586
2022-12-15,0.0,0.0,212211689527.03717
2022-12-16,0.0,0.0,212235052581.42667
2022-12-19,0.0,0.0,212305157178.3191
2022-12-20,0.0,0.0,212328530522.83093
2022-12-21,0.0,0.0,212351906440.58893
2022-12-22,0.0,0.0,212375284931.8695
2022-12-23,0.0,0.0,212398665996.9643
2022-12-27,0.0,0.0,212492216001.17194
2022-12-28,0.0,0.0,212515609939.57895
2022-12-29,0.0,0.0,212539006453.5001
2022-12-30,0.0,0.0,212562405543.21585
2023-01-03,0.0,0.0,212656027665.6889
2023-01-04,0.0,0.0,212679439638.63818
2023-01-05,0.0,0.0,212704140303.32086
2023-01-06,0.0,0.0,212728843836.7542
2023-01-09,0.0,0.0,212802971652.8179
2023-01-10,0.0,0.0,212827686664.55457
2023-01-11,0.0,0.0,212852404546.6982
2023-01-12,0.6000000000000001,0.0,212813262161.99524
2023-01-13,0.6000000000000001,0.0,215351588785.38385
2023-01-17,0.6000000000000001,0.0,216103898678.85803
2023-01-18,0.6000000000000001,0.0,211252639109.08203
2023-01-19,0.0,0.0,207248815958.68118
2023-01-20,0.6000000000000001,0.0,207210704043.04987
2023-01-23,0.6000000000000001,0.0,215411818111.30695
2023-01-24,0.7000000000000001,0.0,214619365152.0934
2023-01-25,0.7000000000000001,0.0,213514049679.75772
2023-01-26,0.7000000000000001,0.0,222147118495.19806
2023-01-27,0.7000000000000001,0.0,226675316846.40887
2023-01-30,0.7000000000000001,0.0,216959374965.38635
2023-01-31,0.7000000000000001,0.0,223784160293.97327
2023-02-01,0.7000000000000001,0.0,234086423088.26938
2023-02-02,0.6000000000000001,0.0,251603737035.34506
2023-02-03,0.6000000000000001,0.0,243816666646.62958
2023-02-06,0.6000000000000001,0.0,240207283445.54767
2023-02-07,0.6000000000000001,0.0,248858665643.94568
2023-02-08,0.6000000000000001,0.0,240905111704.86127
2023-02-09,0.6000000000000001,0.0,237157722745.84247
2023-02-10,0.6000000000000001,0.0,234365165959.26257
2023-02-13,0.6000000000000001,0.0,240742384852.60892
2023-02-14,0.6000000000000001,0.0,243784001387.62515
2023-02-15,0.6000000000000001,0.0,246993912720.13824
2023-02-16,0.6000000000000001,0.0,238647686525.46515
2023-02-17,0.6000000000000001,0.0,235685678321.034
2023-02-21,0.6000000000000001,0.0,226254539209.46783
2023-02-22,0.0,0.0,226316333002.68796
2023-02-23,0.2,0.0,226321407935.18713
2023-02-24,0.2,0.0,224053279779.35284
2023-02-27,0.2,0.0,225048007513.0998
2023-02-28,0.2,0.0,224853041581.87646
2023-03-01,0.2,0.0,223808830682.82254
2023-03-02,0.2,0.0,224857925505.70764
2023-03-03,0.6000000000000001,0.0,227500337094.93048
2023-03-06,0.9,0.0,228082136698.3099
2023-03-07,0.6000000000000001,0.0,220384534492.8458
2023-03-08,0.6000000000000001,0.0,222202998481.30597
2023-03-09,0.2,0.0,215115739944.02167
2023-03-10,0.2,0.0,213359159941.32605
2023-03-13,0.2,0.0,214312470773.92007
2023-03-14,0.7000000000000001,0.0,217145378710.59552
2023-03-15,0.9,0.0,219334195508.33493
2023-03-16,1.0,0.0,234959351567.6322
2023-03-17,1.0,0.0,231473743246.9767
2023-03-20,1.0,0.0,233923082997.45
2023-03-21,1.0,0.0,243814667299.09775
2023-03-22,1.0,0.0,233864200922.14542
2023-03-23,1.0,0.0,242203355738.8801
2023-03-24,1.0,0.0,244668400003.37567
2023-03-27,1.0,0.0,239646059536.77872
2023-03-28,1.0,0.0,235665871908.1559
2023-03-29,1.0,0.0,248552408663.94458
2023-03-30,1.0,0.0,255282218121.92746
2023-03-31,1.0,0.0,267789969933.41833
2023-04-03,1.0,0.0,265894077208.48358
2023-04-04,1.0,0.0,263240618188.93585
2023-04-05,1.0,0.0,254807254199.00388
2023-04-06,1.0,0.0,259923793065.65533
2023-04-10,1.0,0.0,259356589763.7998
2023-04-11,1.0,0.0,254334252881.7866
2023-04-12,1.0,0.0,247606402444.6375
2023-04-13,1.0,0.0,261819667807.14795
2023-04-14,1.0,0.0,260304526232.0792
2023-04-17,1.0,0.0,260587137575.19876
2023-04-18,1.0,0.0,260777509553.79376
2023-04-19,1.0,0.0,260208349028.3845
2023-04-20,1.0,0.0,254143862894.44528
2023-04-21,1.0,0.0,254618814234.01138
2023-04-24,1.0,0.0,253101706434.2467
2023-04-25,1.0,0.0,238792269270.19205
2023-04-26,1.0,0.0,242772453299.82272
2023-04-27,1.0,0.0,262388801300.8765
2023-04-28,1.0,0.0,267695713941.04828
2023-05-01,1.0,0.0,266936176022.5103
2023-05-02,1.0,0.0,259829540635.75574
2023-05-03,1.0,0.0,254712998165.4026
2023-05-04,1.0,0.0,251869165357.01712
2023-05-05,1.0,0.0,267316916358.60526
2023-05-08,1.0,0.0,269495415017.9831
2023-05-09,1.0,0.0,264284666964.00192
2023-05-10,1.0,0.0,272812232930.3134
2023-05-11,1.0,0.0,275086903400.6729
2023-05-12,1.0,0.0,272243070589.92328
2023-05-15,1.0,0.0,276413624776.07794
2023-05-16,1.0,0.0,277455772215.6829
2023-05-17,1.0,0.0,287406234989.19904
2023-05-18,1.0,0.0,302852023370.65454
2023-05-19,1.0,0.0,300767723061.54333
2023-05-22,1.0,0.0,303894165375.9177
2023-05-23,1.0,0.0,292143979843.9938
2023-05-24,1.0,0.0,287406222311.1396
2023-05-25,1.0,0.0,308158925135.0462
2023-05-26,1.0,0.0,331470879599.0633
2023-05-30,1.0,0.0,336114422484.527
2023-05-31,1.0,0.0,329290403834.7568
2023-06-01,1.0,0.0,341230959520.5247
2023-06-02,1.0,0.0,348906750010.7476
2023-06-05,1.0,0.0,349666277068.55096
2023-06-06,1.0,0.0,349285527692.656
2023-06-07,1.0,0.0,331470857824.3375
2023-06-08,1.0,0.0,342842254784.31744
2023-06-09,1.0,0.0,347012812580.9234
2023-06-12,1.0,0.0,364733269599.05023
2023-06-13,1.0,0.0,372882050611.5722
2023-06-14,1.0,0.0,380842420460.08594
2023-06-15,1.0,0.0,394203910334.6822
2023-06-16,1.0,0.0,386622321792.7386
2023-06-20,1.0,0.0,384728389795.74097
2023-06-21,1.0,0.0,369308111795.4197
2023-06-22,1.0,0.0,381572499162.57477
2023-06-23,1.0,0.0,370259977053.8141
2023-06-26,1.0,0.0,355618854075.8056
2023-06-27,1.0,0.0,373205856816.3052
2023-06-28,1.0,0.0,375488377737.5714
2023-06-29,1.0,0.0,372921273809.2721
2023-06-30,1.0,0.0,389746781428.8793
2023-07-03,1.0,0.0,392408083645.39886
2023-07-05,1.0,0.0,392123500634.7878
2023-07-06,1.0,0.0,382903127485.85895
2023-07-07,1.0,0.0,379005369711.4652
2023-07-10,1.0,0.0,379289943596.1575
2023-07-11,1.0,0.0,384708725342.8171
2023-07-12,1.0,0.0,398969093469.571
2023-07-13,1.0,0.0,418836656332.7148
2023-07-14,1.0,0.0,418455906945.5014
2023-07-17,1.0,0.0,430053001111.73096
2023-07-18,1.0,0.0,440321407705.56665
2023-07-19,1.0,0.0,440321405876.858
2023-07-20,1.0,0.0,409425898431.83594
2023-07-21,1.0,0.0,405812720015.11444
2023-07-24,1.0,0.0,407427947730.9623
2023-07-25,1.0,0.0,415604205358.9973
2023-07-26,1.0,0.0,411325700018.92535
2023-07-27,1.0,0.0,407808689798.5523
2023-07-28,1.0,0.0,429864569819.0605
2023-07-31,1.0,0.0,430718302408.6229
2023-08-01,1.0,0.0,427391665966.75183
2023-08-02,1.0,0.0,399444008183.39825
2023-08-03,1.0,0.0,396592324882.7823
2023-08-04,1.0,0.0,391077371278.1612
2023-08-07,1.0,0.0,400774652858.1108
2023-08-08,1.0,0.0,390508205217.45514
2023-08-09,1.0,0.0,377484281690.9386
2023-08-10,1.0,0.0,379195681259.3471
2023-08-11,1.0,0.0,371590541305.20807
2023-08-14,1.0,0.0,383949130566.2729
2023-08-15,1.0,0.0,372159692683.5194
2023-08-16,0.5,0.0,359713102310.38525
2023-08-17,0.5,0.0,353651574056.82294
2023-08-18,0.5,0.0,352868587969.1405
2023-08-21,1.0,0.0,361220792061.2433
2023-08-22,0.5,0.0,359522048300.7376
2023-08-23,1.0,0.0,367929575232.58344
2023-08-24,1.0,0.0,343689958016.31604
2023-08-25,1.0,0.0,351832201522.0574
2023-08-28,1.0,0.0,359695554871.2691
2023-08-29,1.0,0.0,382638260719.69366
2023-08-30,1.0,0.0,389021409381.88916
2023-08-31,1.0,0.0,392537672766.3837
2023-09-01,1.0,0.0,391151008432.87964
2023-09-05,1.0,0.0,392167054469.7968
2023-09-06,1.0,0.0,381805377525.89594
2023-09-07,1.0,0.0,373479743019.3402
2023-09-08,1.0,0.0,374589427135.6
2023-09-11,1.0,0.0,387357618059.48157
2023-09-12,1.0,0.0,374959898657.5629
2023-09-13,1.0,0.0,378661430405.84686
2023-09-14,1.0,0.0,387540927494.18243
2023-09-15,0.5,0.0,367560294502.56305
2023-09-18,0.5,0.0,368054049600.59674
2023-09-19,0.5,0.0,366970774146.07874
2023-09-20,0.4,0.0,359040428777.49097
2023-09-21,0.4,0.0,350891720015.4769
2023-09-22,0.4,0.0,351035867284.1913
2023-09-25,0.4,0.0,352916355609.3637
2023-09-26,0.4,0.0,346821509410.7524
2023-09-27,0.4,0.0,347651335695.32166
2023-09-28,0.4,0.0,350877835699.1287
2023-09-29,0.4,0.0,351212995653.812
2023-10-02,0.4,0.0,354539247840.37427
2023-10-03,0.4,0.0,347226529681.96484
2023-10-04,0.4,0.0,352583602581.8891
2023-10-05,0.4,0.0,351168640903.17334
2023-10-06,0.4,0.0,358009747719.9099
2023-10-09,0.4,0.0,360194112361.2377
2023-10-10,0.8,0.0,362512186353.9998
2023-10-11,1.0,0.0,368661401633.20374
2023-10-12,1.0,0.0,364350134346.04663
2023-10-13,0.4,0.0,350468569958.32916
2023-10-16,1.0,0.0,355175773515.6025
2023-10-17,1.0,0.0,351777275365.553
2023-10-18,0.8,0.0,336858629607.8998
2023-10-19,0.4,0.0,329603031252.49274
2023-10-20,0.4,0.0,323684069546.39777
2023-10-23,0.4,0.0,324876450582.0628
2023-10-24,0.4,0.0,328487599757.9984
2023-10-25,0.30000000000000004,0.0,318936502684.66064
2023-10-26,0.1,0.0,313361922133.56647
2023-10-27,0.30000000000000004,0.0,313817541754.54785
2023-10-30,0.30000000000000004,0.0,316949938480.84467
2023-10-31,0.30000000000000004,0.0,318394691041.77026
2023-11-01,0.4,0.0,323497074967.536
2023-11-02,0.4,0.0,330394569972.20245
2023-11-03,1.0,0.0,335130555352.9759
2023-11-06,0.4,0.0,338864299653.9718
2023-11-07,1.0,0.0,342608392364.1716
2023-11-08,1.0,0.0,343221780165.50854
2023-11-09,1.0,0.0,335067067528.52386
2023-11-10,1.0,0.0,357429313500.936
2023-11-13,1.0,0.0,354183617785.48773
2023-11-14,1.0,0.0,376459265221.7517
2023-11-15,1.0,0.0,377511058021.50684
2023-11-16,1.0,0.0,378124445796.17706
2023-11-17,1.0,0.0,378387831204.46826
2023-11-20,1.0,0.0,391891733040.0556
2023-11-21,1.0,0.0,384788831588.0696
2023-11-22,1.0,0.0,389261266015.6453
2023-11-24,1.0,0.0,387332607839.85376
2023-11-27,1.0,0.0,386192338570.16034
2023-11-28,1.0,0.0,389261155253.7336
2023-11-29,1.0,0.0,387859323193.6536
2023-11-30,1.0,0.0,384613664248.63306
2023-12-01,1.0,0.0,387859286239.5879
2023-12-04,1.0,0.0,376808898445.0627
2023-12-05,1.0,0.0,379527712742.1772
2023-12-06,1.0,0.0,372774813603.0842
2023-12-07,1.0,0.0,388384178841.6524
2023-12-08,1.0,0.0,393031614397.2418
2023-12-11,1.0,0.0,403030079984.0579
2023-12-12,1.0,0.0,412763374605.71906
2023-12-13,1.0,0.0,427320928599.165
2023-12-14,1.0,0.0,426619101214.94836
2023-12-15,1.0,0.0,431704941768.829
2023-12-18,1.0,0.0,440738194583.0388
2023-12-19,1.0,0.0,447314251370.27136
2023-12-20,1.0,0.0,427436263570.1432
2023-12-21,1.0,0.0,441616753135.33044
2023-12-22,1.0,0.0,443377571216.81616
2023-12-26,1.0,0.0,451481675413.6548
2023-12-27,1.0,0.0,453859507953.39996
2023-12-28,1.0,0.0,452713863092.7604
2023-12-29,1.0,0.0,446460709518.5828
2024-01-02,1.0,0.0,423824142157.9741
2024-01-03,1.0,0.0,410258825796.812
2024-01-04,1.0,0.0,403388657727.3977
2024-01-05,1.0,0.0,404886071921.58984
2024-01-08,1.0,0.0,429285149915.9989
2024-01-09,1.0,0.0,432103191569.64624
2024-01-10,1.0,0.0,440647560541.0481
2024-01-11,1.0,0.0,442760185054.1957
2024-01-12,1.0,0.0,443288778250.82056
2024-01-16,1.0,0.0,443025299897.9867
2024-01-17,1.0,0.0,435361311992.3014
2024-01-18,1.0,0.0,454034099834.2688
2024-01-19,1.0,0.0,480282454283.2578
2024-01-22,1.0,0.0,482220040280.9931
2024-01-23,1.0,0.0,487944544809.39026
2024-01-24,1.0,0.0,495960301917.2162
2024-01-25,1.0,0.0,497369313385.258
2024-01-26,1.0,0.0,488209696794.74133
2024-01-29,1.0,0.0,502566954201.8831
2024-01-30,1.0,0.0,492525115146.671
2024-01-31,1.0,0.0,463547065765.92554
2024-02-01,1.0,0.0,479930405113.6827
2024-02-02,1.0,0.0,504064312249.9743
2024-02-05,1.0,0.0,501509599734.7305
2024-02-06,1.0,0.0,498603118108.58844
2024-02-07,1.0,0.0,513489024645.7013
2024-02-08,1.0,0.0,515601649064.2565
2024-02-09,1.0,0.0,530750959434.8236
2024-02-12,1.0,0.0,524497768269.9169
2024-02-13,1.0,0.0,499660210717.2327
2024-02-14,1.0,0.0,515513134068.7244
2024-02-15,1.0,0.0,519830412523.5479
2024-02-16,1.0,0.0,505561483015.8709
2024-02-20,1.0,0.0,493845349547.2289
2024-02-21,1.0,0.0,487680598449.3294
2024-02-22,1.0,0.0,529870297524.70355
2024-02-23,1.0,0.0,525026173892.9376
2024-02-26,1.0,0.0,524320700453.3427
2024-02-27,1.0,0.0,527580755234.7316
2024-02-28,1.0,0.0,519036348871.5404
2024-02-29,1.0,0.0,531544404228.3863
2024-03-01,1.0,0.0,555941715109.9363
2024-03-04,1.0,0.0,549336717232.19995
2024-03-05,1.0,0.0,519916654442.5795
2024-03-06,1.0,0.0,529518246857.0468
2024-03-07,1.0,0.0,553123542061.607
2024-03-08,1.0,0.0,528901194766.5505
2024-03-11,1.0,0.0,522736405974.97656
2024-03-12,1.0,0.0,544932671030.8776
2024-03-13,1.0,0.0,532247772747.9592
2024-03-14,1.0,0.0,527932260864.49695
2024-03-15,1.0,0.0,508642421074.24744
2024-03-18,1.0,0.0,522999677982.30023
2024-03-19,1.0,0.0,526611539191.119
2024-03-20,1.0,0.0,545307780589.3148
2024-03-21,1.0,0.0,552378170296.2222
2024-03-22,1.0,0.0,553527386002.2603
2024-03-25,1.0,0.0,547871363388.99255
2024-03-26,1.0,0.0,542743990313.197
2024-03-27,1.0,0.0,547517715009.1351
2024-03-28,1.0,0.0,544069992441.934
2024-04-01,1.0,0.0,547429217928.04816
2024-04-02,1.0,0.0,532754357688.00415
2024-04-03,1.0,0.0,536290445138.11835
2024-04-04,1.0,0.0,511009069982.32184
2024-04-05,1.0,0.0,529041389317.5988
2024-04-08,1.0,0.0,529394943216.9006
2024-04-09,1.0,0.0,534875889138.02637
2024-04-10,1.0,0.0,520821651617.44037
2024-04-11,1.0,0.0,545307365017.7628
2024-04-12,1.0,0.0,518965157930.09515
2024-04-15,1.0,0.0,492886316804.16254
2024-04-16,0.5,0.0,492851404515.3458
2024-04-17,0.4,0.0,483717703360.6741
2024-04-18,0.4,0.0,480300285873.5542
2024-04-19,0.4,0.0,468561088777.0142
2024-04-22,0.4,0.0,473873083857.0325
2024-04-23,0.4,0.0,482092078248.3529
2024-04-24,0.4,0.0,484006873823.39355
2024-04-25,0.4,0.0,480949779762.8668
2024-04-26,0.5,0.0,489723118364.70245
2024-04-29,0.5,0.0,492750504995.00665
2024-04-30,0.4,0.0,478589343067.787
2024-05-01,0.4,0.0,474492526213.0447
2024-05-02,0.4,0.0,481466301722.75903
2024-05-03,1.0,0.0,492943087653.1314
2024-05-06,1.0,0.0,509119331045.00995
2024-05-07,1.0,0.0,509119305029.38513
2024-05-08,1.0,0.0,508162614839.61237
2024-05-09,1.0,0.0,510945611852.9341
2024-05-10,1.0,0.0,514422589733.99426
2024-05-13,1.0,0.0,517814320944.4598
2024-05-14,1.0,0.0,527467906060.1838
2024-05-15,1.0,0.0,551817556705.423
2024-05-16,1.0,0.0,548425721319.3728
2024-05-17,1.0,0.0,547208122677.3292
2024-05-20,1.0,0.0,558514075554.106
2024-05-21,1.0,0.0,561384041980.7856
2024-05-22,1.0,0.0,561036138014.6328
2024-05-23,1.0,0.0,552687042808.4542
2024-05-24,1.0,0.0,568167582363.5647
2024-05-28,1.0,0.0,574340535412.3392
2024-05-29,1.0,0.0,562340497327.0948
2024-05-30,1.0,0.0,544250821453.55383
2024-05-31,1.0,0.0,543642009035.0225
2024-06-03,1.0,0.0,548947068286.85876
2024-06-04,1.0,0.0,553034607226.6455
2024-06-05,1.0,0.0,586429082647.3528
2024-06-06,1.0,0.0,585733300730.4797
2024-06-07,1.0,0.0,583559037819.7391
2024-06-10,1.0,0.0,589733791671.6445
2024-06-11,1.0,0.0,601907716396.3898
2024-06-12,1.0,0.0,625650355506.7474
2024-06-13,1.0,0.0,635650043473.289
2024-06-14,1.0,0.0,644868781092.6907
2024-06-17,1.0,0.0,668261715007.8002
2024-06-18,1.0,0.0,668609566673.4357
2024-06-20,1.0,0.0,652869815057.2604
2024-06-21,1.0,0.0,646868895402.3838
2024-06-24,1.0,0.0,624954285148.7017
2024-06-25,1.0,0.0,645825156801.9115
2024-06-26,1.0,0.0,649866548571.6771
2024-06-27,1.0,0.0,654580622563.4385
2024-06-28,1.0,0.0,644279151330.6891
2024-07-01,1.0,0.0,654843200785.2863
2024-07-02,1.0,0.0,674920697852.8262
2024-07-03,1.0,0.0,691506991907.6578
2024-07-05,1.0,0.0,712457707144.5054
2024-07-08,1.0,0.0,717171728479.7537
2024-07-09,1.0,0.0,718744252173.4069
2024-07-10,1.0,0.0,741265768797.1425
2024-07-11,1.0,0.0,692553964866.4988
2024-07-12,1.0,0.0,703815597453.0284
2024-07-15,1.0,0.0,709053210395.0602
2024-07-16,1.0,0.0,709576775754.5377
2024-07-17,1.0,0.0,647159293286.1919
2024-07-18,1.0,0.0,637470158022.1244
2024-07-19,1.0,0.0,620186280673.4578
2024-07-22,1.0,0.0,647247905811.0714
2024-07-23,1.0,0.0,640263698527.2653
2024-07-24,0.8,0.0,571154493829.7606
2024-07-25,1.0,0.0,555893251789.238
2024-07-26,0.8,0.0,571739725603.1534
2024-07-29,0.8,0.0,574459474173.1951
2024-07-30,0.8,0.0,555709045987.6187
2024-07-31,0.8,0.0,594313375982.6221
2024-08-01,0.8,0.0,559748736839.0061
2024-08-02,0.4,0.0,527189586966.6233
2024-08-05,0.1,0.0,508869820956.8248
2024-08-06,0.30000000000000004,0.0,510156465058.6128
2024-08-07,0.1,0.0,505228874117.85156
2024-08-08,0.4,0.0,509845446329.80505
2024-08-09,0.4,0.0,512663870204.3362
2024-08-12,0.4,0.0,514200132715.369
2024-08-13,0.4,0.0,529384581985.9817
2024-08-14,0.4,0.0,529814548058.6538
2024-08-15,1.0,0.0,546533003056.3499
2024-08-16,1.0,0.0,547969841296.6229
2024-08-19,1.0,0.0,569211020581.7905
2024-08-20,1.0,0.0,565697571465.1583
2024-08-21,1.0,0.0,573443631258.2095
2024-08-22,1.0,0.0,545893119480.8952
2024-08-23,1.0,0.0,563062422196.9872
2024-08-26,1.0,0.0,546532697931.61914
2024-08-27,1.0,0.0,551163112761.9662
2024-08-28,0.5,0.0,532344137220.34106
2024-08-29,0.5,0.0,530985312600.2206
2024-08-30,1.0,0.0,539910520139.57007
2024-09-03,0.4,0.6,490342880548.03705
2024-09-04,0.4,0.6,488674437936.6967
2024-09-05,0.4,0.6,489304111905.1361
2024-09-06,0.30000000000000004,0.7,473434125914.7069
2024-09-09,0.4,0.6,478673746882.3598
2024-09-10,0.4,0.6,483824342171.41925
2024-09-11,0.4,0.6,496361639929.48846
2024-09-12,0.4,0.6,502548942276.7478
2024-09-13,1.0,0.0,505080067346.4117
2024-09-16,0.4,0.6,498026923909.1269
2024-09-17,0.4,0.6,498147019669.2622
2024-09-18,0.4,0.6,495537246731.21594
2024-09-19,1.0,0.0,510117230264.4078
2024-09-20,1.0,0.0,506861868108.48816
2024-09-23,1.0,0.0,510622813311.37537
2024-09-24,1.0,0.0,517853841365.28235
2024-09-25,1.0,0.0,519668175401.3448
2024-09-26,1.0,0.0,530695594297.27405
2024-09-27,1.0,0.0,521554502946.2004
2024-09-30,1.0,0.0,525616865509.5254
2024-10-01,1.0,0.0,503344261040.3229
2024-10-02,1.0,0.0,505230641158.8118
2024-10-03,1.0,0.0,504069028141.0508
2024-10-04,1.0,0.0,521843789201.0646
2024-10-07,1.0,0.0,504649597475.8417
2024-10-08,1.0,0.0,526560395481.9887
2024-10-09,1.0,0.0,539256638280.20496
2024-10-10,1.0,0.0,537370152736.56586
2024-10-11,1.0,0.0,538747798752.3444
2024-10-14,1.0,0.0,552531979814.6786
2024-10-15,1.0,0.0,530476983986.8846
2024-10-16,1.0,0.0,530187276263.0489
2024-10-17,1.0,0.0,531782530994.37024
2024-10-18,1.0,0.0,541214642140.3427
2024-10-21,1.0,0.0,544188960263.011
2024-10-22,1.0,0.0,545784214947.8679
2024-10-23,1.0,0.0,520537133624.2783
2024-10-24,1.0,0.0,532943721364.69104
2024-10-25,1.0,0.0,541939144573.56195
2024-10-28,1.0,0.0,542447719869.9947
2024-10-29,1.0,0.0,557465612818.8422
2024-10-30,1.0,0.0,545058919263.1942
2024-10-31,1.0,0.0,503560285509.8505
2024-11-01,1.0,0.0,514298049153.0746
2024-11-04,1.0,0.0,509509026937.7573
2024-11-05,1.0,0.0,528880565575.8685
2024-11-06,1.0,0.0,571828838305.5765
2024-11-07,1.0,0.0,598600545476.9572
2024-11-08,1.0,0.0,600051707709.0547
2024-11-11,1.0,0.0,598963504738.6913
2024-11-12,1.0,0.0,595697849783.7574
2024-11-13,1.0,0.0,593086491462.7657
2024-11-14,1.0,0.0,580535705472.8083
2024-11-15,1.0,0.0,538528337560.33923
2024-11-18,1.0,0.0,549411557471.58685
2024-11-19,1.0,0.0,560438975865.3881
2024-11-20,1.0,0.0,559786096420.2424
2024-11-21,1.0,0.0,565299779037.4229
2024-11-22,1.0,0.0,567403767452.5508
2024-11-25,1.0,0.0,570014913201.1125
2024-11-26,1.0,0.0,578866243817.0094
2024-11-27,1.0,0.0,564864242454.0745
2024-11-29,1.0,0.0,579301301740.8545
2024-12-02,1.0,0.0,598091953500.9976
2024-12-03,1.0,0.0,603388027234.6588
2024-12-04,1.0,0.0,625442917003.9956
2024-12-05,1.0,0.0,620290829040.0244
2024-12-06,1.0,0.0,636252673195.7242
2024-12-09,1.0,0.0,621380130045.0366
2024-12-10,1.0,0.0,614632734488.237
2024-12-11,1.0,0.0,647497486936.5782
2024-12-12,1.0,0.0,634655575436.5863
2024-12-13,1.0,0.0,648295769190.1763
2024-12-16,1.0,0.0,676517114196.9713
2024-12-17,1.0,0.0,667448068238.0159
2024-12-18,1.0,0.0,595260715971.9357
2024-12-19,1.0,0.0,586844496307.9381
2024-12-20,1.0,0.0,602079997541.7723
2024-12-23,1.0,0.0,618859237906.4856
2024-12-24,1.0,0.0,643462208573.0734
2024-12-26,1.0,0.0,642078521551.8655
2024-12-27,1.0,0.0,615946301240.057
2024-12-30,1.0,0.0,591197554008.0973
2024-12-31,1.0,0.0,575692875540.8754
2025-01-02,1.0,0.0,572053702880.5656
2025-01-03,1.0,0.0,599495879786.016
2025-01-06,1.0,0.0,619949473264.6432
2025-01-07,1.0,0.0,586539121648.8032
2025-01-08,1.0,0.0,586975755929.5642
2025-01-10,0.5,0.0,558811277558.8268
2025-01-13,0.5,0.0,556015759438.8555
2025-01-14,0.5,0.0,555065835409.2151
2025-01-15,1.0,0.0,573583335731.6318
2025-01-16,1.0,0.0,561878480873.017
2025-01-17,1.0,0.0,589613855852.4879
2025-01-21,1.0,0.0,599402901116.0486
2025-01-22,1.0,0.0,622670695004.5687
2025-01-23,1.0,0.0,626500642561.5482
2025-01-24,1.0,0.0,615221339818.0493
2025-01-27,1.0,0.0,561240630175.4952
2025-01-28,1.0,0.0,586138990837.3378
2025-01-29,1.0,0.0,582521059469.9159
2025-01-30,1.0,0.0,589827065914.6836
2025-01-31,1.0,0.0,586634686682.5907
2025-02-03,1.0,0.0,572448117177.9241
2025-02-04,1.0,0.0,593231374273.8553
2025-02-05,1.0,0.0,600962932840.4393
2025-02-06,1.0,0.0,609972580665.3815
2025-02-07,1.0,0.0,586706176121.5944
2025-02-10,1.0,0.0,607347538928.3019
2025-02-11,1.0,0.0,603020353946.8223
2025-02-12,1.0,0.0,604226779644.5042
2025-02-13,1.0,0.0,629692543108.3906
2025-02-14,1.0,0.0,637068758441.7278
2025-02-18,1.0,0.0,641041924051.8882
2025-02-19,1.0,0.0,641112111178.1682
2025-02-20,1.0,0.0,633310300090.3173
2025-02-21,1.0,0.0,593656555940.3154
2025-02-24,1.0,0.0,572305808746.4202
2025-02-25,0.4,0.0,550292703583.5231
2025-02-26,0.4,0.0,551749187404.429
2025-02-27,0.4,0.0,533406082551.9739
2025-02-28,0.4,0.0,542748606249.5596
2025-03-03,0.30000000000000004,0.0,529114289148.3109
2025-03-04,0.30000000000000004,0.0,527413167119.45294
2025-03-05,0.4,0.0,533546490769.0238
2025-03-06,0.1,0.0,515817572895.2134
2025-03-07,0.1,0.0,516941633388.08093
2025-03-10,0.0,0.0,511143135797.1239
2025-03-11,0.0,0.0,511202500140.1218
2025-03-12,0.0,0.0,511261871377.71423
2025-03-13,0.0,0.0,511321249510.7056
2025-03-14,0.0,0.0,511380634539.8875
2025-03-17,0.0,0.0,511558831012.6498
2025-03-18,0.0,0.0,511618243634.6301
2025-03-19,0.0,0.0,511677663156.81616
2025-03-20,0.0,0.0,511737089580.01337
2025-03-21,0.0,0.0,511796522905.01324
2025-03-24,0.1,0.0,511949265555.6084
2025-03-25,0.1,0.0,512916359220.77716
2025-03-26,0.0,0.0,510047518065.24896
2025-03-27,0.0,0.0,510106755162.8104
2025-03-28,0.0,0.0,510165999140.1952
2025-03-31,0.0,0.0,510343772359.2575
2025-04-01,0.0,0.0,510403043863.9021
2025-04-02,0.0,0.0,510462322252.36456
2025-04-03,0.0,0.0,510521607525.44086
2025-04-04,0.0,0.0,510580899683.92206
2025-04-07,0.0,0.0,510758817479.8265
2025-04-08,0.0,0.0,510818137187.9597
2025-04-09,0.0,0.0,510877463785.5046
2025-04-10,0.0,0.0,510936797273.2625
2025-04-11,0.0,0.0,510996137652.02515
2025-04-14,0.0,0.0,511174200142.4116
2025-04-15,0.0,0.0,511233568093.2309
2025-04-16,0.0,0.0,511292942939.06683
2025-04-17,0.0,0.0,511352324680.7156
2025-04-21,0.0,0.0,511589920621.48285
2025-04-22,0.0,0.0,511649336854.2257
2025-04-23,0.0,0.0,511708759987.58563
2025-04-24,0.0,0.0,511768190022.3698
2025-04-25,1.0,0.0,511571713145.9021
2025-04-28,1.0,0.0,511192646654.9004
2025-04-29,1.0,0.0,521169637975.4541
2025-04-30,1.0,0.0,521265291975.4316
2025-05-01,1.0,0.0,539225056465.5865
2025-05-02,1.0,0.0,564503479460.179
2025-05-05,1.0,0.0,554715802683.1324
2025-05-06,1.0,0.0,538939690163.7134
2025-05-07,1.0,0.0,545211419176.3583
2025-05-08,1.0,0.0,561462093129.0388
2025-05-09,1.0,0.0,560131910098.9514
2025-05-12,1.0,0.0,627982491858.8378
2025-05-13,1.0,0.0,656776703405.7504
2025-05-14,1.0,0.0,668369005246.3286
2025-05-15,1.0,0.0,670460830917.8884
2025-05-16,1.0,0.0,678728731639.156
2025-05-19,1.0,0.0,680533396286.2227
2025-05-20,1.0,0.0,673406085408.6345
2025-05-21,1.0,0.0,645371602566.1951
2025-05-22,1.0,0.0,648697877655.5522
2025-05-23,1.0,0.0,629978225075.6074
2025-05-27,1.0,0.0,673880447106.0187
2025-05-28,1.0,0.0,665233519322.8492
2025-05-29,1.0,0.0,668464100612.1549
2025-05-30,1.0,0.0,664948272049.5741
2025-06-02,1.0,0.0,680247670002.9158
2025-06-03,1.0,0.0,696117482643.029
2025-06-04,1.0,0.0,701725096810.9604
2025-06-05,1.0,0.0,685378649315.9862
2025-06-06,1.0,0.0,704955638071.1249
2025-06-09,1.0,0.0,708090445545.4353
2025-06-10,1.0,0.0,721774612739.6035
2025-06-11,1.0,0.0,714362134330.6814
2025-06-12,1.0,0.0,719018552507.5736
2025-06-13,1.0,0.0,691841485582.2815
2025-06-16,1.0,0.0,720065282051.5405
2025-06-17,1.0,0.0,698777208887.2491
2025-06-18,1.0,0.0,697827886760.7408
2025-06-20,1.0,0.0,688229722826.8815
2025-06-23,1.0,0.0,709611415563.1669
2025-06-24,1.0,0.0,741921415469.7755
2025-06-25,1.0,0.0,747618981638.4525
2025-06-26,1.0,0.0,768108888707.9406
2025-06-27,1.0,0.0,775636119491.8167
2025-06-30,1.0,0.0,790692454781.0391
2025-07-01,1.0,0.0,770585242486.986
2025-07-02,1.0,0.0,785928739285.0392
2025-07-03,1.0,0.0,807942090917.204
2025-07-07,1.0,0.0,789930451358.5275
2025-07-08,1.0,0.0,790979214746.8472
2025-07-09,1.0,0.0,807369601199.288
2025-07-10,1.0,0.0,803652815492.6442
2025-07-11,1.0,0.0,797553255238.5172
2025-07-14,1.0,0.0,806035429182.1383
2025-07-15,1.0,0.0,808131082224.805
2025-07-16,1.0,0.0,810418122774.5787
2025-07-17,1.0,0.0,829286977474.9921
2025-07-18,1.0,0.0,826427607778.2148
2025-07-21,1.0,0.0,839007388251.5391
2025-07-22,1.0,0.0,825950891818.3246
2025-07-23,1.0,0.0,836814006797.6901
2025-07-24,1.0,0.0,842341237898.5261
2025-07-25,1.0,0.0,847106746689.9636
2025-07-28,1.0,0.0,855397532857.729
2025-07-29,1.0,0.0,851489359518.9904
2025-07-30,1.0,0.0,854444342402.8235
2025-07-31,1.0,0.0,840340956215.262
2025-08-01,1.0,0.0,789929444863.2802
2025-08-04,1.0,0.0,833192471214.5364
2025-08-05,1.0,0.0,815848894394.596
2025-08-06,1.0,0.0,846344540406.0544
2025-08-07,1.0,0.0,854920574506.95
2025-08-08,1.0,0.0,877980815612.1172
2025-08-11,1.0,0.0,870262036024.8472
2025-08-12,1.0,0.0,902376820361.6531
2025-08-13,1.0,0.0,903710750919.6561
2025-08-14,1.0,0.0,901234156080.5309
2025-08-15,1.0,0.0,888464740767.0176
2025-08-18,1.0,0.0,887320122131.6647
2025-08-19,1.0,0.0,851107650282.4581
2025-08-20,1.0,0.0,835574599244.7417
2025-08-21,1.0,0.0,823949681223.4083
2025-08-22,1.0,0.0,861019488218.1453
2025-08-25,1.0,0.0,853490182005.4482
2025-08-26,1.0,0.0,863400186955.1534
2025-08-27,1.0,0.0,867308279479.8284
2025-08-28,1.0,0.0,883126416954.1603
2025-08-29,1.0,0.0,851298632973.0251
2025-09-02,1.0,0.0,829570246476.917
2025-09-03,1.0,0.0,848915655784.5953
2025-09-04,1.0,0.0,871882116838.6139
2025-09-05,1.0,0.0,874741405733.4927
2025-09-08,1.0,0.0,887223577652.7439
2025-09-09,1.0,0.0,894465640578.2104
2025-09-10,1.0,0.0,895418709808.604
2025-09-11,1.0,0.0,910477038766.7971
2025-09-12,1.0,0.0,921816708334.2435
2025-09-15,1.0,0.0,945353422892.4268
2025-09-16,1.0,0.0,942781134089.0397
2025-09-17,1.0,0.0,936777267164.9298
2025-09-18,1.0,0.0,962030808915.2908
2025-09-19,1.0,0.0,981089136852.1123
2025-09-22,1.0,0.0,997670829042.5857
2025-09-23,1.0,0.0,977563616221.6454
2025-09-24,1.0,0.0,967052573313.9003
2025-09-25,1.0,0.0,954078373102.9896
2025-09-26,1.0,0.0,965525219589.5801
2025-09-29,1.0,0.0,978403563264.0632
2025-09-30,1.0,0.0,986034142709.1254
2025-10-01,1.0,0.0,999959457462.0402
2025-10-02,1.0,0.0,1012169940088.9921
2025-10-03,1.0,0.0,998434017524.3827
2025-10-06,1.0,0.0,1020753507099.8018
2025-10-07,1.0,0.0,1004252034941.9436
2025-10-08,1.0,0.0,1038305574429.8987
2025-10-09,1.0,0.0,1034204099249.5118
2025-10-10,1.0,0.0,925652888650.5071
2025-10-13,1.0,0.0,984410646760.2628
2025-10-14,1.0,0.0,964379988811.8649
2025-10-15,1.0,0.0,984125397757.2437
2025-10-16,1.0,0.0,973155024678.2969
2025-10-17,1.0,0.0,991660242524.4775
2025-10-20,1.0,0.0,1028862024872.2615
2025-10-21,1.0,0.0,1027715572822.0211
2025-10-22,1.0,0.0,997478218735.8143
2025-10-23,1.0,0.0,1022469559371.4816
2025-10-24,1.0,0.0,1054329797855.037
2025-10-27,1.0,0.0,1110320092255.4739
2025-10-28,1.0,0.0,1135694207886.1194
2025-10-29,1.0,0.0,1150191771126.5776
2025-10-30,1.0,0.0,1097539111425.7242
2025-10-31,1.0,0.0,1113087392101.7896
2025-11-03,1.0,0.0,1128348509652.282
2025-11-04,1.0,0.0,1059288198399.932
2025-11-05,1.0,0.0,1079892937147.0118
2025-11-06,1.0,0.0,1019322575974.2804
2025-11-07,1.0,0.0,1008733063907.2745
2025-11-10,1.0,0.0,1074836274246.4562
2025-11-11,1.0,0.0,1065965422023.9196
2025-11-12,1.0,0.0,1063772080135.8999
2025-11-13,1.0,0.0,998049567059.1901
2025-11-14,1.0,0.0,998813162239.7438
2025-11-17,1.0,0.0,973153715293.1678
2025-11-18,0.5,0.0,937722889051.1229
2025-11-19,0.5,0.0,945834387255.377
2025-11-20,0.4,0.0,911753302240.6885
2025-11-21,0.4,0.0,919897795460.0325
2025-11-24,1.0,0.0,948062406434.6382
2025-11-25,1.0,0.0,965328207116.4827
2025-11-26,1.0,0.0,990576897772.2389
2025-11-28,1.0,0.0,1012297879117.2009
2025-12-01,1.0,0.0,1003201066194.404
2025-12-02,1.0,0.0,1026408401842.5249
2025-12-03,1.0,0.0,1033649957525.8937
2025-12-04,1.0,0.0,1030306640652.5653
2025-12-05,1.0,0.0,1042189671319.7495
2025-12-08,1.0,0.0,1035691115749.5367
2025-12-09,1.0,0.0,1039589393864.4084
2025-12-10,1.0,0.0,1051472424503.3391
2025-12-11,1.0,0.0,1041446277621.5726
2025-12-12,1.0,0.0,980365768338.0903
2025-12-15,1.0,0.0,965511812637.8994
2025-12-16,1.0,0.0,971267053221.2643
2025-12-17,0.4,0.6,916320976418.0131
2025-12-18,0.5,0.5,931901614129.4955
2025-12-19,1.0,0.0,949618993714.8676
2025-12-22,1.0,0.0,962578520023.7994
2025-12-23,1.0,0.0,976068893156.0791
2025-12-24,1.0,0.0,983821154347.4331
2025-12-26,1.0,0.0,982932343266.2471
2025-12-29,0.5,0.5,967869152393.7341
2025-12-30,0.5,0.5,964403309091.77
2025-12-31,0.5,0.5,952141309096.8461
2026-01-02,0.5,0.5,947827316425.4182
2026-01-05,0.5,0.5,958933788213.9985
2026-01-06,1.0,0.0,970979754622.5167
2026-01-07,1.0,0.0,973804612688.4006
2026-01-08,1.0,0.0,956499452276.0444
2026-01-09,1.0,0.0,984225037036.3636
2026-01-12,1.0,0.0,986519094030.5743
2026-01-13,1.0,0.0,981398078319.1799
2026-01-14,1.0,0.0,950139878688.3102
2026-01-15,1.0,0.0,959852811542.3525
2026-01-16,1.0,0.0,955614474117.8531
2026-01-20,0.8,0.19999999999999996,895216414709.4497
2026-01-21,1.0,0.0,923277752470.4806
2026-01-22,1.0,0.0,943766633814.2145
2026-01-23,1.0,0.0,952172674057.9108
2026-01-26,1.0,0.0,964432614283.688
2026-01-27,1.0,0.0,990001621600.0758
2026-01-28,1.0,0.0,999107582500.1686
2026-01-29,1.0,0.0,981244670136.128
2026-01-30,1.0,0.0,945518870009.2272
2026-02-02,1.0,0.0,964781525271.18
2026-02-03,0.4,0.6,919047053203.3041
2026-02-04,0.4,0.6,899716797435.0156
2026-02-05,0.4,0.6,884868668385.8224
2026-02-06,0.4,0.6,905529590279.502
2026-02-09,0.4,0.6,913583721377.747
2026-02-10,0.4,0.6,908540989881.48
2026-02-11,0.4,0.6,911202549460.0056
2026-02-12,0.4,0.6,889209956632.6022
2026-02-13,0.4,0.6,890681006085.4282
2026-02-17,0.4,0.6,889840259853.0813
2026-02-18,0.4,0.6,897124253702.1632
2026-02-19,0.8,0.19999999999999996,892829035975.7308
2026-02-20,0.8,0.19999999999999996,910828827342.0087
2026-02-23,0.4,0.6,883843292781.3337
2026-02-24,0.4,0.6,895133532224.637
2026-02-25,1.0,0.0,909926620364.8896
2026-02-26,0.4,0.6,877453573960.4448
2026-02-27,0.4,0.6,873734760559.8955
2026-03-02,0.4,0.6,871778519512.4391
2026-03-03,0.30000000000000004,0.7,860472156685.604
2026-03-04,0.4,0.6,871986142576.694
2026-03-05,0.4,0.6,868793813617.3627
2026-03-06,0.30000000000000004,0.7,853034227033.5302
2026-03-09,0.4,0.6,862914658589.1058
2026-03-10,0.4,0.6,862984655419.8297
2026-03-11,0.4,0.6,862634605887.4305
2026-03-12,0.1,0.9,844779287912.3253
2026-03-13,0.1,0.9,843155279245.927
2026-03-16,0.30000000000000004,0.7,845747770450.8738
2026-03-17,0.30000000000000004,0.7,849490496887.0625
2026-03-18,0.1,0.9,838312821836.8788
2026-03-19,0.1,0.9,837567126114.5504
2026-03-20,0.0,1.0,832741698259.3582
2026-03-23,0.0,1.0,832741666006.6737
2026-03-24,0.0,1.0,832741655252.8259
2026-03-25,0.0,1.0,832741644497.5013
2026-03-26,0.0,1.0,832741633740.6996
2026-03-27,0.0,1.0,832741622982.4207
2026-03-30,0.0,1.0,832741590698.7183
2026-03-31,0.0,1.0,832741579934.5283
2026-04-01,0.0,1.0,831079896394.8344
2026-04-02,0.0,1.0,831079885627.6876
2026-04-06,0.0,1.0,831079842544.3121
2026-04-07,0.0,1.0,831079831769.77
2026-04-08,1.0,0.0,830248701933.7958
2026-04-09,1.0,0.0,846870184214.7216
2026-04-10,1.0,0.0,850506044276.9452
2026-04-13,1.0,0.0,876303804495.6833
2026-04-14,1.0,0.0,923917638356.1051
2026-04-15,1.0,0.0,962701249102.7826
2026-04-16,1.0,0.0,976206181945.2125
2026-04-17,1.0,0.0,1013604659625.5227
2026-04-20,1.0,0.0,1004774093640.0773
2026-04-21,1.0,0.0,993000348515.476
2026-04-22,1.0,0.0,1041653032026.5944
2026-04-23,1.0,0.0,1024511896360.0046
2026-04-24,1.0,0.0,1082341086196.5211
2026-04-27,1.0,0.0,1083725876014.3629
2026-04-28,1.0,0.0,1050828851996.2201
