date,xndx_close,xndx_ret,tqqq_close,vxn,rv252,base_alloc,risk_on_override,circuit_cash,target_alloc_tqqq,action,cash_value,tqqq_value,equity
1985-02-04,126.2200,+0.000000,0.6021,,0.0000,1.0000,0,0,1.0000,TRADE,0.00,1000000.00,1000000.00
1985-04-04,115.9700,-0.001893,0.4476,,0.0000,0.5000,0,0,0.5000,TRADE,371710.51,371710.51,743421.02
1985-05-06,114.4500,-0.007286,0.4225,,0.0000,0.4000,0,0,0.4000,TRADE,435091.74,290061.16,725152.91
1985-05-10,119.7500,+0.027544,0.4813,,0.0000,1.0000,0,0,1.0000,TRADE,0.00,765911.82,765911.82
1985-06-04,120.1000,+0.002672,0.4791,,0.0000,0.9000,0,0,0.9000,TRADE,76234.31,686108.77,762343.08
1985-06-05,119.7500,-0.002914,0.4746,,0.0000,1.0000,0,0,1.0000,TRADE,0.00,755883.23,755883.23
1985-06-07,119.1600,-0.006006,0.4669,,0.0000,0.8000,0,0,0.8000,TRADE,148727.42,594909.68,743637.10
1985-06-12,116.7500,-0.013436,0.4379,,0.0000,0.4000,0,0,0.4000,TRADE,424103.82,282735.88,706839.70
1985-06-25,119.6400,+0.019949,0.4667,,0.0000,1.0000,0,0,1.0000,TRADE,0.00,726519.52,726519.52
1985-08-05,123.2800,-0.009401,0.4979,,0.0000,0.6000,0,0,0.6000,TRADE,310066.85,465100.28,775167.13
1985-08-13,119.9100,-0.010317,0.4558,,0.0000,0.4000,0,0,0.4000,TRADE,441796.70,294531.13,736327.84
1985-08-21,120.3800,+0.006943,0.4588,,0.0000,0.5000,0,0,0.5000,TRADE,369518.72,369518.72,739037.43
1985-08-22,119.5200,-0.007144,0.4487,,0.0000,0.4000,0,0,0.4000,TRADE,438556.98,292371.32,730928.30
1985-08-23,119.1700,-0.002928,0.4444,,0.0000,0.0000,0,0,0.0000,TRADE,728240.24,0.00,728240.24
1985-09-23,115.0700,+0.009297,0.3926,,0.0000,0.3000,0,0,0.3000,TRADE,513075.98,219889.71,732965.69
1985-09-24,112.8100,-0.019640,0.3692,,0.0000,0.0000,0,0,0.0000,TRADE,719957.14,0.00,719957.14
1985-10-16,114.3150,+0.008247,0.3775,,0.0000,1.0000,0,0,1.0000,TRADE,0.00,723291.56,723291.56
1986-06-17,158.5750,-0.013837,0.8676,,0.1331,0.5000,0,0,0.5000,TRADE,831090.78,831090.78,1662181.56
1986-06-18,158.4800,-0.000599,0.8655,,0.1331,1.0000,0,0,1.0000,TRADE,0.00,1660319.74,1660319.74
1986-07-08,153.2600,-0.027692,0.7695,,0.1403,0.4000,0,0,0.4000,TRADE,885614.86,590409.91,1476024.77
1986-07-15,146.2550,-0.020297,0.6639,,0.1444,0.3000,0,0,0.3000,TRADE,977294.65,418840.57,1396135.22
1986-07-16,147.3950,+0.007795,0.6791,,0.1438,0.4000,0,0,0.4000,TRADE,843509.15,562339.44,1405848.59
1986-07-21,147.0750,-0.004636,0.6732,,0.1437,0.3000,0,0,0.3000,TRADE,981236.32,420529.85,1401766.16
1986-07-25,148.2600,+0.006654,0.6879,,0.1435,0.4000,0,0,0.4000,TRADE,846970.80,564647.20,1411618.01
1986-07-28,145.5050,-0.018582,0.6492,,0.1434,0.3000,0,0,0.3000,TRADE,966176.36,414075.58,1380251.95
1986-07-29,144.2050,-0.008934,0.6314,,0.1438,0.1000,0,0,0.1000,TRADE,1232171.06,136907.90,1369078.95
1986-08-12,147.0600,+0.011139,0.6638,,0.1453,0.3000,0,0,0.3000,TRADE,965289.70,413695.59,1378985.29
1986-08-14,149.9950,+0.007794,0.7032,,0.1458,0.4000,0,0,0.4000,TRADE,842289.59,561526.40,1403815.99
1986-08-18,149.0700,-0.003376,0.6894,,0.1456,0.3000,0,0,0.3000,TRADE,975363.31,418012.85,1393376.16
1986-08-20,149.7550,+0.007806,0.6980,,0.1454,0.4000,0,0,0.4000,TRADE,839350.12,559566.74,1398916.86
1986-08-21,150.0100,+0.001703,0.7012,,0.1451,1.0000,0,0,1.0000,TRADE,0.00,1401594.73,1401594.73
1986-09-05,149.6700,-0.011394,0.6911,,0.1466,0.3000,0,0,0.3000,TRADE,966961.93,414412.25,1381374.18
1986-09-08,146.5500,-0.020846,0.6475,,0.1482,0.1000,0,0,0.1000,TRADE,1220112.70,135568.08,1355680.78
1986-09-10,144.7400,-0.006998,0.6229,,0.1478,0.0000,0,0,0.0000,TRADE,1350922.13,0.00,1350922.13
1986-10-23,142.1500,+0.013186,0.5724,,0.1501,1.0000,0,0,1.0000,TRADE,0.00,1360030.17,1360030.17
1986-11-18,140.6600,-0.017703,0.5473,,0.1500,0.4000,0,0,0.4000,TRADE,780130.47,520086.98,1300217.45
1986-11-19,139.5450,-0.007927,0.5339,,0.1502,0.0000,0,0,0.0000,TRADE,1287655.33,0.00,1287655.33
1986-11-20,141.3100,+0.012648,0.5538,,0.1502,0.4000,0,0,0.4000,TRADE,772717.34,515144.90,1287862.24
1986-11-24,144.4950,+0.011162,0.5910,,0.1508,0.5000,0,0,0.5000,TRADE,661458.79,661458.79,1322917.58
1986-11-26,146.8700,+0.007546,0.6196,,0.1504,1.0000,0,0,1.0000,TRADE,-0.00,1355158.45,1355158.45
1986-12-15,144.0750,-0.006242,0.5793,,0.1489,0.6000,0,0,0.6000,TRADE,506831.59,760247.39,1267078.98
1986-12-17,143.0450,-0.010001,0.5661,,0.1490,0.4000,0,0,0.4000,TRADE,749935.06,499956.71,1249891.77
1986-12-19,143.7700,+0.006405,0.5740,,0.1490,0.6000,0,0,0.6000,TRADE,502847.25,754270.88,1257118.13
1986-12-23,142.8050,-0.008884,0.5617,,0.1488,0.4000,0,0,0.4000,TRADE,744774.87,496516.58,1241291.46
1986-12-24,142.7950,-0.000070,0.5612,,0.1487,0.6000,0,0,0.6000,TRADE,496407.60,744611.39,1241018.99
1986-12-29,141.5150,-0.009935,0.5454,,0.1488,0.0000,0,0,0.0000,TRADE,1220511.61,0.00,1220511.61
1987-01-02,142.8600,+0.010290,0.5599,,0.1488,0.1000,0,0,0.1000,TRADE,1099265.09,122140.57,1221405.65
1987-01-05,147.4050,+0.031814,0.6130,,0.1520,1.0000,0,0,1.0000,TRADE,0.00,1233553.00,1233553.00
1987-04-27,179.5500,-0.004574,1.0219,,0.1709,0.5000,0,0,0.5000,TRADE,1028172.99,1028172.99,2056345.98
1987-04-30,184.8300,+0.014323,1.1116,,0.1699,1.0000,0,0,1.0000,TRADE,0.00,2147140.70,2147140.70
1987-05-18,185.4550,-0.013065,1.1116,,0.1712,0.5000,0,0,0.5000,TRADE,1073515.21,1073515.21,2147030.42
1987-05-19,181.4650,-0.021515,1.0391,,0.1724,0.4000,0,0,0.4000,TRADE,1246355.09,830903.39,2077258.49
1987-05-26,185.1700,+0.019434,1.1000,,0.1729,0.5000,0,0,0.5000,TRADE,1063741.43,1063741.43,2127482.86
1987-05-29,188.7700,+0.003509,1.1626,,0.1731,1.0000,0,0,1.0000,TRADE,0.00,2188694.34,2188694.34
1987-06-01,185.8600,-0.015416,1.1081,,0.1737,0.5000,0,0,0.5000,TRADE,1043050.54,1043050.54,2086101.09
1987-06-08,187.5350,+0.009963,1.1341,,0.1729,1.0000,0,0,1.0000,TRADE,0.00,2111843.02,2111843.02
1987-07-06,189.0250,-0.007143,1.1463,,0.1663,0.4000,0,0,0.4000,TRADE,1280669.13,853779.42,2134448.55
1987-07-10,188.7350,+0.004043,1.1379,,0.1630,0.5000,0,0,0.5000,TRADE,1064562.02,1064562.02,2129124.04
1987-07-13,190.4200,+0.008928,1.1677,,0.1613,1.0000,0,0,1.0000,TRADE,0.00,2157534.40,2157534.40
1987-10-08,203.6250,-0.015781,1.3436,,0.1589,0.5000,0,0,0.5000,TRADE,1241287.10,1241287.10,2482574.19
1987-10-12,199.6250,-0.014027,1.2633,,0.1597,0.4000,0,0,0.4000,TRADE,1445635.67,963757.12,2409392.79
1987-10-13,201.2300,+0.008040,1.2930,,0.1599,0.5000,0,0,0.5000,TRADE,1216143.89,1216143.89,2432287.78
1987-10-14,197.4950,-0.018561,1.2201,,0.1610,0.4000,0,0,0.4000,TRADE,1418406.89,945604.59,2364011.48
1987-10-15,193.0650,-0.022431,1.1372,,0.1627,0.3000,0,0,0.3000,TRADE,1610026.38,690011.31,2300037.68
1987-10-16,183.2850,-0.050657,0.9637,,0.1711,0.0000,0,0,0.0000,TRADE,2195039.75,0.00,2195039.75
1987-12-14,146.0800,+0.044772,0.3514,,0.3379,0.4000,0,0,0.4000,TRADE,1331265.55,887510.37,2218775.92
1988-01-08,158.1950,-0.062270,0.4281,,0.3485,0.3000,0,0,0.3000,TRADE,1693042.30,725589.56,2418631.86
1988-01-11,158.8750,+0.004298,0.4334,,0.3482,0.3000,0,1,0.0000,TRADE,2428451.88,0.00,2428451.88
1988-01-12,155.7250,-0.019827,0.4073,,0.3487,0.3000,0,0,0.3000,TRADE,1700224.04,728667.45,2428891.49
1988-01-13,155.5450,-0.001156,0.4056,,0.3482,0.0000,0,0,0.0000,TRADE,2426215.06,0.00,2426215.06
1988-01-14,156.0350,+0.003150,0.4092,,0.3481,0.3000,0,0,0.3000,TRADE,1698657.99,727996.28,2426654.27
1988-01-20,152.4650,-0.035093,0.3785,,0.3496,0.0000,0,0,0.0000,TRADE,2373927.13,0.00,2373927.13
1988-01-28,157.6550,+0.014348,0.4161,,0.3490,0.2000,0,0,0.2000,TRADE,1901893.80,475473.45,2377367.25
1988-01-29,159.1300,+0.009356,0.4275,,0.3491,0.3000,0,0,0.3000,TRADE,1673534.42,717229.04,2390763.45
1988-02-01,158.6150,-0.003236,0.4231,,0.3484,0.2000,0,0,0.2000,TRADE,1907413.95,476853.49,2384267.43
1988-02-02,158.9750,+0.002270,0.4257,,0.3483,0.5000,0,0,0.5000,TRADE,1193776.93,1193776.93,2387553.86
1988-02-05,158.0150,+0.004035,0.4169,,0.3485,0.2000,0,0,0.2000,TRADE,1890822.93,472705.73,2363528.66
1988-02-09,158.9300,+0.006682,0.4236,,0.3484,0.5000,0,0,0.5000,TRADE,1186228.87,1186228.87,2372457.73
1988-03-04,177.3900,+0.005042,0.5803,,0.3475,0.7000,0,0,0.7000,TRADE,844849.48,1971315.46,2816164.95
1988-03-24,174.7650,-0.024994,0.5476,,0.3484,0.2000,0,0,0.2000,TRADE,2166291.08,541572.77,2707863.85
1988-04-08,178.9300,+0.009023,0.5822,,0.3471,0.6000,0,0,0.6000,TRADE,1099149.50,1648724.25,2747873.74
1988-04-12,180.1000,+0.000889,0.5929,,0.3464,0.7000,0,0,0.7000,TRADE,833676.32,1945244.75,2778921.07
1988-04-13,180.3850,+0.001582,0.5953,,0.3456,0.8000,0,0,0.8000,TRADE,557410.33,2229641.32,2787051.65
1988-04-14,173.2700,-0.039443,0.5245,,0.3476,0.2000,0,0,0.2000,TRADE,2017503.19,504375.80,2521878.99
1988-04-19,174.3550,+0.004638,0.5333,,0.3472,0.5000,0,0,0.5000,TRADE,1266107.96,1266107.96,2532215.91
1988-04-26,176.7450,+0.013446,0.5532,,0.3470,0.7000,0,0,0.7000,TRADE,774284.38,1806663.56,2580947.95
1988-04-28,176.7300,-0.002709,0.5523,,0.3467,0.6000,0,0,0.6000,TRADE,1031332.37,1546998.55,2578330.92
1988-05-03,178.9950,+0.012730,0.5724,,0.3465,1.0000,0,0,1.0000,TRADE,0.00,2635435.13,2635435.13
1988-05-05,177.6800,-0.005290,0.5590,,0.3465,0.7000,0,0,0.7000,TRADE,772225.78,1801860.16,2574085.94
1988-05-09,174.9300,-0.012699,0.5325,,0.3467,0.4000,0,0,0.4000,TRADE,1493433.50,995622.34,2489055.84
1988-05-11,170.8000,-0.020193,0.4943,,0.3472,0.3000,0,0,0.3000,TRADE,1692768.03,725472.01,2418240.05
1988-05-12,171.7050,+0.005299,0.5018,,0.3473,0.4000,0,0,0.4000,TRADE,1457763.14,971842.09,2429605.23
1988-05-18,170.2850,-0.021744,0.4871,,0.3471,0.3000,0,0,0.3000,TRADE,1681906.88,720817.23,2402724.11
1988-06-01,176.6750,+0.019210,0.5389,,0.3474,0.7000,0,0,0.7000,TRADE,745150.65,1738684.86,2483835.51
1988-06-03,178.0050,+0.008813,0.5503,,0.3475,1.0000,0,0,1.0000,TRADE,0.00,2520853.88,2520853.88
1988-07-27,177.3700,-0.012994,0.5265,,0.3485,0.8000,0,0,0.8000,TRADE,482368.20,1929472.82,2411841.02
1988-07-29,181.1600,+0.016496,0.5597,,0.3488,1.0000,0,0,1.0000,TRADE,0.00,2533746.85,2533746.85
1988-08-08,179.8150,-0.000445,0.5448,,0.3478,0.4000,0,0,0.4000,TRADE,1479721.79,986481.19,2466202.99
1988-08-10,172.6800,-0.025893,0.4804,,0.3488,0.3000,0,0,0.3000,TRADE,1645145.95,705062.55,2350208.51
1988-08-15,170.0850,-0.021065,0.4572,,0.3496,0.1000,0,0,0.1000,TRADE,2086088.38,231787.60,2317875.98
1988-08-16,172.6450,+0.015051,0.4775,,0.3497,0.3000,0,0,0.3000,TRADE,1630028.36,698583.58,2328611.94
1988-08-22,169.8950,-0.016897,0.4532,,0.3495,0.0000,0,0,0.0000,TRADE,2295175.43,0.00,2295175.43
1988-08-24,171.9550,+0.013856,0.4690,,0.3497,0.1000,0,0,0.1000,TRADE,2066530.22,229614.47,2296144.69
1988-08-25,170.5300,-0.008287,0.4570,,0.3498,0.0000,0,0,0.0000,TRADE,2290702.58,0.00,2290702.58
1988-08-29,172.7650,+0.010440,0.4743,,0.3498,0.1000,0,0,0.1000,TRADE,2063373.95,229263.77,2292637.72
1988-08-30,172.3650,-0.002315,0.4707,,0.3496,0.0000,0,0,0.0000,TRADE,2291310.76,0.00,2291310.76
1988-09-13,175.8700,+0.001566,0.4952,,0.3494,0.3000,0,0,0.3000,TRADE,1608752.96,689465.55,2298218.51
1988-09-22,178.2750,+0.002643,0.5128,,0.3481,0.6000,0,0,0.6000,TRADE,930316.62,1395474.93,2325791.56
1988-09-23,177.4750,-0.004487,0.5055,,0.3481,0.5000,0,0,0.5000,TRADE,1153080.00,1153080.00,2306160.00
1988-09-29,178.8250,+0.009997,0.5152,,0.3478,0.6000,0,0,0.6000,TRADE,931932.16,1397898.24,2329830.39
1988-10-03,176.7900,-0.014356,0.4968,,0.3477,0.5000,0,0,0.5000,TRADE,1140240.79,1140240.79,2280481.58
1988-10-04,176.2900,-0.002828,0.4922,,0.3467,0.3000,0,0,0.3000,TRADE,1589138.80,681059.48,2270198.28
1988-10-05,175.8600,-0.002439,0.4882,,0.3467,0.0000,0,0,0.0000,TRADE,2265049.42,0.00,2265049.42
1988-10-06,176.2350,+0.002132,0.4910,,0.3464,0.3000,0,0,0.3000,TRADE,1585881.00,679663.28,2265544.28
1988-10-07,176.0000,-0.001333,0.4886,,0.3463,0.0000,0,0,0.0000,TRADE,2262660.24,0.00,2262660.24
1988-10-10,174.9350,-0.006051,0.4794,,0.3461,0.4000,0,0,0.4000,TRADE,1358486.15,905657.43,2264143.58
1988-10-12,173.2900,-0.013295,0.4650,,0.3458,0.1000,0,0,0.1000,TRADE,2013802.47,223755.83,2237558.30
1988-10-13,174.8350,+0.008916,0.4771,,0.3452,0.5000,0,0,0.5000,TRADE,1121907.26,1121907.26,2243814.53
1988-10-18,176.9900,+0.006855,0.4937,,0.2891,1.0000,0,0,1.0000,TRADE,0.00,2284228.32,2284228.32
1988-10-19,176.9900,+0.000000,0.4934,,0.2723,0.5000,0,0,0.5000,TRADE,1141252.68,1141252.68,2282505.35
1988-10-20,180.3650,+0.019069,0.5212,,0.2667,1.0000,0,0,1.0000,TRADE,0.00,2347180.92,2347180.92
1988-10-27,174.2800,-0.011738,0.4680,,0.2158,0.4000,0,0,0.4000,TRADE,1264580.35,843053.56,2107633.91
1988-11-07,171.3400,-0.012791,0.4421,,0.2034,0.0000,0,0,0.0000,TRADE,2063959.08,0.00,2063959.08
1988-12-05,172.8550,+0.007225,0.4444,,0.1881,1.0000,0,0,1.0000,TRADE,0.00,2076781.78,2076781.78
1988-12-08,171.8850,-0.005525,0.4358,,0.1855,0.0000,0,0,0.0000,TRADE,2036382.54,0.00,2036382.54
1988-12-15,171.6200,+0.004389,0.4319,,0.1782,1.0000,0,0,1.0000,TRADE,-0.00,2039664.67,2039664.67
1989-03-20,179.8750,-0.011730,0.4650,,0.1461,0.8000,0,0,0.8000,TRADE,439136.94,1756547.76,2195684.70
1989-03-21,182.0400,+0.012036,0.4814,,0.1465,1.0000,0,0,1.0000,TRADE,0.00,2257687.60,2257687.60
1989-03-29,183.3400,+0.007280,0.4894,,0.1442,0.5000,0,0,0.5000,TRADE,1147685.65,1147685.65,2295371.31
1989-03-30,184.3650,+0.005591,0.4972,,0.1440,1.0000,0,0,1.0000,TRADE,0.00,2313912.66,2313912.66
1989-04-04,185.5350,-0.001587,0.5053,,0.1434,0.5000,0,0,0.5000,TRADE,1175813.50,1175813.50,2351627.00
1989-04-05,186.0900,+0.002991,0.5094,,0.1419,1.0000,0,0,1.0000,TRADE,0.00,2361453.51,2361453.51
1989-07-20,211.0950,-0.011774,0.6882,,0.1340,0.5000,0,0,0.5000,TRADE,1595141.28,1595141.28,3190282.56
1989-07-27,212.7550,+0.013626,0.7008,,0.1343,1.0000,0,0,1.0000,TRADE,-0.00,3222199.43,3222199.43
1989-10-27,218.8400,-0.014478,0.7123,,0.1334,0.4000,0,0,0.4000,TRADE,1965207.00,1310138.00,3275345.00
1989-10-31,222.6150,+0.016159,0.7481,,0.1343,0.8000,0,0,0.8000,TRADE,668605.93,2674423.72,3343029.65
1989-11-01,223.3100,+0.003122,0.7546,,0.1342,0.4000,0,0,0.4000,TRADE,2019701.35,1346467.56,3366168.91
1989-11-10,222.5300,+0.008520,0.7404,,0.1342,0.5000,0,0,0.5000,TRADE,1672530.91,1672530.91,3345061.82
1989-11-13,222.7550,+0.001011,0.7421,,0.1342,1.0000,0,0,1.0000,TRADE,0.00,3349977.83,3349977.83
1989-11-14,221.3700,-0.006218,0.7277,,0.1342,0.4000,0,0,0.4000,TRADE,1970950.14,1313966.76,3284916.90
1989-11-15,222.3450,+0.004404,0.7368,,0.1332,1.0000,0,0,1.0000,TRADE,0.00,3301712.45,3301712.45
1989-11-16,221.7000,-0.002901,0.7298,,0.1333,0.4000,0,0,0.4000,TRADE,1962265.95,1308177.30,3270443.24
1989-11-17,222.6300,+0.004195,0.7384,,0.1333,1.0000,0,0,1.0000,TRADE,0.00,3286343.20,3286343.20
1989-11-21,222.7600,-0.002932,0.7385,,0.1322,0.5000,0,0,0.5000,TRADE,1643427.14,1643427.14,3286854.28
1989-11-24,224.8350,+0.005411,0.7581,,0.1310,1.0000,0,0,1.0000,TRADE,0.00,3331543.76,3331543.76
1989-11-27,223.6450,-0.005293,0.7455,,0.1311,0.5000,0,0,0.5000,TRADE,1638047.94,1638047.94,3276095.88
1989-12-01,225.3150,+0.003876,0.7599,,0.1301,1.0000,0,0,1.0000,TRADE,0.00,3309286.88,3309286.88
1989-12-11,220.2650,-0.016784,0.7055,,0.1316,0.4000,0,0,0.4000,TRADE,1843397.91,1228931.94,3072329.86
1989-12-12,217.8050,-0.011168,0.6813,,0.1321,0.3000,0,0,0.3000,TRADE,2121442.99,909189.85,3030632.85
1989-12-15,214.1400,-0.010238,0.6457,,0.1321,0.1000,0,0,0.1000,TRADE,2686060.76,298451.20,2984511.96
1989-12-18,210.8500,-0.015364,0.6155,,0.1329,0.0000,0,0,0.0000,TRADE,2972322.33,0.00,2972322.33
1989-12-19,211.1850,+0.001589,0.6179,,0.1329,0.1000,0,0,0.1000,TRADE,2675684.68,297298.30,2972982.98
1989-12-22,217.6250,+0.006451,0.6741,,0.1338,0.3000,0,0,0.3000,TRADE,2101243.53,900532.94,3001776.47
1989-12-27,221.5750,+0.018197,0.7097,,0.1349,0.4000,0,0,0.4000,TRADE,1831054.37,1220702.92,3051757.29
1989-12-28,221.5800,+0.000023,0.7093,,0.1346,0.8000,0,0,0.8000,TRADE,610266.62,2441066.46,3051333.08
1989-12-29,223.8350,+0.010177,0.7304,,0.1349,0.9000,0,0,0.9000,TRADE,312417.02,2811753.21,3124170.23
1990-01-02,227.7250,+0.017379,0.7679,,0.1348,1.0000,0,0,1.0000,TRADE,0.00,3268944.50,3268944.50
1990-01-09,221.1800,-0.010557,0.7004,,0.1350,0.8000,0,0,0.8000,TRADE,596287.95,2385151.78,2981439.73
1990-01-10,216.5550,-0.020911,0.6559,,0.1368,0.1000,0,0,0.1000,TRADE,2547147.05,283016.34,2830163.39
1990-01-12,208.7950,-0.022060,0.5857,,0.1393,0.0000,0,0,0.0000,TRADE,2800970.81,0.00,2800970.81
1990-01-19,213.9100,+0.015862,0.6261,,0.1407,0.1000,0,0,0.1000,TRADE,2524700.20,280522.24,2805222.44
1990-01-22,208.0600,-0.027348,0.5743,,0.1430,0.0000,0,0,0.0000,TRADE,2783639.45,0.00,2783639.45
1990-03-01,209.1050,+0.005724,0.5670,,0.1457,1.0000,0,0,1.0000,TRADE,0.00,2806674.06,2806674.06
1990-03-29,213.1100,-0.005228,0.5879,,0.1469,0.5000,0,0,0.5000,TRADE,1455075.51,1455075.51,2910151.01
1990-04-03,216.8100,+0.019467,0.6170,,0.1480,1.0000,0,0,1.0000,TRADE,-0.00,2983792.35,2983792.35
1990-04-06,212.4750,-0.007404,0.5792,,0.1481,0.5000,0,0,0.5000,TRADE,1400390.07,1400390.07,2800780.15
1990-04-11,214.5250,+0.006097,0.5947,,0.1478,0.6000,0,0,0.6000,TRADE,1135898.32,1703847.48,2839745.80
1990-04-12,216.0450,+0.007085,0.6069,,0.1473,1.0000,0,0,1.0000,TRADE,0.00,2874938.46,2874938.46
1990-04-18,213.1450,-0.015497,0.5810,,0.1477,0.6000,0,0,0.6000,TRADE,1100888.38,1651332.57,2752220.94
1990-04-19,210.8700,-0.010674,0.5619,,0.1481,0.4000,0,0,0.4000,TRADE,1619012.08,1079341.39,2698353.47
1990-04-20,208.6200,-0.010670,0.5435,,0.1483,0.0000,0,0,0.0000,TRADE,2663351.69,0.00,2663351.69
1990-05-03,210.0900,+0.007626,0.5504,,0.1496,0.1000,0,0,0.1000,TRADE,2403792.06,267088.01,2670880.06
1990-05-04,212.7050,+0.012447,0.5705,,0.1500,0.6000,0,0,0.6000,TRADE,1072469.12,1608703.68,2681172.80
1990-05-09,215.4300,+0.001208,0.5912,,0.1503,1.0000,0,0,1.0000,TRADE,0.00,2740678.43,2740678.43
1990-07-23,227.3800,-0.021769,0.6592,,0.1534,0.5000,0,0,0.5000,TRADE,1527872.90,1527872.90,3055745.81
1990-07-24,226.4850,-0.003936,0.6509,,0.1535,0.4000,0,0,0.4000,TRADE,1822141.80,1214761.20,3036903.01
1990-07-25,228.7650,+0.010067,0.6701,,0.1535,0.5000,0,0,0.5000,TRADE,1536541.61,1536541.61,3073083.23
1990-07-26,227.2000,-0.006841,0.6559,,0.1531,0.4000,0,0,0.4000,TRADE,1824445.82,1216297.21,3040743.03
1990-08-02,218.9700,-0.018578,0.5841,,0.1542,0.0000,0,0,0.0000,TRADE,2910379.84,0.00,2910379.84
1990-11-05,180.4600,+0.020326,0.2878,,0.2084,1.0000,0,0,1.0000,TRADE,0.00,2970194.22,2970194.22
1990-11-07,177.0800,-0.017641,0.2712,,0.2083,0.0000,0,0,0.0000,TRADE,2799574.64,0.00,2799574.64
1990-11-08,177.7050,+0.003529,0.2739,,0.2083,1.0000,0,0,1.0000,TRADE,0.00,2800151.50,2800151.50
1990-12-28,199.4200,+0.001305,0.3723,,0.2167,0.2000,0,0,0.2000,TRADE,3044622.30,761155.57,3805777.87
1990-12-31,200.5300,+0.005566,0.3783,,0.2161,1.0000,0,0,1.0000,TRADE,0.00,3819764.81,3819764.81
1991-01-03,196.3950,-0.016870,0.3545,,0.2166,0.2000,0,0,0.2000,TRADE,2864172.67,716043.17,3580215.84
1991-01-16,202.9550,+0.039010,0.3860,,0.2189,1.0000,0,0,1.0000,TRADE,0.00,3650578.27,3650578.27
1991-03-22,252.2700,-0.002767,0.7027,,0.2276,0.8000,0,0,0.8000,TRADE,1329252.33,5317009.34,6646261.67
1991-03-25,255.7750,+0.013894,0.7316,,0.2278,1.0000,0,0,1.0000,TRADE,0.00,6865521.48,6865521.48
1991-05-20,258.6200,-0.007083,0.7257,,0.2352,0.8000,0,0,0.8000,TRADE,1362000.34,5448001.35,6810001.69
1991-05-21,261.2550,+0.010189,0.7475,,0.2354,1.0000,0,0,1.0000,TRADE,0.00,6973695.39,6973695.39
1991-06-07,270.5700,-0.013274,0.8216,,0.2355,0.5000,0,0,0.5000,TRADE,3832673.33,3832673.33,7665346.67
1991-06-12,265.2900,-0.014726,0.7724,,0.2355,0.4000,0,0,0.4000,TRADE,4463318.80,2975545.87,7438864.67
1991-06-14,267.8000,+0.011367,0.7934,,0.2357,0.5000,0,0,0.5000,TRADE,3760484.71,3760484.71,7520969.41
1991-06-18,265.4800,-0.007811,0.7719,,0.2352,0.4000,0,0,0.4000,TRADE,4452966.32,2968644.21,7421610.53
1991-07-12,267.4400,+0.013645,0.7729,,0.2414,1.0000,0,0,1.0000,TRADE,0.00,7442235.26,7442235.26
1991-07-16,264.4750,-0.016456,0.7460,,0.2412,0.8000,0,0,0.8000,TRADE,1436531.86,5746127.42,7182659.28
1991-07-18,266.2350,+0.010840,0.7598,,0.2409,1.0000,0,0,1.0000,TRADE,0.00,7289908.09,7289908.09
1991-07-22,264.3400,-0.009684,0.7427,,0.2394,0.8000,0,0,0.8000,TRADE,1425051.41,5700205.62,7125257.03
1991-07-23,259.3200,-0.018991,0.7000,,0.2402,0.4000,0,0,0.4000,TRADE,4078567.73,2719045.15,6797612.88
1991-07-26,264.2200,+0.011562,0.7385,,0.2404,1.0000,0,0,1.0000,TRADE,0.00,6949159.57,6949159.57
1991-09-04,281.8150,-0.008845,0.8724,,0.2194,0.8000,0,0,0.8000,TRADE,1641766.04,6567064.16,8208830.19
1991-09-05,280.7350,-0.003832,0.8619,,0.2187,1.0000,0,0,1.0000,TRADE,0.00,8130130.57,8130130.57
1991-10-09,276.5100,-0.012552,0.8072,,0.2057,0.1000,0,0,0.1000,TRADE,6852922.26,761435.81,7614358.07
1991-10-11,281.5000,+0.008545,0.8505,,0.2039,0.5000,0,0,0.5000,TRADE,3828539.74,3828539.74,7657079.48
1991-10-14,287.1650,+0.020124,0.9014,,0.2042,1.0000,0,0,1.0000,TRADE,0.00,7887929.66,7887929.66
1991-10-25,282.9400,-0.009487,0.8550,,0.2016,0.5000,0,0,0.5000,TRADE,3741051.58,3741051.58,7482103.16
1991-10-28,286.3750,+0.012140,0.8857,,0.2012,1.0000,0,0,1.0000,TRADE,0.00,7618126.13,7618126.13
1991-11-15,284.5200,-0.054892,0.8507,,0.2024,0.8000,0,0,0.8000,TRADE,1463433.85,5853735.38,7317169.23
1991-11-18,288.5900,+0.014305,0.8869,,0.2026,0.8000,0,1,0.0000,TRADE,7566263.81,0.00,7566263.81
1991-11-19,284.3900,-0.014553,0.8477,,0.2021,0.4000,0,0,0.4000,TRADE,4540342.63,3026895.09,7567237.72
1991-11-20,285.2050,+0.002866,0.8546,,0.2021,0.8000,0,0,0.8000,TRADE,1518492.91,6073971.65,7592464.56
1991-11-22,286.3200,-0.007935,0.8634,,0.2026,0.4000,0,0,0.4000,TRADE,4593054.53,3062036.35,7655090.88
1991-12-02,293.9300,+0.032094,0.9289,,0.2039,0.8000,0,0,0.8000,TRADE,1578665.28,6314661.12,7893326.40
1991-12-06,296.1400,+0.006133,0.9482,,0.2034,1.0000,0,0,1.0000,TRADE,-0.00,8025108.28,8025108.28
1992-01-29,337.2900,-0.010430,1.3406,,0.2109,0.7000,0,0,0.7000,TRADE,3403988.59,7942640.03,11346628.62
1992-02-07,346.8050,-0.006489,1.4508,,0.2089,0.8000,0,0,0.8000,TRADE,2400532.89,9602131.54,12002664.43
1992-02-10,345.2350,-0.004527,1.4305,,0.2082,1.0000,0,0,1.0000,TRADE,0.00,11869070.88,11869070.88
1992-02-24,338.9650,-0.010003,1.3383,,0.2125,0.8000,0,0,0.8000,TRADE,2220748.02,8882992.07,11103740.08
1992-02-25,338.3300,-0.001873,1.3302,,0.2123,1.0000,0,0,1.0000,TRADE,0.00,11050414.68,11050414.68
1992-02-27,347.3900,-0.001208,1.4356,,0.2138,0.8000,0,0,0.8000,TRADE,2385299.27,9541197.06,11926496.33
1992-03-03,345.7050,-0.002683,1.4130,,0.2112,1.0000,0,0,1.0000,TRADE,0.00,11777168.95,11777168.95
1992-03-06,333.0000,-0.013392,1.2594,,0.2123,0.5000,0,0,0.5000,TRADE,5248708.23,5248708.23,10497416.45
1992-03-17,342.9200,+0.013731,1.3678,,0.2096,1.0000,0,0,1.0000,TRADE,0.00,10955388.03,10955388.03
1992-03-18,342.6250,-0.000860,1.3638,,0.2094,0.5000,0,0,0.5000,TRADE,5461375.21,5461375.21,10922750.43
1992-03-19,342.5500,-0.000219,1.3623,,0.2090,1.0000,0,0,1.0000,TRADE,0.00,10917575.92,10917575.92
1992-03-23,339.0350,-0.005369,1.3195,,0.2088,0.5000,0,0,0.5000,TRADE,5287355.43,5287355.43,10574710.86
1992-03-27,324.2200,-0.027228,1.1486,,0.2085,0.4000,0,0,0.4000,TRADE,5935269.95,3956846.63,9892116.58
1992-04-07,312.9550,-0.035726,1.0225,,0.2109,0.3000,0,0,0.3000,TRADE,6625034.25,2839300.39,9464334.65
1992-04-09,319.5350,+0.027940,1.0850,,0.2111,0.4000,0,0,0.4000,TRADE,5783558.66,3855705.77,9639264.43
1992-04-10,312.9850,-0.020499,1.0179,,0.2122,0.3000,0,0,0.3000,TRADE,6580858.09,2820367.75,9401225.84
1992-04-13,317.1500,+0.013307,1.0581,,0.2122,0.4000,0,0,0.4000,TRADE,5708817.63,3805878.42,9514696.05
1992-04-20,307.8750,-0.035585,0.9599,,0.2156,0.1000,0,0,0.1000,TRADE,8248846.24,916538.47,9165384.71
1992-04-27,299.6500,-0.013709,0.8816,,0.2157,0.0000,0,0,0.0000,TRADE,9096453.04,0.00,9096453.04
1992-04-29,302.9750,+0.028341,0.9077,,0.2179,0.1000,0,0,0.1000,TRADE,8188450.70,909827.86,9098278.56
1992-04-30,307.8600,+0.016123,0.9513,,0.2183,0.0000,0,0,0.0000,TRADE,9142748.18,0.00,9142748.18
1992-05-01,307.4750,-0.001251,0.9473,,0.2183,0.1000,0,0,0.1000,TRADE,8229298.98,914366.55,9143665.54
1992-05-05,314.7700,+0.013051,1.0148,,0.2188,0.3000,0,0,0.3000,TRADE,6448493.36,2763640.01,9212133.37
1992-05-08,311.2650,-0.004669,0.9798,,0.2183,0.1000,0,0,0.1000,TRADE,8207070.83,911896.76,9118967.58
1992-05-15,303.0150,-0.005024,0.9014,,0.2163,0.0000,0,0,0.0000,TRADE,9051885.96,0.00,9051885.96
1992-05-18,304.5750,+0.005148,0.9150,,0.2162,0.1000,0,0,0.1000,TRADE,8149207.95,905467.55,9054675.50
1992-05-29,315.2950,+0.010626,1.0102,,0.2156,1.0000,0,0,1.0000,TRADE,0.00,9158139.28,9158139.28
1992-06-08,310.2300,-0.009625,0.9590,,0.2149,0.1000,0,0,0.1000,TRADE,7824775.71,869419.52,8694195.24
1992-06-09,304.8550,-0.017326,0.9088,,0.2157,0.0000,0,0,0.0000,TRADE,8649465.10,0.00,8649465.10
1992-07-01,306.0300,+0.015935,0.9062,,0.2152,1.0000,0,0,1.0000,TRADE,0.00,8668729.28,8668729.28
1992-07-02,300.8750,-0.016845,0.8601,,0.2159,0.0000,0,0,0.0000,TRADE,8227616.05,0.00,8227616.05
1992-07-13,304.9800,+0.007083,0.8918,,0.2153,1.0000,0,0,1.0000,TRADE,-0.00,8235550.25,8235550.25
1992-07-20,300.4450,-0.016675,0.8489,,0.2161,0.0000,0,0,0.0000,TRADE,7838985.65,0.00,7838985.65
1992-07-21,305.1000,+0.015494,0.8880,,0.2157,1.0000,0,0,1.0000,TRADE,0.00,7839672.57,7839672.57
1992-07-22,301.1700,-0.012881,0.8534,,0.2160,0.0000,0,0,0.0000,TRADE,7533949.82,0.00,7533949.82
1992-07-28,306.7550,+0.016283,0.8997,,0.2154,1.0000,0,0,1.0000,TRADE,0.00,7537911.83,7537911.83
1992-08-05,306.5850,-0.014434,0.8952,,0.2153,0.0000,0,0,0.0000,TRADE,7500279.39,0.00,7500279.39
1992-08-10,304.2300,+0.003017,0.8736,,0.2152,1.0000,0,0,1.0000,TRADE,0.00,7503615.93,7503615.93
1992-08-11,302.5100,-0.005654,0.8585,,0.2152,0.0000,0,0,0.0000,TRADE,7373698.54,0.00,7373698.54
1992-09-02,306.5650,+0.015217,0.8852,,0.2103,1.0000,0,0,1.0000,TRADE,0.00,7388126.77,7388126.77
1992-10-01,309.0350,-0.013251,0.8929,,0.2114,0.1000,0,0,0.1000,TRADE,6707576.19,745286.24,7452862.44
1992-10-02,304.3900,-0.015031,0.8524,,0.2120,0.0000,0,0,0.0000,TRADE,7419564.29,0.00,7419564.29
1992-10-06,307.9600,+0.014077,0.8816,,0.2123,0.6000,0,0,0.6000,TRADE,2968818.82,4453228.23,7422047.05
1992-10-07,305.3800,-0.008378,0.8591,,0.2121,0.2000,0,0,0.2000,TRADE,5847089.73,1461772.43,7308862.16
1992-10-08,308.3500,+0.009726,0.8839,,0.2121,0.6000,0,0,0.6000,TRADE,2940602.14,4410903.21,7351505.35
1992-10-09,305.6300,-0.008821,0.8602,,0.2122,0.2000,0,0,0.2000,TRADE,5786822.38,1446705.60,7233527.98
1992-10-12,308.1050,+0.008098,0.8808,,0.2114,0.1000,0,0,0.1000,TRADE,6542672.62,726963.62,7269636.25
1992-10-13,310.1300,+0.006572,0.8979,,0.2105,0.6000,0,0,0.6000,TRADE,2913708.32,4370562.48,7284270.80
1992-10-14,309.5850,-0.001757,0.8929,,0.2100,0.5000,0,0,0.5000,TRADE,3629995.49,3629995.49,7259990.98
1992-10-15,312.1350,+0.008237,0.9146,,0.2094,0.6000,0,0,0.6000,TRADE,2939505.59,4409258.39,7348763.98
1992-10-16,316.3850,+0.013616,0.9517,,0.2098,1.0000,0,0,1.0000,TRADE,0.00,7527623.66,7527623.66
1993-02-16,346.8900,-0.039591,1.1849,,0.1859,0.4000,0,0,0.4000,TRADE,5623564.83,3749043.22,9372608.05
1993-03-08,359.4400,+0.010898,1.3041,,0.1862,0.5000,0,0,0.5000,TRADE,4879518.71,4879518.71,9759037.41
1993-03-09,359.4000,-0.000111,1.3033,,0.1851,0.4000,0,0,0.4000,TRADE,5853707.62,3902471.75,9756179.37
1993-03-10,361.2600,+0.005175,1.3231,,0.1845,0.5000,0,0,0.5000,TRADE,4907974.64,4907974.64,9815949.28
1993-03-15,364.3150,+0.004591,1.3554,,0.1844,1.0000,0,0,1.0000,TRADE,0.00,9938121.16,9938121.16
1993-03-17,355.6550,-0.021878,1.2583,,0.1853,0.4000,0,0,0.4000,TRADE,5535339.99,3690226.66,9225566.65
1993-04-02,341.1800,-0.037126,1.0979,,0.1879,0.3000,0,0,0.3000,TRADE,6133829.60,2628784.11,8762613.71
1993-04-12,349.0050,+0.021797,1.1698,,0.1819,0.4000,0,0,0.4000,TRADE,5363782.37,3575854.91,8939637.28
1993-04-13,345.8700,-0.008983,1.1379,,0.1817,0.3000,0,0,0.3000,TRADE,6189767.74,2652757.60,8842525.34
1993-04-14,346.4900,+0.001793,1.1436,,0.1814,0.4000,0,0,0.4000,TRADE,5313846.93,3542564.62,8856411.56
1993-04-15,343.8950,-0.007489,1.1176,,0.1808,0.3000,0,0,0.3000,TRADE,6143251.38,2632822.02,8776073.41
1993-04-19,337.4550,-0.009379,1.0547,,0.1763,0.1000,0,0,0.1000,TRADE,7766852.28,862983.59,8629835.86
1993-04-26,327.2800,-0.019121,0.9586,,0.1764,0.0000,0,0,0.0000,TRADE,8555581.63,0.00,8555581.63
1993-04-27,334.6000,+0.022366,1.0226,,0.1769,0.1000,0,0,0.1000,TRADE,7700638.87,855626.54,8556265.41
1993-05-03,344.9700,+0.014782,1.1177,,0.1750,0.3000,0,0,0.3000,TRADE,6047683.38,2591864.31,8639547.69
1993-05-04,353.2800,+0.024089,1.1981,,0.1761,1.0000,0,0,1.0000,TRADE,0.00,8826484.47,8826484.47
1993-06-10,359.5500,-0.001943,1.2426,,0.1786,0.9000,0,0,0.9000,TRADE,915434.32,8238908.86,9154343.18
1993-06-11,363.0750,+0.009804,1.2788,,0.1787,1.0000,0,0,1.0000,TRADE,0.00,9393980.33,9393980.33
1993-06-21,357.8650,-0.000265,1.2204,,0.1772,0.6000,0,0,0.6000,TRADE,3586029.44,5379044.16,8965073.60
1993-06-24,357.8250,+0.008142,1.2184,,0.1766,1.0000,0,0,1.0000,TRADE,0.00,8957134.66,8957134.66
1993-07-07,357.8650,-0.008121,1.2130,,0.1719,0.6000,0,0,0.6000,TRADE,3567159.44,5350739.16,8917898.60
1993-07-16,351.0700,-0.026064,1.1394,,0.1722,0.0000,0,0,0.0000,TRADE,8595540.04,0.00,8595540.04
1993-07-20,355.7600,+0.019194,1.1835,,0.1718,0.1000,0,0,0.1000,TRADE,7738541.77,859837.97,8598379.74
1993-07-21,352.6350,-0.008784,1.1519,,0.1715,0.0000,0,0,0.0000,TRADE,8576072.65,0.00,8576072.65
1993-07-26,356.4050,+0.009060,1.1866,,0.1725,0.1000,0,0,0.1000,TRADE,7721652.94,857961.44,8579614.37
1993-07-27,352.0150,-0.012317,1.1423,,0.1723,0.0000,0,0,0.0000,TRADE,8548261.81,0.00,8548261.81
1993-07-28,356.8100,+0.013622,1.1886,,0.1725,0.1000,0,0,0.1000,TRADE,7694070.97,854896.77,8548967.75
1993-07-30,352.8650,-0.012495,1.1483,,0.1730,0.0000,0,0,0.0000,TRADE,8521227.73,0.00,8521227.73
1993-08-03,356.2300,+0.002759,1.1805,,0.1729,0.1000,0,0,0.1000,TRADE,7671632.47,852403.61,8524036.08
1993-08-05,362.4100,+0.006373,1.2416,,0.1725,1.0000,0,0,1.0000,TRADE,0.00,8569425.21,8569425.21
1993-08-10,358.6450,-0.010075,1.2017,,0.1727,0.1000,0,0,0.1000,TRADE,7464462.39,829384.71,8293847.10
1993-08-11,359.7350,+0.003039,1.2122,,0.1726,1.0000,0,0,1.0000,TRADE,0.00,8301741.53,8301741.53
1993-09-14,364.1950,-0.009236,1.2403,,0.1708,0.9000,0,0,0.9000,TRADE,849414.57,7644731.10,8494145.67
1993-09-15,367.3200,+0.008581,1.2718,,0.1709,1.0000,0,0,1.0000,TRADE,0.00,8688445.53,8688445.53
1993-11-22,373.3700,-0.018906,1.2944,,0.1699,0.4000,0,0,0.4000,TRADE,5305428.36,3536952.24,8842380.60
1993-11-23,381.2200,+0.021025,1.3756,,0.1702,1.0000,0,0,1.0000,TRADE,0.00,9064738.33,9064738.33
1993-11-29,383.1850,-0.008102,1.3949,,0.1706,0.5000,0,0,0.5000,TRADE,4595876.87,4595876.87,9191753.75
1993-11-30,386.7600,+0.009330,1.4335,,0.1708,1.0000,0,0,1.0000,TRADE,0.00,9319254.26,9319254.26
1993-12-14,382.8300,-0.012765,1.3808,,0.1724,0.5000,0,0,0.5000,TRADE,4488318.83,4488318.83,8976637.65
1993-12-17,389.0350,+0.007393,1.4472,,0.1711,1.0000,0,0,1.0000,TRADE,0.00,9193578.80,9193578.80
1994-03-24,403.9200,-0.016029,1.5637,,0.1583,0.5000,0,0,0.5000,TRADE,4966871.15,4966871.15,9933742.31
1994-03-25,399.8600,-0.010052,1.5159,,0.1586,0.4000,0,0,0.4000,TRADE,5869540.80,3913027.20,9782568.00
1994-03-29,383.0000,-0.027721,1.3269,,0.1609,0.0000,0,0,0.0000,TRADE,9296636.79,0.00,9296636.79
1994-04-05,389.3100,+0.036999,1.3841,,0.1605,0.1000,0,0,0.1000,TRADE,8372295.45,930255.05,9302550.50
1994-04-07,390.9700,+0.005685,1.4007,,0.1597,0.3000,0,0,0.3000,TRADE,6520706.19,2794588.37,9315294.55
1994-04-08,384.9000,-0.015526,1.3349,,0.1591,0.1000,0,0,0.1000,TRADE,8266215.46,918468.38,9184683.85
1994-04-11,383.8500,-0.002728,1.3235,,0.1588,0.0000,0,0,0.0000,TRADE,9179188.15,0.00,9179188.15
1994-05-25,378.2400,+0.003289,1.2323,,0.1606,1.0000,0,0,1.0000,TRADE,0.00,9220496.34,9220496.34
1994-05-26,375.8000,-0.006451,1.2079,,0.1607,0.0000,0,0,0.0000,TRADE,9038117.89,0.00,9038117.89
1994-05-27,376.8100,+0.002688,1.2172,,0.1602,1.0000,0,0,1.0000,TRADE,0.00,9039091.51,9039091.51
1994-06-08,371.0000,-0.023658,1.1557,,0.1610,0.0000,0,0,0.0000,TRADE,8582494.19,0.00,8582494.19
1994-06-10,374.6400,+0.011720,1.1885,,0.1611,1.0000,0,0,1.0000,TRADE,0.00,8584451.77,8584451.77
1994-06-16,377.8000,+0.000053,1.2158,,0.1614,0.0000,0,0,0.0000,TRADE,8781400.43,0.00,8781400.43
1994-07-13,369.1400,+0.021671,1.1145,,0.1675,1.0000,0,0,1.0000,TRADE,0.00,8808506.61,8808506.61
1994-07-14,367.5200,-0.004389,1.0993,,0.1673,0.0000,0,0,0.0000,TRADE,8688673.16,0.00,8688673.16
1994-07-29,370.1600,+0.022146,1.1145,,0.1640,1.0000,0,0,1.0000,TRADE,0.00,8703581.99,8703581.99
1994-08-05,367.1500,-0.001088,1.0845,,0.1639,0.0000,0,0,0.0000,TRADE,8468945.01,0.00,8468945.01
1994-08-08,368.8900,+0.004739,1.0994,,0.1640,1.0000,0,0,1.0000,TRADE,0.00,8471989.49,8471989.49
1994-09-20,396.8500,-0.017406,1.3377,,0.1660,0.6000,0,0,0.6000,TRADE,4123446.77,6185170.16,10308616.93
1994-09-28,391.9700,+0.006781,1.2846,,0.1642,1.0000,0,0,1.0000,TRADE,0.00,10067012.24,10067012.24
1994-10-04,382.7100,-0.025489,1.1907,,0.1658,0.2000,0,0,0.2000,TRADE,7464881.48,1866220.37,9331101.85
1994-10-05,386.9900,+0.011183,1.2300,,0.1662,0.6000,0,0,0.6000,TRADE,3757510.34,5636265.51,9393775.84
1994-10-06,382.8500,-0.010698,1.1900,,0.1664,0.2000,0,0,0.2000,TRADE,7368538.17,1842134.54,9210672.71
1994-10-07,387.3600,+0.011780,1.2315,,0.1666,1.0000,0,0,1.0000,TRADE,0.00,9275829.96,9275829.96
1994-12-07,395.7500,-0.010576,1.2690,,0.1635,0.8000,0,0,0.8000,TRADE,1911750.91,7647003.64,9558754.55
1994-12-08,386.3000,-0.023879,1.1774,,0.1642,0.3000,0,0,0.3000,TRADE,6305038.83,2702159.50,9007198.33
1994-12-09,388.6300,+0.006032,1.1981,,0.1643,0.4000,0,0,0.4000,TRADE,5433351.07,3622234.05,9055585.12
1994-12-13,387.5300,-0.003472,1.1867,,0.1638,0.3000,0,0,0.3000,TRADE,6316891.33,2707239.14,9024130.47
1994-12-14,391.6500,+0.010631,1.2239,,0.1640,0.4000,0,0,0.4000,TRADE,5465978.22,3643985.48,9109963.69
1994-12-22,399.8000,+0.005028,1.2962,,0.1650,1.0000,0,0,1.0000,TRADE,0.00,9331647.72,9331647.72
1994-12-28,400.2600,-0.009331,1.2980,,0.1652,0.5000,0,0,0.5000,TRADE,4672381.54,4672381.54,9344763.08
1994-12-29,406.3100,+0.015115,1.3562,,0.1658,1.0000,0,0,1.0000,TRADE,0.00,9554830.11,9554830.11
1995-01-03,398.0000,-0.015509,1.2722,,0.1665,0.4000,0,0,0.4000,TRADE,5377901.76,3585267.84,8963169.60
1995-01-04,399.6500,+0.004146,1.2874,,0.1664,0.5000,0,0,0.5000,TRADE,4503317.29,4503317.29,9006634.59
1995-01-05,398.0200,-0.004079,1.2709,,0.1663,0.4000,0,0,0.4000,TRADE,5369869.73,3579913.16,8949782.89
1995-01-06,401.5900,+0.008969,1.3044,,0.1663,1.0000,0,0,1.0000,TRADE,0.00,9044981.12,9044981.12
1995-01-30,401.7100,-0.013531,1.2899,,0.1676,0.4000,0,0,0.4000,TRADE,5366664.13,3577776.08,8944440.21
1995-01-31,405.3300,+0.009011,1.3241,,0.1678,0.9000,0,0,0.9000,TRADE,903994.36,8135949.27,9039943.64
1995-02-02,411.1500,+0.010048,1.3800,,0.1679,1.0000,0,0,1.0000,TRADE,0.00,9383419.36,9383419.36
1995-07-20,550.3300,+0.005867,2.9467,,0.1691,1.0000,0,1,0.0000,TRADE,20037253.79,0.00,20037253.79
1995-07-21,547.7800,-0.004634,2.9041,,0.1691,1.0000,0,0,1.0000,TRADE,0.00,20040375.06,20040375.06
1995-07-31,568.8800,-0.009231,3.2268,,0.1718,0.3000,0,0,0.3000,TRADE,15586608.19,6679974.94,22266583.13
1995-08-01,559.2100,-0.016998,3.0604,,0.1728,0.1000,0,0,0.1000,TRADE,19732230.70,2192470.08,21924700.77
1995-08-07,563.6500,+0.005476,3.1232,,0.1735,0.8000,0,0,0.8000,TRADE,4397559.65,17590238.59,21987798.24
1995-08-08,565.7100,+0.003655,3.1558,,0.1734,1.0000,0,0,1.0000,TRADE,0.00,22171661.72,22171661.72
1995-09-26,580.7700,-0.012178,3.2872,,0.1828,0.5000,0,0,0.5000,TRADE,11547453.67,11547453.67,23094907.35
1995-09-27,576.2200,-0.007835,3.2081,,0.1830,1.0000,0,0,1.0000,TRADE,0.00,22818924.66,22818924.66
1995-10-04,558.9900,-0.024723,2.8998,,0.1873,0.4000,0,0,0.4000,TRADE,12375694.66,8250463.10,20626157.76
1995-10-05,572.7500,+0.024616,3.1124,,0.1883,0.8000,0,0,0.8000,TRADE,4246557.73,16986230.90,21232788.63
1995-10-09,546.9300,-0.036111,2.6945,,0.1917,0.4000,0,0,0.4000,TRADE,11372968.40,7581978.94,18954947.34
1995-10-17,589.4300,+0.036889,3.3406,,0.1960,1.0000,0,0,1.0000,TRADE,0.00,20786947.68,20786947.68
1995-10-25,584.3300,-0.016660,3.2362,,0.1970,0.8000,0,0,0.8000,TRADE,4027438.96,16109755.83,20137194.79
1995-10-27,593.5300,+0.018988,3.3842,,0.1973,1.0000,0,0,1.0000,TRADE,0.00,20875275.86,20875275.86
1995-11-14,591.6800,-0.027354,3.2878,,0.2054,0.8000,0,0,0.8000,TRADE,4056155.51,16224622.06,20280777.57
1995-11-15,593.4800,+0.003042,3.3161,,0.2054,1.0000,0,0,1.0000,TRADE,0.00,20420616.69,20420616.69
1995-11-17,588.8100,-0.004884,3.2345,,0.2054,0.4000,0,0,0.4000,TRADE,11951009.69,7967339.79,19918349.48
1995-11-28,598.0000,+0.041975,3.3479,,0.2096,0.8000,0,0,0.8000,TRADE,4043617.57,16174470.28,20218087.85
1995-11-29,599.5800,+0.002642,3.3727,,0.2093,1.0000,0,0,1.0000,TRADE,0.00,20338205.44,20338205.44
1995-11-30,593.7200,-0.009774,3.2720,,0.2087,0.8000,0,0,0.8000,TRADE,3946185.47,15784741.88,19730927.35
1995-12-08,599.3800,+0.020864,3.3452,,0.2088,1.0000,0,0,1.0000,TRADE,0.00,20089029.69,20089029.69
1995-12-12,585.0400,-0.018570,3.1037,,0.2099,0.8000,0,0,0.8000,TRADE,3727717.56,14910870.24,18638587.79
1995-12-14,566.2900,-0.036168,2.7992,,0.2131,0.4000,0,0,0.4000,TRADE,10306204.25,6870802.83,17177007.08
1995-12-15,563.2800,-0.005315,2.7531,,0.2132,0.3000,0,0,0.3000,TRADE,11945711.35,5119590.58,17065301.93
1995-12-18,548.0400,-0.027056,2.5281,,0.2150,0.1000,0,0,0.1000,TRADE,14987127.27,1665236.36,16652363.64
1995-12-19,575.0100,+0.049212,2.9000,,0.2200,0.0000,0,0,0.0000,TRADE,16899556.62,0.00,16899556.62
1995-12-22,585.1800,+0.007611,3.0420,,0.2217,0.2000,0,0,0.2000,TRADE,13525701.40,3381425.35,16907126.75
1995-12-26,585.0900,-0.000154,3.0390,,0.2217,0.4000,0,0,0.4000,TRADE,10147101.99,6764734.66,16911836.65
1995-12-27,580.3700,-0.008067,2.9638,,0.2216,0.2000,0,0,0.2000,TRADE,13396811.99,3349203.00,16746014.99
1995-12-28,571.9600,-0.014491,2.8334,,0.2218,0.4000,0,0,0.4000,TRADE,9960375.88,6640250.59,16600626.47
1996-01-03,572.2900,-0.023296,2.8260,,0.2230,0.1000,0,0,0.1000,TRADE,14933137.75,1659237.53,16592375.28
1996-01-05,565.1400,+0.002946,2.7164,,0.2235,0.0000,0,0,0.0000,TRADE,16532432.07,0.00,16532432.07
1996-01-24,582.1400,+0.026069,2.8847,,0.2373,1.0000,0,0,1.0000,TRADE,0.00,16579063.78,16579063.78
1996-03-08,591.7100,-0.029267,2.9302,,0.2446,0.4000,0,0,0.4000,TRADE,10104122.67,6736081.78,16840204.45
1996-03-13,614.7500,+0.026260,3.2686,,0.2467,0.8000,0,0,0.8000,TRADE,3525074.20,14100296.78,17625370.98
1996-03-29,609.6900,+0.002648,3.1490,,0.2494,1.0000,0,0,1.0000,TRADE,0.00,17117610.64,17117610.64
1996-04-08,610.6100,-0.011958,3.1532,,0.2489,0.5000,0,0,0.5000,TRADE,8570207.11,8570207.11,17140414.23
1996-04-16,625.9400,+0.024318,3.3790,,0.2496,1.0000,0,0,1.0000,TRADE,0.00,17763741.49,17763741.49
1996-06-26,659.6900,-0.012499,3.7932,,0.2486,0.5000,0,0,0.5000,TRADE,9970478.74,9970478.74,19940957.48
1996-06-27,671.1500,+0.017372,3.9889,,0.2490,1.0000,0,0,1.0000,TRADE,0.00,20456787.73,20456787.73
1996-07-05,657.6800,-0.023982,3.7314,,0.2493,0.5000,0,0,0.5000,TRADE,9568119.03,9568119.03,19136238.06
1996-07-08,656.0000,-0.002554,3.7009,,0.2491,0.4000,0,0,0.4000,TRADE,11437253.90,7624835.93,19062089.84
1996-07-09,660.7600,+0.007256,3.7795,,0.2486,0.5000,0,0,0.5000,TRADE,9612883.61,9612883.61,19225767.22
1996-07-10,657.4500,-0.005009,3.7208,,0.2472,0.4000,0,0,0.4000,TRADE,11446627.38,7631084.92,19077712.29
1996-07-15,606.8900,-0.044358,2.8919,,0.2530,0.0000,0,0,0.0000,TRADE,17386029.87,0.00,17386029.87
1996-07-17,631.3000,+0.027757,3.2435,,0.2465,0.4000,0,0,0.4000,TRADE,10434624.51,6956416.34,17391040.86
1996-07-22,624.0300,-0.014248,3.1198,,0.2467,0.3000,0,0,0.3000,TRADE,11993140.04,5139917.16,17133057.21
1996-07-23,598.3400,-0.041168,2.7329,,0.2497,0.0000,0,0,0.0000,TRADE,16497356.69,0.00,16497356.69
1996-08-02,667.8400,+0.025758,3.7508,,0.2532,1.0000,0,0,1.0000,TRADE,0.00,16521067.32,16521067.32
1996-08-28,679.6700,+0.000913,3.8957,,0.2504,0.9000,0,0,0.9000,TRADE,1715954.25,15443588.24,17159542.49
1996-08-29,671.1000,-0.012609,3.7464,,0.2507,0.4000,0,0,0.4000,TRADE,9940600.22,6627066.81,16567667.03
1996-09-04,669.2000,-0.000134,3.7067,,0.2482,1.0000,0,0,1.0000,TRADE,0.00,16505745.31,16505745.31
1996-09-05,652.3200,-0.025224,3.4243,,0.2494,0.4000,0,0,0.4000,TRADE,9148945.93,6099297.29,15248243.22
1996-09-06,664.2200,+0.018243,3.6099,,0.2499,0.8000,0,0,0.8000,TRADE,3116041.60,12464166.41,15580208.01
1996-09-09,671.9800,+0.011683,3.7346,,0.2500,0.9000,0,0,0.9000,TRADE,1601199.40,14410794.63,16011994.04
1996-09-10,671.6500,-0.000491,3.7272,,0.2499,1.0000,0,0,1.0000,TRADE,0.00,15983607.65,15983607.65
1996-12-16,804.7800,-0.028571,5.9889,,0.2303,0.8000,0,0,0.8000,TRADE,5136583.32,20546333.30,25682916.62
1996-12-18,836.5400,+0.025435,6.7040,,0.2263,1.0000,0,0,1.0000,TRADE,-0.00,28137552.52,28137552.52
1996-12-23,824.7900,-0.011102,6.4090,,0.2256,0.8000,0,0,0.8000,TRADE,5379895.53,21519582.12,26899477.65
1996-12-26,842.9800,+0.009073,6.8308,,0.2252,1.0000,0,0,1.0000,TRADE,0.00,28317918.32,28317918.32
1996-12-27,835.4600,-0.008921,6.6445,,0.2254,0.8000,0,0,0.8000,TRADE,5509123.67,22036494.66,27545618.33
1996-12-30,826.4900,-0.010737,6.4271,,0.2252,1.0000,0,0,1.0000,TRADE,0.00,26826917.97,26826917.97
1997-01-03,848.1700,+0.039934,6.9041,,0.2266,0.8000,0,0,0.8000,TRADE,5763610.36,23054441.46,28818051.82
1997-01-06,853.2500,+0.005989,7.0246,,0.2266,1.0000,0,0,1.0000,TRADE,0.00,29222983.87,29222983.87
1997-02-10,872.0600,-0.030872,7.2796,,0.2196,0.8000,0,0,0.8000,TRADE,6056760.47,24227041.87,30283802.34
1997-02-11,871.7100,-0.000401,7.2671,,0.2193,1.0000,0,0,1.0000,TRADE,0.00,30243097.71,30243097.71
1997-02-12,900.5000,+0.033027,7.9835,,0.2214,0.8000,0,0,0.8000,TRADE,6644829.81,26579319.26,33224149.07
1997-02-14,899.9100,-0.008407,7.9564,,0.2217,1.0000,0,0,1.0000,TRADE,0.00,33136064.08,33136064.08
1997-02-20,880.2800,-0.019351,7.4263,,0.2208,0.8000,0,0,0.8000,TRADE,6185654.33,24742617.34,30928271.67
1997-03-05,872.0700,+0.011635,7.1354,,0.2213,1.0000,0,0,1.0000,TRADE,0.00,29970271.85,29970271.85
1997-03-06,851.5100,-0.023576,6.6270,,0.2227,0.4000,0,0,0.4000,TRADE,16700919.17,11133946.11,27834865.28
1997-03-10,854.8400,+0.016420,6.6898,,0.2204,0.8000,0,0,0.8000,TRADE,5589975.80,22359903.18,27949878.98
1997-03-11,848.5000,-0.007417,6.5374,,0.2202,0.4000,0,0,0.4000,TRADE,16464875.49,10976583.66,27441459.15
1997-03-24,802.3700,-0.012747,5.4843,,0.2169,0.3000,0,0,0.3000,TRADE,17992799.91,7711199.96,25703999.87
1997-03-25,807.1900,+0.006007,5.5802,,0.2169,0.4000,0,0,0.4000,TRADE,15504889.05,10336592.70,25841481.75
1997-03-31,797.0600,-0.026480,5.3293,,0.2218,0.3000,0,0,0.3000,TRADE,17773125.33,7617053.71,25390179.04
1997-04-02,783.9200,-0.016152,5.0604,,0.2224,0.1000,0,0,0.1000,TRADE,22509902.18,2501100.24,25011002.42
1997-04-03,804.6700,+0.026470,5.4596,,0.2237,0.3000,0,0,0.3000,TRADE,17648114.74,7563477.75,25211592.49
1997-04-04,822.4000,+0.022034,5.8176,,0.2247,0.4000,0,0,0.4000,TRADE,15426079.89,10284053.26,25710133.15
1997-04-10,813.4300,-0.018462,5.6039,,0.2259,0.3000,0,0,0.3000,TRADE,17742276.84,7603832.93,25346109.77
1997-04-11,789.9700,-0.028841,5.1161,,0.2279,0.1000,0,0,0.1000,TRADE,22218103.45,2468678.16,24686781.61
1997-04-14,806.7900,+0.021292,5.4402,,0.2286,0.3000,0,0,0.3000,TRADE,17397070.91,7455887.53,24852958.45
1997-04-23,837.9700,+0.024313,6.0447,,0.2283,1.0000,0,0,1.0000,TRADE,0.00,25704406.21,25704406.21
1997-04-25,818.5700,-0.022895,5.6189,,0.2296,0.3000,0,0,0.3000,TRADE,16725648.88,7168135.23,23893784.12
1997-04-28,829.3900,+0.013218,5.8387,,0.2299,0.4000,0,0,0.4000,TRADE,14508966.16,9672644.11,24181610.27
1997-04-29,856.2600,+0.032397,6.4031,,0.2320,1.0000,0,0,1.0000,TRADE,0.00,25118720.35,25118720.35
1997-08-25,1107.7500,-0.002845,12.5640,,0.2334,0.8000,0,0,0.8000,TRADE,9857509.67,39430038.68,49287548.35
1997-09-02,1102.7500,+0.026721,12.3149,,0.2351,1.0000,0,0,1.0000,TRADE,0.00,48517448.55,48517448.55
1997-09-15,1080.2900,-0.023308,11.4804,,0.2331,0.5000,0,0,0.5000,TRADE,22614778.35,22614778.35,45229556.70
1997-09-16,1116.5200,+0.033537,12.6293,,0.2346,1.0000,0,0,1.0000,TRADE,0.00,47496195.31,47496195.31
1997-09-30,1097.1600,-0.019316,11.8800,,0.2356,0.5000,0,0,0.5000,TRADE,22338967.87,22338967.87,44677935.74
1997-10-02,1112.8400,+0.009782,12.3796,,0.2351,1.0000,0,0,1.0000,TRADE,0.00,45623963.63,45623963.63
1997-10-17,1075.1200,-0.022067,11.0503,,0.2351,0.4000,0,0,0.4000,TRADE,24434935.62,16289957.08,40724892.70
1997-10-21,1110.5500,+0.020492,12.1470,,0.2352,0.5000,0,0,0.5000,TRADE,21178020.48,21178020.48,42356040.96
1997-10-23,1074.6500,-0.021898,10.9738,,0.2361,0.4000,0,0,0.4000,TRADE,24190029.71,16126686.47,40316716.18
1997-10-27,978.1300,-0.074914,8.0863,,0.2495,0.0000,0,0,0.0000,TRADE,36087619.42,0.00,36087619.42
1997-11-21,1056.5900,-0.005553,9.7876,,0.2642,0.2000,0,0,0.2000,TRADE,28976432.48,7244108.12,36220540.61
1997-11-26,1044.2400,+0.005953,9.4117,,0.2654,0.4000,0,0,0.4000,TRADE,21578205.22,14385470.15,35963675.36
1997-12-01,1079.2300,+0.027339,10.3566,,0.2665,1.0000,0,0,1.0000,TRADE,0.00,37423797.90,37423797.90
1997-12-02,1052.0699,-0.025166,9.5692,,0.2677,0.4000,0,0,0.4000,TRADE,20747118.47,13831412.32,34578530.79
1997-12-03,1061.6200,+0.009077,9.8247,,0.2677,1.0000,0,0,1.0000,TRADE,0.00,34950902.11,34950902.11
1997-12-04,1052.7600,-0.008346,9.5735,,0.2679,0.4000,0,0,0.4000,TRADE,20434379.30,13622919.54,34057298.84
1997-12-05,1070.2700,+0.016632,10.0461,,0.2681,1.0000,0,0,1.0000,TRADE,0.00,34732820.06,34732820.06
1997-12-09,1050.6700,-0.029781,9.4626,,0.2678,0.4000,0,0,0.4000,TRADE,19629234.52,13086156.35,32715390.86
1997-12-10,1033.2100,-0.016618,8.9858,,0.2683,0.3000,0,0,0.3000,TRADE,22441244.53,9617676.23,32058920.75
1997-12-11,1001.8800,-0.030323,8.1636,,0.2696,0.1000,0,0,0.1000,TRADE,28063975.08,3118219.45,31182194.54
1997-12-12,978.4900,-0.023346,7.5875,,0.2701,0.0000,0,0,0.0000,TRADE,30966259.26,0.00,30966259.26
1997-12-16,997.3100,+0.013135,8.0206,,0.2685,0.1000,0,0,0.1000,TRADE,27885990.59,3098443.40,30984433.99
1997-12-17,983.6300,-0.013717,7.6863,,0.2678,0.0000,0,0,0.0000,TRADE,30859372.71,0.00,30859372.71
1997-12-30,998.4600,+0.020367,7.9451,,0.2708,0.1000,0,0,0.1000,TRADE,27826448.01,3091827.56,30918275.56
1998-01-05,1017.4200,+0.009115,8.3822,,0.2687,1.0000,0,0,1.0000,TRADE,0.00,31112997.39,31112997.39
1998-01-06,1006.2900,-0.010939,8.1026,,0.2686,0.1000,0,0,0.1000,TRADE,27067779.31,3007531.03,30075310.35
1998-01-07,991.1900,-0.015006,7.7336,,0.2687,0.0000,0,0,0.0000,TRADE,29942328.67,0.00,29942328.67
1998-01-14,996.3700,+0.001327,7.7766,,0.2716,0.4000,0,0,0.4000,TRADE,17984049.80,11989366.54,29973416.34
1998-01-15,995.5800,-0.000793,7.7540,,0.2714,0.0000,0,0,0.0000,TRADE,29941177.94,0.00,29941177.94
1998-01-20,1026.8800,+0.020887,8.4867,,0.2715,1.0000,0,0,1.0000,TRADE,0.00,29963379.27,29963379.27
1998-03-05,1126.8300,-0.044954,10.8029,,0.2698,0.8000,0,0,0.8000,TRADE,7628237.03,30512948.10,38141185.13
1998-03-06,1163.1100,+0.032197,11.8407,,0.2704,1.0000,0,0,1.0000,TRADE,0.00,41073411.76,41073411.76
1998-03-09,1128.3700,-0.029868,10.7735,,0.2719,0.7000,0,0,0.7000,TRADE,11211406.05,26159947.44,37371353.49
1998-03-10,1148.6100,+0.017937,11.3475,,0.2720,1.0000,0,0,1.0000,TRADE,0.00,38766903.55,38766903.55
1998-03-16,1180.1700,+0.009305,12.2761,,0.2718,0.8000,0,0,0.8000,TRADE,8387881.71,33551526.83,41939408.54
1998-03-23,1179.1801,+0.008337,12.1945,,0.2712,1.0000,0,0,1.0000,TRADE,0.00,41724900.34,41724900.34
1998-05-26,1200.1200,-0.011539,12.3143,,0.2573,0.5000,0,0,0.5000,TRADE,21067353.42,21067353.42,42134706.83
1998-05-28,1214.8300,+0.004440,12.7563,,0.2561,1.0000,0,0,1.0000,TRADE,0.00,42897023.29,42897023.29
1998-05-29,1192.0699,-0.018735,12.0325,,0.2566,0.4000,0,0,0.4000,TRADE,24277842.95,16185228.64,40463071.59
1998-06-05,1206.7000,+0.009630,12.3727,,0.2579,1.0000,0,0,1.0000,TRADE,0.00,40945819.52,40945819.52
1998-06-10,1199.3101,-0.019755,12.1057,,0.2580,0.8000,0,0,0.8000,TRADE,8012430.49,32049721.95,40062152.44
1998-06-11,1185.1100,-0.011840,11.6692,,0.2582,0.4000,0,0,0.4000,TRADE,23344680.21,15563120.14,38907800.35
1998-06-18,1227.3300,+0.002655,12.8814,,0.2589,1.0000,0,0,1.0000,TRADE,0.00,40548758.02,40548758.02
1998-07-31,1377.2600,-0.031497,17.4913,,0.2620,0.8000,0,0,0.8000,TRADE,11011973.52,44047894.09,55059867.61
1998-08-12,1354.6600,+0.018442,16.4090,,0.2664,0.7000,0,0,0.7000,TRADE,15706160.03,36647706.73,52353866.75
1998-08-18,1401.2400,+0.024455,18.0415,,0.2676,1.0000,0,0,1.0000,TRADE,0.00,56013818.05,56013818.05
1998-08-20,1398.2000,-0.000043,17.9049,,0.2654,0.5000,0,0,0.5000,TRADE,27794953.20,27794953.20,55589906.40
1998-08-21,1374.7700,-0.016757,16.9953,,0.2649,0.8000,0,0,0.8000,TRADE,10836388.84,43345555.37,54181944.21
1998-08-25,1388.3500,+0.012714,17.4770,,0.2651,1.0000,0,0,1.0000,TRADE,0.00,55416866.93,55416866.93
1998-08-27,1311.5300,-0.045501,14.6080,,0.2691,0.0000,0,0,0.0000,TRADE,46319821.55,0.00,46319821.55
1998-09-02,1221.4399,+0.005251,11.1489,,0.2959,0.1000,0,0,0.1000,TRADE,41724827.60,4636091.96,46360919.55
1998-09-21,1327.7000,+0.020758,13.8804,,0.3064,0.8000,0,0,0.8000,TRADE,9522688.71,38090754.83,47613443.54
1998-10-01,1273.7400,-0.053319,11.9397,,0.3163,0.1000,0,0,0.1000,TRADE,38071567.41,4230174.16,42301741.56
1998-10-02,1276.4399,+0.002120,12.0097,,0.3162,0.1000,0,1,0.0000,TRADE,42331706.64,0.00,42331706.64
1998-10-05,1207.6801,-0.053868,10.0629,,0.3209,0.1000,0,0,0.1000,TRADE,38114025.90,4234891.77,42348917.66
1998-10-06,1184.8400,-0.018912,9.4870,,0.3215,0.1000,0,1,0.0000,TRADE,42111720.94,0.00,42111720.94
1998-10-09,1197.8700,+0.061114,9.6585,,0.3285,0.2000,0,0,0.2000,TRADE,33703074.02,8425768.51,42128842.53
1998-10-22,1355.1899,+0.017372,13.6228,,0.3371,0.6000,0,0,0.6000,TRADE,18258653.17,27387979.75,45646632.92
1998-10-27,1353.3400,-0.011389,13.5201,,0.3275,0.7000,0,0,0.7000,TRADE,13635721.83,31816684.27,45452406.10
1998-10-30,1400.5200,+0.003022,14.9402,,0.3195,0.8000,0,0,0.8000,TRADE,9759972.51,39039890.05,48799862.57
1998-11-05,1442.0400,+0.005607,16.2372,,0.3189,0.9000,0,0,0.9000,TRADE,5219678.84,46977109.59,52196788.44
1998-11-09,1467.6300,+0.006370,17.0928,,0.3187,1.0000,0,0,1.0000,TRADE,0.00,54674999.14,54674999.14
1998-11-30,1557.9600,-0.043228,20.0635,,0.3182,0.9000,0,0,0.9000,TRADE,6417734.47,57759610.21,64177344.68
1998-12-04,1630.0100,+0.035729,22.6553,,0.3223,0.8000,0,0,0.8000,TRADE,14328379.42,57313517.69,71641897.11
1998-12-10,1652.7600,-0.019355,23.4824,,0.3217,0.7000,0,0,0.7000,TRADE,22123552.67,51621622.90,73745175.57
1998-12-28,1823.9900,+0.009939,30.8947,,0.3239,0.8000,0,0,0.8000,TRADE,18017934.25,72071737.00,90089671.25
1998-12-31,1836.0100,+0.013827,31.4444,,0.3228,0.9000,0,0,0.9000,TRADE,9137882.42,82240941.82,91378824.24
1999-01-05,1903.0000,+0.026213,34.9052,,0.3233,1.0000,0,0,1.0000,TRADE,0.00,100436055.84,100436055.84
1999-01-12,1939.0800,-0.030547,36.6069,,0.3227,0.9000,0,0,0.9000,TRADE,10533238.16,94799143.41,105332381.56
1999-01-26,2062.2000,+0.032566,43.1687,,0.3288,0.8000,0,0,0.8000,TRADE,24468714.57,97874858.28,122343572.85
1999-01-28,2104.5901,+0.036560,45.6428,,0.3298,0.7000,0,0,0.7000,TRADE,38387710.74,89571325.06,127959035.80
1999-02-04,2027.6600,-0.043529,40.3218,,0.3336,0.6000,0,0,0.6000,TRADE,47020252.37,70530378.55,117550630.92
1999-02-09,1935.3300,-0.048609,34.6323,,0.3383,0.2000,0,0,0.2000,TRADE,86102832.27,21525708.07,107628540.34
1999-02-10,1944.1801,+0.004573,35.0910,,0.3380,0.2000,0,1,0.0000,TRADE,107924649.64,0.00,107924649.64
1999-02-11,2044.6801,+0.051693,40.5163,,0.3414,0.6000,0,0,0.6000,TRADE,43175360.15,64763040.22,107938400.36
1999-02-12,1958.6000,-0.042100,35.3800,,0.3444,0.2000,0,0,0.2000,TRADE,79787050.76,19946762.69,99733813.45
1999-03-04,1933.0300,+0.017486,33.3177,,0.3487,0.3000,0,0,0.3000,TRADE,69142471.25,29632487.68,98774958.93
1999-03-05,1969.8700,+0.019058,35.2068,,0.3458,0.4000,0,0,0.4000,TRADE,60278416.15,40185610.77,100464026.91
1999-03-08,2034.0500,+0.032581,38.6313,,0.3458,0.6000,0,0,0.6000,TRADE,41758444.23,62637666.34,104396110.57
1999-03-09,2028.5700,-0.002694,38.3008,,0.3443,0.7000,0,0,0.7000,TRADE,31159668.01,72705892.03,103865560.04
1999-03-11,2043.7800,+0.002570,39.1286,,0.3440,0.8000,0,0,0.8000,TRADE,21088987.35,84355949.39,105444936.74
1999-03-16,2073.3300,+0.006295,40.6766,,0.3452,0.9000,0,0,0.9000,TRADE,10879580.85,97916227.61,108795808.45
1999-03-22,2027.2200,-0.012932,37.8246,,0.3462,0.7000,0,0,0.7000,TRADE,30581689.13,71357274.64,101938963.77
1999-03-23,1961.4000,-0.032468,34.1225,,0.3479,0.5000,0,0,0.5000,TRADE,47479389.75,47479389.75,94958779.49
1999-03-24,2013.7800,+0.026705,36.8402,,0.3485,0.9000,0,0,0.9000,TRADE,9874640.43,88871763.86,98746404.28
1999-03-29,2144.9300,+0.037436,44.1344,,0.3515,0.7000,0,0,0.7000,TRADE,34904688.98,81444274.28,116348963.25
1999-03-30,2125.9600,-0.008844,42.9427,,0.3517,0.6000,0,0,0.6000,TRADE,45661714.66,68492571.98,114154286.64
1999-04-01,2146.4100,+0.018869,44.0968,,0.3521,0.9000,0,0,0.9000,TRADE,11600692.64,104406233.80,116006926.45
1999-04-05,2219.9300,+0.034253,48.6074,,0.3535,0.6000,0,0,0.6000,TRADE,50676935.79,76015403.69,126692339.48
1999-04-07,2192.5800,-0.011960,46.7673,,0.3529,0.7000,0,0,0.7000,TRADE,37148274.13,86679306.30,123827580.43
1999-04-09,2232.7700,+0.003470,49.3084,,0.3524,0.9000,0,0,0.9000,TRADE,12854663.20,115691968.84,128546632.04
1999-04-12,2219.5100,-0.005939,48.4067,,0.3524,0.7000,0,0,0.7000,TRADE,37930798.99,88505197.64,126435996.63
1999-04-13,2175.4700,-0.019842,45.5025,,0.3531,0.8000,0,0,0.8000,TRADE,24226168.63,96904674.53,121130843.17
1999-04-14,2103.9100,-0.032894,40.9909,,0.3549,0.6000,0,0,0.6000,TRADE,44610266.68,66915400.02,111525666.70
1999-04-16,2086.7400,-0.023103,39.8624,,0.3558,0.5000,0,0,0.5000,TRADE,54847374.81,54847374.81,109694749.61
1999-04-19,1967.8400,-0.056979,33.0297,,0.3609,0.3000,0,0,0.3000,TRADE,70220125.72,30094339.60,100314465.32
1999-04-20,2030.5500,+0.031867,36.1719,,0.3618,0.3000,0,1,0.0000,TRADE,103186335.36,0.00,103186335.36
1999-04-21,2106.1200,+0.037217,40.1935,,0.3633,0.3000,0,0,0.3000,TRADE,72239599.87,30959828.52,103199428.39
1999-04-22,2183.7700,+0.036869,44.6203,,0.3646,0.4000,0,0,0.4000,TRADE,63971046.46,42647364.31,106618410.77
1999-04-27,2207.3600,-0.023724,45.8475,,0.3641,0.3000,0,0,0.3000,TRADE,75482315.93,32349563.97,107831879.90
1999-05-05,2156.2000,+0.027790,42.3457,,0.3668,0.4000,0,0,0.4000,TRADE,63262627.09,42175084.72,105437711.81
1999-05-06,2079.0600,-0.035776,37.7809,,0.3687,0.3000,0,0,0.3000,TRADE,70629561.99,30269812.28,100899374.27
1999-05-10,2135.1900,+0.008040,40.8383,,0.3680,0.4000,0,0,0.4000,TRADE,62030857.00,41353904.67,103384761.67
1999-05-11,2176.3000,+0.019254,43.1779,,0.3681,0.5000,0,0,0.5000,TRADE,52880913.60,52880913.60,105761827.20
1999-05-13,2179.5000,-0.017416,43.2410,,0.3687,0.4000,0,0,0.4000,TRADE,63511482.76,42340988.51,105852471.27
1999-05-19,2186.6800,+0.012478,43.4054,,0.3701,0.5000,0,0,0.5000,TRADE,53030911.42,53030911.42,106061822.83
1999-05-20,2140.4400,-0.021146,40.6314,,0.3705,0.6000,0,0,0.6000,TRADE,41071758.54,61607637.81,102679396.35
1999-05-21,2114.8600,-0.011951,39.1555,,0.3705,0.8000,0,0,0.8000,TRADE,20089367.83,80357471.32,100446839.15
1999-05-25,1999.4900,-0.029864,32.8922,,0.3726,0.4000,0,0,0.4000,TRADE,52561867.36,35041244.91,87603112.27
1999-05-26,2053.5400,+0.027032,35.5442,,0.3734,0.3000,0,0,0.3000,TRADE,63304486.34,27130494.15,90434980.48
1999-05-27,2050.6000,-0.001432,35.3748,,0.3734,0.4000,0,0,0.4000,TRADE,54188228.74,36125485.82,90313714.56
1999-05-28,2090.2200,+0.019321,37.4086,,0.3732,0.3000,0,0,0.3000,TRADE,64678279.35,27719262.58,92397541.93
1999-06-07,2153.2300,+0.020517,40.3355,,0.3755,0.4000,0,0,0.4000,TRADE,56789201.48,37859467.65,94648669.13
1999-06-08,2087.2900,-0.030624,36.6107,,0.3770,0.3000,0,0,0.3000,TRADE,63811798.81,27347913.78,91159712.58
1999-06-30,2297.3800,+0.007327,47.3694,,0.3816,0.4000,0,0,0.4000,TRADE,59625340.28,39750226.85,99375567.13
1999-07-02,2348.5100,+0.011008,50.5191,,0.3811,0.7000,0,0,0.7000,TRADE,30610247.36,71423910.51,102034157.87
1999-07-08,2375.2700,+0.014487,52.1467,,0.3808,0.9000,0,0,0.9000,TRADE,10435979.99,93923819.90,104359799.89
1999-07-12,2384.9300,-0.003672,52.7225,,0.3808,1.0000,0,0,1.0000,TRADE,0.00,105402412.59,105402412.59
1999-07-22,2282.6000,-0.034568,45.4924,,0.3842,0.9000,0,0,0.9000,TRADE,9094814.70,81853332.30,90948147.00
1999-07-27,2309.4600,+0.033699,46.7555,,0.3862,0.8000,0,0,0.8000,TRADE,18645373.82,74581495.27,93226869.08
1999-07-29,2263.7800,-0.030293,43.8441,,0.3867,0.6000,0,0,0.6000,TRADE,35435062.49,53152593.73,88587656.21
1999-07-30,2271.6600,+0.003481,44.2802,,0.3857,0.5000,0,0,0.5000,TRADE,44560559.30,44560559.30,89121118.61
1999-08-02,2265.5400,-0.002694,43.9004,,0.3842,0.7000,0,0,0.7000,TRADE,26627012.02,62129694.70,88756706.72
1999-08-03,2239.9000,-0.011317,42.3881,,0.3843,0.8000,0,0,0.8000,TRADE,17324007.10,69296028.41,86620035.51
1999-08-05,2233.0400,+0.012657,41.9067,,0.3827,0.6000,0,0,0.6000,TRADE,34335117.45,51502676.18,85837793.64
1999-08-09,2188.4000,-0.011094,39.3781,,0.3823,0.9000,0,0,0.9000,TRADE,8274877.74,74473899.68,82748777.42
1999-08-11,2242.6100,+0.036058,42.1708,,0.3830,0.5000,0,0,0.5000,TRADE,44016418.76,44016418.76,88032837.52
1999-08-13,2307.9000,+0.041875,45.6802,,0.3847,0.4000,0,0,0.4000,TRADE,55024643.53,36683095.69,91707739.22
1999-08-16,2313.9200,+0.002608,46.0148,,0.3846,0.5000,0,0,0.5000,TRADE,45999387.11,45999387.11,91998774.22
1999-08-19,2279.6600,-0.016655,43.8715,,0.3838,0.7000,0,0,0.7000,TRADE,26962479.07,62912451.17,89874930.25
1999-08-20,2315.9500,+0.015919,45.9446,,0.3840,0.9000,0,0,0.9000,TRADE,9285146.08,83566314.71,92851460.79
1999-08-23,2386.7800,+0.030584,50.1369,,0.3846,0.7000,0,0,0.7000,TRADE,30144113.45,70336264.71,100480378.16
1999-08-24,2405.7400,+0.007944,51.3064,,0.3846,0.9000,0,0,0.9000,TRADE,10212518.31,91912664.78,102125183.08
1999-09-02,2393.5300,-0.005133,50.1534,,0.3607,1.0000,0,0,1.0000,TRADE,0.00,100072066.32,100072066.32
1999-09-03,2507.6800,+0.047691,57.3036,,0.3631,0.9000,0,0,0.9000,TRADE,11433891.73,102905025.55,114338917.28
1999-09-21,2474.7300,-0.028157,54.1629,,0.3569,0.8000,0,0,0.8000,TRADE,21745529.54,86982118.15,108727647.68
1999-09-23,2404.0400,-0.044100,49.2360,,0.3580,0.3000,0,0,0.3000,TRADE,70574979.52,30246419.80,100821399.32
1999-09-24,2400.5400,-0.001456,48.9960,,0.3567,0.5000,0,0,0.5000,TRADE,50341909.21,50341909.21,100683818.43
1999-09-27,2427.4900,+0.011227,50.6214,,0.3562,0.3000,0,0,0.3000,TRADE,71662434.93,30712472.11,102374907.04
1999-09-29,2399.7600,-0.012079,48.8338,,0.3564,0.4000,0,0,0.4000,TRADE,60786211.53,40524141.02,101310352.56
1999-09-30,2408.8800,+0.003800,49.3658,,0.3550,0.6000,0,0,0.6000,TRADE,40704137.24,61056205.86,101760343.09
1999-10-05,2472.5000,+0.001450,53.1976,,0.3464,0.8000,0,0,0.8000,TRADE,21305550.45,85222201.80,106527752.25
1999-10-06,2533.4300,+0.024643,57.1034,,0.3463,0.9000,0,0,0.9000,TRADE,11278776.41,101508987.72,112787764.13
1999-10-13,2455.5000,-0.028621,51.6285,,0.3386,1.0000,0,0,1.0000,TRADE,0.00,103066378.47,103066378.47
1999-10-15,2404.7900,-0.027189,48.3219,,0.3359,0.8000,0,0,0.8000,TRADE,19293071.37,77172285.49,96465356.87
1999-10-20,2467.3100,+0.044046,51.7910,,0.3379,0.9000,0,0,0.9000,TRADE,10201913.80,91817224.17,102019137.97
1999-10-26,2467.4300,-0.007158,51.6781,,0.3352,0.8000,0,0,0.8000,TRADE,20365500.27,81462001.08,101827501.35
1999-10-28,2541.0300,+0.033578,56.2086,,0.3359,0.9000,0,0,0.9000,TRADE,10897467.18,98077204.65,108974671.83
1999-10-29,2638.5900,+0.038394,62.6534,,0.3376,0.7000,0,0,0.7000,TRADE,36066512.84,84155196.63,120221709.48
1999-11-01,2617.5000,-0.007993,61.1183,,0.3378,0.9000,0,0,0.9000,TRADE,11817475.85,106357282.63,118174758.48
1999-11-04,2704.3600,+0.011373,67.2174,,0.3372,0.8000,0,0,0.8000,TRADE,25758695.39,103034781.56,128793476.95
1999-11-05,2756.9700,+0.019454,71.1052,,0.3376,0.9000,0,0,0.9000,TRADE,13475664.84,121280983.56,134756648.40
1999-11-09,2764.8500,-0.008143,71.6019,,0.3377,1.0000,0,0,1.0000,TRADE,0.00,135611749.37,135611749.37
1999-11-29,3064.6800,-0.017129,95.6966,,0.3408,0.9000,0,0,0.9000,TRADE,18124628.72,163121658.52,181246287.24
1999-12-20,3391.9600,+0.008974,126.7287,,0.3319,1.0000,0,0,1.0000,TRADE,0.00,234196618.53,234196618.53
1999-12-21,3530.5600,+0.040861,142.1975,,0.3329,0.9000,0,0,0.9000,TRADE,26278322.53,236504902.80,262783225.33
2000-01-04,3548.2400,-0.064463,140.8585,,0.3393,0.6000,0,0,0.6000,TRADE,104243370.23,156365055.35,260608425.58
2000-01-05,3509.3300,-0.010966,136.1501,,0.3383,0.6000,0,1,0.0000,TRADE,255396820.72,0.00,255396820.72
2000-01-06,3342.7300,-0.047473,116.6874,,0.3421,0.6000,0,0,0.6000,TRADE,102173582.05,153260373.07,255433955.12
2000-01-10,3719.5500,+0.053211,158.1103,,0.3495,0.5000,0,0,0.5000,TRADE,154949610.62,154949610.62,309899221.24
2000-01-12,3480.1500,-0.018678,128.2539,,0.3521,0.2000,0,0,0.2000,TRADE,224547799.76,56136949.94,280684749.70
2000-01-13,3614.1600,+0.038507,143.0014,,0.3530,0.5000,0,0,0.5000,TRADE,143586194.68,143586194.68,287172389.35
2000-01-24,3663.0600,-0.049094,146.7066,,0.3531,0.2000,0,0,0.2000,TRADE,232898103.59,58224525.90,291122629.48
2000-01-25,3761.2800,+0.026814,158.4282,,0.3527,0.2000,0,1,0.0000,TRADE,295808512.56,0.00,295808512.56
2000-01-26,3623.3100,-0.036682,140.9078,,0.3545,0.5000,0,0,0.5000,TRADE,147925761.39,147925761.39,295851522.78
2000-01-28,3448.1500,-0.040910,120.5981,,0.3556,0.3000,0,0,0.3000,TRADE,192201268.98,82371972.42,274573241.39
2000-01-31,3572.1700,+0.035967,133.5447,,0.3572,0.5000,0,0,0.5000,TRADE,141750027.54,141750027.54,283500055.08
2000-02-01,3703.9800,+0.036899,148.2546,,0.3578,0.3000,0,0,0.3000,TRADE,209394042.43,89740303.90,299134346.33
2000-02-02,3726.7400,+0.006145,150.9063,,0.3574,0.5000,0,0,0.5000,TRADE,150385698.92,150385698.92,300771397.84
2000-02-15,3999.5400,+0.002733,183.0094,,0.3474,0.6000,0,0,0.6000,TRADE,133224983.88,199837475.81,333062459.69
2000-02-18,3968.3000,-0.038692,177.0653,,0.3497,0.5000,0,0,0.5000,TRADE,163316448.14,163316448.14,326632896.28
2000-03-10,4590.1200,+0.000196,265.9568,,0.3539,0.6000,0,0,0.6000,TRADE,163660411.34,245490617.00,409151028.34
2000-03-13,4429.6600,-0.034958,237.9154,,0.3553,0.5000,0,0,0.5000,TRADE,191672006.58,191672006.58,383344013.17
2000-03-15,4132.6800,-0.022942,191.3010,,0.3595,0.3000,0,0,0.3000,TRADE,242094776.30,103754904.13,345849680.43
2000-03-16,4356.1400,+0.054071,222.2248,,0.3626,0.4000,0,0,0.4000,TRADE,217595641.09,145063760.73,362659401.82
2000-03-17,4443.3200,+0.020013,235.4416,,0.3621,0.5000,0,0,0.5000,TRADE,185660474.26,185660474.26,371320948.52
2000-03-20,4263.9000,-0.040380,206.7872,,0.3644,0.4000,0,0,0.4000,TRADE,209287154.86,139524769.91,348811924.77
2000-03-27,4707.7800,+0.002797,275.1013,,0.3624,0.5000,0,0,0.5000,TRADE,197566781.81,197566781.81,395133563.62
2000-03-28,4586.3500,-0.025793,253.6572,,0.3634,0.4000,0,0,0.4000,TRADE,227858439.28,151905626.19,379764065.46
2000-03-29,4416.7800,-0.036973,225.3775,,0.3655,0.3000,0,0,0.3000,TRADE,254004734.28,108859171.83,362863906.11
2000-04-04,4036.8900,-0.010510,166.9219,,0.3756,0.3000,0,1,0.0000,TRADE,334868009.95,0.00,334868009.95
2000-04-05,4032.9800,-0.000969,166.3412,,0.3754,0.3000,0,0,0.3000,TRADE,234445152.16,100476493.78,334921645.95
2000-04-11,3911.8500,-0.022272,147.5693,,0.3839,0.3000,0,1,0.0000,TRADE,323808109.20,0.00,323808109.20
2000-04-12,3636.0800,-0.070496,116.2748,,0.3910,0.3000,0,0,0.3000,TRADE,226701981.61,97157992.12,323859973.73
2000-04-13,3556.2100,-0.021966,108.5452,,0.3909,0.3000,0,1,0.0000,TRADE,317437526.63,0.00,317437526.63
2000-04-14,3210.1200,-0.097320,76.7915,,0.4000,0.3000,0,0,0.3000,TRADE,222241859.54,95246511.23,317488370.78
2000-04-17,3531.8300,+0.100217,99.8343,,0.4097,0.3000,0,1,0.0000,TRADE,346175864.82,0.00,346175864.82
2000-04-18,3718.3200,+0.052803,115.5908,,0.4113,0.3000,0,0,0.3000,TRADE,242361918.40,103869393.60,346231312.00
2000-05-03,3564.6900,-0.017943,96.1636,,0.4269,0.3000,0,1,0.0000,TRADE,329360260.14,0.00,329360260.14
2000-05-04,3573.2600,+0.002404,96.8002,,0.4251,0.3000,0,0,0.3000,TRADE,230590597.71,98824541.88,329415139.59
2000-05-11,3383.9800,+0.042177,79.6831,,0.4343,0.3000,0,1,0.0000,TRADE,312209136.26,0.00,312209136.26
2000-05-12,3408.6600,+0.007293,81.3788,,0.4335,0.3000,0,0,0.3000,TRADE,218582810.55,93678347.38,312261157.92
2000-05-22,3267.0700,+0.001247,69.9017,,0.4390,0.3000,0,1,0.0000,TRADE,299413831.50,0.00,299413831.50
2000-05-23,3025.6000,-0.073910,54.3600,,0.4448,0.3000,0,0,0.3000,TRADE,209624604.80,89839116.34,299463721.15
2000-05-24,3182.6100,+0.051894,62.7899,,0.4468,0.3000,0,1,0.0000,TRADE,313430480.78,0.00,313430480.78
2000-05-25,3101.5200,-0.025479,57.9523,,0.4477,0.3000,0,0,0.3000,TRADE,219437894.16,94044811.78,313482705.94
2000-07-31,3612.0700,+0.037972,77.8195,,0.4756,0.3000,0,1,0.0000,TRADE,348277220.64,0.00,348277220.64
2000-08-01,3523.8000,-0.024438,72.0670,,0.4762,0.3000,0,0,0.3000,TRADE,243836371.63,104501302.13,348337673.76
2000-08-22,3830.9100,+0.000070,90.6049,,0.4750,0.5000,0,0,0.5000,TRADE,188051921.10,188051921.10,376103842.20
2000-08-23,3900.0000,+0.018035,95.4518,,0.4748,0.7000,0,0,0.7000,TRADE,115858803.64,270337208.50,386196012.14
2000-09-06,3840.6700,-0.037472,89.7523,,0.4748,0.3000,0,0,0.3000,TRADE,259234180.67,111100363.14,370334543.81
2000-09-07,3956.4900,+0.030156,97.8173,,0.4753,0.6000,0,0,0.6000,TRADE,152145067.18,228217600.77,380362667.96
2000-09-08,3816.4600,-0.035392,87.3716,,0.4767,0.5000,0,0,0.5000,TRADE,178009051.69,178009051.69,356018103.38
2000-09-11,3709.6800,-0.027979,79.9846,,0.4771,0.3000,0,0,0.3000,TRADE,238742301.83,102318129.36,341060431.19
2000-09-27,3574.7300,-0.002984,70.0753,,0.4768,0.4000,0,0,0.4000,TRADE,197427687.94,131618458.63,329046146.57
2000-09-28,3728.1200,+0.042910,79.0532,,0.4785,0.3000,0,0,0.3000,TRADE,242160160.97,103782926.13,345943087.10
2000-10-03,3356.0100,-0.030257,56.8595,,0.4821,0.0000,0,0,0.0000,TRADE,317016191.89,0.00,317016191.89
2000-10-04,3456.1100,+0.029827,61.9127,,0.4824,0.3000,0,0,0.3000,TRADE,221949681.90,95121292.24,317070974.14
2000-10-06,3314.5800,-0.032815,54.3383,,0.4836,0.0000,0,0,0.0000,TRADE,305510557.64,0.00,305510557.64
2000-10-20,3459.3700,+0.015774,58.3466,,0.4978,0.3000,0,0,0.3000,TRADE,214375353.25,91875151.39,306250504.64
2000-10-23,3424.7300,-0.010013,56.5583,,0.4980,0.0000,0,0,0.0000,TRADE,303545679.76,0.00,303545679.76
2003-01-06,1064.0300,+0.028943,0.2477,0.4345,0.4304,0.1000,0,0,0.1000,TRADE,292055375.93,32450597.33,324505973.26
2003-01-08,1045.0200,-0.027364,0.2339,0.4456,0.4310,0.0000,0,0,0.0000,TRADE,322722249.33,0.00,322722249.33
2003-01-13,1085.6000,-0.004009,0.2612,0.4174,0.4322,0.1000,0,0,0.1000,TRADE,290499061.87,32277673.54,322776735.41
2003-01-15,1076.1600,-0.019435,0.2540,0.4345,0.4324,0.3000,0,0,0.3000,TRADE,225330590.32,96570252.99,321900843.31
2003-01-17,1020.0300,-0.041334,0.2149,0.4284,0.4322,0.0000,0,0,0.0000,TRADE,307041584.89,0.00,307041584.89
2003-01-21,1011.3500,-0.008510,0.2093,0.4324,0.4310,0.1000,0,0,0.1000,TRADE,276374749.62,30708305.51,307083055.13
2003-01-23,1035.1700,+0.025987,0.2240,0.4327,0.4297,0.0000,0,0,0.0000,TRADE,309247887.11,0.00,309247887.11
2003-02-14,984.7100,+0.031715,0.1894,0.4838,0.4297,0.1000,0,0,0.1000,TRADE,278531572.06,30947952.45,309479524.51
2003-02-18,1017.6200,+0.033421,0.2084,0.4840,0.4304,0.3000,0,0,0.3000,TRADE,218830301.50,93784414.93,312614716.43
2003-02-19,1008.9600,-0.008510,0.2030,0.4763,0.4291,0.0000,0,0,0.0000,TRADE,310209816.12,0.00,310209816.12
2003-02-27,997.8600,+0.020818,0.1951,0.4616,0.4267,0.3000,0,0,0.3000,TRADE,217206473.04,93088488.44,310294961.48
2003-03-10,967.2700,-0.022831,0.1768,0.4703,0.4204,0.0000,0,0,0.0000,TRADE,301629218.74,0.00,301629218.74
2003-03-14,1033.7000,+0.000649,0.2135,0.4580,0.4240,0.2000,0,0,0.2000,TRADE,241336227.60,60334056.90,301670284.50
2003-03-17,1080.4000,+0.045178,0.2423,0.4667,0.4263,0.0000,0,0,0.0000,TRADE,309860519.03,0.00,309860519.03
2003-04-08,1049.6100,-0.006625,0.2181,0.4092,0.4237,0.2000,0,0,0.2000,TRADE,248074562.19,62018640.55,310093202.74
2003-04-09,1026.7500,-0.021780,0.2038,0.4145,0.4240,0.0000,0,0,0.0000,TRADE,306037519.41,0.00,306037519.41
2003-04-10,1036.4100,+0.009408,0.2095,0.4033,0.4232,0.2000,0,0,0.2000,TRADE,244838414.54,61209603.63,306048018.17
2003-04-11,1029.4000,-0.006764,0.2052,0.3962,0.4227,0.4000,0,0,0.4000,TRADE,182881543.39,121921028.93,304802572.32
2003-04-22,1105.9300,+0.019798,0.2530,0.3365,0.4217,0.8000,0,0,0.8000,TRADE,66654943.83,266619775.31,333274719.14
2003-04-23,1116.4800,+0.009539,0.2602,0.3313,0.4213,1.0000,0,0,1.0000,TRADE,0.00,340855724.57,340855724.57
2003-04-25,1086.6500,-0.022498,0.2394,0.3370,0.4217,0.6000,0,0,0.6000,TRADE,125442833.23,188164249.85,313607083.08
2003-04-28,1110.6600,+0.022095,0.2552,0.3268,0.4204,0.8000,0,0,0.8000,TRADE,65211268.14,260845072.57,326056340.72
2003-04-29,1120.4100,+0.008779,0.2619,0.3258,0.4205,1.0000,0,0,1.0000,TRADE,0.00,332877704.04,332877704.04
2003-05-19,1116.2300,-0.036379,0.2555,0.3110,0.3993,0.8000,0,0,0.8000,TRADE,64945041.51,259780166.05,324725207.57
2003-06-03,1202.6800,+0.011344,0.3170,0.3351,0.3957,0.9000,0,0,0.9000,TRADE,38736287.59,348626588.31,387362875.90
2003-06-09,1199.6600,-0.014475,0.3135,0.3743,0.3947,1.0000,0,0,1.0000,TRADE,0.00,383518121.09,383518121.09
2003-06-13,1208.0500,-0.020680,0.3192,0.3446,0.3936,0.9000,0,0,0.9000,TRADE,39038274.94,351344474.44,390382749.38
2003-06-16,1245.8500,+0.031290,0.3491,0.3379,0.3948,1.0000,0,0,1.0000,TRADE,0.00,423303591.52,423303591.52
2003-06-19,1230.1600,-0.017640,0.3355,0.3386,0.3918,0.9000,0,0,0.9000,TRADE,40683160.90,366148448.09,406831608.99
2003-06-20,1227.3900,-0.002252,0.3331,0.3234,0.3904,1.0000,0,0,1.0000,TRADE,0.00,404293815.28,404293815.28
2003-06-23,1204.3500,-0.018772,0.3143,0.3180,0.3901,0.9000,0,0,0.9000,TRADE,38145425.67,343308831.04,381454256.71
2003-06-24,1195.8500,-0.007058,0.3076,0.3243,0.3896,1.0000,0,0,1.0000,TRADE,0.00,374125692.14,374125692.14
2003-06-26,1218.9200,+0.022104,0.3252,0.3091,0.3887,0.9000,0,0,0.9000,TRADE,39550589.50,355955305.51,395505895.01
2003-06-27,1209.4600,-0.007761,0.3176,0.3093,0.3881,1.0000,0,0,1.0000,TRADE,0.00,387157016.87,387157016.87
2003-07-02,1250.0900,+0.023305,0.3498,0.3105,0.3837,0.9000,0,0,0.9000,TRADE,42640795.81,383767162.30,426407958.11
2003-07-03,1235.6300,-0.011567,0.3376,0.3247,0.3826,1.0000,0,0,1.0000,TRADE,0.00,413025245.93,413025245.93
2003-07-07,1286.3600,+0.041056,0.3791,0.3351,0.3795,0.9000,0,0,0.9000,TRADE,46382496.34,417442467.08,463824963.42
2003-07-25,1282.8400,+0.019575,0.3721,0.3004,0.3578,1.0000,0,0,1.0000,TRADE,0.00,456111360.25,456111360.25
2003-08-05,1234.2200,-0.029663,0.3297,0.3423,0.3459,0.6000,0,0,0.6000,TRADE,161658455.10,242487682.65,404146137.75
2003-08-06,1219.5700,-0.011870,0.3179,0.3442,0.3425,1.0000,0,0,1.0000,TRADE,0.00,395473429.47,395473429.47
2003-08-08,1211.7200,-0.008112,0.3116,0.3203,0.3410,0.6000,0,0,0.6000,TRADE,155066992.65,232600488.97,387667481.62
2003-08-12,1245.2500,+0.014345,0.3377,0.3021,0.3412,1.0000,0,0,1.0000,TRADE,0.00,407172569.02,407172569.02
2003-09-24,1344.8300,-0.034940,0.4156,0.2936,0.3137,0.8000,0,0,0.8000,TRADE,100212223.50,400848894.00,501061117.50
2003-10-01,1340.5200,+0.024283,0.4090,0.3133,0.3084,1.0000,0,0,1.0000,TRADE,0.00,494746346.14,494746346.14
2003-10-02,1342.2900,+0.001320,0.4106,0.3125,0.3073,0.8000,0,0,0.8000,TRADE,99324065.55,397296262.20,496620327.75
2003-10-03,1380.6600,+0.028585,0.4457,0.2920,0.3077,1.0000,0,0,1.0000,TRADE,0.00,530624896.12,530624896.12
2003-10-09,1402.3700,+0.010528,0.4664,0.2884,0.3066,0.8000,0,0,0.8000,TRADE,111052848.29,444211393.14,555264241.43
2003-10-10,1410.3200,+0.005669,0.4742,0.2762,0.3027,1.0000,0,0,1.0000,TRADE,0.00,562745038.87,562745038.87
2003-11-17,1400.1500,-0.009781,0.4559,0.2781,0.2753,0.5000,0,0,0.5000,TRADE,270481075.06,270481075.06,540962150.12
2003-11-19,1385.2300,+0.010409,0.4406,0.2996,0.2751,1.0000,0,0,1.0000,TRADE,0.00,531886574.55,531886574.55
2003-11-20,1369.7500,-0.011175,0.4257,0.3049,0.2723,0.5000,0,0,0.5000,TRADE,256981867.46,256981867.46,513963734.93
2003-11-21,1379.6300,+0.007213,0.4348,0.2908,0.2690,1.0000,0,0,1.0000,TRADE,0.00,519487479.49,519487479.49
2003-11-24,1425.8500,+0.033502,0.4785,0.2707,0.2709,0.8000,0,0,0.8000,TRADE,114321927.07,457287708.30,571609635.37
2003-12-01,1453.8600,+0.016025,0.5064,0.2629,0.2665,1.0000,0,0,1.0000,TRADE,0.00,598316098.13,598316098.13
2003-12-09,1390.1600,-0.024251,0.4405,0.2832,0.2612,0.5000,0,0,0.5000,TRADE,260252540.67,260252540.67,520505081.33
2003-12-11,1423.6100,+0.020158,0.4724,0.2615,0.2613,1.0000,0,0,1.0000,TRADE,0.00,539333540.93,539333540.93
2003-12-15,1403.3800,-0.014425,0.4521,0.2707,0.2595,0.5000,0,0,0.5000,TRADE,258074900.34,258074900.34,516149800.68
2003-12-17,1406.7700,-0.002199,0.4552,0.2512,0.2572,1.0000,0,0,1.0000,TRADE,0.00,517929058.31,517929058.31
2004-03-03,1473.7500,-0.004848,0.5100,0.2309,0.2320,0.5000,0,0,0.5000,TRADE,290146963.46,290146963.46,580293926.92
2004-03-04,1489.1000,+0.010416,0.5258,0.2250,0.2321,1.0000,0,0,1.0000,TRADE,0.00,589317921.63,589317921.63
2004-03-05,1480.6900,-0.005648,0.5168,0.2208,0.2321,0.5000,0,0,0.5000,TRADE,289615654.92,289615654.92,579231309.83
2004-03-08,1448.6600,-0.021632,0.4832,0.2408,0.2333,0.4000,0,0,0.4000,TRADE,336246164.24,224164109.49,560410273.73
2004-03-11,1409.5400,-0.010787,0.4444,0.2658,0.2325,0.3000,0,0,0.3000,TRADE,379716020.57,162735437.39,542451457.96
2004-03-12,1438.9000,+0.020829,0.4721,0.2530,0.2260,0.4000,0,0,0.4000,TRADE,331561684.27,221041122.85,552602807.12
2004-03-15,1407.2000,-0.022031,0.4408,0.2713,0.2272,0.3000,0,0,0.3000,TRADE,376587879.29,161394805.41,537982684.70
2004-03-17,1436.3700,+0.015504,0.4683,0.2475,0.2236,0.4000,0,0,0.4000,TRADE,328835840.48,219223893.65,548059734.13
2004-03-18,1425.2000,-0.007777,0.4573,0.2458,0.2236,0.3000,0,0,0.3000,TRADE,380041508.83,162874932.36,542916441.19
2004-03-22,1388.6200,-0.012291,0.4224,0.2715,0.2242,0.0000,0,0,0.0000,TRADE,530525172.37,0.00,530525172.37
2004-03-23,1377.2100,-0.008217,0.4119,0.2684,0.2200,0.1000,0,0,0.1000,TRADE,477485671.78,53053963.53,530539635.31
2004-03-24,1389.0900,+0.008626,0.4225,0.2606,0.2195,0.0000,0,0,0.0000,TRADE,531916446.21,0.00,531916446.21
2004-03-25,1433.3300,+0.031848,0.4628,0.2370,0.2215,0.4000,0,0,0.4000,TRADE,319158568.25,212772378.83,531930947.08
2004-03-26,1422.8100,-0.007340,0.4525,0.2304,0.2216,0.3000,0,0,0.3000,TRADE,369052570.25,158165387.25,527217957.50
2004-03-29,1450.0600,+0.019152,0.4785,0.2316,0.2218,0.4000,0,0,0.4000,TRADE,321785102.18,214523401.45,536308503.63
2004-04-01,1460.8600,+0.010305,0.4888,0.2341,0.2169,1.0000,0,0,1.0000,TRADE,0.00,540965838.86,540965838.86
2004-04-20,1444.4600,-0.024831,0.4682,0.2307,0.2177,0.3000,0,0,0.3000,TRADE,362765518.72,155470936.59,518236455.31
2004-04-21,1458.6900,+0.009851,0.4820,0.2282,0.2171,1.0000,0,0,1.0000,TRADE,0.00,522814341.89,522814341.89
2004-04-26,1488.4500,-0.011003,0.5107,0.2183,0.2172,0.9000,0,0,0.9000,TRADE,55399560.44,498596043.93,553995604.37
2004-04-28,1460.8100,-0.017870,0.4822,0.2392,0.2169,0.4000,0,0,0.4000,TRADE,315655865.10,210437243.40,526093108.51
2004-04-29,1439.0700,-0.014882,0.4606,0.2490,0.2172,0.3000,0,0,0.3000,TRADE,361669076.77,155001032.90,516670109.67
2004-04-30,1408.9100,-0.020958,0.4315,0.2573,0.2183,0.0000,0,0,0.0000,TRADE,506907687.62,0.00,506907687.62
2004-05-04,1429.7800,+0.004821,0.4507,0.2514,0.2176,0.1000,0,0,0.1000,TRADE,456266669.62,50696296.62,506962966.24
2004-05-05,1436.2800,+0.004546,0.4567,0.2434,0.2172,0.0000,0,0,0.0000,TRADE,507658057.57,0.00,507658057.57
2004-05-11,1429.8100,+0.017753,0.4496,0.2775,0.2157,0.4000,0,0,0.4000,TRADE,304644660.31,203096440.21,507741100.51
2004-05-12,1422.7000,-0.004973,0.4429,0.2762,0.2158,0.1000,0,0,0.1000,TRADE,454215932.63,50468436.96,504684369.59
2004-05-13,1424.9900,+0.001610,0.4449,0.2811,0.2156,0.5000,0,0,0.5000,TRADE,252465849.11,252465849.11,504931698.23
2004-05-14,1407.6400,-0.012176,0.4286,0.2904,0.2157,0.0000,0,0,0.0000,TRADE,495673036.31,0.00,495673036.31
2004-05-20,1404.6900,+0.000406,0.4251,0.2554,0.2130,0.4000,0,0,0.4000,TRADE,297452471.24,198301647.49,495754118.73
2004-05-21,1416.0600,+0.008094,0.4354,0.2490,0.2126,0.5000,0,0,0.5000,TRADE,250271519.54,250271519.54,500543039.08
2004-05-25,1455.8500,+0.023862,0.4722,0.2204,0.2108,1.0000,0,0,1.0000,TRADE,-0.00,521724854.79,521724854.79
2004-07-06,1454.0700,-0.023944,0.4633,0.2211,0.2064,0.4000,0,0,0.4000,TRADE,307157450.09,204771633.39,511929083.49
2004-07-07,1460.8900,+0.004690,0.4697,0.2226,0.2026,0.5000,0,0,0.5000,TRADE,257390411.93,257390411.93,514780823.86
2004-07-08,1439.4100,-0.014703,0.4489,0.2268,0.2028,0.4000,0,0,0.4000,TRADE,302031367.05,201354244.70,503385611.75
2004-07-15,1424.2000,-0.000091,0.4342,0.2168,0.2015,0.0000,0,0,0.0000,TRADE,496858351.30,0.00,496858351.30
2004-07-19,1404.9300,+0.003299,0.4163,0.2221,0.2002,0.4000,0,0,0.4000,TRADE,298155920.78,198770613.86,496926534.64
2004-07-21,1394.7100,-0.024248,0.4060,0.2215,0.2019,0.0000,0,0,0.0000,TRADE,492026741.01,0.00,492026741.01
2004-07-22,1416.7800,+0.015824,0.4252,0.2244,0.2020,0.4000,0,0,0.4000,TRADE,295226172.13,196817448.09,492043620.22
2004-07-23,1383.5500,-0.023455,0.3952,0.2391,0.2033,0.0000,0,0,0.0000,TRADE,478165007.68,0.00,478165007.68
2004-08-25,1398.3000,+0.014283,0.4010,0.2141,0.2050,1.0000,0,0,1.0000,TRADE,0.00,478757228.88,478757228.88
2004-08-26,1393.0800,-0.003733,0.3965,0.2160,0.2051,0.0000,0,0,0.0000,TRADE,473290979.77,0.00,473290979.77
2004-08-27,1397.6900,+0.003309,0.4003,0.2127,0.2050,1.0000,0,0,1.0000,TRADE,0.00,473309391.43,473309391.43
2004-08-30,1376.9500,-0.014839,0.3824,0.2314,0.2053,0.0000,0,0,0.0000,TRADE,452135224.12,0.00,452135224.12
2004-09-01,1387.0500,+0.006787,0.3906,0.2265,0.2048,1.0000,0,0,1.0000,TRADE,0.00,452170402.15,452170402.15
2004-09-03,1380.8700,-0.018969,0.3846,0.2106,0.2060,0.0000,0,0,0.0000,TRADE,445165967.51,0.00,445165967.51
2004-09-07,1390.9500,+0.007300,0.3929,0.2144,0.2059,1.0000,0,0,1.0000,TRADE,0.00,445243893.11,445243893.11
2004-10-12,1444.5100,-0.001893,0.4337,0.2093,0.1952,0.6000,0,0,0.6000,TRADE,196570457.90,294855686.85,491426144.75
2004-10-13,1443.9700,-0.000374,0.4331,0.2213,0.1951,1.0000,0,0,1.0000,TRADE,-0.00,491034641.37,491034641.37
2004-10-22,1447.8200,-0.024774,0.4340,0.2136,0.1950,0.6000,0,0,0.6000,TRADE,196832585.16,295248877.74,492081462.90
2004-10-27,1489.8900,+0.026286,0.4716,0.2152,0.1966,1.0000,0,0,1.0000,TRADE,0.00,517712954.25,517712954.25
2005-01-13,1557.0200,-0.013158,0.5244,0.1909,0.1834,0.5000,0,0,0.5000,TRADE,287843290.08,287843290.08,575686580.15
2005-01-14,1573.0700,+0.010308,0.5405,0.1857,0.1837,1.0000,0,0,1.0000,TRADE,0.00,584524720.88,584524720.88
2005-01-19,1557.4900,-0.017697,0.5237,0.1924,0.1842,0.5000,0,0,0.5000,TRADE,283168687.13,283168687.13,566337374.25
2005-01-20,1526.1600,-0.020116,0.4919,0.1950,0.1853,0.4000,0,0,0.4000,TRADE,329511467.59,219674311.73,549185779.31
2005-03-07,1558.4600,+0.016197,0.5144,0.1773,0.1837,1.0000,0,0,1.0000,TRADE,0.00,560233013.43,560233013.43
2005-03-08,1541.7600,-0.010716,0.4977,0.1786,0.1827,0.4000,0,0,0.4000,TRADE,325231408.70,216820939.14,542052347.84
2005-03-16,1498.9900,-0.010542,0.4560,0.1901,0.1803,0.3000,0,0,0.3000,TRADE,366852266.63,157222399.98,524074666.61
2005-03-22,1477.6800,-0.013031,0.4361,0.1803,0.1790,0.0000,0,0,0.0000,TRADE,517350392.73,0.00,517350392.73
2005-03-30,1504.6700,+0.018713,0.4592,0.1736,0.1758,0.3000,0,0,0.3000,TRADE,362351390.05,155293452.88,517644842.93
2005-03-31,1495.3800,-0.006174,0.4505,0.1765,0.1759,0.1000,0,0,0.1000,TRADE,463270872.46,51474541.38,514745413.85
2005-04-01,1482.0900,-0.008887,0.4384,0.1761,0.1761,0.0000,0,0,0.0000,TRADE,513389746.00,0.00,513389746.00
2005-04-04,1489.5200,+0.005013,0.4448,0.1807,0.1759,0.1000,0,0,0.1000,TRADE,462155287.28,51350587.48,513505874.76
2005-04-07,1512.7600,+0.012896,0.4653,0.1667,0.1739,0.3000,0,0,0.3000,TRADE,361179712.25,154791305.25,515971017.50
2005-04-08,1498.5300,-0.009407,0.4520,0.1696,0.1740,0.1000,0,0,0.1000,TRADE,460422661.12,51158073.46,511580734.58
2005-04-12,1502.1200,+0.007174,0.4548,0.1624,0.1740,0.3000,0,0,0.3000,TRADE,358430745.66,153613176.71,512043922.37
2005-04-13,1474.4200,-0.018441,0.4295,0.1607,0.1743,0.0000,0,0,0.0000,TRADE,503523423.29,0.00,503523423.29
2005-05-09,1476.6000,+0.005091,0.4253,0.1837,0.1732,1.0000,0,0,1.0000,TRADE,0.00,504531134.29,504531134.29
2005-05-10,1463.4600,-0.008899,0.4138,0.1811,0.1734,0.0000,0,0,0.0000,TRADE,490894295.55,0.00,490894295.55
2005-05-11,1472.7500,+0.006348,0.4216,0.1787,0.1726,1.0000,0,0,1.0000,TRADE,0.00,490934051.26,490934051.26
2005-06-10,1535.5900,-0.011980,0.4726,0.1587,0.1693,0.6000,0,0,0.6000,TRADE,220154197.69,330231296.53,550385494.21
2005-06-13,1543.7800,+0.005333,0.4800,0.1574,0.1687,1.0000,0,0,1.0000,TRADE,0.00,555610734.28,555610734.28
2005-06-14,1539.0700,-0.003051,0.4754,0.1575,0.1681,0.6000,0,0,0.6000,TRADE,220134095.55,330201143.32,550335238.87
2005-06-16,1552.1900,+0.005181,0.4873,0.1497,0.1679,1.0000,0,0,1.0000,TRADE,0.00,558620691.50,558620691.50
2005-06-17,1552.9100,+0.000464,0.4878,0.1463,0.1679,0.6000,0,0,0.6000,TRADE,223682393.72,335523590.58,559205984.30
2005-07-11,1562.5600,+0.009386,0.4928,0.1357,0.1653,1.0000,0,0,1.0000,TRADE,0.00,563092575.17,563092575.17
2006-05-15,1656.7100,-0.000398,0.5131,0.1804,0.1310,0.0000,0,0,0.0000,TRADE,586205601.44,0.00,586205601.44
2006-07-03,1608.1300,+0.007001,0.4536,0.1768,0.1454,1.0000,0,0,1.0000,TRADE,0.00,590037163.59,590037163.59
2006-07-05,1575.3900,-0.020359,0.4257,0.1978,0.1466,0.0000,0,0,0.0000,TRADE,553698909.87,0.00,553698909.87
2006-08-15,1556.7800,+0.027110,0.4000,0.1849,0.1539,1.0000,0,0,1.0000,TRADE,0.00,556886638.10,556886638.10
2006-09-07,1588.2100,-0.004681,0.4196,0.2037,0.1556,0.2000,0,0,0.2000,TRADE,467326893.20,116831723.30,584158616.50
2006-09-08,1598.2400,+0.006315,0.4273,0.1982,0.1557,1.0000,0,0,1.0000,TRADE,0.00,586378036.53,586378036.53
2006-11-02,1735.9400,+0.001477,0.5317,0.1812,0.1558,0.6000,0,0,0.6000,TRADE,291832580.24,437748870.37,729581450.61
2006-11-06,1758.6500,+0.016625,0.5518,0.1739,0.1560,1.0000,1,0,1.0000,TRADE,0.00,746318139.03,746318139.03
2007-03-28,1801.5000,-0.010746,0.5508,0.1856,0.1602,0.4000,0,0,0.4000,TRADE,446965629.84,297977086.56,744942716.41
2007-03-30,1803.3600,+0.000366,0.5520,0.1824,0.1591,0.4000,1,0,1.0000,TRADE,0.00,745687359.65,745687359.65
2007-11-07,2212.6400,-0.024517,0.8953,0.2714,0.1616,0.8000,0,0,0.8000,TRADE,241901438.04,967605752.17,1209507190.21
2007-11-12,2021.7000,-0.025630,0.6760,0.3494,0.1700,0.3000,0,0,0.3000,TRADE,680874246.18,291803248.36,972677494.54
2007-11-13,2107.7800,+0.042578,0.7621,0.2971,0.1748,0.4000,0,0,0.4000,TRADE,605942262.99,403961508.66,1009903771.65
2007-11-14,2079.2400,-0.013540,0.7308,0.3132,0.1752,0.7000,0,0,0.7000,TRADE,298016773.76,695372472.10,993389245.86
2007-11-15,2065.0800,-0.006810,0.7155,0.3291,0.1750,0.4000,0,0,0.4000,TRADE,587347241.71,391564827.80,978912069.51
2007-11-16,2090.1700,+0.012150,0.7413,0.2879,0.1754,0.7000,0,0,0.7000,TRADE,297924814.06,695157899.47,993082713.52
2007-11-19,2062.1200,-0.013420,0.7111,0.3011,0.1759,0.4000,0,0,0.4000,TRADE,578939422.39,385959614.92,964899037.31
2007-11-26,2029.7000,-0.019492,0.6755,0.3343,0.1777,0.3000,0,0,0.3000,TRADE,662248455.12,283820766.48,946069221.60
2007-11-27,2075.0100,+0.022323,0.7205,0.3076,0.1790,0.4000,0,0,0.4000,TRADE,579020283.11,386013522.07,965033805.18
2007-11-28,2138.8200,+0.030752,0.7866,0.2883,0.1800,0.3000,0,0,0.3000,TRADE,700383945.01,300164547.86,1000548492.87
2007-11-29,2146.0300,+0.003371,0.7942,0.2827,0.1800,0.0000,0,0,0.0000,TRADE,1003538960.21,0.00,1003538960.21
2007-11-30,2132.4400,-0.006333,0.7788,0.2865,0.1800,0.2000,0,0,0.2000,TRADE,802927780.28,200731945.07,1003659725.35
2007-12-04,2101.7900,-0.004056,0.7448,0.2885,0.1801,0.4000,0,0,0.4000,TRADE,597160875.48,398107250.32,995268125.80
2007-12-05,2143.2600,+0.019731,0.7885,0.2691,0.1806,0.5000,0,0,0.5000,TRADE,509365562.27,509365562.27,1018731124.54
2007-12-06,2172.2000,+0.013503,0.8202,0.2489,0.1811,1.0000,0,0,1.0000,TRADE,0.00,1039205704.13,1039205704.13
2007-12-11,2127.4000,-0.023963,0.7680,0.2646,0.1823,0.4000,0,0,0.4000,TRADE,583887731.51,389258487.67,973146219.18
2007-12-13,2138.5900,-0.003179,0.7794,0.2552,0.1823,0.5000,0,0,0.5000,TRADE,489514221.76,489514221.76,979028443.53
2007-12-14,2116.0600,-0.010535,0.7544,0.2591,0.1827,0.4000,0,0,0.4000,TRADE,578044551.47,385363034.31,963407585.78
2007-12-21,2156.5600,+0.020335,0.7935,0.2090,0.1857,1.0000,0,0,1.0000,TRADE,0.00,983859776.53,983859776.53
2007-12-28,2151.7600,+0.000456,0.7863,0.2363,0.1860,0.5000,0,0,0.5000,TRADE,487418642.69,487418642.69,974837285.37
2007-12-31,2129.1700,-0.010498,0.7612,0.2590,0.1863,0.4000,0,0,0.4000,TRADE,575672464.76,383781643.17,959454107.94
2008-01-04,2005.1900,-0.043006,0.6305,0.2862,0.1915,0.0000,0,0,0.0000,TRADE,893798555.38,0.00,893798555.38
2008-03-24,1854.9500,+0.035620,0.4665,0.2869,0.2185,1.0000,0,0,1.0000,TRADE,0.00,900023815.71,900023815.71
2008-04-14,1831.3200,-0.004333,0.4423,0.2828,0.2252,0.0000,0,0,0.0000,TRADE,853301680.69,0.00,853301680.69
2008-04-16,1888.5500,+0.029065,0.4837,0.2555,0.2269,1.0000,0,0,1.0000,TRADE,0.00,853407094.33,853407094.33
2008-05-22,2010.6500,+0.004150,0.5722,0.2249,0.2339,0.6000,0,0,0.6000,TRADE,403819099.10,605728648.64,1009547747.74
2008-05-27,2041.8800,+0.018623,0.5983,0.2299,0.2340,1.0000,0,0,1.0000,TRADE,0.00,1037364026.39,1037364026.39
2008-06-06,2037.2900,-0.031495,0.5899,0.2604,0.2366,0.6000,0,0,0.6000,TRADE,409074980.63,613612470.95,1022687451.58
2008-06-11,1969.6900,-0.024442,0.5316,0.2732,0.2376,0.2000,0,0,0.2000,TRADE,769724595.47,192431148.87,962155744.33
2008-06-13,2012.3800,+0.021710,0.5658,0.2530,0.2382,0.4000,0,0,0.4000,TRADE,584790051.33,389860034.22,974650085.54
2008-06-16,2031.5700,+0.009536,0.5819,0.2502,0.2382,1.0000,0,0,1.0000,TRADE,0.00,985799964.74,985799964.74
2008-06-17,2019.3500,-0.006015,0.5712,0.2470,0.2382,0.6000,0,0,0.6000,TRADE,387104890.50,580657335.75,967762226.25
2008-06-19,2029.4500,+0.016188,0.5789,0.2480,0.2388,0.4000,0,0,0.4000,TRADE,585360369.20,390240246.13,975600615.34
2008-06-20,1973.8700,-0.027387,0.5312,0.2675,0.2402,0.0000,0,0,0.0000,TRADE,943471630.51,0.00,943471630.51
2008-08-05,1914.7100,+0.036183,0.4680,0.2565,0.2515,1.0000,0,0,1.0000,TRADE,0.00,945837043.53,945837043.53
2008-08-29,1918.7100,-0.022229,0.4651,0.2402,0.2483,0.1000,0,0,0.1000,TRADE,846089005.38,94009889.49,940098894.86
2008-09-02,1895.7500,-0.011966,0.4483,0.2615,0.2482,0.0000,0,0,0.0000,TRADE,936885594.11,0.00,936885594.11
2009-04-23,1383.4800,+0.006511,0.0983,0.3795,0.4473,0.3000,0,0,0.3000,TRADE,657968470.21,281986487.23,939954957.44
2009-04-24,1413.1800,+0.021468,0.1046,0.3680,0.4478,0.1000,0,0,0.1000,TRADE,862279392.16,95808821.35,958088213.51
2009-04-27,1409.7500,-0.002427,0.1038,0.3879,0.4478,0.3000,0,0,0.3000,TRADE,670173655.55,287217280.95,957390936.51
2009-04-30,1434.9700,+0.008646,0.1093,0.3664,0.4481,0.5000,0,0,0.5000,TRADE,486349027.58,486349027.58,972698055.16
2009-05-07,1430.6700,-0.023873,0.1079,0.3447,0.4475,0.3000,0,0,0.3000,TRADE,676561802.49,289955058.21,966516860.69
2009-05-08,1435.2200,+0.003180,0.1090,0.3367,0.4475,0.5000,0,0,0.5000,TRADE,484627656.63,484627656.63,969255313.26
2009-05-18,1434.1200,+0.027763,0.1080,0.3022,0.4488,0.3000,0,0,0.3000,TRADE,675558042.96,289524875.55,965082918.51
2009-05-19,1440.1100,+0.004177,0.1094,0.2956,0.4488,0.5000,0,0,0.5000,TRADE,484341277.01,484341277.01,968682554.03
2009-05-21,1408.6000,-0.018889,0.1022,0.3120,0.4486,0.3000,0,0,0.3000,TRADE,655871974.57,281087989.10,936959963.67
2009-05-22,1404.2500,-0.003088,0.1012,0.3187,0.4486,0.5000,0,0,0.5000,TRADE,467164184.51,467164184.51,934328369.02
2009-05-26,1455.1800,+0.036268,0.1122,0.3123,0.4501,0.4000,0,0,0.4000,TRADE,591069859.09,394046572.73,985116431.82
2009-06-03,1520.5100,-0.003219,0.1275,0.3145,0.4507,0.6000,0,0,0.6000,TRADE,415529940.44,623294910.66,1038824851.09
2009-07-07,1448.0300,-0.025139,0.1086,0.3120,0.4475,0.5000,0,0,0.5000,TRADE,473072461.46,473072461.46,946144922.91
2009-07-08,1454.9800,+0.004800,0.1101,0.3107,0.4469,0.6000,0,0,0.6000,TRADE,381163432.87,571745149.31,952908582.18
2009-07-15,1547.3100,+0.033138,0.1318,0.2528,0.4474,1.0000,0,0,1.0000,TRADE,0.00,1065571707.05,1065571707.05
2010-01-28,1831.5200,-0.026217,0.2055,0.2491,0.2482,0.4000,0,0,0.4000,TRADE,997062322.77,664708215.18,1661770537.96
2010-02-16,1864.8400,+0.013175,0.2149,0.2192,0.2426,0.5000,0,0,0.5000,TRADE,846065136.30,846065136.30,1692130272.59
2010-02-17,1874.1100,+0.004971,0.2186,0.2140,0.2389,1.0000,0,0,1.0000,TRADE,0.00,1706491131.91,1706491131.91
2010-02-23,1856.8500,-0.013101,0.2125,0.2155,0.2354,0.4000,0,0,0.4000,TRADE,995534659.28,663689772.85,1659224432.13
2010-02-24,1876.5800,+0.010626,0.2189,0.2063,0.2329,0.5000,0,0,0.5000,TRADE,839649013.71,839649013.71,1679298027.41
2010-02-26,1882.9900,+0.003181,0.2215,0.1978,0.2306,1.0000,0,0,1.0000,TRADE,0.00,1689293910.68,1689293910.68
2010-05-06,1962.3000,-0.032931,0.2465,0.3125,0.1834,0.8000,0,0,0.8000,TRADE,375924344.55,1503697378.19,1879621722.74
2010-05-07,1916.3900,-0.023396,0.2286,0.4152,0.1833,0.4000,0,0,0.4000,TRADE,1062117413.08,708078275.39,1770195688.47
2010-05-10,2013.1100,+0.050470,0.2626,0.3036,0.1895,0.7000,0,0,0.7000,TRADE,562747384.77,1313077231.12,1875824615.88
2010-05-12,2047.3700,+0.018136,0.2766,0.2700,0.1897,0.6000,0,0,0.6000,TRADE,778266972.58,1167400458.86,1945667431.44
2010-05-14,1976.4300,-0.019750,0.2479,0.3155,0.1890,0.2000,0,0,0.2000,TRADE,1459452533.83,364863133.46,1824315667.29
2010-05-20,1866.2100,-0.039126,0.2114,0.4663,0.1923,0.0000,0,0,0.0000,TRADE,1770748136.42,0.00,1770748136.42
2010-06-04,1900.8300,-0.033561,0.2174,0.3416,0.1941,0.1000,0,0,0.1000,TRADE,1593801569.20,177089063.24,1770890632.45
2010-06-09,1845.8700,-0.009264,0.1992,0.3482,0.1952,0.0000,0,0,0.0000,TRADE,1756074488.97,0.00,1756074488.97
2010-06-10,1898.9700,+0.028767,0.2157,0.3130,0.1971,0.1000,0,0,0.1000,TRADE,1580474827.17,175608314.13,1756083141.30
2010-06-11,1916.6700,+0.009321,0.2213,0.2880,0.1972,0.3000,0,0,0.3000,TRADE,1232473894.07,528203097.46,1760676991.53
2010-06-15,1968.9000,+0.028178,0.2376,0.2637,0.1976,0.2000,0,0,0.2000,TRADE,1439684133.69,359921033.42,1799605167.11
2010-06-16,1977.0200,+0.004124,0.2424,0.2592,0.1973,1.0000,0,0,1.0000,TRADE,0.00,1806865385.50,1806865385.50
2010-06-22,1951.3200,-0.008072,0.2334,0.2683,0.1948,0.4000,0,0,0.4000,TRADE,1043839829.67,695893219.78,1739733049.46
2010-06-24,1914.0800,-0.015912,0.2191,0.2909,0.1950,0.1000,0,0,0.1000,TRADE,1527419825.96,169713314.00,1697133139.95
2010-06-25,1907.7800,-0.003291,0.2190,0.2858,0.1941,0.0000,0,0,0.0000,TRADE,1697025545.63,0.00,1697025545.63
2010-07-20,1910.3100,+0.011758,0.2147,0.2521,0.1972,1.0000,0,0,1.0000,TRADE,0.00,1697234592.76,1697234592.76
2010-07-21,1886.0600,-0.012694,0.2072,0.2670,0.1975,0.4000,0,0,0.4000,TRADE,982680030.87,655120020.58,1637800051.45
2010-07-22,1933.5900,+0.025201,0.2211,0.2522,0.1989,1.0000,0,0,1.0000,TRADE,0.00,1681975162.14,1681975162.14
2010-08-11,1916.2300,-0.028320,0.2166,0.2690,0.1999,0.1000,0,0,0.1000,TRADE,1482531546.68,164725727.41,1647257274.09
2010-08-12,1902.5700,-0.007129,0.2105,0.2763,0.1994,0.0000,0,0,0.0000,TRADE,1642622161.93,0.00,1642622161.93
2010-08-17,1916.8200,+0.013386,0.2153,0.2592,0.1974,0.1000,0,0,0.1000,TRADE,1478398387.59,164266487.51,1642664875.10
2010-08-19,1893.7200,-0.015021,0.2093,0.2690,0.1975,0.0000,0,0,0.0000,TRADE,1638061498.76,0.00,1638061498.76
2010-08-27,1861.6900,+0.012784,0.1968,0.2631,0.1988,0.4000,0,0,0.4000,TRADE,982877790.37,655251860.25,1638129650.62
2010-08-30,1841.3800,-0.010909,0.1904,0.2789,0.1991,0.0000,0,0,0.0000,TRADE,1616914105.91,0.00,1616914105.91
2010-09-01,1891.3300,+0.029811,0.2053,0.2493,0.2000,0.4000,0,0,0.4000,TRADE,970158554.19,646772369.46,1616930923.65
2010-09-02,1912.6600,+0.011278,0.2124,0.2393,0.2003,0.6000,0,0,0.6000,TRADE,655652435.10,983478652.66,1639131087.76
2010-09-03,1943.6800,+0.016218,0.2232,0.2195,0.2008,1.0000,0,0,1.0000,TRADE,0.00,1689226705.23,1689226705.23
2011-03-15,2357.6700,-0.013577,0.3818,0.2679,0.1913,0.4000,0,0,0.4000,TRADE,1733690073.17,1155793382.11,2889483455.28
2011-03-23,2369.0800,+0.005577,0.3859,0.2196,0.1937,0.8000,0,0,0.8000,TRADE,580371040.50,2321484161.99,2901855202.49
2011-03-24,2412.4800,+0.018319,0.4069,0.2059,0.1945,1.0000,0,0,1.0000,TRADE,0.00,3028140254.15,3028140254.15
2011-03-28,2403.1000,-0.005726,0.4029,0.2223,0.1946,0.5000,0,0,0.5000,TRADE,1499299453.45,1499299453.45,2998598906.91
2011-03-30,2438.1200,+0.004723,0.4205,0.2038,0.1947,1.0000,0,0,1.0000,TRADE,0.00,3064348881.24,3064348881.24
2011-04-11,2415.4800,-0.002820,0.4074,0.1909,0.1946,0.5000,0,0,0.5000,TRADE,1484446501.89,1484446501.89,2968893003.78
2011-04-12,2398.5700,-0.007001,0.3994,0.1939,0.1944,0.4000,0,0,0.4000,TRADE,1763766667.99,1175844445.33,2939611113.32
2011-04-13,2417.7400,+0.007992,0.4089,0.1850,0.1944,1.0000,0,0,1.0000,TRADE,0.00,2967664724.96,2967664724.96
2011-04-14,2412.1300,-0.002320,0.4067,0.1770,0.1940,0.5000,0,0,0.5000,TRADE,1475728569.28,1475728569.28,2951457138.55
2011-04-15,2408.3000,-0.001588,0.4041,0.1748,0.1940,0.4000,0,0,0.4000,TRADE,1765152005.38,1176768003.59,2941920008.97
2011-04-19,2407.4500,+0.006295,0.4034,0.1623,0.1941,0.5000,0,0,0.5000,TRADE,1470030317.29,1470030317.29,2940060634.58
2011-04-20,2460.6700,+0.022106,0.4303,0.1649,0.1952,1.0000,0,0,1.0000,TRADE,0.00,3037885819.40,3037885819.40
2011-05-16,2441.3800,-0.017379,0.4189,0.1950,0.1770,0.9000,0,0,0.9000,TRADE,295729921.26,2661569291.35,2957299212.61
2011-05-23,2421.1500,-0.014703,0.4081,0.1921,0.1720,0.8000,0,0,0.8000,TRADE,577839271.14,2311357084.58,2889196355.72
2011-05-24,2407.3200,-0.005712,0.4004,0.1940,0.1722,0.4000,0,0,0.4000,TRADE,1707387070.31,1138258046.87,2845645117.18
2011-05-26,2431.1100,+0.006483,0.4125,0.1726,0.1682,0.8000,0,0,0.8000,TRADE,575985531.23,2303942124.93,2879927656.16
2011-05-27,2441.9000,+0.004438,0.4187,0.1687,0.1681,0.9000,0,0,0.9000,TRADE,291429362.14,2622864259.25,2914293621.38
2011-05-31,2480.0000,+0.015603,0.4388,0.1644,0.1684,1.0000,0,0,1.0000,TRADE,0.00,3040513024.96,3040513024.96
2011-06-01,2428.5000,-0.020766,0.4108,0.1924,0.1682,0.4000,0,0,0.4000,TRADE,1707749305.39,1138499536.93,2846248842.32
2011-06-06,2378.3500,-0.007776,0.3849,0.1958,0.1642,0.3000,0,0,0.3000,TRADE,1942133330.31,832342855.85,2774476186.15
2011-06-10,2322.7000,-0.015759,0.3588,0.1985,0.1624,0.1000,0,0,0.1000,TRADE,2446244043.07,271804893.67,2718048936.74
2011-06-17,2293.4400,-0.003169,0.3445,0.2358,0.1618,0.0000,0,0,0.0000,TRADE,2707301552.55,0.00,2707301552.55
2011-06-21,2354.9900,+0.021528,0.3724,0.2036,0.1626,0.1000,0,0,0.1000,TRADE,2436595418.55,270732824.28,2707328242.83
2011-06-24,2318.7200,-0.016846,0.3544,0.2258,0.1630,0.0000,0,0,0.0000,TRADE,2694249910.58,0.00,2694249910.58
2011-06-27,2355.5100,+0.015867,0.3716,0.2196,0.1637,0.1000,0,0,0.1000,TRADE,2424842848.58,269426983.18,2694269831.76
2011-06-28,2390.5600,+0.014880,0.3882,0.2071,0.1591,0.3000,1,0,1.0000,TRADE,0.00,2706365510.47,2706365510.47
2011-08-02,2398.9900,-0.025997,0.3884,0.2569,0.1582,0.0000,0,0,0.0000,TRADE,2707747439.98,0.00,2707747439.98
2011-08-03,2421.0700,+0.009204,0.3985,0.2473,0.1582,0.7000,1,0,1.0000,TRADE,0.00,2707754854.77,2707754854.77
2011-08-04,2310.7000,-0.045587,0.3443,0.3168,0.1651,0.0000,0,0,0.0000,TRADE,2339236496.31,0.00,2339236496.31
2011-09-14,2361.6100,+0.014485,0.3451,0.3336,0.2053,1.0000,0,0,1.0000,TRADE,0.00,2339482493.43,2339482493.43
2011-09-22,2290.2400,-0.032638,0.3135,0.4025,0.2088,0.0000,0,0,0.0000,TRADE,2125212998.48,0.00,2125212998.48
2011-09-26,2342.3400,+0.012427,0.3343,0.3924,0.2082,1.0000,0,0,1.0000,TRADE,-0.00,2125231623.12,2125231623.12
2011-09-28,2328.2500,-0.014514,0.3282,0.4076,0.2089,0.0000,0,0,0.0000,TRADE,2087056529.18,0.00,2087056529.18
2011-10-06,2325.8800,+0.016134,0.3249,0.3732,0.2136,0.4000,0,0,0.4000,TRADE,1252254837.42,834836558.28,2087091395.70
2011-10-10,2389.7900,+0.034452,0.3509,0.3448,0.2162,0.3000,0,0,0.3000,TRADE,1507645528.57,646133797.96,2153779326.53
2011-10-11,2406.8500,+0.007139,0.3584,0.3410,0.2162,0.7000,0,0,0.7000,TRADE,650274342.88,1517306800.05,2167581142.94
2011-10-12,2419.7100,+0.005343,0.3641,0.3234,0.2161,1.0000,0,0,1.0000,TRADE,0.00,2191954493.97,2191954493.97
2011-11-04,2472.6300,-0.004810,0.3815,0.2935,0.2240,0.4000,0,0,0.4000,TRADE,1377901847.94,918601231.96,2296503079.90
2011-11-07,2488.1200,+0.006265,0.3900,0.2883,0.2241,1.0000,0,0,1.0000,TRADE,0.00,2316943529.93,2316943529.93
2011-11-09,2428.7000,-0.035714,0.3613,0.3461,0.2273,0.4000,0,0,0.4000,TRADE,1287925261.49,858616840.99,2146542102.48
2011-11-10,2426.5700,-0.000877,0.3598,0.3267,0.2272,1.0000,0,0,1.0000,TRADE,0.00,2143006032.96,2143006032.96
2011-11-14,2457.2600,-0.006140,0.3736,0.3073,0.2274,0.8000,0,0,0.8000,TRADE,444974390.70,1779897562.82,2224871953.52
2011-11-15,2485.3800,+0.011444,0.3856,0.3004,0.2269,1.0000,0,0,1.0000,TRADE,0.00,2282094245.29,2282094245.29
2011-11-16,2441.9500,-0.017474,0.3666,0.3194,0.2276,0.4000,0,0,0.4000,TRADE,1301762767.11,867841844.74,2169604611.84
2011-11-17,2387.1000,-0.022462,0.3413,0.3434,0.2282,0.0000,0,0,0.0000,TRADE,2109925048.16,0.00,2109925048.16
2011-11-18,2368.0700,-0.007972,0.3332,0.3183,0.2284,0.4000,0,0,0.4000,TRADE,1265957802.49,843971868.32,2109929670.81
2011-11-21,2324.2000,-0.018526,0.3138,0.3293,0.2290,0.0000,0,0,0.0000,TRADE,2060912548.81,0.00,2060912548.81
2011-11-30,2412.7800,+0.037916,0.3472,0.2777,0.2329,0.4000,0,0,0.4000,TRADE,1236571911.94,824381274.63,2060953186.57
2011-12-01,2427.5100,+0.006105,0.3546,0.2720,0.2327,0.8000,0,0,0.8000,TRADE,415725988.46,1662903953.83,2078629942.28
2011-12-08,2399.7300,-0.016351,0.3422,0.3000,0.2335,0.7000,0,0,0.7000,TRADE,606070357.75,1414164168.09,2020234525.84
2011-12-09,2437.6700,+0.015810,0.3584,0.2599,0.2340,1.0000,0,0,1.0000,TRADE,0.00,2087292556.61,2087292556.61
2011-12-12,2409.8700,-0.011404,0.3467,0.2456,0.2342,0.4000,0,0,0.4000,TRADE,1211282152.00,807521434.66,2018803586.66
2011-12-13,2384.8500,-0.010382,0.3349,0.2529,0.2345,0.0000,0,0,0.0000,TRADE,1991527784.26,0.00,1991527784.26
2011-12-20,2399.4200,+0.030095,0.3397,0.2250,0.2369,0.4000,0,0,0.4000,TRADE,1194932706.40,796621804.27,1991554510.66
2011-12-21,2364.8800,-0.014395,0.3255,0.2229,0.2374,0.0000,0,0,0.0000,TRADE,1958390029.55,0.00,1958390029.55
2011-12-22,2383.5300,+0.007886,0.3335,0.2189,0.2375,0.1000,0,0,0.1000,TRADE,1762554405.65,195839378.41,1958393784.06
2011-12-23,2405.4000,+0.009175,0.3421,0.2137,0.2377,0.5000,0,0,0.5000,TRADE,981734118.89,981734118.89,1963468237.77
2011-12-28,2383.8700,-0.011351,0.3337,0.2354,0.2379,0.0000,0,0,0.0000,TRADE,1939266707.08,0.00,1939266707.08
2011-12-29,2402.7900,+0.007937,0.3402,0.2307,0.2381,0.1000,0,0,0.1000,TRADE,1745343382.43,193927042.49,1939270424.93
2012-01-03,2442.1200,+0.019504,0.3566,0.2302,0.2383,1.0000,0,0,1.0000,TRADE,0.00,1948651355.98,1948651355.99
2012-05-08,2774.7000,-0.003555,0.5114,0.2128,0.2363,0.5000,0,0,0.5000,TRADE,1397355718.64,1397355718.64,2794711437.29
2012-05-09,2765.7100,-0.003240,0.5086,0.2198,0.2362,0.4000,0,0,0.4000,TRADE,1672193138.48,1114795425.65,2786988564.13
2012-05-18,2617.5300,-0.012119,0.4271,0.2755,0.2365,0.3000,0,0,0.3000,TRADE,1825992377.94,782568161.98,2608560539.92
2012-05-21,2688.2800,+0.027029,0.4631,0.2430,0.2378,0.4000,0,0,0.4000,TRADE,1604643548.24,1069762365.49,2674405913.74
2012-06-01,2597.6700,-0.026145,0.4164,0.2863,0.2378,0.1000,0,0,0.1000,TRADE,2310053473.95,256672608.22,2566726082.16
2012-06-04,2618.0600,+0.007849,0.4254,0.2817,0.2375,0.3000,0,0,0.3000,TRADE,1800583244.79,771678533.48,2572261778.27
2012-06-06,2691.1300,+0.024038,0.4607,0.2375,0.2385,0.4000,0,0,0.4000,TRADE,1581825206.61,1054550137.74,2636375344.34
2012-06-18,2740.2100,+0.008279,0.4857,0.1964,0.2383,1.0000,0,0,1.0000,TRADE,0.00,2693706408.46,2693706408.46
2012-06-21,2702.7300,-0.025299,0.4658,0.2078,0.2389,0.4000,0,0,0.4000,TRADE,1549843355.35,1033228903.56,2583072258.91
2012-06-22,2732.9300,+0.011174,0.4802,0.1912,0.2390,1.0000,0,0,1.0000,TRADE,0.00,2615224363.64,2615224363.64
2012-06-25,2677.9800,-0.020107,0.4518,0.2128,0.2393,0.4000,0,0,0.4000,TRADE,1476069077.06,984046051.38,2460115128.44
2012-06-27,2711.8300,+0.006166,0.4689,0.2068,0.2385,1.0000,0,0,1.0000,TRADE,0.00,2497527422.34,2497527422.34
2012-06-28,2681.3000,-0.011258,0.4521,0.2151,0.2388,0.4000,0,0,0.4000,TRADE,1444599714.35,963066476.24,2407666190.59
2012-06-29,2765.2100,+0.031295,0.4962,0.1865,0.2403,1.0000,0,0,1.0000,TRADE,0.00,2501758616.31,2501758616.31
2012-07-10,2733.7300,-0.009497,0.4769,0.2067,0.2394,0.4000,0,0,0.4000,TRADE,1442515485.40,961676990.27,2404192475.67
2012-07-12,2691.4800,-0.009994,0.4567,0.2097,0.2396,0.3000,0,0,0.3000,TRADE,1654503328.29,709072854.98,2363576183.28
2012-07-13,2733.4300,+0.015586,0.4766,0.1909,0.2397,1.0000,0,0,1.0000,TRADE,0.00,2394398820.04,2394398820.04
2012-07-16,2725.0625,-0.003061,0.4730,0.1954,0.2394,0.8000,0,0,0.8000,TRADE,475289710.74,1901158842.97,2376448553.71
2012-07-17,2740.4956,+0.005663,0.4802,0.1891,0.2394,1.0000,0,0,1.0000,TRADE,0.00,2405573426.94,2405573426.94
2012-07-23,2738.6767,-0.010739,0.4779,0.2061,0.2393,0.8000,0,0,0.8000,TRADE,478728526.44,1914914105.74,2393642632.18
2012-07-25,2695.6663,-0.007091,0.4565,0.2144,0.2395,0.7000,0,0,0.7000,TRADE,692442371.79,1615698867.51,2308141239.31
2012-07-26,2733.3529,+0.013980,0.4744,0.2011,0.2385,0.8000,0,0,0.8000,TRADE,474273474.32,1897093897.26,2371367371.58
2012-07-27,2799.3396,+0.024141,0.5103,0.1858,0.2396,1.0000,0,0,1.0000,TRADE,0.00,2515038869.69,2515038869.69
2012-10-11,2885.1757,-0.003422,0.5524,0.1833,0.1788,0.5000,0,0,0.5000,TRADE,1361213236.93,1361213236.93,2722426473.87
2012-10-15,2907.1057,+0.007254,0.5633,0.1755,0.1778,1.0000,0,0,1.0000,TRADE,0.00,2749350405.76,2749350405.76
2012-10-17,2945.0569,-0.000991,0.5860,0.1689,0.1771,0.5000,0,0,0.5000,TRADE,1430136969.97,1430136969.97,2860273939.94
2012-10-19,2841.8078,-0.023998,0.5251,0.2005,0.1779,0.4000,0,0,0.4000,TRADE,1626949119.15,1084632746.10,2711581865.24
2012-10-23,2828.7619,-0.010591,0.5176,0.2066,0.1768,0.0000,0,0,0.0000,TRADE,2696030185.05,0.00,2696030185.05
2012-11-05,2837.6350,+0.006675,0.5224,0.1954,0.1716,0.4000,0,0,0.4000,TRADE,1617710222.06,1078473481.37,2696183703.43
2012-11-07,2776.0487,-0.024674,0.4879,0.2042,0.1721,0.1000,0,0,0.1000,TRADE,2362410590.29,262490065.59,2624900655.88
2012-11-08,2733.4513,-0.015345,0.4651,0.2014,0.1728,0.0000,0,0,0.0000,TRADE,2612630221.78,0.00,2612630221.78
2012-11-23,2808.3443,+0.015041,0.5027,0.1621,0.1660,0.1000,0,0,0.1000,TRADE,2351521691.57,261280187.95,2612801879.52
2012-11-28,2836.5726,+0.009058,0.5169,0.1675,0.1644,0.4000,0,0,0.4000,TRADE,1572138144.34,1048092096.23,2620230240.57
2012-11-29,2852.3408,+0.005559,0.5258,0.1640,0.1612,1.0000,0,0,1.0000,TRADE,0.00,2638349266.21,2638349266.21
2013-02-21,2895.6233,-0.010393,0.5404,0.1649,0.1567,0.6000,0,0,0.6000,TRADE,1084622387.08,1626933580.62,2711555967.70
2013-02-22,2923.1448,+0.009505,0.5563,0.1568,0.1569,1.0000,0,0,1.0000,TRADE,0.00,2759365802.11,2759365802.11
2013-02-25,2884.3629,-0.013267,0.5355,0.1935,0.1575,0.6000,0,0,0.6000,TRADE,1062588953.28,1593883429.91,2656472383.19
2013-02-27,2927.6095,+0.010471,0.5584,0.1634,0.1577,1.0000,1,0,1.0000,TRADE,0.00,2724715964.30,2724715964.30
2013-02-28,2924.7556,-0.000975,0.5564,0.1630,0.1577,0.6000,0,0,0.6000,TRADE,1085818201.25,1628727301.87,2714545503.12
2013-03-01,2934.5474,+0.003348,0.5621,0.1564,0.1574,1.0000,0,0,1.0000,TRADE,0.00,2731401716.66,2731401716.66
2013-03-04,2947.1295,+0.004288,0.5694,0.1539,0.1574,0.6000,0,0,0.6000,TRADE,1106641746.14,1659962619.21,2766604365.35
2013-03-05,2989.5418,+0.014391,0.5944,0.1460,0.1579,1.0000,1,0,1.0000,TRADE,0.00,2839523053.84,2839523053.84
2013-04-03,2987.3381,-0.009071,0.5906,0.1494,0.1560,0.6000,0,0,0.6000,TRADE,1128603281.48,1692904922.21,2821508203.69
2013-04-04,2988.0501,+0.000238,0.5909,0.1526,0.1560,1.0000,1,0,1.0000,TRADE,0.00,2822364874.05,2822364874.05
2013-04-05,2963.2755,-0.008291,0.5764,0.1552,0.1559,0.6000,0,0,0.6000,TRADE,1101263421.42,1651895132.13,2753158553.55
2013-04-08,2978.6931,+0.005203,0.5852,0.1489,0.1559,1.0000,1,0,1.0000,TRADE,0.00,2778485356.78,2778485356.78
2015-08-20,4837.2859,-0.027882,2.0846,0.2161,0.1451,0.0000,0,0,0.0000,TRADE,9896976086.20,0.00,9896976086.20
2015-10-05,4783.2193,+0.015120,1.9309,0.2282,0.1777,1.0000,0,0,1.0000,TRADE,0.00,9898699557.39,9898699557.39
2015-10-06,4755.9075,-0.005710,1.9033,0.2265,0.1778,0.0000,0,0,0.0000,TRADE,9757203554.19,0.00,9757203554.19
2015-10-09,4825.9539,+0.004565,1.9814,0.2050,0.1752,1.0000,0,0,1.0000,TRADE,0.00,9757299732.40,9757299732.40
2015-11-13,4978.8942,-0.018914,2.1575,0.2124,0.1740,0.9000,0,0,0.9000,TRADE,1062468534.41,9562216809.71,10624685344.12
2015-11-16,5048.9316,+0.014067,2.2475,0.1879,0.1745,1.0000,0,0,1.0000,TRADE,0.00,11023377719.48,11023377719.48
2015-12-18,4998.7388,-0.018119,2.1593,0.2150,0.1771,0.6000,0,0,0.6000,TRADE,4236374018.40,6354561027.60,10590935046.00
2015-12-21,5050.0387,+0.010263,2.2234,0.2022,0.1773,1.0000,0,0,1.0000,TRADE,0.00,10779771671.74,10779771671.74
2015-12-28,5117.3619,-0.000308,2.3120,0.1887,0.1774,0.5000,0,0,0.5000,TRADE,5604577369.39,5604577369.39,11209154738.77
2015-12-29,5194.9441,+0.015161,2.4174,0.1784,0.1780,1.0000,0,0,1.0000,TRADE,0.00,11464797154.51,11464797154.51
2015-12-30,5151.6793,-0.008328,2.3557,0.1888,0.1781,0.5000,0,0,0.5000,TRADE,5585957389.72,5585957389.72,11171914779.44
2016-01-04,4982.5841,-0.020455,2.1297,0.2242,0.1794,0.4000,0,0,0.4000,TRADE,6381748420.17,4254498946.78,10636247366.96
2016-01-06,4922.9579,-0.008953,2.0541,0.2248,0.1785,0.0000,0,0,0.0000,TRADE,10485226241.53,0.00,10485226241.53
2016-02-25,4708.8950,+0.009654,1.7306,0.2262,0.1976,1.0000,0,0,1.0000,TRADE,0.00,10490377539.90,10490377539.90
2016-04-26,4949.9771,-0.004731,1.9851,0.1726,0.1983,0.6000,0,0,0.6000,TRADE,4813415125.85,7220122688.78,12033537814.64
2016-04-28,4851.6316,-0.011844,1.8688,0.1807,0.1987,0.2000,0,0,0.2000,TRADE,9288328665.86,2322082166.47,11610410832.33
2016-05-04,4795.3726,-0.006521,1.8011,0.1932,0.1974,0.1000,0,0,0.1000,TRADE,10374151742.91,1152683526.99,11526835269.90
2016-05-05,4795.7610,+0.000081,1.8001,0.1914,0.1973,0.2000,0,0,0.2000,TRADE,9221044379.21,2305261094.80,11526305474.01
2016-05-10,4898.9898,+0.014017,1.9194,0.1627,0.1973,0.6000,0,0,0.6000,TRADE,4671842923.64,7007764385.45,11679607309.09
2016-05-11,4853.4301,-0.009300,1.8670,0.1716,0.1975,0.2000,0,0,0.2000,TRADE,9190606738.06,2297651684.52,11488258422.58
2016-05-12,4833.1790,-0.004173,1.8408,0.1726,0.1975,0.1000,0,0,0.1000,TRADE,10310483487.43,1145609276.38,11456092763.82
2016-05-19,4807.1631,-0.005222,1.8078,0.1788,0.1978,0.0000,0,0,0.0000,TRADE,11436308645.47,0.00,11436308645.47
2016-05-20,4859.8780,+0.010966,1.8682,0.1640,0.1980,0.1000,0,0,0.1000,TRADE,10292781925.64,1143642436.18,11436424361.82
2016-05-24,4950.9022,+0.020544,1.9728,0.1532,0.1987,1.0000,0,0,1.0000,TRADE,0.00,11500903378.28,11500903378.28
2016-06-13,4929.5435,-0.008556,1.9456,0.2061,0.1978,0.1000,0,0,0.1000,TRADE,10208077626.71,1134230847.41,11342308474.13
2016-06-14,4932.5645,+0.000613,1.9466,0.2043,0.1977,1.0000,0,0,1.0000,TRADE,0.00,11342993577.74,11342993577.74
2016-06-15,4915.6046,-0.003438,1.9292,0.2019,0.1977,0.1000,0,0,0.1000,TRADE,10117048109.91,1124116456.66,11241164566.57
2016-06-17,4876.4437,-0.011268,1.8765,0.2025,0.1975,0.0000,0,0,0.0000,TRADE,11210712133.28,0.00,11210712133.28
2016-06-23,4980.2479,+0.014247,1.9977,0.1821,0.1979,0.6000,0,0,0.6000,TRADE,4484564445.39,6726846668.08,11211411113.47
2016-06-24,4777.6030,-0.040690,1.7530,0.2488,0.2022,0.0000,0,0,0.0000,TRADE,10387655663.09,0.00,10387655663.09
2016-06-30,4925.1918,+0.012134,1.9127,0.1758,0.2037,0.4000,0,0,0.4000,TRADE,6232981995.76,4155321330.51,10388303326.27
2016-07-06,4957.2076,+0.007698,1.9494,0.1749,0.2040,1.0000,0,0,1.0000,TRADE,0.00,10468510093.50,10468510093.50
2016-10-13,5373.3500,-0.003430,2.4435,0.1765,0.1706,0.5000,0,0,0.5000,TRADE,6560815246.56,6560815246.56,13121630493.12
2016-10-14,5379.3723,+0.001121,2.4490,0.1740,0.1698,1.0000,0,0,1.0000,TRADE,0.00,13136630930.25,13136630930.25
2016-10-17,5365.5947,-0.002561,2.4321,0.1758,0.1698,0.5000,0,0,0.5000,TRADE,6523046721.02,6523046721.02,13046093442.05
2016-10-18,5414.3167,+0.009080,2.4945,0.1697,0.1699,1.0000,0,0,1.0000,TRADE,0.00,13213394536.80,13213394536.80
2016-11-01,5333.1321,-0.007151,2.3857,0.2066,0.1668,0.4000,0,0,0.4000,TRADE,7582187864.40,5054791909.60,12636979774.01
2016-11-08,5380.7655,+0.006534,2.4377,0.2020,0.1688,1.0000,0,0,1.0000,TRADE,-0.00,12747807090.57,12747807090.57
2016-11-10,5315.9657,-0.016198,2.3543,0.1907,0.1696,0.8000,0,0,0.8000,TRADE,2462333566.65,9849334266.60,12311667833.25
2016-11-14,5266.3149,-0.010366,2.2729,0.1970,0.1685,0.4000,0,0,0.4000,TRADE,7182701702.73,4788467801.82,11971169504.55
2016-11-16,5371.3435,+0.005849,2.4168,0.1730,0.1686,0.9000,0,0,0.9000,TRADE,1227463693.70,11047173243.28,12274636936.98
2016-11-17,5409.9296,+0.007184,2.4728,0.1602,0.1677,1.0000,0,0,1.0000,TRADE,-0.00,12530612294.90,12530612294.90
2016-11-18,5389.2672,-0.003819,2.4450,0.1551,0.1677,0.5000,0,0,0.5000,TRADE,6194869519.65,6194869519.65,12389739039.30
2016-11-21,5446.4972,+0.010619,2.5185,0.1474,0.1679,1.0000,0,0,1.0000,TRADE,0.00,12576102700.18,12576102700.18
2016-12-01,5308.7141,-0.015947,2.3273,0.1718,0.1688,0.4000,0,0,0.4000,TRADE,6972732336.31,4648488224.20,11621220560.51
2016-12-07,5441.1659,+0.013259,2.4973,0.1520,0.1670,1.0000,0,0,1.0000,TRADE,0.00,11961350675.05,11961350675.05
2018-04-10,7527.8007,+0.022176,5.7618,0.2515,0.1602,0.7000,0,0,0.7000,TRADE,8279355950.12,19318497216.94,27597853167.05
2018-04-12,7573.7497,+0.011060,5.8635,0.2290,0.1605,0.4000,0,0,0.4000,TRADE,16763697396.28,11175798264.19,27939495660.47
2018-04-13,7541.9895,-0.004193,5.7765,0.2206,0.1605,0.8000,0,0,0.8000,TRADE,5554898303.19,22219593212.77,27774491515.97
2018-04-17,7755.9332,+0.021151,6.2817,0.1943,0.1616,1.0000,0,0,1.0000,TRADE,-0.00,29718671226.62,29718671226.62
2018-04-20,7586.8301,-0.015814,5.8583,0.2163,0.1626,0.4000,0,0,0.4000,TRADE,16629453536.20,11086302357.47,27715755893.67
2018-05-04,7704.5194,+0.019177,6.0994,0.1841,0.1662,1.0000,0,0,1.0000,TRADE,0.00,28182661636.63,28182661636.63
2018-10-05,8462.4768,-0.012149,7.7146,0.2150,0.1663,0.5000,0,0,0.5000,TRADE,17822900665.80,17822900665.80,35645801331.61
2018-10-08,8409.6547,-0.006242,7.5764,0.2219,0.1665,0.4000,0,0,0.4000,TRADE,21197804643.24,14131869762.16,35329674405.40
2018-10-10,8057.1264,-0.044376,6.6447,0.2753,0.1727,0.1000,0,0,0.1000,TRADE,30234889449.44,3359432161.05,33594321610.49
2018-10-12,8186.0417,+0.027740,6.9140,0.2469,0.1752,0.4000,0,0,0.4000,TRADE,20240428129.68,13493618753.12,33734046882.80
2018-10-15,8084.7766,-0.012370,6.6530,0.2681,0.1757,0.3000,0,0,0.3000,TRADE,23259890682.91,9968524578.39,33228415261.31
2018-10-16,8322.3968,+0.029391,7.2261,0.2251,0.1779,0.4000,0,0,0.4000,TRADE,20453084009.27,13635389339.51,34088473348.78
2018-10-18,8139.0105,-0.022332,6.7472,0.2608,0.1794,0.3000,0,0,0.3000,TRADE,23230984381.73,9956136163.60,33187120545.33
2018-10-22,8167.7464,+0.004781,6.8210,0.2516,0.1794,0.4000,0,0,0.4000,TRADE,19980984579.85,13320656386.57,33301640966.41
2018-10-23,8142.0827,-0.003142,6.7460,0.2526,0.1793,0.3000,0,0,0.3000,TRADE,23209366889.25,9946871523.96,33156238413.21
2018-10-24,7765.1894,-0.046290,5.8286,0.3025,0.1856,0.0000,0,0,0.0000,TRADE,31804897942.99,0.00,31804897942.99
2018-12-03,8092.2105,+0.016278,6.3492,0.2170,0.2046,1.0000,0,0,1.0000,TRADE,0.00,31880769072.22,31880769072.22
2018-12-04,7786.5305,-0.037775,5.6510,0.2538,0.2079,0.0000,0,0,0.0000,TRADE,28375016498.81,0.00,28375016498.81
2019-01-09,7571.9497,+0.007472,4.9619,0.2642,0.2331,1.0000,0,0,1.0000,TRADE,0.00,28438597534.29,28438597534.29
2019-01-14,7503.5149,-0.009143,4.8211,0.2574,0.2332,0.0000,0,0,0.0000,TRADE,27631732866.72,0.00,27631732866.72
2019-01-15,7651.0380,+0.019661,5.0884,0.2366,0.2339,1.0000,0,0,1.0000,TRADE,0.00,27633528346.22,27633528346.22
2019-05-21,8584.3852,+0.010102,6.8709,0.1958,0.2096,0.5000,0,0,0.5000,TRADE,18656821611.24,18656821611.24,37313643222.48
2019-05-22,8549.6620,-0.004045,6.7814,0.1984,0.2096,1.0000,0,0,1.0000,TRADE,0.00,37071794159.22,37071794159.22
2019-05-23,8419.9641,-0.015170,6.4615,0.2131,0.2102,0.8000,0,0,0.8000,TRADE,7064648700.12,28258594800.49,35323243500.61
2019-05-24,8411.9305,-0.000954,6.4520,0.2063,0.2100,0.4000,0,0,0.4000,TRADE,21169169432.31,14112779621.54,35281949053.84
2019-05-31,8213.9494,-0.016210,5.9937,0.2323,0.2107,0.3000,0,0,0.3000,TRADE,24002355521.71,10286723795.02,34289079316.73
2019-06-03,8041.1665,-0.021035,5.6105,0.2422,0.2118,0.0000,0,0,0.0000,TRADE,33636222720.45,0.00,33636222720.45
2019-06-04,8258.6508,+0.027046,6.0653,0.2149,0.2128,0.4000,0,0,0.4000,TRADE,20183034217.99,13455356145.33,33638390363.32
2019-06-07,8549.7524,+0.019435,6.7038,0.1993,0.2137,0.5000,0,0,0.5000,TRADE,17529392656.29,17529392656.29,35058785312.57
2019-06-11,8661.3330,+0.001610,6.9747,0.2022,0.2138,1.0000,0,0,1.0000,TRADE,0.00,35771718809.28,35771718809.28
2019-06-12,8613.4322,-0.005530,6.8565,0.2058,0.2139,0.5000,0,0,0.5000,TRADE,17582867193.39,17582867193.39,35165734386.77
2019-06-13,8659.2641,+0.005321,6.9687,0.2003,0.2139,1.0000,0,0,1.0000,TRADE,0.00,35454557609.69,35454557609.69
2019-06-14,8622.8640,-0.004204,6.8780,0.1985,0.2139,0.5000,0,0,0.5000,TRADE,17496541859.58,17496541859.58,34993083719.16
2019-06-17,8677.5842,+0.006346,7.0033,0.2004,0.2138,1.0000,0,0,1.0000,TRADE,0.00,35315248683.03,35315248683.03
2019-08-02,8875.1313,-0.013888,7.3662,0.2137,0.2118,0.9000,0,0,0.9000,TRADE,3714480454.40,33430324089.56,37144804543.96
2019-08-05,8555.4316,-0.036022,6.5928,0.2756,0.2145,0.8000,0,0,0.8000,TRADE,6727117619.61,26908470478.43,33635588098.03
2019-08-08,8914.3289,+0.022906,7.4246,0.2114,0.2161,1.0000,0,0,1.0000,TRADE,0.00,37031973101.45,37031973101.45
2019-08-12,8729.4487,-0.011062,6.9640,0.2518,0.2166,0.8000,0,0,0.8000,TRADE,6946843137.00,27787372547.99,34734215684.98
2019-08-15,8645.4968,-0.000687,6.7276,0.2479,0.2197,0.4000,0,0,0.4000,TRADE,20275505496.55,13517003664.37,33792509160.92
2019-08-19,8916.7316,+0.015203,7.3674,0.2043,0.2204,0.8000,0,0,0.8000,TRADE,7016494449.80,28065977799.18,35082472248.98
2019-08-20,8853.9861,-0.007037,7.2158,0.2127,0.2205,0.4000,0,0,0.4000,TRADE,20703277121.13,13802184747.42,34505461868.55
2019-08-21,8933.9530,+0.009032,7.3996,0.1981,0.2207,0.8000,0,0,0.8000,TRADE,6971643468.99,27886573875.98,34858217344.97
2019-08-22,8904.2414,-0.003326,7.3280,0.2083,0.2207,0.4000,0,0,0.4000,TRADE,20753248287.62,13835498858.41,34588747146.03
2019-09-03,8792.4989,-0.010578,7.0093,0.2337,0.2235,0.5000,0,0,0.5000,TRADE,17000746182.27,17000746182.27,34001492364.55
2019-09-05,9086.3438,+0.018729,7.7075,0.1991,0.2246,1.0000,0,0,1.0000,TRADE,0.00,35696790082.73,35696790082.73
2019-09-24,8913.7534,-0.013879,7.2766,0.2045,0.2238,0.5000,0,0,0.5000,TRADE,16850675674.85,16850675674.85,33701351349.71
2019-09-25,9021.8472,+0.012127,7.5094,0.1914,0.2241,1.0000,0,0,1.0000,TRADE,-0.00,34241217780.25,34241217780.25
2019-09-26,8985.3725,-0.004043,7.4342,0.1941,0.2241,0.5000,0,0,0.5000,TRADE,16949185351.24,16949185351.24,33898370702.48
2019-09-27,8881.3759,-0.011574,7.1645,0.2089,0.2244,0.4000,0,0,0.4000,TRADE,19970615994.26,13313743996.17,33284359990.43
2019-09-30,8960.0257,+0.008856,7.3554,0.2003,0.2244,0.5000,0,0,0.5000,TRADE,16821265709.71,16821265709.71,33642531419.42
2019-10-01,8885.5425,-0.008313,7.1776,0.2195,0.2246,0.4000,0,0,0.4000,TRADE,19942070180.24,13294713453.49,33236783633.73
2019-10-02,8731.3366,-0.017355,6.8100,0.2371,0.2252,0.3000,0,0,0.3000,TRADE,22789829501.41,9767069786.32,32556899287.73
2019-10-03,8834.5375,+0.011820,7.0344,0.2233,0.2255,0.8000,0,0,0.8000,TRADE,6575966861.56,26303867446.23,32879834307.79
2019-10-04,8968.3648,+0.015148,7.3304,0.2024,0.2260,0.9000,0,0,0.9000,TRADE,3398694388.21,30588249493.89,33986943882.10
2019-10-07,8934.8548,-0.003736,7.2623,0.2163,0.2252,0.8000,0,0,0.8000,TRADE,6740715192.34,26962860769.35,33703575961.68
2019-10-08,8795.0688,-0.015645,6.9317,0.2340,0.2254,0.4000,0,0,0.4000,TRADE,19485909759.43,12990606506.29,32476516265.72
2019-10-09,8894.9846,+0.011360,7.1418,0.2188,0.2256,0.8000,0,0,0.8000,TRADE,6574228038.92,26296912155.69,32871140194.61
2019-10-11,9072.3467,+0.013373,7.5714,0.1944,0.2214,1.0000,0,0,1.0000,TRADE,0.00,34453823409.11,34453823409.11
2020-02-27,9796.4848,-0.049180,9.0522,0.4100,0.1693,0.4000,0,0,0.4000,TRADE,24715323958.96,16476882639.30,41192206598.26
2020-02-28,9825.8595,+0.002998,9.1931,0.4313,0.1693,0.4000,0,1,0.0000,TRADE,41449697310.08,0.00,41449697310.08
2020-03-26,9177.2339,+0.057234,5.9075,0.5760,0.3082,0.1000,0,0,0.1000,TRADE,37325432297.86,4147270255.32,41472702553.18
2020-03-27,8818.4298,-0.039097,5.2938,0.6138,0.3108,0.0000,0,0,0.0000,TRADE,41042544903.21,0.00,41042544903.21
2020-03-30,9168.3675,+0.039683,5.8502,0.5504,0.3131,0.1000,0,0,0.1000,TRADE,36940257494.83,4104473054.98,41044730549.81
2020-03-31,9081.8173,-0.009440,5.6878,0.5129,0.3130,0.0000,0,0,0.0000,TRADE,40931466066.14,0.00,40931466066.14
2020-04-06,9395.7546,+0.073531,6.1248,0.4293,0.3245,0.1000,0,0,0.1000,TRADE,36839225626.85,4093247291.87,40932472918.72
2020-04-08,9567.6791,+0.022391,6.5032,0.4234,0.3253,0.2000,0,0,0.2000,TRADE,32948407822.70,8237101955.68,41185509778.38
2020-04-09,9578.2862,+0.001109,6.5271,0.4136,0.3252,0.7000,0,0,0.7000,TRADE,12364739786.08,28851059500.85,41215799286.92
2020-04-24,10215.9827,+0.016804,7.7724,0.3650,0.3328,0.6000,0,0,0.6000,TRADE,18688117837.79,28032176756.68,46720294594.47
2020-04-28,10089.4089,-0.018111,7.4954,0.3661,0.3334,0.7000,0,0,0.7000,TRADE,13716419608.94,32004979087.53,45721398696.47
2020-05-01,10137.9045,-0.031276,7.5825,0.3776,0.3366,0.6000,0,0,0.6000,TRADE,18437440446.96,27656160670.45,46093601117.41
2020-05-05,10384.9376,+0.010924,8.1007,0.3537,0.3365,0.7000,0,0,0.7000,TRADE,14395081585.15,33588523698.69,47983605283.84
2020-05-06,10449.6386,+0.006230,8.2607,0.3560,0.3359,0.8000,0,0,0.8000,TRADE,9729395576.70,38917582306.81,48646977883.51
2020-05-08,10727.3993,+0.013323,8.9293,0.3064,0.3363,0.9000,0,0,0.9000,TRADE,5179687006.84,46617183061.58,51796870068.42
2020-05-12,10602.0904,-0.020043,8.6069,0.3330,0.3352,0.8000,0,0,0.8000,TRADE,10022792371.85,40091169487.42,50113961859.27
2020-05-13,10471.3503,-0.012332,8.2810,0.3612,0.3353,0.9000,0,0,0.9000,TRADE,4859574325.65,43736168930.89,48595743256.55
2020-05-19,10821.1794,-0.003521,9.1358,0.3074,0.3350,1.0000,0,0,1.0000,TRADE,-0.00,53110652241.10,53110652241.10
2020-06-11,11168.1920,-0.049975,9.9095,0.3681,0.3374,0.9000,0,0,0.9000,TRADE,5760826409.95,51847437689.52,57608264099.47
2020-06-12,11256.3230,+0.007891,10.1244,0.3549,0.3375,0.9000,0,1,0.0000,TRADE,58732683011.61,0.00,58732683011.61
2020-06-15,11388.0798,+0.011705,10.4813,0.3367,0.3376,0.9000,0,0,0.9000,TRADE,5873306904.60,52859762141.39,58733069045.99
2020-07-01,11976.6582,+0.012051,12.0752,0.2951,0.3398,1.0000,0,0,1.0000,TRADE,0.00,66771526651.39,66771526651.39
2020-07-13,12355.0204,-0.021606,13.2345,0.3760,0.3415,0.9000,0,0,0.9000,TRADE,7318196096.06,65863764864.51,73181960960.56
2020-07-15,12470.9365,+0.001137,13.5819,0.3584,0.3416,1.0000,0,0,1.0000,TRADE,0.00,74911033077.78,74911033077.78
2020-07-23,12329.8296,-0.026692,13.0769,0.3275,0.3438,0.9000,0,0,0.9000,TRADE,7212558330.89,64913024977.97,72125583308.86
2020-07-24,12216.2585,-0.009211,12.6901,0.3261,0.3437,1.0000,0,0,1.0000,TRADE,0.00,70205407309.31,70205407309.31
2020-09-03,13735.9844,-0.052154,17.6377,0.4209,0.3431,0.9000,0,0,0.9000,TRADE,9757687805.37,87819190248.37,97576878053.74
2020-09-04,13561.8435,-0.012678,16.9106,0.4174,0.3434,0.9000,0,1,0.0000,TRADE,93956643662.47,0.00,93956643662.47
2020-09-08,12915.5290,-0.047657,14.5203,0.4102,0.3470,0.8000,0,0,0.8000,TRADE,18791513989.19,75166055956.75,93957569945.93
2020-09-09,13297.7919,+0.029597,15.7680,0.3825,0.3481,0.5000,0,1,0.0000,TRADE,100416139519.44,0.00,100416139519.44
2020-09-10,13016.2264,-0.021174,14.8558,0.3792,0.3487,0.2000,0,0,0.2000,TRADE,80333109607.86,20083277401.97,100416387009.83
2020-09-11,12938.3639,-0.005982,14.5311,0.3527,0.3488,0.5000,0,0,0.5000,TRADE,49988783971.68,49988783971.68,99977567943.37
2020-09-14,13161.9179,+0.017278,15.2797,0.3356,0.3491,0.2000,0,0,0.2000,TRADE,82042525247.16,20510631311.79,102553156558.95
2020-09-24,12718.4725,+0.005833,13.6631,0.3699,0.3518,0.3000,0,0,0.3000,TRADE,70269639170.07,30115559644.32,100385198814.39
2020-09-28,13264.7028,+0.019130,15.4874,0.3466,0.3526,0.4000,0,0,0.4000,TRADE,62644149036.80,41762766024.53,104406915061.33
2020-09-30,13328.0226,+0.008400,15.6283,0.3542,0.3525,0.6000,0,0,0.6000,TRADE,41914845760.85,62872268641.27,104787114402.12
2020-10-05,13435.9851,+0.022510,15.9578,0.3567,0.3537,0.8000,0,0,0.8000,TRADE,21222661221.28,84890644885.11,106113306106.39
2020-10-06,13182.9401,-0.018833,15.1006,0.3667,0.3543,0.6000,0,0,0.6000,TRADE,40621262234.21,60931893351.32,101553155585.53
2020-10-07,13430.3638,+0.018768,15.8945,0.3561,0.3543,0.9000,0,0,0.9000,TRADE,10475688967.80,94281200710.23,104756889678.03
2020-10-22,13617.0215,-0.000210,16.5345,0.3428,0.3557,1.0000,0,0,1.0000,TRADE,0.00,108553204396.53,108553204396.53
2020-10-23,13651.6487,+0.002543,16.6312,0.3345,0.3556,0.7000,0,0,0.7000,TRADE,32756424650.13,76431657516.97,109188082167.10
2020-10-26,13432.2524,-0.016071,15.8730,0.3741,0.3559,0.6000,0,0,0.6000,TRADE,42281672361.62,63422508542.44,105704180904.06
2020-10-27,13542.5012,+0.008208,16.2479,0.3656,0.3559,0.7000,0,0,0.7000,TRADE,32160662428.08,75041545665.52,107202208093.60
2020-10-28,13009.8710,-0.039330,14.3413,0.4339,0.3582,0.6000,0,0,0.6000,TRADE,39358492370.64,59037738555.97,98396230926.61
2020-11-04,13752.2960,+0.044070,16.7243,0.3336,0.3623,0.9000,0,0,0.9000,TRADE,10820704540.39,97386340863.47,108207045403.85
2020-11-05,14105.9433,+0.025716,18.0149,0.3282,0.3631,0.8000,0,0,0.8000,TRADE,23144479912.75,92577919651.00,115722399563.75
2020-11-11,13893.6854,+0.023111,17.1362,0.3029,0.3649,0.6000,0,0,0.6000,TRADE,44482816683.75,66724225025.63,111207041709.38
2020-11-12,13816.8268,-0.005532,16.8855,0.3091,0.3650,0.8000,0,0,0.8000,TRADE,22046182450.96,88184729803.84,110230912254.80
2020-11-13,13947.8230,+0.009481,17.3284,0.2903,0.3651,0.6000,0,0,0.6000,TRADE,45017686598.78,67526529898.18,112544216496.96
2020-11-17,13994.1428,-0.002988,17.5636,0.2731,0.3651,0.7000,0,0,0.7000,TRADE,34038366344.09,79422854802.88,113461221146.97
2020-11-19,14008.3145,+0.007635,17.5815,0.2681,0.3652,0.9000,0,0,0.9000,TRADE,11354236083.64,102188124752.75,113542360836.39
2020-11-24,14118.6850,+0.014608,17.9325,0.2599,0.3653,1.0000,0,0,1.0000,TRADE,0.00,115582662751.76,115582662751.76
2021-03-02,15291.3053,-0.016785,22.0515,0.3011,0.3627,0.9000,0,0,0.9000,TRADE,14213127439.71,127918146957.41,142131274397.12
2021-03-03,14851.2544,-0.028778,20.1389,0.3392,0.3624,0.6000,0,0,0.6000,TRADE,52414508431.84,78621762647.76,131036271079.60
2021-03-09,14983.9937,+0.040301,20.4445,0.3215,0.3551,0.7000,0,0,0.7000,TRADE,39669029208.87,92561068154.03,132230097362.90
2021-03-10,14934.3097,-0.003316,20.2702,0.3152,0.3516,0.5000,0,0,0.5000,TRADE,65720488951.17,65720488951.17,131440977902.35
2021-03-11,15287.7549,+0.023667,21.6767,0.3004,0.3492,0.4000,0,0,0.4000,TRADE,81600633024.71,54400422016.47,136001055041.18
2021-03-16,15406.2014,+0.005346,22.1709,0.2927,0.2933,0.3000,0,0,0.3000,TRADE,96069611890.90,41172690810.39,137242302701.28
2021-03-17,15464.8899,+0.003809,22.4503,0.2798,0.2870,0.4000,0,0,0.4000,TRADE,82656779304.56,55104519536.37,137761298840.93
2021-03-18,14980.8397,-0.031300,20.3896,0.3061,0.2858,0.1000,0,0,0.1000,TRADE,119433128582.40,13270347620.27,132703476202.67
2021-03-19,15073.8431,+0.006208,20.6499,0.2965,0.2855,0.0000,0,0,0.0000,TRADE,132873099597.72,0.00,132873099597.72
2021-03-23,15250.5082,-0.005252,21.4665,0.2783,0.2827,0.2000,0,0,0.2000,TRADE,106299294836.43,26574823709.11,132874118545.53
2021-03-24,14994.0534,-0.016816,20.3825,0.2897,0.2738,0.0000,0,0,0.0000,TRADE,131532280446.31,0.00,131532280446.31
2021-03-25,14972.5328,-0.001435,20.2726,0.2763,0.2735,0.2000,0,0,0.2000,TRADE,105226026089.59,26306506522.40,131532532611.99
2021-03-26,15205.2027,+0.015540,21.1680,0.2564,0.2685,0.4000,0,0,0.4000,TRADE,79616806445.83,53077870963.89,132694677409.72
2021-03-31,15337.6212,+0.015131,21.7913,0.2489,0.2628,1.0000,0,0,1.0000,TRADE,0.00,134258136357.99,134258136357.99
2021-05-10,15662.3877,-0.026280,22.9231,0.2659,0.2377,0.9000,0,0,0.9000,TRADE,14123146572.08,127108319148.68,141231465720.75
2021-05-11,15653.6716,-0.000556,22.8085,0.2786,0.2376,0.8000,0,0,0.8000,TRADE,28119186346.84,112476745387.37,140595931734.22
2021-05-14,15705.4386,+0.021756,22.9159,0.2499,0.2386,0.9000,0,0,0.9000,TRADE,14112596583.59,127013369252.29,141125965835.88
2021-05-17,15611.4867,-0.005982,22.5291,0.2559,0.2387,0.8000,0,0,0.8000,TRADE,27796400617.47,111185602469.88,138982003087.35
2021-05-20,15828.2940,+0.019394,23.4174,0.2424,0.2380,0.9000,0,0,0.9000,TRADE,14336593551.06,129029341959.50,143365935510.56
2021-05-21,15731.6929,-0.006103,23.0305,0.2430,0.2378,1.0000,0,0,1.0000,TRADE,0.00,141234546281.48,141234546281.48
2021-06-03,15874.7022,-0.010568,23.6180,0.2325,0.2381,0.5000,0,0,0.5000,TRADE,72418391880.22,72418391880.22,144836783760.44
2021-06-04,16157.5801,+0.017819,24.8286,0.2122,0.2385,1.0000,0,0,1.0000,TRADE,0.00,148549030318.02,148549030318.02
2021-09-28,17363.7772,-0.028578,30.2848,0.2735,0.1956,0.4000,0,0,0.4000,TRADE,108715946022.87,72477297348.58,181193243371.45
2021-10-14,17700.2855,+0.018804,31.8153,0.1909,0.1901,0.5000,0,0,0.5000,TRADE,92430022158.44,92430022158.44,184860044316.88
2021-10-15,17811.4093,+0.006278,32.4051,0.1851,0.1899,1.0000,0,0,1.0000,TRADE,0.00,186573729577.27,186573729577.27
2021-12-09,19012.2841,-0.014902,38.7878,0.2642,0.1783,0.8000,0,0,0.8000,TRADE,44664414787.76,178657659151.05,223322073938.82
2021-12-22,19052.3990,+0.012127,38.5968,0.2215,0.1846,1.0000,0,0,1.0000,TRADE,0.00,222443498151.11,222443498151.11
2022-01-05,18575.9540,-0.031184,35.6621,0.2598,0.1875,0.5000,0,0,0.5000,TRADE,102765184090.53,102765184090.53,205530368181.06
2022-01-07,18364.7438,-0.010971,34.4014,0.2565,0.1860,0.4000,0,0,0.4000,TRADE,121138653359.50,80759102239.66,201897755599.16
2022-01-11,18661.4778,+0.014711,36.0466,0.2428,0.1858,0.5000,0,0,0.5000,TRADE,102880515154.55,102880515154.55,205761030309.11
2022-01-13,18251.0015,-0.025745,33.8116,0.2705,0.1876,0.4000,0,0,0.4000,TRADE,119629539514.45,79753026342.97,199382565857.42
2022-01-18,17915.4899,-0.025676,31.8488,0.2936,0.1889,0.3000,0,0,0.3000,TRADE,136327890485.08,58426238779.32,194754129264.40
2022-01-19,17723.6047,-0.010711,30.7408,0.2902,0.1879,0.1000,0,0,0.1000,TRADE,173449720697.50,19272191188.61,192721911886.11
2022-01-20,17486.4091,-0.013383,29.5517,0.3061,0.1883,0.0000,0,0,0.0000,TRADE,191976792530.92,0.00,191976792530.92
2022-01-31,17586.5787,+0.032892,29.5278,0.3016,0.1926,0.1000,0,0,0.1000,TRADE,172783277296.05,19198141921.78,191981419217.83
2022-02-03,17081.9799,-0.042157,27.0970,0.3124,0.1967,0.0000,0,0,0.0000,TRADE,190402115892.34,0.00,190402115892.34
2022-03-18,17009.4139,+0.021353,25.3921,0.2776,0.2078,1.0000,0,0,1.0000,TRADE,0.00,190430682384.65,190430682384.65
2022-04-08,16906.8747,-0.014054,24.7569,0.2806,0.2116,0.0000,0,0,0.0000,TRADE,185667246132.40,0.00,185667246132.40
2022-07-07,14321.2901,+0.021643,13.2572,0.3281,0.2723,1.0000,0,0,1.0000,TRADE,0.00,186059325274.44,186059325274.44
2022-07-11,14027.4707,-0.021888,12.4692,0.3293,0.2729,0.0000,0,0,0.0000,TRADE,175000289885.74,0.00,175000289885.74
2022-07-15,14173.3517,+0.018289,12.7940,0.3039,0.2737,1.0000,0,0,1.0000,TRADE,0.00,175032244386.19,175032244386.19
2022-07-18,14047.8358,-0.008856,12.4979,0.3158,0.2737,0.0000,0,0,0.0000,TRADE,170981464881.63,0.00,170981464881.63
2022-07-19,14487.7156,+0.031313,13.5915,0.3066,0.2754,1.0000,0,0,1.0000,TRADE,0.00,170989269516.16,170989269516.16
2022-08-22,15262.4528,-0.026608,15.5543,0.2965,0.2858,0.0000,0,0,0.0000,TRADE,195682397195.27,0.00,195682397195.27
2022-08-23,15252.0932,-0.000679,15.5017,0.2969,0.2854,0.2000,0,0,0.2000,TRADE,156555796629.61,39138949157.40,195694745787.01
2022-08-26,14925.5827,-0.040964,14.4416,0.3172,0.2888,0.0000,0,0,0.0000,TRADE,193047600773.24,0.00,193047600773.24
2022-10-25,13832.5365,+0.020973,10.7691,0.3414,0.3071,0.7000,0,0,0.7000,TRADE,58171012842.20,135732363298.46,193903376140.66
2022-10-26,13519.7305,-0.022614,10.0575,0.3328,0.3078,0.0000,0,0,0.0000,TRADE,184939647546.01,0.00,184939647546.01
2022-10-28,13688.0406,+0.031793,10.3632,0.3186,0.3098,0.7000,0,0,0.7000,TRADE,55491117245.91,129479273573.79,184970390819.69
2022-10-31,13521.3149,-0.012180,10.0050,0.3116,0.3099,0.0000,0,0,0.0000,TRADE,180509138534.65,0.00,180509138534.65
2022-11-10,13767.1039,+0.074869,10.2438,0.3035,0.3216,0.6000,0,0,0.6000,TRADE,72275749243.67,108413623865.50,180689373109.17
2022-12-05,13994.6003,-0.017287,10.6163,0.2616,0.3241,0.0000,0,0,0.0000,TRADE,184818061795.31,0.00,184818061795.31
2022-12-12,13899.9054,+0.012376,10.3393,0.3006,0.3231,0.6000,0,0,0.6000,TRADE,73984215708.02,110976323562.03,184960539270.05
2022-12-15,13472.7696,-0.033703,9.3794,0.2734,0.3237,0.0000,0,0,0.0000,TRADE,174681893387.20,0.00,174681893387.20
2023-01-12,13616.1824,+0.005007,9.4616,0.2476,0.3241,0.6000,0,0,0.6000,TRADE,70092282350.64,105138423525.97,175230705876.61
2023-01-19,13421.3869,-0.010045,9.0488,0.2528,0.3224,0.0000,0,0,0.0000,TRADE,170700249275.46,0.00,170700249275.46
2023-01-20,13805.5962,+0.028627,9.7881,0.2454,0.3236,0.6000,0,0,0.6000,TRADE,68288029784.90,102432044677.36,170720074462.26
2023-01-24,14076.0492,-0.002181,10.3689,0.2455,0.3230,0.7000,0,0,0.7000,TRADE,53049126812.58,123781295896.02,176830422708.60
2023-02-02,15214.7114,+0.035625,12.9180,0.2506,0.3231,0.6000,0,0,0.6000,TRADE,82926301592.05,124389452388.07,207315753980.12
2023-02-22,14352.8068,+0.000514,10.7386,0.2802,0.3181,0.0000,0,0,0.0000,TRADE,186533271935.34,0.00,186533271935.34
2023-02-23,14489.9491,+0.009555,11.0074,0.2683,0.3181,0.2000,0,0,0.2000,TRADE,149244888304.69,37311222076.17,186556110380.87
2023-03-03,14626.6882,+0.020418,11.2618,0.2436,0.3153,0.6000,0,0,0.6000,TRADE,75026155626.36,112539233439.54,187565389065.90
2023-03-06,14640.5847,+0.000950,11.3098,0.2425,0.3150,0.9000,0,0,0.9000,TRADE,18807312725.15,169265814526.35,188073127251.50
2023-03-07,14461.8204,-0.012210,10.8874,0.2465,0.3149,0.6000,0,0,0.6000,TRADE,72701260317.23,109051890475.84,181753150793.07
2023-03-09,14277.1952,-0.017871,10.4553,0.2655,0.3132,0.2000,0,0,0.2000,TRADE,141955061770.56,35488765442.64,177443827213.20
2023-03-14,14522.1410,+0.023350,10.9354,0.2672,0.3115,0.7000,0,0,0.7000,TRADE,53748494891.28,125413154746.31,179161649637.59
2023-03-15,14583.4860,+0.004224,11.0938,0.2869,0.3110,0.9000,0,0,0.9000,TRADE,18098513417.25,162886620755.24,180985134172.49
2023-03-16,14976.3869,+0.026941,11.9723,0.2662,0.3106,1.0000,0,0,1.0000,TRADE,0.00,193885824424.71,193885824424.71
2023-08-16,17765.8826,-0.010493,18.3334,0.2208,0.2440,0.5000,0,0,0.5000,TRADE,148450362938.62,148450362938.62,296900725877.24
2023-08-21,17840.7580,+0.016477,18.4835,0.2189,0.2444,1.0000,0,0,1.0000,TRADE,0.00,298222187585.64,298222187585.64
2023-08-22,17807.6443,-0.001856,18.4012,0.2182,0.2436,0.5000,0,0,0.5000,TRADE,148446819008.02,148446819008.02,296893638016.05
2023-08-23,18093.6320,+0.016060,19.2682,0.2136,0.2425,1.0000,0,0,1.0000,TRADE,0.00,303909239517.31,303909239517.31
2023-09-15,18168.9584,-0.017545,19.2537,0.1869,0.2317,0.5000,0,0,0.5000,TRADE,151840030445.45,151840030445.45,303680060890.90
2023-09-20,17894.0121,-0.014409,18.3493,0.2046,0.2313,0.4000,0,0,0.4000,TRADE,177993789845.69,118662526563.79,296656316409.48
2023-10-10,18093.6320,+0.005607,18.7236,0.2113,0.2223,0.8000,0,0,0.8000,TRADE,59916773884.43,239667095537.70,299583869422.13
2023-10-11,18224.6822,+0.007243,19.1222,0.2016,0.2221,1.0000,0,0,1.0000,TRADE,0.00,304694380340.88,304694380340.88
2023-10-13,17930.5252,-0.012446,18.1841,0.2275,0.2221,0.4000,0,0,0.4000,TRADE,173847710964.36,115898473976.24,289746184940.60
2023-10-16,18142.9117,+0.011845,18.7965,0.2139,0.2214,1.0000,0,0,1.0000,TRADE,0.00,293723976436.23,293723976436.23
2023-10-18,17827.8623,-0.014069,17.8292,0.2344,0.2171,0.8000,0,0,0.8000,TRADE,55721730839.02,222886923356.10,278608654195.12
2023-10-19,17677.0592,-0.008459,17.3529,0.2474,0.2172,0.4000,0,0,0.4000,TRADE,163596944277.70,109064629518.46,272661573796.16
2023-10-25,17197.2836,-0.024682,15.9287,0.2434,0.2180,0.3000,0,0,0.3000,TRADE,184695029225.10,79155012525.04,263850041750.15
2023-10-26,16871.9501,-0.018918,15.0003,0.2485,0.2180,0.1000,0,0,0.1000,TRADE,233336488594.59,25926276510.51,259262765105.10
2023-10-27,16956.6685,+0.005021,15.2141,0.2444,0.2168,0.3000,0,0,0.3000,TRADE,181765932242.76,77899685246.90,259665617489.66
2023-11-01,17538.0501,+0.017717,16.7550,0.2068,0.2142,0.4000,0,0,0.4000,TRADE,160610695119.61,107073796746.41,267684491866.02
2023-11-03,18058.7870,+0.012078,18.2667,0.1862,0.2118,1.0000,0,0,1.0000,TRADE,0.00,277390764081.90,277390764081.90
2023-11-06,18126.0408,+0.003724,18.4757,0.1865,0.2107,0.4000,0,0,0.4000,TRADE,168338798943.55,112225865962.36,280564664905.91
2023-11-07,18294.7943,+0.009310,18.9958,0.1845,0.2104,1.0000,0,0,1.0000,TRADE,0.00,283747837709.74,283747837709.74
2024-04-16,21271.9407,+0.000386,27.3305,0.2201,0.1628,0.5000,0,0,0.5000,TRADE,204123564798.10,204123564798.10,408247129596.19
2024-04-17,21007.6966,-0.012422,26.3163,0.2221,0.1634,0.4000,0,0,0.4000,TRADE,240420688351.50,160280458901.00,400701147252.51
2024-04-26,21278.9755,+0.016523,27.0856,0.1933,0.1650,0.5000,0,0,0.5000,TRADE,202847167306.16,202847167306.16,405694334612.32
2024-04-30,20945.5807,-0.019233,25.8410,0.1843,0.1642,0.4000,0,0,0.4000,TRADE,237893643478.27,158595762318.84,396489405797.11
2024-05-03,21486.4704,+0.019926,27.7813,0.1740,0.1654,1.0000,0,0,1.0000,TRADE,0.00,408499189539.76,408499189539.76
2024-07-24,22902.7835,-0.036546,32.1912,0.2306,0.1638,0.8000,0,0,0.8000,TRADE,94668496272.36,378673985089.44,473342481361.80
2024-07-25,22659.9418,-0.010603,31.1190,0.2411,0.1640,1.0000,0,0,1.0000,TRADE,0.00,460743199597.38,460743199597.38
2024-07-26,22893.4474,+0.010305,32.0092,0.2241,0.1642,0.8000,0,0,0.8000,TRADE,94784797614.58,379139190458.32,473923988072.91
2024-08-02,22194.1024,-0.023797,28.8909,0.2771,0.1686,0.4000,0,0,0.4000,TRADE,262249921445.95,174833280963.97,437083202409.92
2024-08-05,21537.3485,-0.029591,26.3727,0.3510,0.1714,0.1000,0,0,0.1000,TRADE,379760429168.06,42195603240.90,421956032408.95
2024-08-06,21757.6419,+0.010228,27.0318,0.2920,0.1716,0.3000,0,0,0.3000,TRADE,296145190089.48,126919367181.21,423064557270.69
2024-08-07,21505.0774,-0.011608,26.1612,0.2902,0.1718,0.1000,0,0,0.1000,TRADE,377117312801.22,41901923644.58,419019236445.80
2024-08-08,22163.3434,+0.030610,28.5565,0.2688,0.1741,0.4000,0,0,0.4000,TRADE,253745622517.55,169163748345.03,422909370862.58
2024-08-15,23468.3029,+0.024788,33.6717,0.2028,0.1760,1.0000,0,0,1.0000,TRADE,0.00,453463630176.76,453463630176.76
2024-08-28,23306.1561,-0.011780,32.8060,0.2258,0.1747,0.5000,0,0,0.5000,TRADE,220902889297.56,220902889297.56,441805778595.12
2024-08-30,23578.1268,+0.012995,33.7454,0.1929,0.1739,1.0000,0,0,1.0000,TRADE,0.00,448194374699.63,448194374699.63
2024-09-03,22836.9804,-0.031434,30.6665,0.2359,0.1769,0.4000,0,0,0.4000,TRADE,244380562902.10,162920375268.07,407300938170.17
2024-09-06,22195.6428,-0.026738,28.0302,0.2564,0.1789,0.3000,0,0,0.3000,TRADE,275377056841.17,118018738646.22,393395795487.39
2024-09-09,22485.5902,+0.013063,29.0729,0.2392,0.1791,0.4000,0,0,0.4000,TRADE,238739571995.78,159159714663.86,397899286659.64
2024-09-13,23518.1725,+0.004840,33.1257,0.2128,0.1800,1.0000,0,0,1.0000,TRADE,0.00,420217224724.78,420217224724.78
2024-09-16,23408.9485,-0.004644,32.6830,0.2251,0.1799,0.4000,0,0,0.4000,TRADE,248761127330.23,165840751553.49,414601878883.72
2024-09-19,23915.6337,+0.025774,34.7144,0.2109,0.1806,1.0000,0,0,1.0000,TRADE,0.00,425011530506.70,425011530506.70
2025-01-10,25183.5158,-0.015718,38.0361,0.2173,0.1825,0.5000,0,0,0.5000,TRADE,232839704070.61,232839704070.61,465679408141.23
2025-01-15,25654.9824,+0.023146,40.0411,0.1929,0.1838,1.0000,0,0,1.0000,TRADE,-0.00,478088506251.53,478088506251.53
2025-02-25,25491.3231,-0.012398,38.4272,0.2198,0.1841,0.4000,0,0,0.4000,TRADE,275291043458.93,183527362305.95,458818405764.88
2025-03-03,24694.9998,-0.021970,34.6944,0.2496,0.1882,0.3000,0,0,0.3000,TRADE,308827702391.79,132354729596.48,441182431988.27
2025-03-05,24941.6649,+0.013581,35.6498,0.2426,0.1880,0.4000,0,0,0.4000,TRADE,266939540921.56,177959693947.70,444899234869.26
2025-03-06,24247.4310,-0.027834,32.6943,0.2623,0.1901,0.1000,0,0,0.1000,TRADE,387158799573.12,43017644397.01,430176443970.14
2025-03-10,23501.5124,-0.038076,29.6100,0.2884,0.1932,0.0000,0,0,0.0000,TRADE,426298194085.92,0.00,426298194085.92
2025-03-24,24417.1913,+0.021590,32.7388,0.2127,0.1955,0.1000,0,0,0.1000,TRADE,384292677147.76,42699186349.75,426991863497.51
2025-03-26,24098.4279,-0.018279,31.4700,0.2204,0.1964,0.0000,0,0,0.0000,TRADE,425426234185.19,0.00,425426234185.19
2025-04-25,23519.9416,+0.011373,26.7430,0.2837,0.2513,1.0000,0,0,1.0000,TRADE,0.00,426911007655.22,426911007655.22
2025-11-18,29774.7989,-0.011946,49.0221,0.3051,0.2358,0.5000,0,0,0.5000,TRADE,391280697770.14,391280697770.14,782561395540.29
2025-11-20,29235.2071,-0.023605,46.3008,0.3272,0.2358,0.4000,0,0,0.4000,TRADE,456553708693.07,304369139128.71,760922847821.78
2025-11-24,30233.6910,+0.026181,50.9160,0.2557,0.2371,1.0000,0,0,1.0000,TRADE,0.00,791451998271.54,791451998271.54
2025-12-17,29974.9459,-0.019311,49.2414,0.2178,0.2373,0.4000,0,0,0.4000,TRADE,459252868721.71,306168579147.80,765421447869.51
2025-12-18,30427.0591,+0.015083,51.3446,0.2072,0.2373,0.5000,0,0,0.5000,TRADE,389272317523.42,389272317523.42,778544635046.83
2025-12-19,30824.5063,+0.013062,53.3481,0.1852,0.2376,1.0000,0,0,1.0000,TRADE,0.00,793773620011.58,793773620011.58
2025-12-29,31045.6050,-0.004608,54.4001,0.1839,0.2340,0.5000,0,0,0.5000,TRADE,404712735352.35,404712735352.35,809425470704.70
2026-01-06,31189.1692,+0.009385,54.9192,0.1953,0.2335,1.0000,0,0,1.0000,TRADE,0.00,813608328454.85,813608328454.85
2026-01-20,30398.5341,-0.021219,50.6463,0.2426,0.2318,0.8000,0,0,0.8000,TRADE,150061266991.08,600245067964.31,750306334955.38
2026-01-21,30810.9611,+0.013567,52.6430,0.2119,0.2316,1.0000,0,0,1.0000,TRADE,0.00,773985357169.31,773985357169.31
2026-02-03,30829.7191,-0.015541,52.4333,0.2345,0.2299,0.4000,0,0,0.4000,TRADE,462541730772.25,308361153848.17,770902884620.41
2026-02-19,30184.5754,-0.003925,48.7494,0.2564,0.2316,0.8000,0,0,0.8000,TRADE,149992652297.95,599970609191.81,749963261489.77
2026-02-23,30077.5335,-0.012128,48.1604,0.2636,0.2321,0.4000,0,0,0.4000,TRADE,445663644275.08,297109096183.38,742772740458.46
2026-02-25,30832.4345,+0.014095,51.7844,0.2294,0.2314,1.0000,0,0,1.0000,TRADE,0.00,765217147686.99,765217147686.99
2026-02-26,30474.0407,-0.011624,49.9674,0.2361,0.2313,0.4000,0,0,0.4000,TRADE,443020439089.71,295346959393.14,738367398482.85
2026-03-03,30096.5298,-0.010875,48.0206,0.2751,0.2293,0.3000,0,0,0.3000,TRADE,508954183781.81,218123221620.78,727077405402.59
2026-03-04,30552.2247,+0.015141,50.1770,0.2487,0.2286,0.4000,0,0,0.4000,TRADE,442153436198.27,294768957465.51,736922393663.79
2026-03-06,30010.1369,-0.014935,47.4615,0.3144,0.2288,0.3000,0,0,0.3000,TRADE,504739592283.26,216316968121.40,721056560404.66
2026-03-09,30406.6373,+0.013212,49.3085,0.2769,0.2273,0.4000,0,0,0.4000,TRADE,437773677307.67,291849118205.11,729622795512.78
2026-03-12,29879.8381,-0.017281,46.7527,0.2983,0.2244,0.1000,0,0,0.1000,TRADE,643161827813.40,71462425312.60,714624253126.00
2026-03-16,30032.8048,+0.011294,47.3817,0.2632,0.2236,0.3000,0,0,0.3000,TRADE,501086372249.32,214751302392.56,715837674641.88
2026-03-18,29752.3386,-0.014339,46.0239,0.2772,0.2229,0.1000,0,0,0.1000,TRADE,638803789959.07,70978198884.34,709781988843.41
2026-03-20,29112.4519,-0.018702,43.0089,0.2920,0.2228,0.0000,0,0,0.0000,TRADE,705257389127.76,0.00,705257389127.76
2026-04-08,30346.4614,+0.028956,48.0000,0.2524,0.2096,1.0000,0,0,1.0000,TRADE,0.00,706571182699.16,706571182699.16
